domain,label
hvlxw.ly,1
wyczesani.com,0
webshots-admin.firebaseapp.com,0
lfrgslbgvveljswoxvo.com,1
chord-gitar.com,0
usu0icucegis.top,1
saltoagulha.com,0
unafsuhnatd.com,1
golyat.jp,0
doorsdirect.co.za,0
okndlffaabmflbam.com,1
britishgasjobs.co.uk,0
console-forum.net,0
myyikwyiuucyywug.org,1
inser-robotica.com,0
contrattidilocazione.net,0
cinemasubtitles.com,0
ax7ju4k4gjwdulmrq4w.ddns.net,1
ljjenmqw.com,1
ehem47bm3ks4sxm5p5.cn,1
jav-hq.com,0
darlingdearestblog.com,0
sfmoddrvubnyvbqww.pw,1
xauvasmwuamravb.org,1
pixel-digital.com,0
irrigacion.gov.ar,0
neetresults2018.net,0
mnhbrcighypyofbtf.net,1
egy4tec.com,0
pxvgoycdut.com,1
publish.csiro.au,0
inessence.jp,0
superfluisqupax.com,1
deutschland-baut.de,0
superduperkyle.com,0
8mcm46o6cu0y.net,1
motomag.com,0
peliculacompletadecargar.com,0
libtop.com,0
i464uc6cu8us.top,1
lyrovudi.info,1
drelzqognj.com,1
skytat.fi,0
latenighttales.co.uk,0
pmstudy.com,0
happygaytravel.com,0
kwtmotor.com,0
lfcfembfddafakdc.com,1
alifun.tmall.com,0
hrlxtwsvweznqjr.com,1
animamperqcan.com,1
yaiuiplimlxxoneu.eu,1
sufferlisten.net,1
2poodstore.com,0
prozdo.ru,0
wizardforums.com,0
tourgolan.org.il,0
emperial.sg,0
phototele.com,0
baldingblog.com,0
lymytex.com,1
goldinglawyers.com,0
deascuola.it,0
travelsmicrowave.biz,1
vinedem.info,1
niyxkdevsirbjhiuj.tw,1
edakalbbnkbdeedd.net,1
vietgame.asia,0
syndicationentire.it,1
markdown.tw,0
ygtapuucvm.com,1
xzcd.com,0
skgqucquggoocymo.org,1
missionalwear.com,0
klafmijcivswgps.net,1
urheiluveto.com,0
sambidoplang.heck.in,0
tbc7ascyrtw8t5zsxj.net,1
ttnwtktnwufiewebfieah.ac,1
ur74grwle0mdgt12ghahkr5.ddns.net,1
turismoenalbacete.com,0
trydesk.com,0
hbcnews.kr,0
stellenmarkt-sozial.de,0
vhtjklgekncqonjq.biz,1
upahqelatem.ddns.net,1
leukaemia.org.au,0
fyxvgqymu.com.py,1
girlfriendslightclaimdiscuss.com,1
gkkisk.net,1
brooklynnmarianne.net,1
uagduqqwxowcsfitr.in,1
u6anbi3m7onn8dutc2.net,1
1pondo-nu18v.net,0
simix.ru,0
organicindia.com,0
yhytsnkpk4shule.ddns.net,1
hrthsdlesrvekceb.eu,1
dqnxqmfrc.com,1
apons.eu,0
akozcem.co.kr,1
mvnodynamics.com,0
dominik-borg.de,0
cloudexcusebluestrikeclaim.com,1
okeihan.net,0
pujadug.info,1
haxaduqu.ru,1
rellasamortiser.gr,0
dueftlklqr.dyndns.org,1
customelements.io,0
bnmfladdaccalkff.com,1
coingeneration.com,0
shazissultan.wordpress.com,0
zqoumjlncu.com,1
angosturarum.com,0
scrcvcuiwcymao.biz,1
cbce.org.br,0
i2ghlgs7uv5beocpi3.ru,1
equalhome.net,1
rbzovgn.com,1
xeic.pk,1
surname-oldest.am,1
classlunchswingrepairsleep.com,1
tqtsgfeterkw.com,1
dciclas.com,0
fklngawwqbfkj.biz,1
nrtaxreturn.com,0
cachedpages.com,0
carpstore.it,0
kjnlnpgmjdgiwpeh.eu,1
papatemporefacere.com,1
lctmufr.com,1
atlantabarber.com,0
metroretail.com.ph,0
tgaznxbqqojrl.com,1
alter-bizarrer-bahnhof.de,0
koco.com,0
highhorseperformance.com,0
rusff.ru,0
jmbdkwghi.net,1
alonelabor.net,1
vidyagyaan.com,0
egorazzi.com,0
lminbhongxjok.com,1
dtpdhtufiowg.pw,1
hpsdvcjehyqxcvjr.eu,1
articolo21.org,0
frogstone.com,0
punkcase.com,0
fogonpcwtr.com,1
inkeoppeelhii.ddns.net,1
odstkcmvso.com,1
ryqeyb.dyndns.org,1
aino9.net,0
hpsbegumpet.org.in,0
middledollar.net,1
cngceslbuc.ms,1
galleryhomes.com.au,0
essai-armes.fr,0
zaask.es,0
datascoutpro.com,0
dk6gj66aabs7b8xb3l.biz,1
autosklep24.pl,0
consultancomputeraplus.blogspot.com,0
youconfessionalia.com,1
obckbdboabbfaalb.co,1
diabetes-book.com,0
ogcmjqcjtvpfnqqne.com,1
f4p6xwir4u23srvr1j.biz,1
gicp.net,0
complot.com.ar,0
tracker-medieval.it,1
washingtonharoldson.net,1
bouquetbrands.com,0
kzqyvxawmz.com,1
isket.jp,0
eviazoom.gr,0
empresa-journal.com,0
chinese.cn,0
ocegewaumcuquyyw.org,1
hotxxxjapanese.com,0
creativetools.se,0
bfwxdgjqtdcc.in,1
mfebfkfldaccdccm.com,1
torinoinfo.altervista.org,0
yxpalnqdqbinut.com,1
jukbli.net,1
rom1.ir,0
3dn3d.com,0
egsd.net,0
nuerwbgdtpgcnrfu.eu,1
ripetitorewifi.it,0
es64u064uceg.net,1
cortas.me,0
qkgogwauessomcqa.org,1
qrutbwksdt.com,1
mon-bagage-cabine.com,0
minepiece.net,0
tsndyknw.mooo.com,1
gorisdumagw.com,1
ekskurzia.bg,0
q0qt7fmn1dqlsns2wx5.ddns.net,1
idlxfhyif.ps,1
handy-doc.repair,0
reductionscultures.wtf,1
mafiareturns.com,0
infordio.co.jp,0
awaeueiq.biz,1
sukitto.net,0
actmoveluckmissfoldrepair.com,1
worldgoo.com,0
keramikbedarf.de,0
quj.com.cn,0
2345ll.com,0
streemerly.com,0
bikdbjotdpaodul.mu,1
equitybridge.com,0
coquividruh.ddns.net,1
8i868u8e4yk2.top,1
destinoveracruz.com,0
anukoo.com,0
usadosdimas.com.br,0
debarkingjoooh.online,0
cdjimfjspm.com,1
xrcxsmifdtsmeblc.eu,1
trailerloop.de,0
vitalyuncensored.com,0
putgive-away.ru,0
boursenews.ir,0
amxcoufqbex.com,1
foodfindo.com,0
qeduka.info,1
com-ciao.com,0
jpffdyeqppqr.biz,1
dfclawxsayiygwrc.eu,1
xtipyy.hn,1
znqsqpcn.dyndns.org,1
nzphwuom.com,1
btrgppooshabtiegk.com,1
fnbvvcenrv.com,1
structurekurt.be,1
taguptea.ru,1
tortugaswiki.com,0
eenaduindia.com,0
faribaultmill.com,0
banwozdi.ru,1
nightletter.net,1
bharatiyamobile.com,0
xn--2016arklar-3ub26c.com,0
qeibavea.ru,1
fintechconnectlive.com,0
contraforindulg.com,1
hunemdohwit.com,1
dpbimmtreckh.com,1
pvyqtafox.cc,1
cgsqqaiugkeq.info,1
jamplay.com,0
valmaubuee.fr,0
avonlab.ru,0
ictaxi.ir,0
ewgaradlo.com,1
the145.com,0
ltteunyvvjvfytvxi.tw,1
hhcjftaixkxctef.net,1
redholics.com,0
keb.co.uk,0
zyhxorci.com,1
engl3844.github.io,0
thejmiacademy.com,0
networkmarketing-magazin.de,0
rojadirecta.blog,0
elearne.com,0
1xbahis10.top,0
okmoesexa.ddns.net,1
epfcttrirpycoque.eu,1
seouldls.ir,0
trackspecauto.com,0
hhooonetkkgx.biz,1
kimberleemarianne.net,1
ceikolux.ru,1
vuqqyuihgghy.biz,1
celmaxx.com,0
powerledtoreima.blogspot.com,0
believeitornot666.com,0
jadlog.com,0
aendbofckfkaffdn.com,1
fqdaylscthgegyguhynrtkx.biz,1
ryneryv.info,1
gsybpsmvyfndfybi.eu,1
corvetteonline.com,0
thosecourse.net,1
xigof5hekg5kgij3v5.cn,1
iqdbileqevwdne.biz,1
nofotycywos.eu,1
espoahah.ddns.net,1
hairypussyhoes.com,0
kuysaymuaakockge.org,1
gpw-oman.com,0
itguyswa.com.au,0
2spaghi.it,0
kerink.fr,0
logicbig.com,0
eaaoclakkeamedab.com,1
k0kxc03hkfgxy65bwjy.ddns.net,1
burst4all.com,0
dajcti3otqj4.net,1
dyela.co.cr,1
fdprograms.com,0
nbjjjfhqdstevjl.ru,1
unimol.it,0
703hm4if5rc03vybu4i.ddns.net,1
skiskiqukaywkiis.org,1
nmea.org,0
bctpxuru.dj,1
hcrjyiypzzgt.com,1
globalpay.ro,0
santamaria.ind.br,0
hmihslrqbgxs.biz,1
evansfuneralservice.com,0
univen.ac.za,0
mukosasi.ru,1
porneata.com,0
kcrdehjgqr.com,1
3q5mb5go8krlgn3nyf.ru,1
kcguodegymaqaaeev.net,1
fm99activeradio.com,0
mediasaturnrussia.ru,0
newwuzhong.com,0
downflowofcwpza.online,0
emske.com,0
otanxuontivee.ddns.net,1
rdnuphnmdxmgejfcxl.tj,1
awy8ioak20m8.net,1
plotka.ru,0
kentsgrocery.com,0
puffy.com,0
kaspi.edu.az,0
ulloi129.hu,0
tuinternet.com,0
fobivuzinef.eu,1
cdssnc.com,0
camping-adriatic.com,0
e41grj36eqd20o11cwptbwkxnqayd60a27nsmq.info,1
jtmparis.com,0
icoph.org,0
ylahbiemvcypqlim.eu,1
lorehogu.ru,1
6w6cqsqsekag.org,1
limitsizfilmizle.com,0
cryoutcreations.eu,0
seehow.com.cn,0
kinocok.club,0
kqwa4m4awy42.org,1
yksythkbgspkdyip.eu,1
gahyfus.com,1
exmhcpdbgpltoojki.com,1
guohao.asia,0
3hctqdurwvatqxqfsfw.ddns.net,1
c4vucjgexks4ph1i8f.net,1
templu.net,0
sysmaint.com,0
hadenoz.info,1
eromomo.com,0
napower.com,0
meetale.com,0
frhtm39gqgwbyhze51jwm29f42p32j26jra27m29.ru,1
fobiqab.su,1
enwehidl.com,1
clinchfieldcu.com,0
iddwnvcejhwvqwao.eu,1
yassnpi.nl,1
gereddifun.com,1
mairie-creil.fr,0
starchef.edu.hk,0
vdlthmsanjykf.com,1
comma-store.de,0
relatedisgrealty.com,0
qyopxmtwfsff.net,1
kfcsctjmhnpiaowpm.in,1
revendre-meubles.com,0
zhapletf.com,1
norrisacademywi.org,0
uiowcjcfeuyy.com,1
palace.co.nz,0
coqjinug.ru,1
cmfdhxro.mn,1
ohvtqwqdsendrc.com,1
belonika.livejournal.com,0
stthay.net,0
ectjbpjkzj.com,1
888lots.com,0
sumuwgaheds.com,1
octopus.com.hk,0
twomen.com,0
5icesconf.com,0
dinqpejwxwum.pw,1
1bia2club.info,0
tyhboutique.com,0
milflesbianporn.com,0
xmhouse.com,0
jardines.com,0
historiasdecasa.com.br,0
mlexp.com,0
petice24.com,0
uxblock.com,0
registerlockpracticepossess.com,1
aqheawakic.ddns.net,1
fasihgim.com,1
entitledbrewing.com,0
hffcjliuchlqwklt.com,1
lajornadadelvalles.cat,0
maurizioblondet.it,0
cewcqqscqoasyiok.org,1
ukrhome.net,0
wnqwgenansnan.com,1
enpsln.com.jm,1
kehlsteinhaus.de,0
traumaearthquake.mo,1
ikvvfxbtxpouphody.com,1
zelvycarbon.com,0
wpmytjgker.com,1
elblogdemara5.blogspot.com.ar,0
tzjkypqay.com,1
midland-rus.ru,0
lxoleqyyrkkn.in,1
tkfllcsdcphrno.info,1
8igecigu4awa.org,1
felipesilveira.com.br,0
snip2code.com,0
pyrfpsoiptcux.com,1
aioptify.com,0
o-xe.com,0
nldzfqge.dyndns.org,1
readtdg2.blogspot.com,0
dqnxtilavqphdjmk.eu,1
ibgtfnuctouanngie.tw,1
qrltxoth.com,1
gbnmdvfnpkvjunfy.com,1
kwkgutachten.de,0
ticketswap.be,0
dvcpwsoqrphjan.com,1
viddocs.blogspot.mx,0
bitellion.com,0
czarni.slupsk.pl,0
islamsejati.org,0
iqscygaskiaqwgqo.org,1
moviepilot.de,0
multiweb.cz,0
wwqykmiwyeqaeawk.org,1
mendotahearth.com,0
sprosus.com.ua,0
mrep5vob7tw8sdwtcvi.ddns.net,1
crimsonfeatheredraven.tumblr.com,0
eveningorderly.net,1
bilitline.com,0
blankbeachcakedescribecommit.com,1
homeandplan.com,0
dorsetthotels.com,0
cdxlife.com,0
degogoenbog.ddns.net,1
delinat.com,0
coautilities.com,0
outsideprofileclueridediscover.com,1
mbhtsgamuaeettbfu.cc,1
rbihiytidxpkiyi.co.uk,1
rickypaperback.gs,1
flierstream.net,1
khiffptpxjby.in,1
answerabove.net,1
mpengtcnwd.yi.org,1
tps138.com,0
yvblcquawhkdxths.eu,1
flowingzen.com,0
cmfukycjtz.com,1
penetric.com,0
cgdwbgc.dynserv.com,1
lygyvar.com,1
werilnud.ru,1
retailers-randy.org,1
otagh-bazargani.com,0
ahfiufdo.ddns.net,1
imagenesdelsur.tv,0
sannes-block.de,0
thredzonline.com,0
hoxinaje.ru,1
channellandscaperingtree.com,1
enter6.co.kr,0
scottishdownloaded.net,1
bbmblkbddadbeafa.com,1
kalcek.si,0
dawlcznaits.tv,1
owasp.org,0
vantaansanomat.fi,0
keyaqgl1xvw1h7gzkv.biz,1
xjhentpw.pk,1
tipsattorney10.com,0
prostitutkixxx.org,0
berlinzweinull.de,0
spanishhackers.com,0
androidim.net,0
relativestandplacelaycontinue.com,1
gostudy.mobi,0
workshop-park.re,1
h2i.com.br,0
moskisvet.com,0
tradefintech.com,0
fmgo.jp,0
qgaoawu4a4mo.top,1
q0mgqoi46si8.top,1
umarkets.com,0
urbcjvrglmdf.org,1
xoseolat.ru,1
oskigzq.mooo.com,1
leokeaja.ru,1
telluriderealestatecorp.com,0
zjargzjhvc.com,1
peterrowland.com.au,0
qedylyl.com,1
cccekabefmokbfcb.com,1
bmfmldfaobaabblb.online,1
fefeekcaeobfendo.com,1
watchgaysex.xyz,0
a2inmr3l3har74a.ddns.net,1
pylones.com,0
sdqwkvthyo.com,1
encourageplay.com,0
nqrogxkngrqhk.biz,1
molbknnmcfofkcdd.org,1
edikgmilnwlaa.info,1
pupeg.eu,1
apid.com,0
scteam.net,0
screwvids.com,0
donauturm.at,0
ulsmnjguvrxouu.com,1
treinoemfoco.com.br,0
columbinemassacre.forumotion.com,0
action-required.space,0
lyhcoqsewpyhpuhv.eu,1
edgeofurge.com,0
a4vn.com,0
thesimplearcade.com,0
qgfusnogtq.com,1
yksivaihde.net,0
tvkvottnkftbtjr.net,1
graphicdesigngratis.com,0
julian18.com,0
oncp7jcnmtmnutorw6g.ddns.net,1
nowadaysrecordsshop.bigcartel.com,0
yfhbhmvxdvjxgne.com,1
solutenetwork.com,0
mrinlnpnpvmvfqo.com,1
hitnotifier.com,0
ipbc.org.il,0
agnocelditu.com,1
crurestoran.eu,0
aaciuyimyesougck.org,1
gigst.rs,0
io6kigygy4ys.org,1
nb-bet.com,0
lkoclr.dyndns.org,1
d-kintetsu.co.jp,0
s14orb4271n2zk8c1b.com,1
lipaheac.ru,1
hamburgfitness.net,0
clarisbanca.it,0
bjubwzd.com.bo,1
komator.de,0
q67bcbw0781t7nc0wji.ddns.net,1
pickfell.net,1
fijeatur.ru,1
araya-rinkai.jp,0
zkm.de,0
lyxesyn.su,1
sinteza.net,0
ispevirtutisfacile.com,1
aylida.com,0
heovilke.ru,1
cucinalibriegatti.com,0
kuguoaksaiggusys.org,1
unwvjxmdncwxewamj.su,1
veiqohoj.ru,1
drumphoto.com,0
lqmmsjulquvgvxvj.eu,1
royvwpmmpyir.su,1
micnatle.ru,1
grwnxqzqc.com.pr,1
hungororing.hu,0
vidonpetridicimusbasi.com,1
aislirb.in,1
bakohuxx.ru,1
growlabs.com,0
idihgoflocw.com,1
theironskeptic.com,0
dpuumdqnkg.com,1
mgtma.com,0
windscopo.blogspot.my,0
ogqkyoqegiakmkks.org,1
hcqgwtbaixwxcgsk.eu,1
tuflow.com,0
ozlqiwnansnan.com,1
i8i4mge02ga0.net,1
rede1024.com,0
nysec.org,0
mameluko.com.br,0
emporiodacerveja.com.br,0
tmimgcdn.com,0
unixplaylist.net,1
cadisuatd.ddns.net,1
diveco.net,0
verbumqsicutessequiaest.com,1
kycqgawq4y4y.net,1
helppreventdisease.com,0
dejwx.nl,1
7a5wzkyrs356qe38t7.com,1
guzcwufqbex.org,1
ghostgames.com,0
sewrelwaigkmhxdbp.tw,1
lkiuetirhaoruw.info,1
dun4me.com,0
phgightfaek.dyndns.org,1
4msmwywmsmoe.top,1
signupinsects.ch,1
v83opnlite45r8pqsq.ru,1
mgsmcwiq.info,1
lhxoybxlppoi.pw,1
haftxflbpdcvharpkt.com,1
jasoncorning.com,0
energiadeporvida.com,0
itsnachotime.com,0
learnchineseeveryday.com,0
bkebb37xklxllmtogp.com,1
dreamfish.net,1
olihwef.com,1
gammadonna.it,0
clarius.com,0
oigsrwiq.net,1
enterprise-facilities.com,0
partridgeminioffers.co.uk,0
yobnsyfqbex.com,1
marcherverslesoleil.com,0
azmxbxjlia.com,1
eqkkbwnansnan.cc,1
asterios.fr,0
ofqwvtzsc.tv,1
showerremoveegggroundobject.com,1
fmk-online.dk,0
bogdanalupoaie.ro,0
marconetworking.com,0
bookoff.co.jp,0
rodgab.com,0
aviancacargo.com.br,0
acikfutbol.com,0
ilumea.pl,0
tufuqyp.info,1
fodoafdbcdlnkakf.com,1
powerpoint-study.com,0
ugafewreinr.ddns.net,1
infofilmindo.com,0
vuxkirov.ru,1
cloudwash.net,1
volcanodiscovery.com,0
qauiqyej.com,1
series-onlines.com,0
8qgi8yge0a4a.net,1
spidyhost.com,0
awufdar.com,1
osubeaverfreezer.com,0
fsaawmjwywujakfw.eu,1
wqsqsm02w2o2.org,1
comparedaddy.com,0
ministeriodelacultura.gob.ve,0
e0ao6smwugik.top,1
k2qhidq8ax16wb36ila8ah7.ddns.net,1
companywaraccountbidrepair.com,1
hefuagjeanrtilth.eu,1
dwsl.co.nz,1
ruhanean.ru,1
24onlinerecharge.com,0
dlcfemldkmfdcdbc.website,1
eabxscuiwcymao.info,1
fsvmlkskpqhw.com,1
fearinterestedstanddiscover.com,1
ext-2661687.livejournal.com,0
banlifoj.ru,1
megasesso.com,0
vaccinenewsdaily.com,0
booted-babes.com,0
kawqoukmsikm.net,1
lhzdtmwkijcexg.com,1
tradition-ralph.com,1
gooddailynews.co.kr,0
bdgurpeajwjasjij.eu,1
hotanalporn.com,0
lyrywir.com,1
ofsjid58anet76ojmro6mri.ddns.net,1
footaction.com,0
led-lenta.ru,0
forum308.com,0
gn2goz1mxl3xmbq75y.cn,1
daughterswap.com,0
hbhchfr.ir,1
ttsnfckhrohq.biz,1
fantoche.ch,0
denken-macht-frei.info,0
aasoo.org,0
z3ktcq882wk6jrezyg.com,1
mxqpqrkmd.tv,1
pkugxetwowlsf.biz,1
lanet.lv,0
meaxugur.ru,1
centamap.com,0
mobemwbtehjqaeqiq.me,1
audiodeluxe.com,0
chenguang.com.cn,0
yscu.org,0
montgomeryecclestone.net,1
ltcompany.com,0
upbgslnpqo.com,1
gfqcpaifkxd.bit,1
vonycic.com,1
tungwahremoval.com,0
nero123456.tumblr.com,0
bitcoinonline.cz,0
twsirqugxixpmveq.com,1
mangalaholland.com,0
jabqwkgl.com,1
joesalter.com,0
tfmhsvvikdiagotkb.cc,1
zrysutkidq.com,1
ocqucwqyoemgweck.org,1
7podspifafw4aby.ddns.net,1
csgo500.com,0
instanthost.uk,0
uenllmlcyhskkktso.tw,1
gabwggfqbex.com,1
cklphsuiwcymao.info,1
2v5xcs8qbzxoikvmd7.biz,1
memini.ru,0
weblog-designated.cn,1
ixwtgncvo8qlmlo0w41.ddns.net,1
y4upgt18ilshyxc.ddns.net,1
rafspijepwfkwna.com,1
bnd.co.jp,0
girlinstallappropriatemarket.com,1
myintegraplan.com.au,0
retirementmunich.sg,1
proshares.com,0
euypqshgelhywcrwjnijvcr.org,1
ceuqausaimcqwkma.org,1
mbghmpkdl.cc,1
unpog.org,0
xdnutcgrlbdkqakwy.pw,1
spokt.com,0
rock-bands.ru,0
usaaroundtheworldnews.com,0
deenortoncenter.org,0
ockkfacmflccamnd.co.uk,1
systemfriend.co.jp,0
hbhqakdex.com.ng,1
mariabellawhittemore.net,1
secourisme.net,0
koblenz.it,0
gpejvsdsholapet.org,1
gemmedia.net,0
hj5173.com,0
mufg.jp,0
hhuejcqdbjrnv.com,1
quivocabuliliceautemhlic.com,1
laptop-ac-adapter.de,0
christophersullivan.net,1
vicictac.ru,1
mygsjh.dynserv.com,1
cantosirene.blogspot.it,0
llinux.ir,0
asoca.com.ve,1
zhaoonline.com,0
lriffd.yi.org,1
cdffbofddclblcda.cc,1
fm-motoculture.fr,0
autotex.pt,0
lcslapgdmtft.eu,1
bulgakovmuseum.ru,0
retail-insurance.com,0
wsikuuiyicmqciku.org,1
cmwfs.fr,1
modohwotd.com,1
fliercondition.net,1
realgunreviews.com,0
aua2018.org,0
haiduk-d.blogspot.de,0
rxulsburjcpylo.nu,1
tsikot.com,0
kiosdewasa.com,0
ullefugna.com,1
yyuj.li,1
mfovexsawitgdwafwtzh.com,1
ocltdgpmnef.com,1
fixedpricecarservice.com.au,0
saovgaadu.ddns.net,1
stili.pl,0
cwboriacwxl.com,1
tokumen.co.jp,0
fsxorektnbqjc.co.uk,1
literacybase.com,0
rkfnjfqqwfmphleafztdce.com,1
spelunkyworld.com,0
chcreelwtlcw.pw,1
xdngsgn.org,1
qm42b62rnaw8nhwh54.biz,1
ankos.gen.tr,0
irkigltncp.com,1
tqdwjcn.com,1
until-infant.ps,1
yundzh.com,0
ycjsrcnhhydl.info,1
record-planes.com,0
qnwddakdgimifkbie.cc,1
fedacwumdeh.com,1
lmrgygn.org,1
unitins.br,0
vplaiaeeahoaawgk.eu,1
beoglovgbwfwufv.info,1
ncvdvpowdvwhuujkj.net,1
hangseng.com.cn,0
stancenation.com,0
garnetvalleyschools.com,0
microview.com.cn,0
construtivo.com,0
indulgentieecclesie.com,1
yeeoppboac.dyndns.org,1
gfi6elgh1r1to0u.ddns.net,1
diabetes.com.tw,0
hivebrite.com,0
toponlineforexbrokers.com,0
rcindependent.com,0
utxexuagipix.ddns.net,1
elviscostello.info,0
dfmhodmguxyf.co.uk,1
16lou.com,0
dnqovkhmau.com,1
concessasnmalletprimis.com,1
qxeuvyfwckkifoqgh.su,1
krmdrjkta.com,1
gbxqsufqbex.com,1
urdykwuxjukdbh.ru,1
asvxhs.biz,1
japxozyuwg.com,1
wearepopup.com,0
sontreeballgradeoilbottle.com,1
invphmmiymtvliwo.eu,1
xzlcmr.lv,1
aefbddlbnedkfamc.co.uk,1
evassqaprsgccjx.info,1
thebirdthebear.com,0
significancefingering.de,1
knifeup.com,0
meovustiwusub.ddns.net,1
akvxdzmteigkuywr.com,1
klclclqd74cbgfwlwp10odo.ddns.net,1
ifactner.com,0
howtobrew.com,0
xuaksdipjmpvrhny.eu,1
bitetone.com,0
8mgu4icuc2se.net,1
lyryjuj.com,1
hyvpgtlpkmkf.com,1
freshersjobfair.in,0
money-lifehack.com,0
leccoscacchi.it,0
leeoh.no-ip.biz,0
secure-xchange.com,0
xudamaecpuri.ddns.net,1
gwarlingo.com,0
ohmylife.cc,0
bozgoqfa.ru,1
vuzarsn.org,1
blackhawkchurch.org,0
ciqauuaieywkkams.org,1
wirelicence.net,1
heddels.com,0
hacides.net,1
intubatedzzvvtvi.online,0
kursk-izvestia.ru,0
capecodtoday.com,0
carrobauru.com.br,0
qovod.net,0
zercalo.org,0
28awqkm46ku8.net,1
dmyauupho.ro,1
tgjvojjwbhwc.biz,1
jurnalskripsi.com,0
gjsmmqujbskjnu.co.uk,1
i55jymwnqa57arg33oycsc39d30kwe41nsbsg53.biz,1
thht365.com,0
baserltd.com,0
twqdklaiex.com,1
grupoomese.com,0
tibf.ir,0
igfhdijelqjx.ru,1
rad-installer.com,0
vnokygycsejyjxiweexoa.ru,1
bit-surf.com,0
onaaktdtgokbhagq.eu,1
osaka-pct.ac.jp,0
bokrokfi.ru,1
dkmsince1968.com,0
loteria.com.ec,0
xkpyrifox.cc,1
repre.sk,0
gvtv.co.za,1
thewinnersenclosure.com,0
capitalbankmarkets.com,0
kamalpatel.co,0
keiwikaf.ru,1
neurochaintech.io,0
teatvvhhje.com,1
lladffkomcolmlak.com,1
qqplezdjxv.com,1
eniiddmrjchs.in,1
suggestsmembers.tf,1
tmomqxu.tv,1
dakacaadflfnmadf.com,1
delineateyourdwelling.com,0
fqymiuswxj.com,1
mg5ajr8ppeo8ri7h21.biz,1
ktafoxmt7hs0qjc.ddns.net,1
aloftlondonexcel.com,0
movenowthinklater.com,0
jfservice.se,0
independentagent.com,0
eweuvepbmpeknlauleqwi.kz,1
peliculasmegahdd.com,0
xeiwahhkos.com,1
hpodlk.com,1
serbiennachrichten.com,0
easy-businesses.com,0
cicteoci.ru,1
filmesporno0.com,0
siamintelligence.com,0
salampapua.com,0
netnerds.net,0
alaki.co.jp,0
kralkaptan0863.tumblr.com,0
rrcrqyikatrcvcqg.eu,1
populumomregni.com,1
tasupoopu.ddns.net,1
edxckiqy.com.bo,1
mindshakes.com,0
ausopengolf.com,0
batcupan.ru,1
xoqhujal.ru,1
ameli.com,0
unshghpxxndvabllj.tw,1
thietkeweb9999.com,0
nfgneauxqrrbvuqv.eu,1
ingva2wlk8cjw4c0o0u81fi.ddns.net,1
yndvkuu.tv,1
waveinvitequotelipwaterdisappointed.com,1
redbreakfastparentconsult.com,1
mefsyiffeltl.pw,1
doubleunderstood.net,1
greenpartywatch.org,0
slwxyvufw4sb1dylkxg.ddns.net,1
ijpbs.net,0
beautyqueenuk.co.uk,0
protein-projekt.de,0
odtdocs.ru,0
yeniferace.com,0
wrongoctover.net,1
awi4yomsqkm8.net,1
ztbknpechy.com,1
annflebcdancloen.org,1
gurgpbaegnwyseqm.eu,1
nebfnfcaoklckdll.cc,1
cesocgqwygkuiamm.org,1
620cd.com,0
skazochnyj-domik.ru,0
youngsmallpics.com,0
stjosephlincoln.com,0
vncold.vn,0
pickyourownchristmastree.org,0
gava.it,0
hwavoqjqjreug53dzhwo51nqh44kti45e31b48.net,1
insurancesaman.com,0
poweryogabuffalo.com,0
commissionemodocertinvel.com,1
videovores.com,0
gbi6wp1410wpcvwh5lu6m4w.ddns.net,1
skiinfo.no,0
mixodove.ru,1
steamworldheist.ru,0
titaniumerrors.yt,1
ymirohscgjxm.ru,1
rahmdugsbk.com,1
jarritos-drinks.co.uk,0
modohnam.com,1
couponfinder.us,0
zooverresources.com,0
qyorbbjyqn.com,1
chocolateandmarrow.com,0
farming-17.ru,0
elernufdorg.com,1
bidhannagarcollege.org,0
oankikdtwehhrecqs.com,1
italiaracing.net,0
aaklxiqrrspwxdsvup.mn,1
xn--nbku14gn3gtigiui.jp,0
bicomftmfvku.biz,1
volgmed.ru,0
saludsindanio.org,0
amountobject.net,1
jqttmngganto.sc,1
ddirnunyxykl.com,1
mayracabrera.wordpress.com,0
waewciqi.ddns.net,1
crawfordandpower.com,0
brazykicks.com,0
www-en-rhed-ando.blogspot.com.es,0
watchedranging.sg,1
uqzdzbvwhripzjvkn.com,1
comsho.com,0
israel365.com,0
kilencesterv.com,0
sintesisdeguerrero.com.mx,0
tahseen-team.net,0
mddkfrghmfmojorwgxgmjfiwslvw.net,1
ikcxprddotvp.com,1
aqqoqcrmjgxghbtw.eu,1
amnjlnnjamhqyhtmlnpqxsqz.com,1
bandlecturepurposeground.com,1
xtrart.es,0
medicine-online.org,0
adamdtechnology.com,0
tmsgxbcldqbbovwud.cc,1
0y4igasi0m8e.top,1
orangeave.co.kr,0
cquwwovktd.com,1
32yfulepqp18ifq.ddns.net,1
erfolgreicher.eu,0
kihufxkofayfjt.com,1
zrjjgf.net,1
fvlkgoerhighxoilcpcu.sx,1
szludyfqbex.cc,1
vofymyk.com,1
esmemm.com,0
remaining-paths.kz,1
jinbaidun.tmall.com,0
hanefli.com,1
gensoukyo.net,0
eckerd.org,0
zonnepanelenenergie.be,0
kobdadflfbkkneda.com,1
occaqoessiucsmyo.org,1
vignevin-sudouest.com,0
happypancake.com,0
avqcbvpbyv.com,1
vfhnitwaxunrnmvturaq.mn,1
nicolas-aubineau.com,0
seriallonline.ru,0
dmyyoibkmo.com,1
bcclodcdnbcfbcfb.online,1
pixcove.com,0
wikiprofiles.in,0
bucetagostosa.com,0
siuk-iran.com,0
hugxifoc.ru,1
ezujian.com,0
malliaris.gr,0
economiesetcie.com,0
xkdjicftgojvqr.com,1
wyzws.com,0
gas-shop.ru,0
tdtdsfebcdox.xyz,1
qctlvropcvnfcfi.biz,1
qdrbbxayolnswak.net,1
fnrrixuuxcpq.com,1
agwnmyt.mooo.com,1
dftsxwnypw.com,1
pdyilvfm.net,1
freewar.de,0
chwt12kv1ry8c8c.ddns.net,1
fdcbenckdncnbddd.com,1
efuovbpnt.lu,1
lygyxor.com,1
pixability.com,0
dreamdepot.co.kr,0
trackpacking.com,0
bkcjdwkftapgyl.info,1
pharmacygeoff.md,0
pverbuminetnveniarum.com,1
twnhoxjafq.com,1
kpgrttuldobhrtaxe.net,1
airbrushshop.com.au,0
fbuianfp.co.nz,1
cheapmarkt.com,0
epguemhpy.at,1
anabihkr3x5tol1dily8gtw.ddns.net,1
chromeexperiments.com,0
ebookcompanion.net,0
tomp3youtube.com,0
mycashplus.co.uk,0
oluperoqecwaa.ddns.net,1
vydnttgqvj.com,1
classicheartland.com,0
wxm5t5q85m7i125c42.cn,1
indianakhbar.com,0
mdfbfolandmmccec.website,1
ps9.com.br,0
labporn.com,0
anonyme-alkoholiker.de,0
penitenspossintitsurface.com,1
clearspringsbiblechurch.org,0
fourmizzz.fr,0
mmtzhhzs8q4s3od5cm.com,1
gamphony.blogspot.com,0
saxmeuix.cc,1
redimereabsolutionemet.com,1
year-maintain.com,1
lvhqmpojvdufbtdl.eu,1
alexfine.ru,0
ddqukuwdvyqppvlj.eu,1
uszovk.net,1
kharkovestate.com,0
guefgwiugkeq.net,1
hostdoze.com,0
nmnxadxdnf.com,1
sutranetworks.com,0
sachsen.de,0
roemisch-germanisches-museum.de,0
tradevk.com,0
qajadwfb.com,1
thosebeside.net,1
gmyikyooiuqmiiic.org,1
jvpvmjjkzrrqlvnv.biz,1
jlpzeyctvt.com,1
ditawnihedl.com,1
catholictimes.org,0
uxthhdxilsycvki.info,1
consumersinternational.org,0
txmibdxfblgjyfmhi.me,1
wbsec.gov.in,0
nimb.dk,0
gaporderavoidbikedetailair.com,1
kjtagufqbex.org,1
vithikad2.blogspot.com,0
fauejjyuui.com,1
idrhuvdtqf.com,1
tohoanimationstore.com,0
vk-m.ru,0
uwnahuslut.com,1
ariderimdusoe.ddns.net,1
guialocal.com.ar,0
frieda-online.de,0
eshholdings.sharepoint.com,0
gtwzlr.li,1
g-cores.com,0
gvpbucwbx.tj,1
womensavingscanada.com,0
goglass.ca,0
nbxtdnnslenvfoeb.eu,1
osuhgatle.com,1
n60lwpthtpzjua37l18j46hyiuj56i35dwh24p52.ru,1
annaabi.ee,0
bankringadmirelipintendcrew.com,1
instruction-towel.com,1
gmououkq4u02.org,1
oaflnedfamdadbca.com,1
nxdsguhud30lvltauivjzf52aybscsaxny.com,1
itbuentageonveu.ddns.net,1
stitcheryprojects.com,0
disidentes.net,0
fztyma.com.ar,1
gsrbgwecdgjidgdc.eu,1
manmissaccountcontainescape.com,1
pdmagazine.jp,0
banksinarmas.com,0
newmello.com,0
swanlake.co.jp,0
mnkvaueodskoickzgavz.com,1
meters-to-feet.appspot.com,0
scorbot.com,0
sizeexpectconsiderrentpark.com,1
studyzoneprovestagedesire.com,1
elenasauret.blogspot.com,0
elektrica.info,0
noroopaint.com,0
thoughttradereplyspecify.com,1
doadipdtvsukwquyb.su,1
sqsluqixalzomq.biz,1
byqk.pe,1
ygmwew.com.co,1
xxx-sharing.net,0
wearefootball22.blogspot.co.id,0
airportstaxitransfers.com,0
qv5f7tcrmvqtafe.ddns.net,1
heuwgmppmwanejhdn.la,1
blackjackpersonalvaporizer.com,0
xfmltsomijbiu.com,1
trading-interaction.yt,1
drlrozgrg13g63jwhsbsa37b38p52brg13mxov.com,1
allied-gaming.com,0
forum-onkologiczne.com.pl,0
pxfuknixmmdw.us,1
bgnypscddlbb.me.uk,1
pestaneagr.blogspot.gr,0
duapah.com,0
pauinimicoeassrediplease.com,1
prosidet2.blogspot.de,0
pxidwooxkjwf.com,1
wjvfgmhlimdihcju.jp,1
pickture.com,0
hizlisaat.com.tr,0
dcdfdabfkacdefad.cc,1
jupreora.ru,1
q87j3nuoz4m7jaf733.biz,1
fixmyambulance.com,0
pornoverdose.com,0
hawoquw.info,1
geoilandgas.com,0
dostupsreda.ru,0
vertagear.com,0
insight-out.com,0
cldckaabnnofdkdb.co.uk,1
gnpvtsxwfedm.biz,1
kassiroff.ru,0
moriturissuefficaces.com,1
hongdengshequ.com,0
minnakenko.jp,0
labexchange.com,0
ekdelnukhmoqekgn.eu,1
tennessee-towns.com,0
gameforest.in.th,0
gpctgftmd.com,1
ofc21tobi0kfklepgpw6qve.ddns.net,1
tunakaq.info,1
doteoqaf.ru,1
sh5hydmvq6khc2w2a65f3p5.ddns.net,1
kefalid.info,1
yurunew.com,0
xn--80aaiflkn.su,0
kphsjufqbex.org,1
maximoebel.de,0
biotaxa.org,0
phraseloanreportsetgrabadd.com,1
qufacitfalse.com,1
nancyfamosa.es,0
stfapqqlrapt.biz,1
ntfpqyvbdqgywg.net,1
sobeldades.com.br,0
qycfvfephpli.com,1
outletsheet.com,0
dhjpohmhjupxkdob.eu,1
helpz.eu,0
aaoisocykyueukaq.org,1
uykjlsyagxq.com,1
alamffnccloafdbk.com,1
norvelluniversity.com,0
hfoqvedxjiayxpcqssu.com,1
taibah-elibrary.com,0
gkyuoaiq.biz,1
jbqdjttkzwvhtncsymw.com,1
gqcisumyqmqqyycg.org,1
qoqoj.com,0
familyfunfish.com,0
7lobfk7cflmcrf465c.cn,1
jektis.com,0
kaiakater.com,0
tufakiva.info,1
grindsworld.com,0
ayrrjjylr.com,1
ernxvac2ldtehjtltq.cn,1
pfaozzva.com,1
clinicaela.com.br,0
geomore.com,0
fawryabukabir.blogspot.com.eg,0
34densduvoxa.net,1
vonokam.info,1
30excf7tcpwf763.ddns.net,1
oefcakqedj.com,1
krasnoeozero.ru,0
essechristiusquephonevi.com,1
freshcalendars.com,0
yiyurumen.com,0
allianzworldwidepartners.com.au,0
ucorel.com,0
nakajo.co.jp,0
garedda.com,1
dermline.ru,0
go2tu.com,0
vmtgcxpydsriifbq.eu,1
jlkcfyqhktd.tv,1
charlizesource.tumblr.com,0
samiwnehi.com,1
jpttdiltpyki.net,1
megaporn.com,0
eqacmemop.ddns.net,1
evhviumtpyqv.org,1
occasioneveniarumomnibus.com,1
nightmovie.com,0
ecrevfjyfhdfyefokl.com,1
vaawloekakocemf.ddns.net,1
loading.bar,0
bmghgl.hk,1
kycmwawegm46.top,1
dekurk.nl,0
gxnkkxvjdwmmomvji.su,1
ishifts.com,0
knqrfnjgmrfxr.com,1
night-freddys.ru,0
studyappreciatemirrordeal.com,1
motherloadneedvarybonesteal.com,1
ivvbahawwf.com,1
moriukeffasaaha.ddns.net,1
thyssenkrupp-industrial-solutions.com,0
freeismylife.com,0
yrfdtvcuhoymmacgan.com,1
sesorah.com,0
perenosslov.ru,0
cg3dmodels.com,0
usbmsyeoya.net,1
dkbkbfbddddmebom.online,1
energoservic.com,0
epompa.pl,0
cxssnceeuulvauw.com,1
devbbtcqbagl.com,1
filmy-online-zalukaj-cda.pl,0
lwcyod.net,1
pnl.info,0
difficultnothing.net,1
yetsqsdsholapet.org,1
somostodoseducadores.com.br,0
qdoja67rsx3nuxm0qdg.ddns.net,1
cfkvptysiokuhird.eu,1
p-ken.jp,0
communities-dominate.blogs.com,0
teenpornvideo.me,0
jobdyldcxbaqyopfiu.com,1
digischools.ir,0
btk-fh.de,0
klassreferat.ru,0
i0u428ywqs6k.net,1
wan-world.info,0
aazperfumes.com.br,0
flashbackmagazin.de,0
xp3rpbtgxou5jmn4hx.com,1
ledcbcembdfemaac.eu,1
legalnomads.com,0
kazantip.com,0
ug3jsb28uyuqxwgfqt.com,1
osijek031.com,0
iasa-web.org,0
molino-blanco.com,0
sanroman.com,0
viveresenigallia.it,0
plushmir.ru,0
utrqqyrnvjys.com,1
jclmwrdwrimlmm.biz,1
livingcelebratefanreward.com,1
eurostargym.com,0
proremicertissimieqnec.com,1
frikster.com,0
kkafwgtpxivchkt.co.uk,1
epc6m0w2aji0e0y.ddns.net,1
ofddmemoddfabfkd.com,1
cysanmh.ro,1
oggeayeoya.net,1
akocordepthbkbmyt.tw,1
township-dependence.ki,1
kompetenznetz-schizophrenie.info,0
glitreenergi-nett.no,0
meriwetherstrudwick.net,1
maitrifitness.com,0
prettysimplemusic.com,0
simplyspeakers.com,0
chateen.com,0
fmval.com.mt,1
qgakaswkiukqkycu.org,1
zwpvyqskszhxswr.info,1
flierfriend.net,1
acfabcbdbmdkdafo.com,1
papamultidixit.com,1
miwtozdpve.com,1
hdvine.ru,0
avpantpunto.com,1
italiansubs.net,0
groupfirst.net,1
imcpmqqotyy.com,1
gazo-news-antenna.com,0
zznews.cn,0
cukio6gqg2wi.top,1
lxncnsfox.org,1
shdjt.com,0
projectdrygatherbodydisappointed.com,1
diarilaveu.com,0
cuttingedgeservices.co.uk,0
statimdevotam.com,1
unwahas.com,1
alexandrinaatterberry.net,1
pujotiqunif.eu,1
acamasvideo.com,0
dfagpxrhhgypuynzi.com,1
wadainoitem.com,0
permanentpees.com,1
prosight.sk,0
entretele.com,0
madamefigaro.gr,0
xlzahikcak.com,1
crazynoodlescafe.com,0
semaedi.com.br,0
realbooks.pl,0
ahoiewlagn.com,1
maxxspy.com,0
qhkaywwxklghjjrp.eu,1
daddyslilfuckslut.tumblr.com,0
ggdgnow.com,0
usgquicgeowqaawi.org,1
dgtluzyrhbthnpgv.com,1
mdoqihhgij.com,1
nafkokxe.ru,1
cgplusplus.com,0
bmhwwvjvbeir.com,1
bubt.ac.bd,0
qulpay.me,0
nusoft.co.id,0
mkktpaejmodedhcuk.com,1
palabrascon.com,0
henimlar.com,1
youngsfoodservice.co.uk,0
kefadyn.info,1
southpast.net,1
zorbor.com,0
breadgoodbye.net,1
prochepetsk.ru,0
tesy.com,0
openingdelayboatorderwish.com,1
wloeser.com,0
gadyfoz.com,1
vqndmjfcpwqocaf.info,1
quadrealres.com,0
jojolovers.com.ng,0
gqjyacuiwcymao.net,1
5pwvarel165pg6sn1lk.ddns.net,1
onlinesoccermanager.com,0
jkrwekhbhvdhig.info,1
webinterpret.com,0
afmcp-uk.org,0
altyaziburada.com,0
3utls6pjnk1s1dsmh8.biz,1
francetvpro.fr,0
azgvu.ht,1
playmillionspins.com,0
12voltusa.3dcartstores.com,0
woculsema.com,1
pmkyhb.com,1
echogear.com,0
javandi.com,0
kaoq82suwmkq.net,1
shihuizhu.com,0
hfenqknfb.tv,1
teenslutsplash.com,0
ixs-motorradbekleidung.de,0
villapoz.ru,1
theboweryhotel.com,0
ij1rib36ork6wtc87bmdsxo.ddns.net,1
gq02824m8a0u.top,1
machinanturpropter.com,1
fixyourdlp.com,0
einedeutscheweise.wordpress.com,0
udmhaxobct.yi.org,1
licerevispecicerte.com,1
computersbooks.net,0
ogciuuosceioiows.org,1
vfsglobalonline.com,0
youthforseva.org,0
5cp8gar2ud776wyjfy.biz,1
ftbucket.info,0
afvv.com.jm,1
pixibeauty.com,0
oldtimeraustralia.com,0
z8xylsm3ebfkbe7lcb.biz,1
i2k8gl3ret5rcr3.ddns.net,1
bg-group.com,0
boatus.org,0
evideo.si,0
qpkvdxelhrlhkwhl.jp,1
globalfreedommovement.org,0
icco.org,0
djigfe.mooo.com,1
fyyqqdrihseaeixy.eu,1
mamitumyvig.eu,1
gde.by,0
slrgoruwyugkntxd.eu,1
wjilrilcim.ru,1
cookinghawaiianstyle.com,0
qhihrsppvtt1cdp68l.ru,1
ma-niche-en-slip.fr,0
christobelstrudwick.net,1
inclick.net,0
getnursingjobs.com,0
eordzy5j2ltxxvczpv.ru,1
sermanpro.com,0
mulherescomestilooficial.com.br,0
visited-potato.ps,1
mehangcuugiup.net,0
pdchealthcare.com,0
roulettesystem.pro,0
oqmluxyys.com,1
ara-usa.org,0
eacnzjqda.dyndns.org,1
universitymotorsltd.com,0
conversationdriver.com,0
sillc-asso.org,0
journeycountry.net,1
hellotw.com,0
axcdw0uxu6w4o8y85xy.ddns.net,1
eigkumkeiiuoykgk.org,1
kfajenhssdwbj.biz,1
gmjeetwwwjlo.com,1
myguoswaseiwauyi.org,1
0pij8pavwtq3.org,1
sideexperiencedsurroundcrash.com,1
topbestfreedownloads.com,0
koqdacud.ru,1
citikok.info,1
julyservices.com,0
comoescreverumaboaredacao.com,0
vama.biz,0
sucking-portable.cn,1
nieindia.org,0
symhjaiq.net,1
jodic-forum.org,0
ncuzpjtjcv.com,1
icdlist.com,0
fiap.com.br,0
castingnet.jp,0
uvbrvlbptdc.cc,1
tmelectronics.co.za,0
rkucpnkfargwclfafulfpnrlf.biz,1
sunbecomeordercommentdemand.com,1
maximuscraft.com,0
gadgette.com,0
rylohyv.info,1
soqkqcomakkmwgiw.org,1
htmllint.net,0
sdradio.es,0
prothomtricks.com,0
jepnlocab.com,1
vgwjbhmegtihcyjpfyavi.nu,1
uouoiiomkkmceasu.org,1
ogumdohge.com,1
qmbmbyqkltqfbbtxxc.com,1
blankettbanken.se,0
dagvbg2wnqhsf5kxby.com,1
rwtdikqvii.com,1
preferredmeasure.com,0
everydayliked.com,0
quasgraprorsusverborum.com,1
uqlqhyvcahuw.com,1
msm8916.com,0
postroika.biz,0
fjxiehe.com,0
rustyblogger.com,0
sochi-express.ru,0
zsqazyndypftsjwthkfj.com,1
byksenia.myshopify.com,0
cmslearns.org,0
nrai.com,0
html2pdfrocket.com,0
huwemdor.com,1
umamitsilaalr.ddns.net,1
blnfnclbkbdbdemc.com,1
soito.ru,0
bizearch.com,0
sts9.com,0
nuruldefeng.com,1
hltqjjfm.im,1
awitsurni.com,1
ucywjwiebxyvorxgco.com,1
fsfqatdxg63ptksexbqdrjqeqjxftmumy.com,1
gguv.dm,1
iigudiiugkeq.biz,1
withguide.net,1
hdiphonewallpapers.us,0
txlwdgx.info,1
rsuvpt.dynserv.com,1
shapironegotiations.com,0
faxesfromuncledale.com,0
4uweg28iguo6.net,1
young-dreams.com,0
firmware-all.com,0
moodicvzhw.com,1
negociichristianiomnibus.com,1
blogpublika.com,0
llyjqilwoxur.pw,1
lasangredelleonverde.com,0
yeah2.com,0
iktrbhwaonoyqlul.eu,1
orzeczenia.com.pl,0
hacyqaz.net,1
casinouk.online,0
cargarantie.info,0
qvcdgjuvw45doxa.ddns.net,1
xvctydfxovhxfjkotaii.xxx,1
contract-alert.com,0
5w2bgxbuuw6mzt44lp.biz,1
cewomsecg.com,1
tjdikerwbgmhwgccrqp.com,1
opad.com.cn,0
jobbole.com,0
showin-ouen.com,0
s2g.jp,0
sabiaslosocial.com,0
skleptytoniowy.pl,0
slqxjsnfojuhh.info,1
uajbexwcmhghm.in,1
kyyqqcicieeaeiac.org,1
thabyay.org,0
beritaterkinionline.com,0
caixapopular.com,0
i-on.net,0
fotaqyh.su,1
gkpylmwfbgrksin.org,1
edtgoxcpcmdekrjy.eu,1
long-mcquade.com,0
iknop.ru,0
jifpldgjrwvu.com,1
carampsonline.com,0
elohwemse.com,1
gbqrhzoipb.com,1
saolucas.net,0
greatistanbul.com,0
adultur.com,0
rjoaedu.com,1
purkle.com,0
drumsonsale.com,0
hhsales.com,0
theologicalcelcasuum.com,1
upsgkrhgobfsrila.eu,1
velmobile.com,0
postober.com,0
pointabout.net,1
talcualchajari.com.ar,0
su4taf8mdkgf7t2yzb.net,1
jacquettakingsley.net,1
ikmanlink.lk,0
yirkehvunnsjkkqi.com,1
howtoplaypiano.ca,0
biolan.fi,0
renault-automir.ru,0
estyma.pl,0
oracionesfamilia.com,0
oncloud.gr,0
truyentranhgay.com,0
cbu.edu.zm,0
gmhqxlfmvcxw.com,1
tcsdzz.com,0
vicoheaq.ru,1
gymgen.vn,0
egnaresdefi.com,1
ritchiewiki.com,0
kangnaiguanfang.tmall.com,0
adfdcaalcklbbfmf.com,1
affiliates365.com,0
ezyhd.com.au,0
clic-toppv.fr,0
naturasi.it,0
sxcbpyeijffibpyu.eu,1
viajescuscoperu.com,0
a777.site,0
sayangmp3.com,0
gloriousmelody.com,0
thesesome.net,1
markcashdecidevisitcommit.com,1
valleyvapour.co.za,0
stressballen.nl,0
hnywdakvhxvuoeuap.com,1
dessinemoileco.com,0
pro-biker.vn,0
framgang.net,0
uipwhxlkvvwg.biz,1
kcadocaakfbbbfff.online,1
progecad.us,0
nuressumaww.com,1
obuygustre.faith,0
jetypcogxnwmb.co.uk,1
adtnoqbmjgguxoww.eu,1
qgqacgikmsokmgsq.org,1
study-increased.gs,1
luckyloc.com,0
homafdid.ru,1
ruarbolit.ru,0
emciiwyioimymcgu.org,1
spraykilladdresspreferharm.com,1
funcook.com,0
astridandmiyu.com,0
blackmooncosmetics.com,0
bpnjqvispebyd.com,1
gatef.eu,1
jb-chocolat-marrakech.com,0
ecompanystore.com,0
ahuacoahikwal.ru,1
mathiasbynens.be,0
maiyango.com,0
oquwneexabatab.ddns.net,1
drelist.com,0
tractpast.lv,1
panaclub.com.br,0
apk-mod.net,0
halfpipe.io,0
designclaiminformdrinkpray.com,1
asg3hurt.com,0
uvaxluufeqcuxi.ddns.net,1
idealpik.com,0
eordaia.org,0
fyytaomqlkc.yi.org,1
7czklkp85qhtsytrcb.net,1
salseoweb.es,0
crb6.org.br,0
projects-raspberry.com,0
china-inv.cn,0
enkderhwqhiu.info,1
jfpmnkn.cc,1
fullfilmindir.gen.tr,0
glu.jp,0
vir-news.com,0
abiummi.com,0
humboldtschule-hg.de,0
blendwithspices.com,0
skaakrmgxwbhrdvu.eu,1
21facesinc.com,0
otbeipweda.ddns.net,1
amrathkurhaus.com,0
aalba.cat,0
axbabuivaxipudt.ddns.net,1
wit-fitness.com,0
cloudchartcrewmovelaughexist.com,1
fosohwoflor.com,1
lymnuqkfuqppylvpi.com,1
thatinvestigate.jp,1
montemaior.com,0
iddumiggo.com,1
mrslfeed.com,0
wasteskins.com,0
ddnbdeecjstaebnsp.su,1
uivstk.net,1
cbmfcfcaacmbecnd.com,1
csae.com,0
qivvrqr.nf,1
itdgwxyvsrqn.ru,1
8as20asew6ci.org,1
freemoneyleverage.com,0
ourbotanicals.com,0
sitelutions.com,0
aqxifkni.mu,1
tuningcardesign.cz,0
revista-triodos.com,0
sqyacajelhdhudle.eu,1
gmqoogosgmkossms.org,1
feebxggz.mooo.com,1
klimatika-spb.ru,0
qqjwsqnwmemjdhj.biz,1
tiivamelvewxrwmk.eu,1
oqpyt711fiwqg3kae3.cn,1
processlassopro.com,0
wear-gadget.ru,0
quodverborumthesauri.com,1
gn54ade6mhm4eni.ddns.net,1
qwkocnrmg.net,1
thepixelbeard.com,0
realitnikomora.cz,0
qeboheq.info,1
aemcgmgswisoamqs.org,1
hermanntribueretmachi.com,1
energystorageforum.com,0
xdwrxaryumrksf.com,1
peptideatlas.org,0
metropolis-koeln.de,0
ybhiodxwwmoymuv.com,1
4a0a8mkewuc6.org,1
preschoolmom.com,0
fcfemenddfabokbn.de,1
ohdexocuer.ddns.net,1
daroapartments.com,0
memories-in-time.net,0
renitdah.com,1
vvqmrxnlc.yi.org,1
accutracking.com,0
wqiynwruvp.biz,1
litportal.ru,0
fumxaqmx.com,1
mrallens.wikispaces.com,0
hewitlahw.com,1
softycomp.co.za,0
womensecret.com,0
agrestenoticia.com,0
propterminniesseilapud.com,1
marmadukeoutterridge.net,1
xcrgunwqkhpdhvrg.eu,1
imsu.edu.ng,0
oomfnwmmeplnoij.com,1
meik.jp,0
iloldytt.cc,0
gcdykiqaafrhanh.co,1
fit-health.ru,0
culligananoka.com,0
fzbuefbz.com.do,1
entaxy.io,0
get-notes.com,0
chancebearchargetowervacation.com,1
vscfnykbbbe4h2wx5y.com,1
5bba2n87tb67rr8831.ru,1
mbitson.com,0
akuntansi-id.com,0
secretscopying.com,1
dirhxjsuv.com,1
rnuossqkexsqqiz.info,1
kabuv.com,0
thebittenword.com,0
dezyfzmi.pl,1
cfireland.ie,0
edergamsec.com,1
ciwotsi.com,1
daycarewebwatch.com,0
beziehungs-weise.net,0
redhorseperformance.com,0
cheapstuff.com,0
338c.com,0
iamanniversaria.com,1
restr.net,0
artconfirmdraftlinkliftscratch.com,1
bestoryclub.com,0
set-and-forget.com,0
allfitnessblog.blogspot.com.es,0
crimea.com,0
kxtkjcvjtepmvvwn.info,1
8kbjc2rrdwl8aifk6v.com,1
unknowncomicbooks.com,0
sh55rj8wvh45k82gum.ru,1
aooalkdofdkeofbc.eu,1
radiofobia.com.br,0
gahyroz.com,1
ewsqkaiq.biz,1
xutohin.info,1
24m0ac2g6ges.net,1
hgnnzyw.ru,1
xkjtcdxrxpsyqfduitl.de,1
sg4ulf8oocv7bix1pq.cn,1
elcsfdz.lu,1
w-ogrodzie.com,0
fettlijyycee.net,1
rynucalagew.eu,1
pqgyp52kxjsb28dyexc29i45p32eriufrnvet.info,1
xoognpnlet.com,1
josephineblackbourne.net,1
rhcxclbchhuoxlchc.me,1
wrjnwjhb.yi.org,1
yqtoxfjwpfn.com,1
j66eynzesozbwfuf22hsa57g43n60fxcvetgv.com,1
7qmffjkmxtcv26rp8p.biz,1
aqch.tj,1
ussufiwwir.com,1
tgakiudztg.com,1
sokikom.com,0
umwbdcbulhzfvu.com,1
raweahug.ru,1
pornleak.net,0
emqcagmscqqaaquw.org,1
docuenvopuw.ddns.net,1
fashionbrainacademy.com,0
mirrorwellfinanceconcern.com,1
willteresa.blogspot.com,0
kfurfsnkzakz.com,1
olfewmhhagan.com,1
minikago.com.tr,0
kusisueaeiegmeic.org,1
autocasion.com,0
urbancinefile.com.au,0
esteticabodyplan.com.br,0
xuping.com.cn,0
revistapazes.com,0
instascreen.net,0
essen-retail.ru,0
charlotteelisabeth.net,1
quamcontimmospirituwitte.com,1
xgirls.com,0
irwccegtrww.com,1
faceteste.com.br,0
vcmqswqt.com,1
humarobotics.com,0
topnewsrustoria.ru,0
popkisiskipiski.com,0
hxsq7777.com,0
zoai.ru,1
juuls.tumblr.com,0
abe-global.com,0
armdpidvchlgpyqgc.com,1
wuhpzndzn.dyndns.org,1
xfotze.com,0
pneus-online-suisse.ch,0
gqyuyiooowgoucqi.org,1
ivitsajkbjfjch.org,1
podag.co,0
4smery.cz,0
qnyholaa.com,1
robertszewczyk.com,0
snsnfliebxtlhmevki.eu,1
baxijifo.ru,1
op1tw6yhm27vw83.ddns.net,1
krjmjrltbw.com,1
skithewhites.com,0
acmemcdkdaflcbnf.com,1
soundbuckets.com,0
lapqgbqfdefnkglk.eu,1
nqm29gznvi25hwewk27c49lqg43h44m19d30grdt.info,1
rsadrtrldxywuwe.com,1
4ykiwqkqgqo2.top,1
jbivmyvojqjk.in,1
tarashenegar.ir,0
radetali.ru,0
pornotsontes.com,0
eeqcfehinulw.com,1
appsazan.com,0
katawa-shoujo.com,0
semeistvo.bg,0
xxxbilder.ga,0
strokesplus.com,0
ketsci.com,0
aesekwsoeaickqmm.org,1
granvillechamberlain.net,1
vradfuchimxjxdx.info,1
zgkikm.wroc.pl,0
qekuveg.info,1
pfavoaogdsnqsplu.eu,1
dunxhcqeoyjtvrnub.pw,1
utcdtiismdln.pw,1
puvowog.info,1
fogaxew.net,1
clickfrenzystore.com,0
cassandrakristina.net,1
walmnpmfofgglj.com,1
withinhealth.net,1
mecum.com,0
pinla.com,0
seomatik.pl,0
igs-deidesheim-wachenheim.de,0
skikdashop.com,0
bdcbcbcelabbfbem.cc,1
4zlph8g36nag4r846o.cn,1
tchriscalumodovenviris.com,1
cscapitale.qc.ca,0
dwhclhpenyprtrxwo.cc,1
steepedtea.com,0
achatpublic.com,0
dhegtifox.cc,1
pmildmna.nf,1
swingersobtained.tel,1
howardbuickgmc.com,0
oyvelxohhcplmvti.eu,1
arquivoconfidencial.blogspot.pt,0
qecdxbpmy.net,1
imagingcraft.com,0
sicknice.net,1
yaaiyacsqyumkuqk.org,1
flierproblem.net,1
cnpowder.com.cn,0
flyzy2005.com,0
kcufqpxymucp.space,1
driversoft.biz,0
byzsaexsas.com,1
pgojydtxofch.net,1
nw77.com,0
fcbbvsgclmpo.ru,1
mikakunin.jp,0
agq0qcqse0y8.org,1
issamuwgo.com,1
yakoqecuogmyyeum.org,1
makro.com.ar,0
ocesgcqoumygiyge.org,1
fkdgrypa.am,1
starwindsoftware.com,0
y23ljnkz3uzcgqchrw.net,1
inlqiqiivmpx.com,1
aou864q82gqg.net,1
lalineob.ru,1
miramarcaribe.com,0
tony-photos.sh,1
chkwtdxnwi.com,1
iymaaiiugkeq.info,1
hljxbsmnxvrgniaejgyno.nf,1
xajqygn.org,1
myqcloud.com,0
melgcnurof.com,1
gatherrealize.net,1
sportwebsites.ir,0
pupyteg.com,1
dpwbaekxkrvvvtmsa.tw,1
consol.de,0
oboi-store.ru,0
rkdnpafhmqtg.com,1
bpnfichjd.com,1
kr-admin.gov.ua,0
mabklnabnnondnbf.website,1
wdqtcwokvbbjxu.ru,1
qiolgmeino.com,1
pozvokso.ru,1
spokeninkjet.net,1
kfcturkiye.com,0
averagestringcakeborderavoid.com,1
anatomiafacil.com.br,0
bscggv.com.hn,1
weizhang8.cn,0
cda8w03hehwxadw.ddns.net,1
ihtiobihcii.ddns.net,1
gossipsinhalanews.com,0
cicaieqyaeciagmk.org,1
bimmer-tech.net,0
52axmn5xqfkhc6q.ddns.net,1
uayuzlrmtn.com,1
usenet-browser.net,0
feeltech.it,0
qtiayfxlabnixihm.eu,1
yakyyccquusiiass.org,1
7k8yl35n8ijix1x6xy.com,1
wifiowroolevmi.ddns.net,1
appsraid.com,0
sportsdoctor.eu,1
shvcswhuqlffqeimryxwhjnh.net,1
amerisbank.com,0
lockbottlefitcloudgrowignore.com,1
mofidbourse.com,0
happytango.com,0
yrrpiylynkve.biz,1
jsbys.com.cn,0
webservis.com.tr,0
casetear.net,1
reprocell.com,0
niitdiginxt.com,0
icbseresults-nic.site,0
kemilyx.info,1
2oik60ywagaw.net,1
our-microsoft.com,0
reminderjason.tk,1
ecigmods.ru,0
lhmirpgebaooetcg.eu,1
rstpyrdpnoasguv.com,1
myyqyvgipy.com,1
archiver.co.uk,0
wsp-entertainment.de,0
highlandder.com,0
tenonedesign.com,0
hamangiu.ro,0
faultlinebar.com,0
drweb.co.jp,0
myearthcam.com,0
linetw.blogspot.com,0
mqbkhlimrgliatbw.eu,1
gatyhab.com,1
8e0qs6sy0e06.org,1
sosieeuangeliciomn.com,1
cta-perception.com,0
glanvillecharisma.net,1
skxxerflmw.com,1
tugfupmu.ru,1
ndjboirblxfr.ru,1
lax.fm,0
pozweisu.ru,1
vidadeturista.com,0
master-tao.com,0
jfwsmuuhhfxses.biz,1
glgijml.net,1
tjklrihkpcyy.cc,1
uyduca.net,0
outsystemscloud.com,0
mp3yox.com,0
zpxkvojhsn.com,1
hqplrstore.com,0
meetingking.com,0
w6c68ec2wuou.net,1
onebigtorrent.org,0
afsonlineshop.com,0
boikatbeepgoex.ddns.net,1
byzqx.com.hn,1
dnncnbffmfaocffo.net,1
upskirt-ranging.in,1
comunicacionledesma.com.ar,0
esergimlohw.com,1
waroddafan.com,1
freerelevantlinks.com,0
izooto.com,0
listnamesailcupreasonhelp.com,1
telljamba.com,0
prognos.com,0
3cpjs.com,0
rollinfreshnw.com,0
temperancejessalyn.net,1
striptisersha.livejournal.com,0
lbhpxozpvvohmfizpojxfexgq.com,1
subcommittee-digest.yt,1
wk4c22kruzt7amgq3d.com,1
cfpjio.com.mx,1
maruse-italy.com,0
yiscysvoonagq.co.uk,1
avqlne.net,1
mcdbcecabcnllfab.com,1
florencerigneau.com,0
alexandreastrickland.net,1
rchilli.com,0
zqmyueidka.com,1
mist.ac.bd,0
propertyportalwatch.com,0
fusionsbook.com,0
wogxgroptwet.xyz,1
starterek.pl,0
cooloc.net,0
uehcginkphgg.ru,1
iyjpbiwfoifa.org,1
yaomai118.com,0
eimsmymkuqkgsysq.org,1
xutanoj.info,1
tvobgyn.com,0
ediyanet.com,0
amitabhagupta.wordpress.com,0
oceckswooomwqmou.org,1
odxaecfeuddeces.ddns.net,1
efpia.eu,0
piscantursecuritas.com,1
office-matsunaga.biz,0
qkqwuyygacgmucgk.org,1
handshake.com,0
capitalkhabar.com,0
intersection.com,0
isy42siwmcio.org,1
cxjoeomfyslwgoguwh.com,1
qmmmmgeoya.net,1
myforum.ro,0
gescom.it,0
kanboard.net,0
janmiwoq.ru,1
varoke.co,0
b28jqcwi15a57nzjzbtbuhqg43breyc19euev.biz,1
i828ywu0ywqs.net,1
3dlat.net,0
pufcxhcopv.com,1
kahprel.eu,1
armstrongbank.com,0
qkgowskcqsoaqmac.org,1
uskuka.biz,1
newnot.com,0
qcbottyqhptg.ru,1
vyklad-z-karet.cz,0
1fcdkbmderm01jivuh3t3pi.ddns.net,1
dyxvompykmtmpoxtm.com,1
ygxzdvcnpxn.yi.org,1
sjfc.edu,0
sowieuiossmesgew.org,1
myswaekmkieceuqm.org,1
xxphxlhhlcsaks.ru,1
mybenefitelection.com,0
gomodern.co.uk,0
xtmadmcnuveeuq.com,1
procredit.com,0
rutslgfpisbg.com,1
biyelunwenjiance.com,0
sedakiloverdi.site,0
yztdwbswx.com,1
hbeqlzo.co.nz,1
apuesta24.com,0
laetizia-v.com,0
bbpkcbecbnfj.com,1
khglnjbeaqaunldx.eu,1
tvindiansex.com,0
ashseuc19d30dspukte41iqdwbzlzi15g43jx.ru,1
uwfanudela.ddns.net,1
tolergomdu.com,1
uncleachieveclubdepositclub.com,1
sapzil8282.tumblr.com,0
mdmpaqmirhbkecxakr.net,1
sex-bilder.net,0
yuomnskbuxrchonylobusqsjz.com,1
henriettajosephson.net,1
akircfvmqfxvmkm.org,1
dixvsewswmmwdbchu.com,1
qkiramiq.biz,1
klimman.com.pl,0
sdushanansnan.org,1
saborat.com,0
invfuwxragrj.biz,1
yomaalvov.fr,1
maximilliananastacia.net,1
studiobiologie.nl,0
kui4z1jv5qrsrv1nff.net,1
james-bond.ru,0
juegosfriv100com.com,0
ponaehalitut.co.uk,0
artdhprdei.com,1
dersimizturkce.gen.tr,0
heartratemonitorsusa.com,0
crecla.jp,0
bengfa.info,0
thesilverdoll.com,0
bdcafobmobfnalme.com,1
rwxtmjuskencutmrf.tw,1
awa0as68mcyo.net,1
pyfqensdmq.com,1
uuksyqeoya.net,1
bkhsfexmgdqhlao.info,1
nipaquamverbumvelcamp.com,1
islimiwwo.com,1
000o.cc,0
vanrees.org,0
ftjeoalov.com,1
evangelinamalandra.net,1
bajalomp3.com,0
ieepwntzw1vquwjlq4.net,1
mbkxwrc2obyxmxy.ddns.net,1
exrcormpr.cd,1
arqengti.com.br,0
kimberleighatterberry.net,1
aaoffmaablafaanm.co.uk,1
fohaympehn.com,1
scottsmenswear.com,0
wwelhslcstgqgmuu.eu,1
qebol.eu,1
fxdhcbutfkywuofubltfm.sh,1
parislogue.com,0
ndqypplxxtts.ru,1
mnebirgifvlbuare.com,1
crelan-online.be,0
decisionturbine.com,0
tncjmrrboxohtffrr.tw,1
ixptusdsholapet.com,1
sirixtrader.com,0
minsocium.ru,0
gra.gov.gh,0
sava-tires.com,0
ybckvhqrrjwlrmcp.eu,1
kvpvinwheyfeeajfmthdo.com,1
7d3fspqlctersvk.ddns.net,1
gljsoijwkcutwsqmjddprpyhgi.ru,1
cqepbmdzga.com,1
boostseo.com,0
qkjbqxiuvg.com,1
ytakgjeydvwpa.biz,1
dduwjmnvsqhgcer.bz,1
axonvonbhmwgjjgjajoc.com,1
landvoice.com,0
peacefulpuzzle.com,0
twelveuntil.net,1
hlrivgehygexcxkaytrwvgtchm.com,1
apveedbinahe.ddns.net,1
mfgi.hu,0
loncat.in,0
iconio.com,0
meucarrinho.com.br,0
tsunezu.net,0
aselmuhehu.ddns.net,1
tcsgbxlyobayarwu.com,1
atoutloisir.com,0
peabeoba.ru,1
takenguide.net,1
laoguy.com,0
ezwkzulkna.com,1
vknamillion.com,0
tellus.coop,0
ncabbekdnlldoeoa.com,1
mub-salzburg.at,0
strumentimusicalionline.org,0
orxpmowcc.com,1
jawalplus.com,0
orimono.eu,0
wegotthiscovered.com,0
bets-go.com,0
travellingnecessity.pk,1
wpdvdtysvux.com,1
ganypez.com,1
osrgpoonogokmoqn.info,1
sxnjcvbkiz.com,1
timetoplayrentals.com,0
tpcf.ir,0
meport.net,0
enblbkmfbllcedna.net,1
iahs.info,0
azpmlrxgoe.com,1
6geo28asigu4.org,1
qlqvgwbahajq.info,1
uoyggiyqqieiymwi.org,1
coitusandcarnage.tumblr.com,0
ekaoaca0aoi8.net,1
pisa-airport.com,0
pqcfnksobchq.com,1
voleybol.tv,0
ceaqeodo.ru,1
drf32htm59b48dya17pzo51gvesoxk17nwgwm49.org,1
dislamicbooks.com,0
om8a46smsqw2.net,1
gqwm4u8ecukm.top,1
responster.com,0
atbmddilg.com,1
uwcoqhnuoxhlaq.co.uk,1
link2fb.com,0
e51nrmre21pwb18jwgxg33e61pvfuayn30i65i55.com,1
weduekwaqeaxh.ddns.net,1
citgroup.blogfa.com,0
stoecklimpark.at,0
mobincube.com,0
xtjwodxqwihkwqvail.biz,1
searched-cookie.net,1
peywyvbyghfqnutxyhfo.cc,1
jssfunavmgmys.com,1
ntiathome.org,0
jckpqfvy.net,1
dtmdriver.com,0
kkrn.de,0
star-board-sup.com,0
xn--n8jxljak4t7btdb8750e3kenrcz5io69mk7pa.com,0
tupdeote.ru,1
weldworld.ru,0
toketmontoksmp.com,0
sjmdkkvqeqhwmstmw.com,1
pufojyg.info,1
pwbupfmlfeghctbq.eu,1
3566t.com,0
pnfebt.dyndns.org,1
ecikaewkhfudcefny.tw,1
nufus.mobi,0
vegamaxx.de,0
arriva.cz,0
hahuciz.info,1
cm4egys2saou.org,1
rentcopywriteriskplanground.com,1
bxdatis.mooo.com,1
xjzxhuuwehtusjrqsjbtqg.info,1
bonajuko.info,1
gold-cd.net,0
wirellot.com,1
construit.net,0
omwaetvue.ddns.net,1
primpandpolish.com,0
anny.gift,0
captaininclude.net,1
eagledirectory.org,0
faabdlacaadkkkno.net,1
suxqeaki.ru,1
amleawbiikhui.ddns.net,1
qjxqlbqjughpsbxx.eu,1
coinpot.com,0
whisterie.com,0
iamnaughty.com,0
tj5r6c67mxz5fnpw8w.ru,1
donewdieting.com,0
nrsnhbfy.com,1
cymuazp52grk37pwb48h24ism39ouh44gznqdr.biz,1
rmvjrqpbtze.net,1
wjtime.jp,0
jdcoem.ac.in,0
gnlyv.tn,1
axiometrics.com,0
ivmowhqwfyvqcwtr.eu,1
rapangolanodownload.blogspot.com,0
goodsalespromotion.jp,0
soioemkyieqmmmik.org,1
culturedcoffeeco.com,0
ariel-krakow.pl,0
chancefixedcakenumberapologize.com,1
hock-gift-shop.myshopify.com,0
kanzshop.com,0
real-net11-learning.com,0
qpbeiyxvknytifqjb.cc,1
clab-asia.com,0
ldanknmdiqtrot.com,1
yacgosossuiaqmqc.org,1
hathwaybroadbandchennai.co.in,0
canvassesrnnbrjjcx.online,0
soundfiz.jp,0
mundoavatar.com.br,0
i0125dwlat7b5ta0i2c.ddns.net,1
pqyqueudbjlcimqwn.net,1
douzhuangyuan.com,0
fodlwsnmsfpmaugag.com,1
jeyashriskitchen.com,0
benjaminmcevoy.com,0
sicveata.ru,1
fdmfbujcajrxloiao.su,1
rakkurva.com,0
yunooehnfdwxjf.co.uk,1
seogirug.ru,1
seojupla.ru,1
gspgnrgeje.com,1
tv-angebote.de,0
blutspende.de,0
jihpldcbrjon.xyz,1
pattystamps.com,0
postb.com,0
lykyfyx.com,1
yitgroup.com,0
xride-hd.com,0
unmmhvnklfdombjhb.com,1
frick-partner.ch,0
ryskkbysh.com,0
oqoneikkpkcknubp.eu,1
xabugjfb.tl,1
merchantservice.com,0
lubbock.tx.us,0
wj12yt1pg87ve0et70a.ddns.net,1
paymenteye.com,0
mthwprprbmuyaw.su,1
wsms.ru,0
aftabejonoob.ir,0
crane-ukraine.com,0
rik.pl,0
rtcmksbcqxhhgjydqv.com,1
qhe.ir,0
3l1tytgh5vsf7j7n383.ddns.net,1
bestcreativity.com,0
dicaschrome.com,0
21918.com,0
mctmueub.me,1
milesbooster.fr,0
lyvylud.com,1
okhimmqqldtw.me.uk,1
salemzi.com,0
infopercetakan.com,0
bstpsrbwhaxdrvasdfmud.ac,1
rea-group.com,0
puxhugko.ru,1
bafodkkfkbaokcfc.co.uk,1
z-oleg.com,0
pancakebot.com,0
saunaya.com,0
facetheory.com,0
inclouddrive.com,0
sme-cloud.com,0
catlvcgew.ir,1
cwpsnvcjos.com,1
dfpmwwlrv.hn,1
halfshelloysterhouse.com,0
owwirudsaf.com,1
fuivinrotev.ddns.net,1
jrsnba.com,0
sqhmrsuiwcymao.info,1
oyvn1zgbzkhbpwrlg1.ru,1
rkbkwcqltfaqrqbaj.su,1
daekfiqaofboh.ddns.net,1
necesso.com,1
leasingmaschine.de,0
dydrdcavhsgahpp.info,1
wmaraci.com,0
nqkshgpie.com,1
uyveuhyqfvui.pw,1
intimenews.gr,0
rtcmatdrwg.com,1
uamkck.net,1
i25bzo41esmvcub58lxkyark37gydwjuh24jz.ru,1
accountinator.com,0
rnamedical.pt,0
ecsrlkxwug.com,1
bwoonfrvwzk.com,1
pgwpfihldcbj.pw,1
javamilk.com,0
clementespizzaandgrill.com,0
mymemopad.blog.ir,0
nwo-ent.de,0
expy.jp,0
moe-gnezdo.ru,0
yjmhurcro2wt10o41hafyhe.ddns.net,1
webmasters-equivalent.ru,1
dfbfllafodcbebfd.com,1
rettediewelt.de,0
pictures-of-luxury.com,0
dgkogmdmmlwp.biz,1
velikol.ru,0
kusnie.pl,0
lkktwgrtjddl.net,1
bsjbjgphtkmregkpa.com,1
thecapistranodispatch.com,0
quudtqwimksnmmjg.eu,1
wpwinzpups.com,1
jj-net.jp,0
jlxnvnrhnv.com,1
whelearn.biz,0
redbarnfarmofnorthfield.com,0
uowslaiq.net,1
xw8w8ktnveos5vomyf.cn,1
arriadha.net,0
nvnzetl18a57awmukrbrnxnrewcxpsjtdy.ru,1
ycqoaoa4a4io.net,1
motorsports-stream.com,0
mtpredictor.com,0
prp32dzgxh14hsesfxp22g33jtispsove31hw.ru,1
gwendolinewilkerson.net,1
snackexperts.com,0
istanbulgercegi.com,0
xgohqbmovcmljrkdfiljmrqkzbubm.info,1
xrailbyrci.com,0
amgrais.ru,0
antotunggal.com,0
matcha-express.com,0
novameierhenrich.de,0
answear.ua,0
prriqmgofk.com,1
lalibertad.com.co,0
online-kvn.ru,0
samata.us,0
freedomfastlane.com,0
e31oyf12byo11m29n40kzp52c29fwjtg53ouowix.org,1
oc22.com,0
myeoqoyaymeikaqo.org,1
ytybgfm07xq0idiner1.ddns.net,1
rupcesn.cc,1
mrschureads.blogspot.com,0
4366.com,0
gqocasiouyuowcqu.org,1
dalvenvainor.com,0
ybghttelxyri.biz,1
q8sjexy8cpmpwpq434m.ddns.net,1
hfgkpmmujrgbegdy.eu,1
amazingbotanicals.net,0
rasheedbank.gov.iq,0
novecukinin.eu,1
wesellgoodtraffic.com,0
arcwindowfilms.com,0
verenobiscumtext.com,1
mysodexo.co.il,0
clkdffflfdlmfcaa.com,1
betterinstead.net,1
kbqpqtxkfxfm.net,1
venombet.net,0
breedandwin.com,0
irkscnopqleb.in,1
kodik.biz,0
upstairscircus.com,0
feuwfxxulszt.com,1
obkuifvsilplkiabcgt.com,1
4icsau.ir,0
oruwebsite.com,0
jsform01.com,0
thetraveltester.com,0
lopeakav.ru,1
neoluxuk.com,0
iecoirfuguivdceftfnd.com,1
tr3yway.com,0
ovient.com,0
mylittle.fr,0
rzjets.net,0
bswqerpxpvwko.ru,1
mcu.es,0
islumoww.com,1
mi-piace-cucinare.it,0
1cent.in,0
bhbhieqhqs.com,1
omnibusclavisfreely.com,1
unionefiduciaria.it,0
ubkfoxfrodxsetsh.eu,1
robware.net,0
tomsrestaurant.net,0
hoyfrases.com,0
vilkngowoqmnqhhvq.su,1
roomfell.net,1
fitjiva.com,0
rfpxnhuoidylhynb.eu,1
shimo.im,0
maybellinerichardson.net,1
pro-dress.com,0
wypttfqiddxqxrtiq.su,1
bamaperformance.com,0
sozcukcevir.com,0
fluenta.eu,0
uoofvpoeurvmonxu.eu,1
speedwayekstraliga.pl,0
ruxiangsuisu.com,0
pandariafansub.wordpress.com,0
gezinsbode.nl,0
aro-market.ru,0
jees-jlpt.jp,0
ynmiapgokhspic.pw,1
bolsasup.com,0
cupydo.hu,0
scld.org,0
lwlkjifox.cc,1
2oekmsyka06c.top,1
bowthorpeparkfarm.co.uk,0
clovispediatricgroup.com,0
e07l3l7t7x58kfc.ddns.net,1
rkumxtnoufdooxenwtj.com,1
kelton.pl,0
studential.com,0
a8k6sd1d14gxkbkhkxk.ddns.net,1
tnpvntvxnkkkh.ru,1
babyland-online.com,0
ixseospeurxuc.ddns.net,1
vinplay.com,0
kupquuoxq.cc,1
sgkaxjnjih.com,1
yjjekjepikfbpxucpp.com,1
heritagesports.eu,0
mediadecathlon.com,0
cursodequadrinhos.com.br,0
qgyeqyqskackmgqm.org,1
cwfpc6shfrv24e3gpg.biz,1
milanote.com,0
supernovostu.ru,0
bpzsqyubyv.com,1
naretuk.info,1
sonysix.com,0
dbeta.me,0
nlhwrmnbicnlsdcr.eu,1
disneyinternational.com,0
investorss.ru,0
ewafsucgo.com,1
beerspa.com,0
46gfypffuuasknujay.ru,1
bpfiahnuqpzn.tv,1
m-next.jp,0
copysharp.com,0
blogdrama.net,0
yasbux.com,0
baixaroplaystore.com.br,0
emkgwcoemqaqccaa.org,1
sudxcjtklplyupxn.eu,1
krkinfysnnddsdmy.eu,1
hwavkzltpvg33dwpqn30axlrbwd10a57e31p62.info,1
vgguflvlpnzg.com,1
syxbldhhnodkfnjg.eu,1
justinziegler.net,0
touchyourclientsheart.com,0
wanari.com,0
vitalanimal.com,0
jlfbwvxciiyuvvbj.eu,1
jumpsure.net,1
leapfroginvest.com,0
mmcbdklbfcmaeaof.co.uk,1
addlance.com,0
clearcom.com,0
sukulkuiwcymao.biz,1
casinestimabilecasuumloc.com,1
gehisdofaw.com,1
fushoushan.com.tw,0
kowneawpaipetshop.com,0
newyearwishesimages2017.com,0
terrassl.net,0
cantarishop.se,0
64u02gm8ugq8.top,1
stanlab.eu,0
ra8x6zmnptiwb8x71d.com,1
lfenxnkmagobodkt.eu,1
buycartv.com,0
tekgyd.com,0
tenantenjoying.top,1
zeybpfzywxdxnht.com,1
angsarap.net,0
watchshokugeki.com,0
petrosvyaz.ru,0
semmelhaack.de,0
pdcyjmezabp.tv,1
wowsokb.jp,0
tropevansville.com,0
hiifitfjutr.dynserv.com,1
ecuhiboieaeovw.biz,1
alteoasbl.be,0
laragazzaconlavaligia.com,0
girmupqi.ru,1
stevenharrington.com,0
vital90days.es,0
elemzeskozpont.hu,0
xoryqdvmt.com.pa,1
hausgartenleben.ch,0
scanned-fancy.la,1
pnzwrcehinh.com,1
afdamauwuf.ddns.net,1
alexandairvirtual.com,0
dbmrestaurant.com,0
neonschwarz.tattoo,0
wanathug.ru,1
cuscom.de,0
nkafjrygg.com,1
gygkxtvp.com,1
dataheatsetholdfinanceguide.com,1
webtalk.im,0
security-system.gr,0
ombhoijnxm.cc,1
ssecuruspapa.com,1
dexsil-labs.be,0
rockefellerfoundation.org,0
gmammekkwaakmkos.org,1
aopldfuhwhgra.org,1
rocketwimbledonhospitality.com,0
cmbuofqolvtktsgbqrwfubyozrgjrpv.com,1
8gwsjwbk67miscxbt5.com,1
emqyquttoodw.com,1
gi8mcigus2wq.org,1
drevostavby-kontio.cz,0
rohtasdistrict.com,0
swimpharmacy.org,1
dannyboyservices.com,0
tracepartsonline.net,0
amerikooler.com,0
dtvsjetfywuw.org,1
fynv6r7v2n62mfqn77.biz,1
ssmusic.tv,0
pagerepairprofileexpress.com,1
all-consulting.ch,0
yuwl.to,1
ikcyqvvkncpclbob.eu,1
zyyfqkcojo.com,1
pdhr.com,0
eplnn.ie,1
mcsgaaukgkiyossc.org,1
kfmkbbcflbnbbcad.co,1
badattackfinancebornhold.com,1
thosebright.net,1
wuvutoju.ru,1
cdadfcurgxtcoldov.net,1
sourcehopeadvancedresolve.com,1
forwardreceive.net,1
aaekosriri.com,1
hei-gan.com,0
gjjmiaiajseewuunjx.eu,1
bayernstream.com,0
chebeltza.com,0
startpeople.be,0
thenetwork.lu,0
evdxwh.tw,1
study4student.com,0
drnvprwurdmktcuh.eu,1
topagrar.com,0
yevxijrkweizpocay.net,1
qkyokxjktmhzve.org,1
cl52kb5pql1bel1tcfyhw8s.ddns.net,1
indulgentiarumexcipiendo.com,1
ridibooks.com,0
yaritranslations.com,0
yqxs.cc,0
jamsa.fi,0
meencantamurcia.es,0
drlgikcevv.com,1
wassupblog.com,0
axtvtwdjxcwurhqf.eu,1
msiuccuiwcymao.net,1
shiftcrypto.com,0
holdies.com,0
forgetindeed.net,1
tomatoeshotel.am,1
ylilotiqbhpitvbp.eu,1
jobiqo.com,0
fernwelt.net,0
0y4yweo28agq.org,1
brilliantwallart.co.uk,0
niraku29.sharepoint.com,0
1xq0e8wrsh7f5ba.ddns.net,1
iyyemjrudoui.com,1
michaeljamessmith.com,0
dovolenaceny.cz,0
xirxeiqi.ru,1
vecinodigital.cl,0
securedcouples.dk,1
galapagar.info,0
trkbdujrslql.me,1
tdjhklaebpnsfyui.eu,1
annarborobserver.com,0
katsu-yagroup.com,0
feyenoord1x2.com,0
dtc69lwbycznvp32h34augwgsc29i65cwlxc39.com,1
things4fun.com,0
bsg43kye21jtb38g33bun60dyi55p22a57dxkvlx.ru,1
wmpeevtsduadjt.com,1
browze.com,0
gmomggvvnshqopp.biz,1
smart-homepage.blogspot.com,0
sedpentextnossremissio.com,1
locvps.com,0
mhlajrljulyl.com,1
927online.com,0
farmaindustria.es,0
novothor.com,0
cloud7.com.cn,0
p23.com.ar,0
akexfgyqvw.com,1
bffddbffcaceoecd.co,1
oaoaaloegapiiwnjyp.co,1
egx.com.eg,0
armistempuscano.com,1
ilcbi6qfovw8mliholyxuhc.ddns.net,1
xrnekxfjslilbhlq.eu,1
sbd.jp,0
socvwfkou.kz,1
wm0ygaw6s2ga.org,1
balkanpress.org,0
yuhgfrnaz.com,1
michelzbinden.com,0
quena.pl,0
pumywop.info,1
dulidkfqatay.biz,1
taxationpenn.id,1
puo.edu.my,0
wernersobek.de,0
drlor.online,0
terminalrodoviariodebelem.com.br,0
mielenkuva.fi,0
netpris.dk,0
ifuvbodtrwbbvuakamo.com,1
tlca.org,0
releasesengineering.am,1
teksty.org,0
marklin.fr,0
solveit.io,0
efhuaxsocoawx.ddns.net,1
feagichi.ru,1
javset.net,0
sundaytuesday.net,1
icieducation.co.uk,0
nsra.org.uk,0
utemagasinet.no,0
uwccb.com.tw,0
anshumantech.com,0
snwpyly6w8aledkxkbu.ddns.net,1
super-ww.com,0
sovideosfixes.net,0
annajah.ma,0
whybi8cnmb34s0q.ddns.net,1
dmacc.edu,0
ksea.org,0
rynenogupez.eu,1
kinolook.su,0
platform28.com.au,0
citate-celebre-cogito.ro,0
tripattractaccesspenfinance.com,1
dreambuilderprogram.com,0
birdbrooklyn.com,0
uponsuch.net,1
xperttutorials.com,0
moder.ru,0
bettertogether.ie,0
sauna-club-libertin.com,0
seofozmu.ru,1
dujjjlnsbr.im,1
vesmirnaladoni-mt.ru,0
galopujacymajor.wordpress.com,0
wrcase.com,0
lvygtypwyn.com,1
lhs.org,0
xvsuyytednnpgxkcuppi.nu,1
yamahashop.kz,0
nntufkn.com,1
wncukolqi.dynserv.com,1
ajlo.com.mx,0
swiat-agd.com.pl,0
ciwypum.su,1
nwyaclykibdgtdjgff.ir,1
assurances-gesco.fr,0
jacekamdajedem.info,0
quackwatch.org,0
uetphmekjmjql.com,1
iarcsc.gov.af,0
lekekassen.no,0
imagebanana.com,0
nonlargitasnullopenitens.com,1
servergeeks.wordpress.com,0
gadfit.com,0
idphoto.ch,0
uslandrecords.com,0
maechen.npage.de,0
ojdelhyovtuohuoqizgdybq.ru,1
simplesupplysolutions.com,0
wglnwxssfssh.com,1
tradelocks.co.uk,0
elitedangerous-station.fr,0
von-elberfeld.de,0
gupmagazine.com,0
ordercover.net,1
ufo-everyday.com,0
financescout24.de,0
third-menus.ch,1
cozygator.com,0
iranoilsell.com,0
k11hitnh7iib4j4qci.com,1
aexebcuuptimjniei.com,1
modernatherapeutics.sharepoint.com,0
newositearqa.ddns.net,1
gaculsutu.com,1
ozsunny.com,0
yourseedbox.com,0
freetaxusa.com,0
gnvdfwjkdlmorqjyt.tw,1
jsqutvuoho.com,1
woodenmason.com,1
agemsehnomd.com,1
xcgxokfzmw.com,1
edition-peters.de,0
triedcloth.net,1
shin-tan.com,0
sorted-intimate.yt,1
doctorwhobrasil.com.br,0
klhqeyfaflokqqsko.su,1
buddyprintstickmisssiteresult.com,1
anigraph.ir,0
eokfaxbl.sk,1
spokecome.net,1
igfqca.info,1
guipai.tmall.com,0
nkpi.az,0
tdotra.blogspot.kr,0
qwyfbrorehlbj.com,1
pvgemifox.com,1
amikompurwokerto.ac.id,0
17cai.com,0
catoliscopio.com,0
yurqmueoya.info,1
silkart.com.tw,0
venice-laser.sg,1
iek.gr,0
fueritmachinanturopn.com,1
spirits-headquarters.pk,1
alexandrinamasterson.net,1
jxqtupnmsmknn.info,1
shop3dp.ir,0
pqnnupofbloo.net,1
hewafdar.com,1
zionmarket.com,0
uemiuismif.tv,1
wnodslwjif7fah5j50u.ddns.net,1
ladugviw.ru,1
datoid.com,0
8awyoqwu4ioy.org,1
jilxcxkppdqkg.com,1
collectedanimals.org,0
portinhola.com.br,0
russrock.ru,0
artplast.ru,0
memguguiwcymao.biz,1
aperfectvape.com,0
kingstonautosalesri.com,0
hangzhouhongcaib.cn,0
1v5d56clsd1hg4sv1fg.ddns.net,1
leibinger-group.com,0
academiaparaemprendedores.net,0
educacionvial.go.cr,0
waffenprudlo.de,0
arobron.pl,0
variousbridge.net,1
dashstore.net,0
maximizeyoursocial.com,0
leipzigmodelle.de,0
64moygq86ce4.top,1
xsiafpfy.co.nz,1
ommbgfjdubybhdwbd.pw,1
enardy.com,0
japaneseguesthouses.com,0
tokyobs.co.jp,0
0mwa8y024as6.org,1
opkan.net,0
pacokh.blogsky.com,0
bcuawcpxicvvvvo.com,1
vimpkuwekcyplewhb.pw,1
tasuhgimsah.com,1
traaflab.ru,0
preceptaetiamsi.com,1
carpetsuckmoveposthabitstore.com,1
zehhgtbekneuygidyk.com,1
foadqanuleqiewe.ddns.net,1
factly.in,0
businessguideoffer.com,0
bksqvfglnc.com,1
64ceclmcpf42oqiqhe.biz,1
onmwvmwohyri.net,1
6gqw2wycuoaw.net,1
uvfrlpvnx.cc,1
illusivelondon.com,0
lygyjuj.com,1
fnfoadcmflembomo.org,1
thomhartmann.com,0
eyanxlqarebqgpgea.com,1
jqenhutlenoj.ru,1
hr-platform.co.uk,0
secbuy.com,0
odmoeykwlujqxtor.info,1
mykannadawap.net,0
jsj2014.win,0
mvcmnruwkofkrctgpbnvtodojwsqo.ru,1
bwntrywhlugvjqpv.eu,1
gangbanged-moms.com,0
vgyvwxcbvd.com,1
viafrukaiben.ddns.net,1
ddhinwsqqowo.com,1
cpssrseb.yi.org,1
zumala.ru,0
brideandco.co.za,0
xgysaw.tv,1
pdrjgeftdgaenhrg.eu,1
omnpetruscepropter.com,1
antlerkitchenbar.com,0
webhackers.ru,0
ilsilenzioedolo.com,0
14qpsxcnipc0al3.ddns.net,1
sentencehowto.az,1
fickhub.at,0
qkwioogeacmukegi.org,1
ricaricarica.weebly.com,0
soceocan.ru,1
lacity.org,0
cixouedqijpm.com,1
dspoyrhfbxbb.info,1
fuelworks.net,0
thalgo.fr,0
learningtheory.org,0
nkojukpvfchfos.net,1
vguklczukp.com,1
rochdale.nl,0
scwomysdtm.com,1
mandarinstone.com,0
glitter-graphics.com,0
aktuelkampanyalar.net,0
r8zo78xd3igvc6pkwc.com,1
vvuyetphpoam.com,1
apcplc.com,0
ckomkxvbviw.com,1
7rg6ubilt1miifkzbx.net,1
sekretgenri.ru,0
pasargad-ac.ir,0
cfeqjo.mooo.com,1
buntang.xyz,0
bankrooz.com,0
kokorodo.net,0
proexecertenenturq.com,1
kmkddlbloamcfbbc.com,1
qtgubbteuqje.com,1
male-affection.tumblr.com,0
vikingrecruitment.com,0
taboomaturetube.com,0
visitheld.net,1
eeqpjkdsholapet.org,1
cumoqlux.ru,1
everythingcebu.com,0
8u0mkis6gesa.org,1
isceast.com,0
eouomoq4ysu0.net,1
zhuwei.me,0
whpgogekkthau.co.uk,1
jononiru.ru,1
jorugmup.ru,1
hisoeqaniha.ddns.net,1
tntdataserver.com,0
intostudy.com,0
p800.net,0
iluhgumd.com,1
mefkmokxd6zbc8rxsb.net,1
dyswjzhuso.com,1
easyblogthemes.com,0
culturalpolicies.net,0
mandarinaduck.co.kr,0
theyummymom.com,0
kiekko-tiikerit.fi,0
liberte.pl,0
dialcom.lk,0
hjjvvwg.ug,1
janbari.com,0
qxayaofyup.com,1
greggfest.org,0
kufxbgfqbex.org,1
efzyxadsholapet.org,1
rdqucdkwwckaeriam.cc,1
ubuntusoft.com,0
photoptic.fr,0
nydognyjcofxnxaf.com,1
wicalsofigg.com,1
vtnwbsn.org,1
wingsicalwhims.com,0
naomismalls.com,0
asikwili.ddns.net,1
gtyhse.ie,1
pornoperra.com,0
horokgic.ru,1
qkoomgiccieqyqmw.org,1
s0stm0qfobubqbs.ddns.net,1
ereloxkfy2ix7vcbqf7p5r5.ddns.net,1
manqian.cn,0
yjqpqlgdgf76e0m.ddns.net,1
sanatkaran.co,0
jupdeove.ru,1
pqdzoty.dynserv.com,1
ricacruises.com,1
lotusyun.net,0
lemunwihol.com,1
mjxvqwbylllwgjvqcqwbeauxjr.com,1
onregional.ca,0
juaexiggbxpphxryt.su,1
jqplot.com,0
cyberkey.in,0
ufcedeihqod.ddns.net,1
rfgenealogie.com,0
chairrepairarestorelandprogram.com,1
photoid.eu,0
bbmmbblbdcdeocke.info,1
bepcndri.sc,1
wolnemedia.net,0
udinsports7.blogspot.com,0
friv3play.net,0
aeuwkwwqgaceaigi.org,1
deccanrummy.com,0
nucasdi.com,1
codegear.com,0
hilgeaki.ru,1
dimynoho.info,1
kevobyd.info,1
firehol.org,0
d-meeus.be,0
surattextiledirectory.com,0
yunjugtkel.com,1
iuyceuwssyskcsek.org,1
nonsuquestum.com,1
c60ysmg2we06.org,1
1obl.ru,0
onepiecepodcast.com,0
sufficitsolverentur.com,1
arwjwlwpkn.yi.org,1
oxqapaaval.ddns.net,1
store-1re8lbg5.mybigcommerce.com,0
iafyiqeoya.biz,1
awfcwag.tv,1
jide.com,0
bhlvbmfsbu.com,1
kadva.co,0
bnegclwoagtinx.su,1
o0o01f10s61v5va.ddns.net,1
oxreecwuoh.ddns.net,1
costlocker.com,0
dreamhomesource.com,0
healthreports.de,0
nimja.com,0
storywrite.com,0
ufwxe7k5y3wh.net,1
brooklynnkimberly.net,1
laoffkfdabceadaf.website,1
maswings.com.my,0
kartina-tv.eu,0
digitalsantotome.com.ar,0
twitch-clips.tv,0
hidratorrent.com,0
cutewap.com,0
dotrnews.blogspot.com,0
dormieddebcrucisulla.com,1
kvofstiyikfbttygo.net,1
rugkokxi.ru,1
ojyhgmylgascducmbgaxljsclb.com,1
dpjkbnoblesse.online,0
dehrydylscjvvcxkklnsl.net,1
rprirsoypnfuhwm.biz,1
potus-geeks.livejournal.com,0
peleisos.ru,1
cqxxrvblvuhtkfeq.eu,1
an7254a4qjmhu0afgdex3p1.ddns.net,1
iprshe.xyz,0
zoomreview.ir,0
limenwehed.com,1
oteyubxowxjh.org,1
temperatureideale.fr,0
blackmagicwitch.com,0
multmult.ru,0
mwaarchitects.com,0
hdkomcghdsvgntkp.eu,1
scambiofile.xyz,0
grand-trade.com,0
repziw4.de,0
alcmpn.com,0
qs6064ywu0io.net,1
izakvisioncenter.sk,0
americanaddictioncenters.org,0
teebeebox.com,0
gafsbcuiwcymao.info,1
bitalo.com,0
domownic.com,1
foropuros.com,0
creativechain.org,0
xgnbygnsthmyx.ru,1
amicamipsius.com,1
taketv.net,0
onguculd.com,1
myfast.site,0
klnumuqse.cc,1
rock945.com,0
wditogmfnxvtbtfey.su,1
1688ic.com,0
touch-slide.jp,0
moribs.net,0
ehjqliqkkoxayeusaog.de,1
ydskogmnivjqmkhqf.pw,1
omranpooya.com,0
w6868qwese0a.top,1
proficosmetics.ru,0
hooterscasinohotel.com,0
nanoscience.co.jp,0
olqvdtavpmweji.ru,1
1fuckfat.com,0
monip.fr,0
yudmmdq.net,1
benintimes.info,0
juxujtrqufep.org,1
kjfrxntowbffpnxr.eu,1
dgceiacljj.cx,1
onlinesurveyeveryday.com,0
xicvjmlhoxnzixjs.biz,1
thewatchobserver.fr,0
asig28uwewa8.net,1
henriette-waesche.de,0
ijtpptqbyfcfcfhvulw.com,1
ycqw28mkeom0.top,1
smm.org,0
rescue-davis.cm,1
college-scholarships.com,0
sosiiymisiyuqees.org,1
fobatuz.info,1
tv24.ch,0
ruhiweis.ru,1
cxkseyqyhwdo.com,1
damlakaraman.com.tr,0
koreayh.com,0
bqlqscpqwsh.dynserv.com,1
kyppgkodpsereccle.su,1
wv1l5250ytun7rqjsj721po.ddns.net,1
marketingentechnology.nl,0
osdefagwiri.com,1
nnccxklpthlt.com,1
lspjoozphsqekmm.com,1
askim.kommune.no,0
weaponsman.com,0
castellarpartners.com,0
dxgmvvtodclxcc.com,1
hanoicomputer.vn,0
mazoutaanbod.be,0
iulydooelfno.in,1
billingjapan.co.jp,0
thrudvangar.com,0
ocleeokfccnfolaa.eu,1
temperancesamuelson.net,1
vswtyxbyfmdbhkcj.eu,1
fcqsydvulvyvdfihw.cc,1
llibfhmklmxlymdjq.com,1
contractquamqudocetene.com,1
blanksusa.com,0
bibliotecalazzerini.prato.it,0
runofdu.com,1
koelsch-akademie.de,0
andy-wolf.com,0
addkmbdlnabfcbel.website,1
ehuxkphpmyenhwxax.tw,1
lckkhdehxmts.com,1
caldea.com,0
managerlenchanteur.org,0
swhpdxpqgrxftdgji.com,1
jeannetteabrahamson.net,1
esirukmov.ddns.net,1
doubler.simdif.com,0
msjhxakmggadetmn.kz,1
sivociferanturil.com,1
dominateyouryear.net,0
financepensionrealestate.work,0
cjcharles.com,0
edunewsng.com,0
uujirdbsfiagkxpq.eu,1
qwsoacwqxhmoeqjay.cc,1
predicatiodesperationis.com,1
endblackbodyinfluenceslice.com,1
womanspassions.ru,0
jeiquizz.com,0
matteomartinelli.net,0
usgwicmgwskoqqyu.org,1
shoesmark.com,0
theabroadguide.com,0
ar-jobs.co.uk,0
hellenicpolice.gr,0
clk0c41xel5vapi.ddns.net,1
svapolibero.it,0
cotton-by-renunakhon.com,0
jvbcaunyur.com,1
sitescoverage.ad,1
ihomineegenumplen.com,1
aeeiqowigmmegwga.org,1
nightready.net,1
applauseafrica.com,0
southlunchblockwaitsellabuse.com,1
jbyeeqocymfbab.jp,1
hcluflcssyfp.com,1
amas-maritime.com,0
myfitriblog.wordpress.com,0
whichmortgage.ca,0
raffyhijtlsgsi.org,1
xthedivide.org,0
crom2.net,0
mcgarrybowen.com,0
dhl-deliverit.com,0
hajjfoundation.org.eg,0
belloo.date,0
nysif.com,0
withmy.beer,0
kgoopwpvulqjol.com,1
pornxxxmobile.com,0
traphouselatino.com,0
mailtester.com,0
torrentfilmesbr.com,0
internetrecht-rostock.de,0
sennheiser.ads,0
eurovea.sk,0
pailletech.be,0
a2zlifestyles.com,0
kreciola.tv,0
gaomkaciw6sa.top,1
mlm-infos.com,0
allgdzonline.ru,0
baysidehotel.gr,0
wjcigqrori.com,1
relationships-military.ki,1
gifx.nl,1
qg68u0y4ecm4.top,1
examplebeingspaceclaimpersuade.com,1
orbitsistemas.com.br,0
efgaztklw.com,1
royalcheese.com,0
dkfdckbobofcocac.website,1
thebottomline.org.uk,0
dgpiefnrxjqhxmkeyku.com,1
iniemcmzk.com,1
theblacklightengineroom.wordpress.com,0
vumultan.com,0
aroos.co,0
prostojazzy.ru,0
o6ce86sqg282.net,1
aqqbmdafyn.jp,1
washdesire.mx,1
idforums.net,0
cfbmiebqissyorgrx.com,1
dcmnflcdlccafaoa.co,1
best-games4you.site,0
amazing-stories.tv,0
josephinecheyanne.net,1
salammag.com,0
mnumbhptcuyddsmdixghba.ru,1
qs2waoa4asus.org,1
ywjwvpylqndiqmsm.eu,1
parksmartsolutions.co.uk,0
wunjtplvxqqeppsf.eu,1
mikeoldfieldofficial.com,0
positiveparenting.com,0
hearttouchinglyrics.com,0
soulbounce.com,0
yobgdyadhnipgyeweh.com,1
3zxsvpb46docct8pqi.com,1
marutik.info,1
exdawxgu.dynserv.com,1
verifyid.co.za,0
flafodmacbbbmbfd.com,1
pdfjoin.com,0
tiefenbrunn.com,0
eksfnshqfgorapedu.com,1
csrdscqpsa.com,1
seengen.ch,0
sparkonto.org,0
intralcf.fr,0
instanceemployshelterdemand.com,1
gqueqaewcegyyymm.org,1
pspqyyuy8nqjkkm7fj.ru,1
web-mechanic.ru,0
nmhthxfbvgowjnue.eu,1
sbirsource.com,0
minoland.com,0
ciuecgeykoayywgo.org,1
mudominium.net,0
xfwz.com.ua,1
agitequremissionemlutp.com,1
anjoman-erfan.com,0
djouiogea.com,1
toolbar-cooperative.tel,1
cmffmemddbfedfok.info,1
xpqqpnfwwfiviuajyag.com,1
maxaxuk.info,1
consesp.com.br,0
niveaindia.com,0
1154porn.top,0
38f1d5m27ctixcb75v.cn,1
juobrwed7q6hkdypvy.cn,1
conpdepadel.com,0
be-collabo.jp,0
vitatheek.nl,0
wwgcgmeocwiywcii.org,1
zkoal.us,1
poloastucien.free.fr,0
hot-spot.top,0
mnwarbehuhwqhrwv.eu,1
toyotaofplano.com,0
jpsex-xxx.com,0
cfgetlwtoaq.cc,1
wvc6at7pcxcxctu.ddns.net,1
samolotemtaniej.pl,0
amongstgamers.com,0
usrumqqqvztrjqt.biz,1
rostovteatr.ru,0
bilgilerforumu.com,0
greatlittleminds.com,0
siutepafapraal.ddns.net,1
gfjbrqdnvxoc.com,1
statusreasonsockdealwarm.com,1
bojicum.info,1
insideworldfootball.com,0
spiegel.com,0
7jsbdulwa2ujhloeci.biz,1
quqearex.ru,1
virtually-florist.org,1
123netflix.online,0
gicsanse.ru,1
tchkcdn.com,0
olcommismagnum.com,1
vipiimvoe.ddns.net,1
qebelop.info,1
gaupc.com,0
mahdi-ramadan.blogspot.com,0
galupu.info,1
cgbezjewpo.com,1
ghhxnmnansnan.org,1
hagabion.se,0
bosch-stiftung.de,0
mupxeicu.ru,1
nrvpvuaq.com,1
clubdebale.ch,0
bottleholdpeakconcerntower.com,1
sadtohappyproject.com,0
zoosexfree.com,0
vipcosmet.ru,0
thewondernation.com,0
smartmarket.es,0
migovilr.ru,1
chkwxyxjpmtg.ru,1
kenare.ir,0
mvmygpkiyjqcifu.org,1
avancesenrespiratorio.com,0
kkskstcbjeem.info,1
oapikwdyqgajbmmy.com,1
helpwithfractions.com,0
visitharrogate.co.uk,0
productphotography.com,0
wttctmicaligeh.biz,1
vssxhkffxcoy.com,1
seenogiwineddei.ddns.net,1
ecclesiepecca.com,1
crewnetwork.org,0
kwprestige.com,0
capitalplastics.com,0
uocasadwgsyspeicb.net,1
ekxdufxllm.com,1
qiokiwmaul.ddns.net,1
fbigvcskc.com,1
mbbbdmnfdoadfoaf.com,1
yuoxzs.ec,1
thesmagnificamchristi.com,1
koreaneducentreinuk.org,0
qyliciunkjjpsr.org,1
parspardeh.com,0
etufjyyetlib.com,1
debbielachusa.com,0
visualsoldiers.com,0
keqrwcuymrdypdyhxngaonn.com,1
kffecfmmacneobfd.com,1
ewiwuvem.be,1
gbnrghtrajlvw.nf,1
abic.co.jp,0
missioncanyon.org,0
gucolsifeww.com,1
msujmrxacb.com,1
oknakomforta.ru,0
lomownic.com,1
visitamazingalaska.com,0
joyoaudio.com,0
ekatekyo.net,0
cordblood.com,0
xn--zck0ab2m.com,0
twitturk.com,0
nqoqqwfox.com,1
ajedrezdeataque.com,0
furnitarium.ru,0
lmc.co.ao,0
braileonline.com.br,0
henffaoe.com,1
npac-nso.org,0
3vpgf6hp47jb3i41bd.net,1
botentekoop.nl,0
kymaaukaqwaiokwg.org,1
weak-quiz.vn,1
100mian.com,0
nirullo.com,1
abpkagexehslrcq.com,1
qojfryqfrk.com,1
jhvugdmlxobhrxoiwmo.mx,1
asmwqsu8mwys.top,1
fitintelligatcontraeccl.com,1
jimhacking.com,0
dvglmnmntmtdsdved.com,1
voopti.com,0
omonaijablog.blogspot.com.ng,0
yaxbp.li,1
oqezeujtb18axk67nun60b18o51a27h24a37cvlr.biz,1
vdhnaebgmried.org,1
awesomeshayari.com,0
brmhnvkqoyuc.cm,1
darkhorn.com,0
disconetto.dk,0
qrwdox.net,1
artelis.pl,0
ramshircity.ir,0
egmbshqhpm.com,1
pxlme.me,0
sufferededen.eu,1
mciisiyssggusgeo.org,1
ussoosemqcscieoa.org,1
bernadetteanjelica.net,1
esj16d40nunqhwg53n20htntpvatp22k27kykr.com,1
weddingrings-direct.com,0
kookje.ac.kr,0
e2r.jp,0
superclubecolgate.com.br,0
tygodnikprzeglad.pl,0
witze.net,0
religionscope.biz,1
77ds.com,0
undertaleau.tumblr.com,0
lithiumion-batteries.com,0
flyidwin.tumblr.com,0
greenvisa.com.ua,0
s4ql6qpocoh7ez1iu2.cn,1
wvnews.com,0
wiganlatics.co.uk,0
amss.ac.cn,0
i4aw2cykmc60.top,1
foamiran.com,0
ugjywfellfju.co.uk,1
sdkzkvcd.top,1
foqitoh.info,1
vyatka-grad.ru,0
tourbooking.tk,0
eroru.net,0
climastar.es,0
allied-media.com,0
seaheartgroup.com,0
28tui.com,0
metrodaily.hk,0
nuokonxxcu.com,1
townshendhockey.com,0
ixekrihagimau.ddns.net,1
yofrmddmfiij.com,1
superfiestaweb.com,0
hawaiianbeachrentals.com,0
kemyjor.info,1
shinerdistribution.com,0
mctipdmsqseghl.com,1
edfuvobeqemn.com,1
vocabic.info,1
sima-minsk.by,0
mckgayoaqwcasgak.org,1
cummpprqdhrcpbic.eu,1
rkisllp.dynserv.com,1
arani.co,0
dafgicpi.ru,1
dgnwndnulcvsdbcom.in,1
mohammadinanloo.ir,0
lunatheater-schwabach.de,0
gntours.com,0
lh67pi266a7h32xtbk.cn,1
sauditourism.sa,0
optic2000.com,0
ogiwsowouecwioyo.org,1
kovubaf.com,0
qxaxo6ytgxkbu2o.ddns.net,1
gaqyp.eu,1
spfb.org,0
dwnkfqalohwzze.com,1
obqopkdsholapet.com,1
fresh-models.tumblr.com,0
unitek-it.com,0
galahotels.com,0
fx-ir.com,0
musicabella.jp,0
ciayekqusueagyku.org,1
huielaw.com,0
realindiangfs.com,0
toysmile.com,0
frqbbmhysvynxeln.eu,1
rycoquqawyw.eu,1
pc-tablet.co.in,0
obcdjvmfpsverll.ru,1
lifagnicis.com,1
bankingtruths.com,0
plasticbags.sa.com,0
atdscml.sk,1
edilkamin.com,0
ruzomberok.sk,0
clickownaccountshowwellfloor.com,1
ck1dg4lw3h21barjxz.net,1
dasatu.ru,0
guidicar.it,0
mshdiau.ac.ir,0
trtkt291.com,0
economy.ae,0
ckthjrlhodruqibv.eu,1
xmambdaytivtt.biz,1
hit.com.au,0
123consommables.com,0
gczzjjpfi.dyndns.org,1
jddgizx.yi.org,1
dafegnicosd.com,1
gsrz.com.co,1
ftugbhxqnnguqnkb.eu,1
nanfang-pump.com,0
8i61d3atvxefesaa2k.biz,1
pqeymdkufc.com,1
allbestmovies.ru,0
nconcionatorescompuquas.com,1
ywgmyeosaekuccoo.org,1
educheck.de,0
bekiapareja.com,0
realismoalapis.com.br,0
memberportal.online,0
clnf.org,0
sniperfx.ru,0
nootroo.com,0
rosminzdrav.ru,0
lcrack.com,0
marionlatex.com,0
nvsilverflume.gov,0
siojan.ir,0
kvvgbaxwsnbdajbtsjfrxzpso.biz,1
tastebuds.fm,0
actionjacketbecomefileweigh.com,1
cibi.org,0
instantel.com,0
zechariahburgundy.net,1
muan.co,0
gmuseausukwkscqc.org,1
lathatso.ru,1
iahp.org,0
bucks.ac.uk,0
prop2go.com,0
damadesalto15.blogspot.com.br,0
ijejutoday.com,0
jacofer.com.ar,0
cuugisfe.ddns.net,1
mathalicious.com,0
khtlff.mooo.com,1
heathercrowder.com,0
apelearn.com,0
whichhouse.net,1
glm2uwilqkkg13qhdw.net,1
domp4.com,0
mediumpimpin.com,0
ermintrudeernestine.net,1
lufigwir.com,1
doedblkfadbnlkdf.online,1
bddfeakolemfnoln.com,1
neopetsfreestuff.com,0
brahminmatrimony.com,0
uoooemsgcqwmiewy.org,1
seeitfree.org,0
heaven-club.com,0
dainikplus.com,0
kknbbeoemebdooac.online,1
kwljcasktpg.com,1
aajlfpophlz.net,1
papermodelers.com,0
bnmwtrjn.com,1
hui25huo31pwcsi65ero61owk67nulznvd10nx.net,1
ceiiuuksgoykyoog.org,1
spb-teplypol.ru,0
egwaloegdaeh.ddns.net,1
afrikaspezialist.com,0
upforit.com,0
askanythingchat.com,0
okrgujmfnvbf.com,1
iphiderpro.com,0
apcja4odmfgry4q4k2u0mte.ddns.net,1
cihuahergoteeni.ddns.net,1
dicendoquiintraresuper.com,1
52yese.cz.cc,0
vitodata.ch,0
rimpqxcxysjr.com,1
visionexpress.pl,0
caresole.com,0
aemvlwpxxfca5gvl6t.ru,1
cultureark.com,0
hkcert.org,0
sofaexpo.com,0
charlestonwrapstore.com,0
barilife.com,0
kaffeetechnik-shop.de,0
xienqaqeaq.ddns.net,1
increaseeearly.net,1
eduwcbiifota.com,1
aimbvmwceer.com,1
spinoza.it,0
getfreecv.com,0
theartofbooks.com,0
scandal-taboo.xyz,0
dulvmyare41ctf32braxjscuksfqhweua17.info,1
fx73it1pess6asequt.cn,1
mymoguywuwueaosk.org,1
pufobulowyr.eu,1
coavalladolid.com,0
glassbottom.net,1
deskeco.com,0
lkglmgaynpixwcfqi.tw,1
ddafcbfdacbaaaab.org,1
o51ftp62gro61bugvh34nrgtcxawgtexfvd50.net,1
reviewlagu.com,0
bcfmlndbbbeonmlf.cc,1
dsescikgyixvycfibrg.com,1
beniarayan.kim,0
78ro6eazeweoy7ilzy.net,1
bifkudtmvimkprkey.cc,1
10-apps.com,0
midihgamsa.com,1
ca06sugawq0y.org,1
impiovquestumconcordia.com,1
xyiedfutouqi.com,1
bymfjmim.com,1
udsatun.com,1
forosh8.blogfa.com,0
poleculture.net,0
usuautemomministerio.com,1
serviceothers.com,1
mykgmmieoiksewao.org,1
limona.net,0
eouqpwniza.com,1
runail.ru,0
thekitchenadvisor.com,0
jtwijjocnl.com,1
musicov.me,0
towngroundshootstaffinsist.com,1
raqbqvjotrmhrmp.info,1
ysskcwiugkeq.info,1
anaeeklakbcflfak.website,1
pragentemiuda.org,0
chatbazaar.com,0
kirchberg-pielach.at,0
hahoreh.info,1
norcalscans.org,0
jewamaj.info,1
yourtgirls.com,0
coeurdepirate.com,0
sm5khb4cv38ooxmk6r.com,1
oehsmrifbkhwyahh.eu,1
cocorrina.com,0
udvskbohq.com,1
sakingdom.com,0
stonegatemonograms.com,0
radiopalermocentrale.it,0
eilkkueoya.biz,1
qga86cqsuke4.net,1
elsvk4kr7tgdole.ddns.net,1
313arif.wordpress.com,0
byggvesta.se,0
zutkhv.net,1
rainsizerepairtreewonder.com,1
toprealvideos.com,0
qjrmjdhlpubis.com,1
steelfitusa.com,0
irontoyz.com,0
yfsd2v4taro9.net,1
easports.com,0
cabinetmodern.com,0
mortech.co.id,0
bobdocfnkaecfafl.com,1
vfmqnhdcoednyowt.eu,1
vyxyrlwsctth.ru,1
imimatome.com,0
sonnyfloorservices.com,0
mediaindonesia.com,0
superingresso.com.br,0
whatboyswant.com,0
fcknbcenbfcamnnn.eu,1
giwswhmkcidskyhf.eu,1
forgetplease.net,1
marriagerequiremarchshow.com,1
vihgqrolpdnn.com,1
mycwcmyyqqmwycsc.org,1
captandersonsmarina.com,0
modareb.info,0
ordinariovenie.com,1
68mwm42gi0iw.org,1
ruypothxsvhqdy.biz,1
x67ct2zglyjk.net,1
dauuxmwatosliguj.eu,1
swcs.jp,0
anime-lunla.com,0
5ju8wfcdm632e8ilg6ade0k.ddns.net,1
topgolf.com,0
thecassions.com,0
anfneeabaodnbnob.online,1
causamepaveroscil.com,1
n75hbk7tfgmi427b6x.com,1
mgtyhyeoya.info,1
peohpwogwhcjce.tj,1
dfwga.com,0
rakacreative.com,0
greenflamingo-deutschland.com,0
gingerrunnerstore.com,0
saosihiobgxcxmui.eu,1
usweksiekocaowcg.org,1
changathi.com,0
vwhvdyz.cc,1
tspmjkjprseqlzovuslyhbiin.info,1
getrave.com,0
btnizjuc.ms,1
068a0uw2si4u.top,1
heliosinvestment.com,0
amaflefbdfkckkfm.com,1
rckuxcgoqgsbsr.com,1
s238310384.onlinehome.us,0
gratuitcode.fr,0
webauto.de,0
vrnixstxftvpfo.com,1
dvorak.org,0
bonfire.com,0
vogonlabs.ca,0
hhighkqqoxiagnpqnrg.com,1
vmkgyhaxxi.com,1
internetdevels.com,0
cpitmmcvmqvpcil.com,1
cotoyapindia.com,0
qadinlar.biz,0
barswift.com,0
nrfisioterapia.it,0
chansn.com,0
partnersinhealthgloucester.nhs.uk,0
vonycaf.com,1
maximiliancristiansen.net,1
syoqoyk202gi.net,1
dailymoviez.xyz,0
bluegrassfromtheforest.com,0
com-desktop-alert.online,0
exnexkxp.yi.org,1
rlcuscwtfeuq.co.uk,1
khara.co.jp,0
oregonctf.org,0
qlepjuhncxldssrw.eu,1
srchmgrb.com,0
qjokrdooycqd.net,1
80s.ai,0
gzgqnrsmtu.com,1
dom-otwarty.pl,0
abuhemioyunwvmcd.eu,1
hkfhexwgtgld.space,1
xqhpwditffz.dynserv.com,1
rkuqqbkibcjotpuge.me,1
authenticwatches.com,0
news-original.ru,0
letsjumpmobi.com,0
necroiptv.com,0
playsms.org,0
geile-porno-tube.com,0
irritantis.info,0
osxonijybqh.net,1
sourdough.co.uk,0
theafricancourier.de,0
questionpapersonline.com,0
christopherarabella.net,1
savingforcollege.com,0
virtustream.com,0
manitoucloud.com,0
canxoxeo.ru,1
myjianzhu.com,0
xerykcbtcpts.com,1
nisupcaf.ru,1
rsyekpkofk.com,1
carbonflows.com,0
minemen.club,0
thechimeramagazine.com,0
clarkcountycourts.us,0
tatosha.ru,0
wihudleting.com,1
ctwvcl5da8i4gp3xiteti4a.ddns.net,1
jwmfmpdcvpjqtqsl.eu,1
bsjzprkudw.com,1
bibliotecagambalunga.it,0
junoxwodcvjg.biz,1
ocofxvjrfv.dynserv.com,1
olerwahofomaaq.ddns.net,1
katapultnetwork.com,0
skawqwqocmeuigow.org,1
ddbmmfnmldbmefdl.info,1
medinexus.com.au,0
mindweighgatherbringhear.com,1
artmoney.club,0
captchme.net,0
ms-industrie.de,0
suiteonestudio.com,0
indiatravelspot.com,0
emcucaeuuwkiiwyc.org,1
sorotkzhbl.dynserv.com,1
damagerequestbraingrablift.com,1
jourpipe.com,0
4j2jh84l2t2b5qgddu.net,1
fooline.net,0
eperto.com,0
duke.edu,0
pornanyway.com,0
olimhooperreddeiiquo.com,1
saluteopinioni.it,0
cumunestdonecomfacereeq.com,1
pnuiifjbrsqh.com,1
fishingstudio.com,0
ivf-infertility.com,0
gyhhcvsocdswdsgqf.cc,1
jeaseoso.ru,1
ldvqjrjpdffrsqkig.com,1
moyaspina.com,0
holycowvegan.net,0
jakepop.blogspot.com.br,0
gmkegwugiqeyuiyo.org,1
dixemib.info,1
oggucissote.com,1
wzfffmieu.com.ar,1
qksuqosswokscieo.org,1
gebytylldhamyxa.info,1
yourcharlottehome.com,0
dukemeds.com,0
patternseparatetellrushslice.com,1
seogan.ru,0
powerqa.org,0
boy-seduce-mom.com,0
njxtpvampbwwlxhgqe.cc,1
malayalamsexstories.co,0
chasemeladies.blogspot.com,0
oggceagmucwowkcc.org,1
lozmoqju.ru,1
petrusqumultominus.com,1
smartkarma.com,0
aptonomy.com,0
citynationalcm.com,0
5nk85vyveluh3dk.ddns.net,1
thomala.com,0
rdrsscvjw.su,1
cuidasdeti.com,0
slavdpu.dn.ua,0
ymunmmpscbih.xyz,1
lnpxtzffvq.com,1
onemillioneurowebsite.com,0
flash98.ir,0
kinozerkalo.net,0
culioneros.info,0
fingerfoodelimo.com,0
ccnet.com.tw,0
parssk.com,0
coates12.tumblr.com,0
gatonibapyr.eu,1
webmanga.info,0
eastlakegolfclub.com.au,0
5hctglktidmtwtk0ghu.ddns.net,1
saek.gr,0
afomdbdmdnnbnabc.com,1
voqesovixainwat.ddns.net,1
relationaveragediscoverreplace.com,1
lohnspiegel.de,0
dailyashleighraichu.tumblr.com,0
bataddgloveangledisappointed.com,1
20ia.com,0
h14bvmsatkrhtm29dxdxf52iuk27mwb58pze51.ru,1
kycoeimcsmwkoqoy.org,1
qurtteleo.com,0
allproject.net,0
mcfintalio.com,0
woonopmaat.nl,0
ret-raad.dk,0
dhfxasc6cdnjnh43yl.com,1
edlerzwirn.com,0
opfulminatdevotam.com,1
myk27a57bviqbybzdydzh24dtdwn40m39pql48.net,1
lucycarpediem.blogspot.com.es,0
gorillamachining-com.3dcartstores.com,0
dabdbbdkfanfdalb.eu,1
3hfcmsi2fae51syidm.com,1
lchsspartans.net,0
galudus.info,1
memorabletv.com,0
movgkvsmlvlmwwj.com,1
likemethod.com,0
gcsitl.live,0
pwmpbqaajxosrvrqd.cc,1
weatherspace.net,1
forcespitediscountlunchresist.com,1
c37moca1um8wrfyjsm.cn,1
moickoboofenali.ddns.net,1
kirsicma.ru,1
matematik.kz,0
kxxyactupsmtuaii.eu,1
vxvmddsdnhulnp.net,1
hostespapeconstprobatum.com,1
islandfolklore.com,0
nital.it,0
barefeetinthekitchen.com,0
cnfplna.tv,1
lkkricsdyfbe.com,1
lao4g.com,0
solving-helpful.tf,1
runettest.ru,0
hotlive.eu,0
delitime.com,0
thenfine.net,1
bbmmdloldefeaffc.eu,1
sepermuta.es,0
ewu8iwycq8us.net,1
total-apps.net,0
wtc-conference.com,0
gsmpers.com,0
dokbuxok.ru,1
real-porn-videos.com,0
fobdism.de,1
decron.com,0
sgpbabiyqqjautrx.com,1
mjfscpmpgtbmvkpt.eu,1
awissg.dyndns.org,1
yfvnawnvuib.com,1
ogkqkycsqckosqck.org,1
topbuzz.in,0
latin4s.com,0
yxdzqb.com,0
oprukoxageo.ddns.net,1
mirputeshestvij.ru,0
sourcebalancestringreference.com,1
tebiran.net,0
tonguestun.com,0
cookiescript.info,0
belbazaar.pl,0
axfmlhwdmcbt.net,1
onlinebookz.ru,0
salesdialers.com,0
bitcoiners24.online,0
svneascvmk.mooo.com,1
ilcgcsdsholapet.com,1
1min30.com,0
eclogic.se,0
ywfffevekkudirfoj.su,1
tape-pushed.com,1
giquwevu.com,1
gaybestiality.net,0
pergunteaumamulher.com,0
vofubimipeg.eu,1
filtcgil.it,0
bclaaodbcffeodmm.com,1
tinper.org,0
qxaedyjpnrxfpsspc.com,1
prophet-elias.com,0
gmyykgakkciqmcwe.org,1
rhcfbhxwyh.com,1
4technique.it,0
ilijrwcppewp.biz,1
flnvlcoppfyuqxrp.eu,1
egenumverbumcarniscontra.com,1
ljdyrjyyalhpgqsl.eu,1
hbryxsbjvedt.xyz,1
osabg.it,0
pro-techsuspension.com,0
sourpatch.com,0
felbwfohdgkc.ru,1
rqrxwdttatvvvle.ac,1
1degreeworld.com,0
africaweather.com,0
guidestone.org,0
dokuwa-communications.com,0
buybag.com.ua,0
vargabar.com,0
raccontidifata.com,0
weygbqyxfw.com,1
etqja.hn,1
aubg.edu,0
hgubujdad.com,1
colinhay.com,0
kraeuter-buch.de,0
itshopmall.com,0
hometownbuffet.com,0
ywznusiym.com,1
iivqurfuueed.com,1
ecovicentino.it,0
nastroika.pro,0
sourcedcuisine.com,0
gmurkvc.co.vi,1
osteodoc.ru,0
pictureicon.com,0
xbevgeesd.com,1
templateparasites.com,0
throwsincomplete.yt,1
1ruvwjy4u850385.ddns.net,1
lite14.us,0
quickhers.net,1
slut-fans.sh,1
mcusysqscaaqmesy.org,1
striveme.com,0
gameniko.ir,0
batterygiant.com,0
akkuteam.de,0
safegwoh.com,1
magicformulainvesting.com,0
m8mndfhacnwh26tdbc.ru,1
avhate.com,0
optima-md.com,0
milliman.com,0
lapetiteboucheebrasserie.co.uk,0
qv7pqrgbsh7xu47ho0ir1ni.ddns.net,1
keboola.com,0
qcilodkxufblsufdk.net,1
lufoqupd.ru,1
amazoncognito.com,0
htjpoglyfykwp.org,1
juansopale.es,0
cmntkprg.cc,1
naplesarea.com,0
mnbfaefccafbceob.com,1
weecomments.com,0
kkwneyeoya.info,1
homeit.pt,0
iuscommunity.org,0
hexar.io,0
epub5.com,0
milkenjoy.net,1
immutables.github.io,0
mapcom.com,0
ros-kit.ru,0
relyingncaa.eu,1
healthshop.in.th,0
yeat.sk,1
capdale.com,0
m59j56i65aui35k57pvlwgqarf52h24nqh24axnr.net,1
suphatfo.ru,1
autoliv.com,0
toqwerug.ru,1
gentlebicycle.net,1
cambiarcontrasena.com,0
shgrgksgxuvhilt.org,1
pchpgdreho.com,1
datingagency.com,0
bdwwyqryxhhq.ru,1
rebuildageddomains.com,0
odolimtiux.ddns.net,1
yd1jyhu85l5be8k.ddns.net,1
ylyds.com,0
jgjdqhsqtwnryb.pw,1
fastforwardacademy.com,0
coinrebates.com,0
jtromgn.com,1
jnauhinmnhucnyerm.net,1
imeevstuvelo.pw,1
bycuobafnqrlsl.com,1
ru-news.ru,0
jam-community.com,0
lypdhedj.su,1
saltspenddumpdeterminecream.com,1
rxwgzdmbkbqgtgkrscpvmftlbqh.ru,1
cqsqcekm02oi.top,1
nqlxpudllsmprul.info,1
ywigfcuiwcymao.net,1
toutech.tokyo,0
lttyxrvdhtggdyuct.cc,1
ombiabokceogi.ddns.net,1
qse460mwiwu4.net,1
uxahm2yp7xalk67rqpy.ddns.net,1
rjjrmxndjqqkqxwn.eu,1
nuitduhack.com,0
linkdobrasil.com.br,0
shyguy9.tumblr.com,0
novissimisvenie.com,1
saenukut.ddns.net,1
kafapresse.com,0
mujiqict.ru,1
k45v1bm0qv54cb36e6sr1fy.ddns.net,1
happ-e.fr,0
naiofgwwfcz.net,1
islamicmedicine.org,0
narkosi.com,0
weareart.ru,0
lakefrontbrewery.com,0
fpeitalia.com,0
planetmine.org,0
hwbwymu.cl,1
vpxdhbbxevm.su,1
spotallow.net,1
bozneoxu.ru,1
geredeaktuel.com,0
nazycie.pl,0
state-dozen.net,1
cbjhziizw.dynserv.com,1
ros-obrazovanie.ru,0
cac1lr7a7431sgffn3.net,1
gardengoodsdirect.com,0
ntsp.com,0
micropower.com.br,0
qr7x10o8klmv7tur5v5.ddns.net,1
adckdkbccdfffnfk.com,1
moeponzu.com,0
naturtex.cz,0
zeecinema.com,0
animejolt.com,0
stylepit.dk,0
mile.cloud,0
voting-defeat.in,1
ytgzlqutsrj.mooo.com,1
abbdldkfnennmbfe.eu,1
ceomcemyiycuowoi.org,1
the1thing.com,0
xutyfad.info,1
yesstyle.com.hk,0
hilemobil.com,0
newworldencyclopedia.org,0
getprobot.com,0
ajaygour.com,0
aaaskawmskmwqqka.org,1
qidvfqqoggnx.com,1
valleycontax.com,0
frujhlizlk.com,1
mzpoqifcm.cc,1
tarifbestellen.de,0
maxetof.info,1
iuec2.com,0
coachcontributemachineconsider.com,1
boipmuiwruluaqa.ddns.net,1
wnpxezvhw.com,1
betas.io,0
kbroof.com,0
gqiwaafwxsngwwlg.eu,1
knejbligvrfgscif.com,1
dooaiqbbkg.com,1
planifica2.cl,0
rollfinal.cx,1
redikersupport.com,0
filalapat.fr,0
polarismail.com,0
gaysexhd.net,0
lafabric.jp,0
nicontrols.com,0
regensdorfer-musikwoche.ch,0
task.com.br,0
ehafkfvej.ki,1
gsucoiglverhycdevc.cx,1
64uguomguc20.top,1
putzmeisteramerica.com,0
rywacyg.su,1
4tyrghy7otqf.com,1
zryasukgerbwfdh.com,1
gasestimateclickorganize.com,1
creeaza.com,0
abcfafkacfackadc.co,1
jtrihdur.com,1
institutarobertmartino.com,1
fwtbomn.ae,1
caseoctover.net,1
xslp.com.ai,1
efemerides.ec,0
veapple.com,0
daaadkdlbcbdmcca.cc,1
hslrdovguvxfjmrfvl.com,1
nabe-ch.net,0
bvbwqjdkfaj.com,1
victimimprovement.tk,1
bblgzcsjuq.com,1
dikukozztingefyvnzkbghex.info,1
vdwphrduswupy.com,1
ikanobank.dk,0
ssequifraudemveecclesie.com,1
enxnjrmdjkncuyuax.cc,1
kinozall.net,0
arobasenet.com,0
hcvqdmnbxtkwwvlvo.com,1
isuzucv.com,0
prop-movie-money.myshopify.com,0
bestwapi.com,0
jixqwubsijwdspudo.su,1
hocexcel.online,0
meca-malin.fr,0
oorfrwhyvqpo.xyz,1
luttherconcedunt.com,1
uiupvqwydolcduxm.eu,1
abi-search2.com,0
yoika8ycqk20.org,1
bkcdbcdnmdlabcbd.de,1
ccpodo.biz,1
znrmgaikx.vn,1
pangora.com,0
hqrjunbknqyqvc.info,1
rareelementresources.com,0
vqffractilvprswkuv.com,1
portland-beerfest.com,0
emwwycaiquewuqiy.org,1
gegxglvhdeg.tj,1
ntnuytghqgaenhrg.eu,1
ymfkofxpueo.me,1
locutortv.es,0
fc2cn.com,0
sumka-land.com.ua,0
njozeabqvduhhqswtwltsizeup.biz,1
fdkxjbncpscllksbjn.com,1
legalbinaryrobots.com,0
luisgyg.com,0
a4u0awuki8uk.net,1
bjajoxvalbfx.com,1
grandsthermes-bourboule.com,0
jnekwgdcbdcu.ru,1
interactions.com,0
ifaxhk.com,0
sonicplate.net,0
concentra.co.uk,0
halfmarathons.net,0
cslmthldopylhkwx.eu,1
m29n20gvcxarezm19dspygqp62h64o41gvjrjz.net,1
kratomwholesale.us,0
ftjixnbrsckucr.net,1
clubfinds.com,0
anamedia.az,0
agwgtodsholapet.org,1
myzukamp3.net,0
vmrbrvdrxwfst.ug,1
maryland.com.pe,0
israelifirstaid.com,0
nzpleasures.co.nz,0
5sjvkp7f1k8jobaqyo.biz,1
buxwiwoq.ru,1
southhamiltonschoolfoodservice.weebly.com,0
highondreaming.tumblr.com,0
fcdmnkfbmbofbbln.eu,1
unotelly.com,0
astmy-net.ru,0
mana.hr,0
rrbehgtunkkj.com,1
dadfixariseclaimpreventlack.com,1
canhokjo.ru,1
ohbuqouxporifea.ddns.net,1
kitoqlok.ru,1
bkiuelpyudxpjaxve.ga,1
be-hapi.net,0
martinspeidel.info,0
meusalario.pt,0
weed-newark.yt,1
edgo.hk,0
rusjtjnmujziodm.com,1
6ttw6ukkjd4w84jd53.cn,1
fbmlobommbdcmaaa.eu,1
cuteharajuku.storenvy.com,0
list-drink-jacket.com,1
ravenguru.com,0
magnitola.by,0
zftx.com,0
gkshnkqtpjvxp.ru,1
qaqoplffwkrrwbdjh.me,1
g274ybor1vihgf3.ddns.net,1
rossul.com,0
takatamuser.com,0
14ym1gpyivq6pup6jl.cn,1
pollutionperfectbreakfast.com,1
suppliers-formerly.ch,1
rtbzone.com,0
stephanelarue.com,0
bankznews.com,0
therapyexhibition.su,1
ipla.cc,0
it-ac.jp,0
rafeeqtahir.com,0
documentary-movie.com,0
kellervision.tv,0
fnuzzfkrz.com,1
rhscropbmjnyxfaamorvdqptyd.net,1
itangbole.com,0
djqrmauttlloabj.com,1
csgillespie.github.io,0
hebrewliving.com,0
eflow.es,0
duaforloveback.com,0
inturda.ro,0
ccmfadfdncckcdaa.com,1
dxpgomjalm.com,1
wrpkruduftfr.online,1
railink.co.id,0
fksmtnububaqnrco.eu,1
antoineherve.com,0
peobcoekqoin.ddns.net,1
itucrivuhoam.ddns.net,1
beefstouw.com,0
stevesnovasite.com,0
fifasoccergame.net,0
fullmobilemovies.org,0
vereipsiustimlitmorsive.com,1
qfooebthxim.com,1
windermerewealth.com,0
aedxymrpcwhoxrxvg.me,1
fmolcmafcmadndff.com,1
fqbivclbinlnuoirxsrodlxkozswl.org,1
hikayetut.com,0
fortworthfoodandwinefestival.com,0
phaseratewellpriestdiscover.com,1
foodmarket.spb.ru,0
virtuteslaiconcionatores.com,1
fujiyamajapanesesteakhouse.com,0
xmbq.com.pe,1
fsxsskmykapjeaupk.cc,1
wzknodogki.com,1
olomouc.eu,0
megabass.it,0
luoqhnaaoaul.com,1
rwslukmqmfvi.org,1
yullvovernice.online,0
sport-bittl.com,0
fxjtn50gsduozoqlzjtl68fuauexaxkqj56.ru,1
wqmjqwzowihskvt.com,1
foooooot.com,0
iappjdxntcvffpkfq.com,1
wsdtzfu.net,1
aprer.la,1
pandlr.com,0
fupfeaka.ru,1
cpahero.com,0
gakepadainqu.ddns.net,1
truli.com,0
sparepartswarehouse.com,0
madecolor.net,1
nintendoswitchnetwork.com,0
kbm.sk,0
boavavhuheqo.ddns.net,1
gameclub.com,0
shoptahrir.com,0
odr.fr,0
doofivcad.ddns.net,1
daucoyjnbthrpivtkhj.mu,1
whivwwgxdifj.com,1
jeffjjohnston.github.io,0
domain24.de,0
iltuoticket.it,0
shayangasht.ir,0
01800telefono.com.mx,0
vkghuobpad.com,1
gwxq.com.bs,1
toambshtmybvcc.com,1
frontcompe.net,1
kakagufa.ru,1
qdyraobapd.com,1
dyzio.co,0
puniwup.info,1
sisters-meet.tk,1
zglctkrtryx.com,1
oddkjazqpo.com,1
dnsrv.ru,0
fivpabkunjsiaxvt.eu,1
mylankawedding.com,0
loveliao.com,0
facebcbdlmfodkbf.com,1
yppdatbremfbbdhn.eu,1
123plays.com,0
bldxdgezuslydzzpkido.com,1
slamtec.com,0
kabarmakkah.com,0
login.ad,0
klubinteligencjipolskiej.pl,0
pompejiprojektet.se,0
fredericmompou1.blogspot.com.es,0
unifiedfrozen.name,1
glassmountainmag.com,0
ujleldothbgytj.ir,1
ufkkbelotlxo.net,1
vintagevinylnews.com,0
al-badar.net,0
fmsstores.gr,0
pianainforma.it,0
tusacgumluc.com,1
dlrqvb.mooo.com,1
vsnxercpyoovyqot.com,1
analoguebubblebutt.tumblr.com,0
nhmjugkkbrtcklo.com,1
isurveyworld.com,0
casestaffstationexperience.com,1
vietmkt360.com,0
max-fliz.com.pl,0
rabbitcrm.com,0
ocsaeqafxeebih.ddns.net,1
healthcity.fr,0
paramountsupply.com,0
rbwgrupo.com.br,0
veniascsimpliciterminni.com,1
yvmulonlmsiv.biz,1
meafoamkelbcncno.co,1
domitemesset.com,1
fcfccmfdefdaflbd.cc,1
twlatqchp.com,1
parsdata.com,0
valecaperegiao.com.br,0
iledere.com,0
barca.am,0
microfluo.net,0
mp3-ytb.com,0
xn----7sbaby6bc7bzc.xn--p1ai,0
nmclffoeckadoaca.de,1
robinsonsappliances.com.ph,0
gytmailfxs.com,1
dyebm.me,1
gl27c923kpev.top,1
infokerja-kaltim.com,0
ugurozer.com,0
fundoodaa.com,0
wgdbgo.biz,1
ujqxtmlopkku.biz,1
seddiluerepeccaindocte.com,1
wdctmydfwnikepfkr.cc,1
citymattress.com,0
entraevedi.org,0
edacwatl.com,1
printer-driver.net,0
kjs2i0s41dytmbm.ddns.net,1
okunusu.com,0
101010nr.com,0
ttpremium.com,0
pmcoin.co,0
imam-sadr.com,0
coldlasers.com,0
getforexrebate.com,0
introprogramming.info,0
vitalministry.org,1
jonnenabuurs.nl,0
seenpk.com,0
hzmb.co.uk,1
lecrazyhorseparis.com,0
searchftps.net,0
chartcluebuildmessmarket.com,1
paymentsandcardsnetwork.com,0
bishtao.kg,0
argus-gov.com,0
vilella.com.ar,0
stanley-pmi.com,0
ohou.se,0
chocolate-card.com,0
ufaber.com,0
handong.edu,0
s60i8yci0igq.top,1
50cpcvmv7tgfohgtavqbkxo.ddns.net,1
ynndfjrcghmm.com,1
imvntcscqiir.ru,1
gvqesrsdqqa.cc,1
pexapeises.ddns.net,1
qaliesvomo.ddns.net,1
eggocesdumi.com,1
gpanyz.mooo.com,1
nu2.nu,0
connecting-the-dots.org,0
finaleforum.com,0
xubovad.info,1
pointedpigtail.blogspot.tw,0
pufolal.info,1
syndication-phase.az,1
nenlodfcdoaadkmb.de,1
uklabels.com,0
6sr8qlxtnde6klh6jv.ru,1
farinspace.com,0
flowerandhome.com,0
xn--80abnkkiqomm6gva.xn--p1ai,0
fvsmqbkq.jp,1
sxbdxixxsp.dynserv.com,1
tsfgwqnehlpmqxqb.eu,1
erwinbrothers.com,0
magyfum.info,1
crtandthebrain.com,0
vvmxpqapcskmvqlje.me,1
cuentosdeterrorcortos.blogspot.mx,0
gacqlqeoya.biz,1
8nm2d3ecd2uszjzhh2.biz,1
winnerwarclaimforcerentmarry.com,1
tradeuntil.net,1
facitindlocintroitum.com,1
agguhodsome.com,1
monkeegenes.com,0
sms-info.eu,0
hotelduchampdemars.com,0
gasgasmotos.es,0
ledsitling.pro,0
rfjorjhpodur.cc,1
gitr.ru,0
promunicipio.com,0
oreeartisans.com,0
quartzco.com,0
avhvi.co.id,1
vqpcdaqbplswcajm.eu,1
uefwglyuvqps.biz,1
elis-shop.ru,0
ceosikkim.nic.in,0
wucudsutang.com,1
magovef.info,1
myoujnwgfvtakhf.com,1
arisology.com,0
bia2kaj06.xyz,0
circuit8.org,0
lesbianxnxxvideos.com,0
iverticle.net,0
kefidchina.com,0
hapadis.info,1
condomundo.com.br,0
wesomoql.ru,1
aquent.com,0
experiencedtrading.com,0
toylwfuyrq.com,1
rockbecomeringmeetdisappointed.com,1
gnlglobal.com,0
autanidebitamcannulmer.com,1
pqiyhyitivgsdtgzp32h44i55d50avm49ovps.ru,1
crmnsewvd.com,1
cosenot.de,0
eroticav.com,0
sdwrkn52clmvut5tkb5.ddns.net,1
bitfull.us,0
celebsvenue.com,0
tgesil.com,0
dhaba-express.ca,0
roomsexecute.mx,1
inwahossa.com,1
ingesaez.com,0
southcause.net,1
idui1.cn,0
ttk.com.mk,0
nnbertwvchvebg.co.uk,1
sd203.org,0
pickupspecialties.com,0
o23lxfa5sbhjmbkuht.ru,1
6870.com,0
filmizletsene.net,0
firedepartment.net,0
shallwetalk.co.kr,0
jezodaj.info,1
dyfqbacgsd.com,1
charliesboatworks.com,0
kic-kainan-hsp.jp,0
korschenbroicher-tauschring.de,0
visualizarts.com.br,0
5619284935508127720_231f4deffeaf94bf0d8384d96a362bb847e688ef.blogspot.com,0
nitkvnpfxgnvboalvm.com,1
akyuqkuiwcymao.biz,1
wrtbwtwrjoaxvewvk.cc,1
marupeke296.com,0
calcuworld.com,0
casabemfeita.com,0
eathut.weebly.com,0
puzugyq.info,1
jjnuyypocbih.eu,1
btvnovinite.bg,0
sportcamp.gr,0
pwytolmronmg.com,1
oewtxhummyweyerw.eu,1
binzagr.com,0
adsala10.com,0
learni.st,0
elpatagondomingo.cl,0
enterprisebanking.com,0
fxijcbycli.com,1
ilerwef.com,1
ijkqyxincohn.com,1
wwmcuisigmciewem.org,1
pirbadet.no,0
schuett.link,0
hubrecruiting.com,0
relative-prediction.co,1
streaming-generation.sh,1
mhy436mjcpyrqh7rsfk6un1.ddns.net,1
offerhome.net,1
eafpglayxc.com,1
rucpfytj.cc,1
5nunypah1tc0evwlaje.ddns.net,1
topthemes.ir,0
quinua.jp,0
mafjuphu.ru,1
nqywjcoeyecmp.ru,1
historystudysucceedmeetgrass.com,1
ysxrercemarqmbohp.com,1
demand.film,0
planetatea.ru,0
wspia.eu,0
lsrucsmiohuifg.com,1
vuxbuxna.ru,1
melucgofdic.com,1
jokeji.cn,0
domesticsale.com,0
kylltgiexthgho.ga,1
wheelsmag.com.au,0
lshjfaehgdppkb.biz,1
chubbycut.com,0
myuggsmgagwqesyg.org,1
hennessytransportation.com,0
nirauhusfeormfuwdovrrfinj.biz,1
hbhrjgxxhpmbngabd.cc,1
lrkhjwiuogru.co.uk,1
cnwmlruoyggiifg.co.uk,1
yxkn3lcl16wxsnix10un5f7.ddns.net,1
allm.net,0
christusdeisunttenentur.com,1
oe06cqom4uwq.net,1
4a8tgzyrymg8gpong6.cn,1
copexa.com,0
uslumawwoci.com,1
malereipresslaber.at,0
vucfyn.dk,0
wadowlkzmc8pdorplc.cn,1
troubled-with.tk,0
pornspark.com,0
forceservice.ir,0
rqo7i87u4ifqnwpizf.cn,1
firstbit.ae,0
0y4202smw28i.top,1
goodwatch.co,0
gvlrcsjnigjoevmt.net,1
heidioehlmann.de,0
lesroches.es,0
mtbwf32m59cqaxdsm69f32brdrdvayi35aze11.com,1
tylezaq.net,1
vsojbhtdeoxvxpqopguy.com,1
xutyzix.info,1
ya8999.com,0
avutiverekunxa.ddns.net,1
eofngtdyuhkrlcwj.eu,1
mzltrack.com,0
lovefraud.com,0
kidsdata.org,0
model-test.com,0
vbabxib.ga,1
fkjr.cz,1
suppliers-gale.lk,1
eroticke-privaty.cz,0
quarterdecidemarketlandoperate.com,1
govtjobbuzz.com,0
coclelcbfdmfboel.com,1
gwendolineainsworth.net,1
ahirwal6789.org,0
virtual-bubblewrap.com,0
ugduwvpyacdaufkm.eu,1
hillhalf.net,1
aca99.com,0
travellerjoyce.xyz,1
sosuosmwaymiiwgm.org,1
ergo.de,0
skillsoptimiser.com,0
xivo.io,0
sugeufabm.ddns.net,1
ficowusqtwwy.org,1
xtubecinema.asia,0
levnestavebniny.cz,0
natuo.com,0
ouosqwiugkeq.info,1
usiinc.com,0
swissrealcoin.ch,0
sfakmecawak.yi.org,1
lasupergomma.com,0
bluemoonforms.com,0
alemaniando.com,0
sy6bgc2d111b8xj1by.ru,1
kimtys.tumblr.com,0
bzenplg.com,1
weidokro.ru,1
zarata.org,0
knowsure.net,1
lebv.ca,0
tune.de,0
qmpxbqyeqdop.pw,1
fsluen.com.py,1
gunyb38jsf12osh14e51nxk47d20l28oqk27ayl48.org,1
notifronteras.com,0
cassandrabertrand.net,1
twcxcukuuldvahf.co.uk,1
qnipduksxumpbveiq.com,1
skwamaiugkeq.biz,1
indirfilmi.com,0
mrueewva.com,1
jakcodex.github.io,0
fhtpay.com,0
unfraepiscopivitaeluci.com,1
alldoctorgames.com,0
mddbfaafanfaaadd.com,1
dgfoogfhp.com,1
msnbopdvwzpkitftedwx.com,1
femjoyhunter.com,0
vohkus.com,0
dekkbzdlu5fzxjouwd.net,1
qhy6wvsvsvctivmn5bc.ddns.net,1
sjercx3x5jijunwpaba.ddns.net,1
sda4g2s4opa4gve.ddns.net,1
kyysqsyuauwmmmwi.org,1
hrqhtaqgzc.com,1
p32c29gxe21o31b28kxmxcsd30axernsi45axdy.net,1
venuedoctor.hn,1
mybkr.com,0
triib.com,0
dubaicompany.com,0
mainau.de,0
magnerd.com,0
aammkomyyswgagsg.org,1
vertigodrones.com,0
leagueofindia.com,0
fetjouexcsmpj.com,1
keithrozario.com,0
avtomagnitola.com.ua,0
guitardownunder.com,0
creditunionsonline.com,0
justrent2ownhomes.com,0
bunkyodojoy.com,0
imageware.de,0
balagol.mobi,0
updownchecker.com,0
pecsanjaime.es,0
intellicorp.net,0
tenno.life,0
ceasaminas.com.br,0
pancreatit.info,0
vwlfsgrcgqhypcqnbvkhbinfskuw.net,1
crrp.dk,1
tnngbavujkuyiukrwmk.com,1
nolkjjrutyxp.com,1
guidarte.it,0
lojrmozmkowmsvth.net,1
letuwwi.com,1
smrendering.com,0
mykarbin.com,0
joseavillez.pt,0
rusrule.com,0
mofilm.com,0
tubeskanks.com,0
esdatawn.com,1
shopinterio.com,0
captain-slow.dk,0
miss-slim.ru,0
payab-sanat.ir,0
qmeppmttsxyv.biz,1
dlmgroup.ir,0
klimafonds.gv.at,0
cyanmod.pl,0
luttherfacsubscripta.com,1
chunk17.tumblr.com,0
nlgamn.org,0
bqyvfz.to,1
notthelounge.com,0
ecocitycraft.com,0
mpwin.co.in,0
mapcruzin.com,0
folirgafda.com,1
be-a-woman.com,0
acbedsed.nf,1
hmrn.org.br,0
kwnombsorltjsqesoos.com,1
egger-go.space,0
gudangfirmwere.com,0
pondliner.com,0
alfajertv.com,0
yealink.com,0
displayyourer.com,0
justfwd.com,0
pronokal.com,0
hubii.network,0
game-show.gr,0
alonefancy.net,1
mhmtyc.com,0
tonelikelihood.com,1
webexciter.com,0
slever.cz,0
super3.gr,0
qquwsorchctxzyn.biz,1
mwxiyqeoya.info,1
improvementdeterminecome.com,1
mmbreakingnews.com,0
lulzbot.com,0
boogspace.com,0
conditionexchangeblockhold.com,1
gwwlund.com,1
geholdi.com,1
southfruitgroundcablebrain.com,1
wuppertal.de,0
cardissection.com,0
plowgroup.com,0
ncciraq.org,0
ominto.com,0
isbgyambvktflgofowf.com,1
wvfuwufqbex.org,1
spserpuhov.ru,0
justmommies.com,0
hledamlekare.cz,0
cisoixxfdjjkroltr.me,1
natori.com,0
foxworldnews.today,0
inncihhmjcdu.biz,1
tracthertrailher.com,0
allufowgeh.com,1
gizmo.com.pk,0
m55qltwg4o4137l528.biz,1
qxasnpdie.yi.org,1
sugyan.com,0
knowdare.net,1
upgrading-knowledge.net,1
wskacgeumqoymkim.org,1
tools-drawings.xyz,1
telis-finanz.de,0
tasvs.com,0
web-ta.net,0
dmrcewtxuyeyadp.su,1
inixwesefo.ddns.net,1
slanderattorneysite.com,0
jonglerka.com,0
performance-advertising.de,0
joommasters.com,0
cquqvuedkntdmmryi.com,1
responsivedesign.is,0
fjzzsi.com,0
knowhelp.net,1
cassandracaulfield.net,1
hlkbabvwxdljbqojsc.co,1
vapatipe.ru,1
vocub.eu,1
sfjcomvgqavu.tv,1
achmaz.ir,0
spcsbrcwubpwutacjnb.com,1
scottjeffrey.com,0
comoganarelchispazo.blogspot.mx,0
planestretchreplywerecash.com,1
soldierinitiative.ps,1
cnbebnkafkdeaoco.com,1
melticecreams.com,0
kohantering.se,0
autohaus-stoltmann.de,0
shawntabrizi.com,0
pupedo.info,1
entresemana.mx,0
tpizdqlfihiuojrlojlvlgmswif.org,1
cickckqekqyaygkq.org,1
3lolg2i0mpyb3n1du03.ddns.net,1
fairytale.com.tw,0
yumct6dysdpkb5dbbi.biz,1
manao.eu,0
m0momk2o2s60.org,1
kokjnsabxbfoxnlo.com,1
ldcpnuvswiflqpcdp.com,1
nice-ass-day.tumblr.com,0
odiyljkzbn.com,1
rinatdargo.com,1
modelscouts.com,0
64mwmoa428uk.top,1
createhk.gov.hk,0
aagcdmivsnvrpormb.in,1
ivmxxvdvakpugeek.eu,1
quammeritoveritatem.com,1
fieldfisher.com,0
cznerufqbex.cc,1
hunetdohw.com,1
xpkfcgrm.cx,1
faitemcumagistris.com,1
annaterryrealty.com,0
aztecsoftware.com,0
pwbedkjslrrq.com,1
irxdwlpjunfr.org,1
tbqwlsnobayitv.com,1
ujqlkksnszksqbs.biz,1
wheelsettlerealizecompare.com,1
5030.ws,0
xn--gmq37wp1b28jqz4b.org,0
urisecapixiluh.ddns.net,1
ezurl.co,0
ivtkgkmbai.com,1
akntepnluqdeyhtqe.com,1
brrerchiz.com,1
2cao6wmgyc2g.net,1
contactinfluenceaccountborrow.com,1
cvyh1po636avyrsxebwbkn7.ddns.net,1
tmcelectronics.co.in,0
scrimaleandscrimalecpas.com,0
renins.com,0
adkobdmlfeelfdef.org,1
solomonsonline.co.za,0
odonnellspourhouse.com,0
fulocwu.com,1
adcaeccnacfnccma.com,1
britishfilmfestival.com.au,0
qyjgglvhmv.com,1
ogahheisu.ddns.net,1
ucibtiuf.ddns.net,1
ilfittadansindulgentias.com,1
sanmateo.edu.co,0
brouse.com,0
plcomgpi.yi.org,1
bearizona.com,0
qkciemguumuqguaa.org,1
aioninfinite.ru,0
ausff.com.au,0
kupujemprodajem.com,0
pasate.me,0
sugarsucceedbeenassociate.com,1
upxfmjrtvmfgndqj.eu,1
magicblox.com,0
redvinestudio.com,0
xxthnffhjfyqkrmf.eu,1
mce42wqoq4as.net,1
jennifercody.space,0
lfofkjedenvw.biz,1
planetcruise.co.uk,0
evenfinancial.com,0
hospitalactzonepressureexample.com,1
0u8ygywuoicm.top,1
xeogisan.ru,1
oregontrail101.com,0
knowslept.net,1
moraigthestore.com,0
zrwyk.hu,1
cecetshop.com,0
e-mon-shop.de,0
bad-teinach-zavelstein.de,0
torsky.org,0
stunningpets.com,0
pcok100.com,0
qizdar.net,0
sepmobile.ro,0
sieuthi69.com,0
gqcnklugaii.com,1
aqfndkkuhuppgrht.eu,1
tytproteger.tk,0
chnumtrscovtyx1crk.cn,1
sefegnacad.com,1
mjsejmvlpqcxtvup.eu,1
hollandstoffenhuis.nl,0
newsexaminer.net,0
fgopcffrghhq.com,1
ferdowsihotel.com,0
takapaka.pl,0
qwwjeqq.cc,1
pqtkyghc.us,1
isesautquibusveritate.com,1
wwcsssolotsl.com,1
a-evolution.com,0
hmeolbtlojdjgxmw.eu,1
erielibrary.org,0
ffphiznksfwxt3enys.biz,1
kdbbfcicmfrxvmbgni.ru,1
xinruigg.com,0
14st7xs6cn5he2w.ddns.net,1
lr2l.fr,0
methodepiano.free.fr,0
euthproject.eu,0
opera.com,0
mywinoption.net,0
greenhausgfx.com,0
madeleineanthonyson.net,1
nucallum.com,1
triatletasenred.com,0
nerassotag.com,1
almasneshansalon.com,0
morningstaracademy.forumotion.com,0
havana126.net,0
pk-sales.de,0
oa82om82caki.top,1
archiviodistato.firenze.it,0
spendtear.net,1
moderndogmagazine.com,0
textmusic.org,0
bando.co.jp,0
xwkvuz.md,1
nefabcdefdaalfob.info,1
onobodsdgfo87bava8u0q4w.ddns.net,1
lymifo.info,1
zazoomvideo.com,0
neighborsdaughters.tumblr.com,0
time2give.be,0
jftgbeqpcoje.biz,1
radioneandertal.de,0
a4anyj121lobu2cbs87.ddns.net,1
leo-japan.jp,0
renault-talisman.ir,0
riskmonitorborrowfuelreserve.com,1
tqbmiuywoywolsfev.com,1
lampan.se,0
pxmaainspnohtgyk.eu,1
znsce.to,1
gmymvvokmsoeokfha.su,1
qwqcawaoyo6g.org,1
wlbhkvxrnnxzk.com,1
bokwanri.ru,1
bmtoolbox.net,0
smgc.ir,0
daaenbccnbbdcama.com,1
healthyfamiliesbc.ca,0
pencil-inspire.jp,0
applealextremo.com,0
11818.com.tr,0
kdaxlcidhx.com,1
parufeufxagufae.ddns.net,1
vfgpyclsfjrvxnfv.eu,1
nkcomceobbcebnkb.co.uk,1
cup42lydyd60jxf62dvotc39gse61g43c29e11nw.com,1
paisaone.com,0
swedenfunctions.mv,1
demo-logoorbit.com,0
tujeqepu.info,1
mgy0ekuwa8io.top,1
g-musicgroup.ru,0
worldwidebusinesscentre.com,0
bvch.com.fj,1
avwlgepxuhvx.org,1
artioscollege.org,0
brightupcenter.com,0
5br-3agel.com,0
fkaldcfkokblodfn.com,1
fst-pipe.net,0
fukugyou-annai.com,0
heardflower.net,1
networkcookattractsoilavoid.com,1
swoonedmagazine.com,0
allatlantacondos.com,0
escuchar-radio.net,0
cemiesuwcumkywqa.org,1
okvkaletce.com,1
necenzurujeme.cz,0
ujpne2g6zcijhumvbk.cn,1
zlafftnrrq.com,1
fojxng.mooo.com,1
ensemblevideo.com,0
cnmmtxpusgcxwdctx.tw,1
efkhkktsoggg.xyz,1
migtdkrvrdytexxqc.tw,1
haixiu.herokuapp.com,0
workstride.com,0
zubzone.ru,0
bigeye.com,0
pgatour.co.kr,0
rewish.jp,0
abupifigig.ddns.net,1
eletricidade.net,0
dutyhear.net,1
osc.org,0
gyhwkemhqmvcajzkzbigehqprhqlj.biz,1
pqdmldyiiwuvxlftg.net,1
crowdiate.com,0
anayahlondon.myshopify.com,0
yavix.ru,0
ascendfcu.org,0
crassioresnequaquam.com,1
wmcewahkth.com,1
ocmgpvdxnq.com,1
gwyeelr.cx,1
notefixblackboardquestion.com,1
tlv.com,0
ignitesocialmedia.com,0
elblogdedmc.blogspot.com.es,0
rock-drinks.de,0
uswqakuwkyaoskso.org,1
esseindulgentiarumtales.com,1
krcyqbvjamusjgb.ru,1
lxauaffjmslgasgkx.su,1
iz64ir6x66p1szzvvk.cn,1
cedarnews.net,0
odhujbaxmevfywla.eu,1
tokmjokeslowocv.com,1
dokaxasu.info,1
ijlrwtggexfkmc.org,1
aprelevkas.ru,0
kktrtevjrkif.com,1
reying123.com,0
vulog.com,0
ajihambrsk.com,1
water-research.net,0
gaduceba.info,1
opyltkjvmefjeygmlb.com,1
ghsmtkvxbidpwhibh.net,1
sexplorers.net,0
lbhqdifox.org,1
turbooz.com,0
cpypydjioqqjibwpksj.ug,1
ijgtbgvnyvqtlk.pw,1
davidsenshop.dk,0
progaming.co.th,0
puvuqoiparlu.ddns.net,1
hoverr.media,0
firescience.org,0
quickle.com.au,0
hexenbad.com,0
uponenjoy.net,1
oukcwadwdxuq.org,1
spiderfan.org,0
xpun.nl,1
viewsandstories.blogspot.co.uk,0
indian-femdom.com,0
crestware.com,0
surely-ranger.info,1
shixon.blog.ir,0
50olat7balqtu6ercti8wfq.ddns.net,1
salina.com,0
loreghauor.blogfa.com,0
niagararegion.ca,0
dfekamondmodobam.com,1
ogxtwuqfbwvgcyl.biz,1
bisol.it,0
stylio.jp,0
luhta.fi,0
qni0clevefmbotg.ddns.net,1
worldsofwonder.in,0
kabdriygwr.com,1
ignecad.com,1
cymvcgtq.net,1
jcukwaiqiwgmtccuf.net,1
nigodnloingfdfqs.com,1
networkempire.com,0
77hh.com,0
venialiumpredicatorum.com,1
leaderyou.co.kr,0
seguiiltuoistinto.it,0
gurucontact.com,0
neurs.com,0
nnecessitatis.com,1
travelerr.ru,0
28p3s56oiskfedvuar.ru,1
iktspgeoya.biz,1
bnhdxovertxnbtcvbxnu.org,1
fonts.by,0
lacliniquedusmartphone.fr,0
bigtudoartesanato.com.br,0
xash.me,0
se9996.com,0
ganttxl.com,0
enweceddi.com,1
thephoenixclub.london,0
applypanindia.in,0
suqld.org.au,0
emswwccseiqemsaq.org,1
kv3patiala.org,0
gbwuqshylsahod.com,1
1millionfreepictures.com,0
oysvtnahnxc.so,1
yagowswkwqwauyom.org,1
aacccieauywcyskq.org,1
call2earn.com,0
findmyringsize.com,0
jboexxoicc.com,1
madehigh.net,1
meiqidianhua.com,0
portalcgsync.com.br,0
qnlpmmdooffooixctblcw.cc,1
equitysim.com,0
engoo.com.br,0
dektriam.net,0
groupdare.net,1
pcgaming.ws,0
2vis2dkby1f8qgoi2h.ru,1
ayojajan.com,0
swxurddayr.com,1
kckrowiq.biz,1
jecozix.info,1
iayvjdbnfqncujuqq.net,1
onepiece-film2016.com,0
kyotopi.jp,0
xpgetmtbuekmml.ms,1
v6m6kanzgnf4hacyqy.biz,1
vmtnogrowbqgwwfgehgpw.ug,1
ffadbfabebflmdck.com,1
thisismydomain.net,0
potafocal.com,0
probiotics.org,0
fake-all.tumblr.com,0
rugceaxo.ru,1
titrias.com,0
gwybnalfe.tw,1
nipkit.com,0
wfsaas.com,0
jykse21lxhrmykve51d20hvb28cykyluk57kw.ru,1
ceramicaarnon.com,0
multimediabs.com,0
betterhearing.org,0
william-elsewhere.wtf,1
faarskids.ir,0
lebonagent.fr,0
usecwemser.com,1
1122ge.com,0
exclusives.ro,0
badkitty.com,0
mhmmfytmbhvrdext.eu,1
steammoney.com,0
yogi360.com,0
freetrailer.com,0
impactfeatureoccasionstand.com,1
bpxiuoudcl.com,1
eicttaestsosdv.info,1
freebook11.com,0
philippine-history.org,0
sparklestock.com,0
cgmssgbiim.com,1
cfewybegcihqpner.eu,1
sntwqnxlyb.de,1
ruqjueqid.tv,1
eo6cyousyomg.top,1
elojobmax.com.br,0
bridgebuilderhrms.com,0
myveritext.com,0
ttmaipbprh.com,1
vandalamagazine.com,0
oqge4ic6k2ce.net,1
sexobyte.com,0
fansedge.com,0
nuhildim.com,1
erickartik.com,0
tablewaitadmirebabyblueabuse.com,1
caninecouturestore.com,0
igxxumfbguudlijq.com,1
pampaisd.net,0
francemarches.com,0
internetspeedradar.com,0
ioemrdqnompglimxp.su,1
sicuoq8egegy.net,1
skwggeicquuacgkw.org,1
jeffersonscholars.org,0
russpeedway.info,0
ovkiuksuatu.ddns.net,1
finalreport.in,0
oekvhelhmuboge.com,1
obseques-infos.com,0
vivalacocina.com,0
hwbgdlrcofknxrhte.pw,1
halioswatches.com,0
iajwwuyhxwrbpsvsusutx.me,1
vadgcwrubkuhirds.eu,1
cdjmbkkbtgfj.co.in,1
valuebiz.com,0
igfuykgurm.com,1
adventuresquad.pl,0
ysfaok.info,1
licor43.de,0
holafogu.ru,1
salesforcestore.com,0
uetwwwrdpype.com,1
xjuopazgre.com,1
iwy02sa02km8.top,1
tractionnext.com,0
rirokhux.ru,1
evangelinagallagher.net,1
erdelyitarskereso.com,0
befcwpguldvvyefx.eu,1
nikotinkaugummis.org,0
yamitranslations.com,0
indosgroup.com,0
hdmovie.su,0
o2wu4ewawase.top,1
hikz.ps,1
jonathan-cook.net,0
ekcspeiq.net,1
furu.org,0
eraropg6o4o67turkdi.ddns.net,1
rmvtqnqxszfvqsfq.com,1
svoboda2.com,0
cpinvestice.cz,0
vpqdyvwwgopydgtv.eu,1
informations-documents.com,0
aisdskylink-my.sharepoint.com,0
ouamkhyaqxndtsr.com,1
u676otsfonc0crgl5xk.ddns.net,1
smamums.co.uk,0
intuz.com,0
tamjvrbnysut.ru,1
gqkkesyigguweass.org,1
westwitch.info,0
zero2infinity.space,0
pescaraz.com,0
coder51ad.pub,0
aeroticket.com,0
qgubtezfcu.com,1
novokosino2.com,0
superyachts.com,0
econpage.com,0
lordlibidan.com,0
ismininanlami.com.tr,0
asa86kuo6sic.net,1
eyrhioeuid.com,1
lxskwfendifqvuya.eu,1
hfit.com,0
perfectskincompany.com,0
ubofwjepayaqalxixg.com,1
emuawiwmumqwicqq.org,1
iitg.ac.in,0
offerteperte.net,0
pktqjgn.com,1
qfof3hm434s21te4ungb5hq.ddns.net,1
cumafwad.ru,1
vonapa.info,1
h7i665xhctw53vitp1.ru,1
goragod.com,0
reneelab.biz,0
trygonsport.pl,0
dicasdaneide.top,0
fiung.it,0
iuwyuescqakukawk.org,1
babapk.com,0
eatclever.de,0
gugweytg.ms,1
vfsrfojixecc.ru,1
helvetia.ac.id,0
mfcdcebmcbddacmc.online,1
serialpro.net,0
berner.eu,0
entradasmadrid.com,0
medicinediewheeldoubtstudy.com,1
gottt.com.jm,1
fdcmoaaabfdlcfaa.com,1
wmsym.org,0
dbestcasino.com,0
vapshot.com,0
xiaoyida.com,0
xhxueoojuwyhbgz.com,1
tiohexikkuume.ddns.net,1
hahudis.info,1
fkayyfxlcfmyuka.ru,1
cddlldgooncb.com,1
kritzelshop.de,0
seomanager.com,0
cdeepqvtjorviihs.eu,1
freeconferencecalling.com,0
abasbkpbuyqvggftd.tw,1
yversldecbexyixxx.tw,1
nis-store.com,0
magistrene.dk,0
wuestenrot-stiftung.de,0
hamisun.ir,0
moolahgenerator.com,0
anldbmflaefnfneb.de,1
breakthrubev.com,0
erqofkxwnwqlliri.info,1
denholme-velvets.co.uk,0
mcad.edu,0
pelupigunigivud.ddns.net,1
ahvazmenu.ir,0
kmetrfxeyidwiejc.eu,1
nabatisnack.co.id,0
hobbyzone.com,0
pulsal.ru,0
naznava.rozblog.com,0
thefatgirlssexdiary.tumblr.com,0
sel4ma.org,0
emirhanbulbul.com,0
mehworedbaatepbef.net,1
ontiqwzhpbkbdiwcpraubensgjzp.org,1
wisdomtree.com,0
essenegociin.com,1
h7anhnivfabmubydz3.cn,1
anisestsuntgratuita.com,1
365bristol.com,0
smokegrillbbq.com,0
zheke.com,0
360confort.com.ar,0
tarotgratis.net,0
turksoy.org,0
hezdkzxyheuaeofeyqspbkfonqg.com,1
louisproyect.org,0
t2euiefmpmtfcl3efs.net,1
cfd2012.com,0
rxvvtijraebbk.com,1
dumlupinar.edu.tr,0
vutiqoxiokivq.ddns.net,1
tnnewsleaks.com,0
bvvbbr.gy,1
radio-metropolis.one,0
mangaluxe.com,0
formwisefearoccurcommunicate.com,1
kuqysukamioickys.org,1
donatelifeindia.org,0
avbus77.com,0
fvewcsrj.tv,1
elemergente.com,0
oafdnbfoklfodkea.eu,1
harlembespoke.blogspot.com,0
idmb.com,0
enlaradio.com.ar,0
czaanvr.hu,1
lac-bac.gc.ca,0
caasimada.net,0
hillfind.net,1
hepaudkibemeka.ddns.net,1
nosplenariecharitatis.com,1
vfribpwvb.tv,1
cebhmpphuk.com,1
poliva.vn,0
rngxdqskskgq.com,1
benro.cn,0
theglitch.in,0
bateriasparamovil.es,0
chicworthy.com,0
ssia.org,0
forgetletter.net,1
4a8e464642ki.org,1
mznaoclbtr.com,1
cfsrg8wnshqp5r7.ddns.net,1
salainenseksiyhteys.com,0
journeypaint.net,1
bosco.link,0
odxouxavwe.ddns.net,1
aae.org,0
gawsubs.com,0
xuxyfun.info,1
demo-themesfa.com,0
besteverpads.com,0
udownloadrooz.xyz,0
bivuxhnkpumylk.nu,1
fundaciomambre.org,0
sgairsoft.biz,0
woodiner.com,0
nabilaherbal.com,0
improvepresentation.com,0
britlinservices.com,0
legindulgepape.com,1
odinstal.de,0
bzcars.com,0
veopornogratis.xxx,0
kateisaiennkotu.com,0
yrzcjw.com.ni,1
remaneretvicarioitem.com,1
alimentacionynutricion.org,0
hwusrytltsaxwrnbkrxsb.ms,1
agestanet.it,0
menhairstylescc.com,0
daiwa-hotcom.com,0
bxigdnmpcb.com,1
abell.com,0
peoplesupport.com,0
hardyn.cz,0
qweas.com,0
standtogether.my,0
humanasaude.com.br,0
y8iky02k2seo.net,1
iqkqldvupavv.sc,1
giftstogirl.com,0
purypuq.com,1
iriska.cc,0
gesgolf.it,0
wctech.org,0
dbaolablefakcllo.de,1
movietowne.com,0
06abc.com,0
oxixwjjuccvn.space,1
mebdszodtmqfbdaj1w.com,1
fjellvannweb.no,0
britanniavirginia.net,1
papatemeritatequ.com,1
jepomix.info,1
niceoneilike.com,0
iueayyqqukkuwaic.org,1
91dizhi.space,0
subtitlecity.ir,0
scrigrzwmkq.yi.org,1
rafc.be,0
uxamcijo.dyndns.org,1
nkoyxkbearyyw.com,1
kundenprojekt.com,0
rcqkszxaj.cc,1
fgboxxmtgfil.bit,1
jambo.cat,0
atozof.com,0
hangcompe.net,1
coobis.com,0
bfwbsiscr.com,1
emf-asso.com,0
serieswithlove.com,0
gunatcea.ru,1
i0ekqcawi8mk.top,1
vetroz.ch,0
tusohgetla.com,1
fydrmdqkjeg.yi.org,1
bdlinks.pw,0
kfkchwnansnan.org,1
myecampus.com.au,0
cuubimetceuwcoo.ddns.net,1
prometeyhome.ru,0
deltacoaches.co.uk,0
u0ybg412m0o6uro.ddns.net,1
wikitolearn.org,0
qiqpurrxpnwgk.com,1
spjkynr.ir,1
thecareercafe.co.uk,0
lafontaine.net,0
bgtdvyumimxpfnwsgi.tw,1
pikastar.com,0
hentaicore.net,0
conffacitgratiepapales.com,1
aoggldpeyryvjwp.com,1
8i4y4uoa06se.org,1
kellymoore.com,0
linkculturepagefatherpen.com,1
readingpoundcashstudyare.com,1
confidencetableslipbottle.com,1
mkvoyages.com,0
qysvenjgtk.com,1
hotelstorm.com,0
meldeportal-mindestlohn.de,0
kjjkkcluqk.la,1
awwohidse.com,1
makcotransmissionparts.com,0
ennoroll.com,1
zszmic.gd,1
foto-xxx.net,0
egnicusdumu.com,1
lrushteeoideiqbci.pw,1
lxapmxbbgrqn.ug,1
bolsa.com,0
jbktyxbrgllumrlk.eu,1
ki-topo-ka.com,0
sqxe3hcqlxrrzpmh5q.cn,1
qypghhkksjui.com,1
semiwwiculs.com,1
rcgpojjd.com,1
fantasticmilkshakecowboy.tumblr.com,0
startvtz.com,0
eagkjqmsei.com,1
eadhypi.dyndns.org,1
zejlwq8otwfhqwqyac.biz,1
cremefraiche.dk,0
qoheo.com,0
lcmpnmqsdmfak.net,1
trgovina-frama.si,0
zielonykot.pl,0
fskwrhdiv.gd,1
gjvsggfcugcfg.com,1
rabonismaioris.com,1
cjkpk4e8mry0101.ddns.net,1
seccosquared.com,0
golffeatureattractplaydig.com,1
bangdreaming.tumblr.com,0
yourdailypornvideos.com,0
greatems.com,0
suaigiturfacilequamnummo.com,1
uruqmejgncei.com,1
tribal-error.hn,1
twoja-praga.pl,0
bobveres.com,0
bluebellsims.tumblr.com,0
cos-moe.com,0
uwgacaslimo.com,1
itsass.com,0
dougstetar.ca,0
vilbajik.ru,1
suumocounter.jp,0
sdrugs.com,0
aurender.com,0
06c2ou8ao68e.org,1
discountstickerprinting.co.uk,0
goxqor.com.gh,1
oxluxenansnan.com,1
1xuezhe.com,0
ky4kvctlhvn4md8un6.net,1
vsldpayqbtixlclfp.com,1
bajeosei.ru,1
gcyggpjuyxavmas.ru,1
chartsinfrance.net,0
trannyfreefuck.com,0
cjjqfvskgecssdclwffm.so,1
alirwif.com,1
ljevak.hr,0
bgjjnvfpponj.biz,1
higoyomi.com,0
usuwanie-azbestu.biz,0
factorpentransitiongearsave.com,1
skicb.com,0
ux7hh5kch7jkgqfahc.com,1
cleanproducts.de,0
kivajapan.org,0
teldeadiario.com,0
fiftyten.de,0
themainsourcecontent.download,0
kililrux.ru,1
iqubpaeplaotta.ddns.net,1
igoaltv.com,0
csecuevdocgeuy.com,1
sq864qou4iga.org,1
lacabuusaxroobw.ddns.net,1
vocapia.com,0
ywqjeoueanxws.co.uk,1
pqucvsaerpjdgavy.eu,1
epochuniversal.com,0
stylerequireoccasionbagpen.com,1
aygulwiq.info,1
xudosawo.ru,1
obywahdvadxspppy.eu,1
eqtcsgfqbex.org,1
mediabetaprojects.com,0
acwuxyrasn.com,1
ems-isd.net,0
chzbdtmh.com.bo,1
ekonomiaspoleczna.pl,0
latigguri.com,1
batarabia.com,0
soammqommwaggigc.org,1
yugt.kz,1
becas2017.com,0
poezijanoci.com,0
cnfpi.fr,0
ip56qlknkrmv1befmdq.ddns.net,1
eqsaadnus.ddns.net,1
lfygigefbwgsonta.eu,1
gaheh.eu,1
schoolvi.net,0
zhengwutong.com,0
7lo0w0gtwxqvudi.ddns.net,1
hlmdcshvfuq.com,1
cluqxkdsholapet.com,1
meitetsuunyu.co.jp,0
ilo.org,0
bubufx.com,0
schusser-oeg.at,0
quarrysprings.com,0
awempmvxhdrdbxficu.com,1
stadiumvillageflats.com,0
2-porn.com,0
miped.ru,0
7850k.com,0
quidbaby.com,0
sssproductions.net,0
mlscitrus.com,0
unvohebudoi.ddns.net,1
123juegos.es,0
pathstoliteracy.org,0
ijfvcuutxpfv.com,1
fxvhqtglra.de,1
fishbase.ir,0
dxuatedldgcurx.com,1
tarifica.com,0
orijibex1lqhwhqrojg.ddns.net,1
ovweb.fr,0
vng.nl,0
propotestatemepis.com,1
nezugcpawcqqldhzj.com,1
ujnihftrygakpkb.net,1
legsjapan.com,0
fjpbgdribncc.ga,1
gdzietymrazem.pl,0
cadco.co.za,0
meetinganticipatecakeimply.com,1
ibwjwhjgaw.com,1
jcmyisvnleoknjqo.eu,1
fulargaf.com,1
mowyeadqwaebnin.info,1
osmvmcdnxi.com,1
defantri.com,0
sportstacking.co.kr,0
khxbyrshpwrywkiaq.in,1
educarueca.org,0
fpzgzgn.com,1
poptop.nl,0
apqxlqvvjvwelkgpd.com,1
mikesbikes.com,0
eagvynlxrn.com,1
apzrvyfqbex.org,1
puwnqsaelwe.cc,1
fgkvbovbqmbgoabxw.in,1
kwlczsyzmf.com,1
oyxecyfqbex.com,1
heavyindeed.net,1
mackbooks.co.uk,0
fnfur.bo,1
goebel-hotels.com,0
lehren.com,0
morgansmithbaritone.com,0
strangerbottlesentencepersuade.com,1
chemi-con.co.jp,0
edcgov.us,0
marshallindependent.com,0
donglishi.com,0
mouse-selection.com,0
ryhuheva.info,1
51nsssy.top,0
biworldwide.com,0
kymzg13pzmqk47ozhyb38n30irg23h24jravj36.net,1
ecgoldkey.us,0
vaponuage.com,0
nuhnrncmwi.com,1
utatcina.ddns.net,1
papasermiremissionis.com,1
christiveraamomnium.com,1
intensecoin.com,0
pujodug.info,1
clinicaplanas.com,0
catsfaucet.su,0
kkciwortrh.dynserv.com,1
1jinwdkxy2odg4eredmhwbs.ddns.net,1
casagraciabcn.com,0
muslimbabynames.co.uk,0
badpolit.ru,0
mty0eradi03ncba0ud7.ddns.net,1
ijyqfrwoystvqnom.me,1
xpee.com,0
gsopwsgftbaoaelfa.su,1
xafmanbi.ru,1
american-europe.us,0
aynam.es.kr,0
acropolis.org.in,0
sunnyxx.com,0
fodohwo.com,1
ixovevedusxeha.ddns.net,1
openrxshop.com,0
itpec.org,0
ekcaeaiugkeq.info,1
potprophetedebuissentest.com,1
pomandug.ru,1
ugwiceslofe.com,1
dkljypnolmjf.com,1
chinaqualitylighting.com,0
egaga.pl,0
txknhmmerp.com,1
mercedesbenzclub.it,0
holdenintl.com,0
hxxxuxygroxf.biz,1
chajiaotong.com,0
uqlbatsikdawmc.com,1
sbamwingzknizhckntc.com,1
langerie.tmall.com,0
itcwbeurecnxfbx.biz,1
roaeatagumirjx.net,1
diodnik.com,0
hillandponton.com,0
musicandbands.co.uk,0
meefobblffbaamcc.de,1
eastnoble.net,0
czsibnpfctoziqnqnxa.com,1
llffabnfbomefbce.co.uk,1
ywwshiox6ncdgrn4oo.com,1
teyit.org,0
ypupmbwjy0qfg0gpax7.ddns.net,1
kuwacyoioyk2.org,1
avalmadrid.es,0
ezrmojnrzr.com,1
gaprobate.gov,0
hafodah.info,1
ingiheslu.com,1
odacemgol.ddns.net,1
uomugeoyiekygqag.org,1
gtodczhc.com.ar,1
bejlmmwvfoxxtlnb.eu,1
akakura.gr.jp,0
aylpej.be,1
personalityhacker.com,0
williampassword.sc,1
cdlqymtiytsu.in,1
puryxuq.com,1
hwwjgnhhryry.com,1
477wpdokt6jh514s4v.biz,1
mustaqim.website,0
kotuch.ru,0
kfyebzcsovsvjbgjmsj.com,1
earthnews2016.com,0
apexrentals.co.nz,0
srrpkdxxamnjpmqdat.com,1
xnfmrlmnnbrwujdel.su,1
ciscesmceiawsysi.org,1
kujeimam.ru,1
cpbride.com,0
calvado.com,0
mathocollege.free.fr,0
sotkon.com,0
elestiriyoruz-dervis.blogspot.com.tr,0
dsnube.co,0
timpetherick.co.uk,0
e0a4eg6sekec.org,1
jadur.com,0
videohero.com,0
dnsbaits.com,0
jyoshianaguguru.com,0
vatgowoh.ru,1
cwhihkdsholapet.com,1
swq4xafq44kcdlly67.com,1
icyuxaafyuvawsdri.pw,1
benum.no,0
lemall.com,0
oebcaekbamlbeaac.cc,1
rsaretailbonds.gov.za,0
ruidvosainqebu.ddns.net,1
tewwrqure.tv,1
xoocraovkevo.ddns.net,1
andrewrayel.net,0
skgguskwugcacaay.org,1
qswmdrwrncneerh.com,1
remisesetprivileges.fr,0
al-watania.com,0
bom.mu,0
alpha-zawgyi-download.blogspot.com,0
onlineausleihe.de,0
farmaciadifiducia.com,0
sxlmlxiovlxcaggr.eu,1
basicholiday.com,0
pwrncfcvdmzamomxqnh.com,1
viewswitchthinkpriestshower.com,1
psanitassedprint.com,1
epxylvumlrfe.ru,1
wesifanansnan.com,1
clearwater.eu.com,0
rivernilestate.gov.sd,0
agentsoftherealm.com,0
icziiroqpr.com,1
kupigume.hr,0
ysjvzspmltnxzmo.net,1
relationinbox.su,1
pufuje.info,1
cafdilwi.ru,1
timhaahs.com,0
madunufqbex.org,1
beikakok.ru,1
doornotwo.com,0
arslink.site,0
opencart-ir.com,0
qdniodse.tv,1
consultascl.com.mx,0
bumbablog.com,0
kafseico.ru,1
xfhuzwcdoy.com,1
iflicks.in,0
coloringpagelibs.com,0
aliita.com,0
prologicwebdesign.com,0
voilesetvoiliers.com,0
djboss.in,0
oprsgekliuevrz.com,1
w2sqcikmcas6.top,1
svbihqxlvbgectjxa.me,1
e-kapitalbank.az,0
sophietheallet.com,0
bpjumrukqfqtmpacc.net,1
semillas.org.co,0
risfax.co.jp,0
lasmilyunahojas.com.ar,0
onlinefussballmanager.ch,0
izipusa.com,0
ewwnoqqmmjpkilkm.biz,1
veteranapprovedblog.com,0
akibamoero.com,0
byjtngkssgraapsei.com,1
ehx.com,0
fpiivkagoyyqtc.biz,1
bahrain-companies.com,0
topshops.ir,0
djprofile.tv,0
alexandreachastity.net,1
ayuigueoya.info,1
vegas-meta.com,1
pxayfojidfskmlaqo.net,1
5277.cc,0
sijoysssar.com,1
adultcomicsonly.com,0
lprshrs.tv,1
vegetableshear.net,1
sharkrf.com,0
hrs4pets.myshopify.com,0
reofiduw.ddns.net,1
gutgesel.sk,0
gc-rp.net,0
cjmxdcch.tv,1
joeworkman.net,0
ncaakfmlkddbomae.com,1
tecake.in,0
kfcc.co.kr,0
gambleroad.com,0
lapffmntpt.net,1
wearecnn.com,0
damagesitselectchargeprint.com,1
storesupport.se,0
shopalexiss.com,0
wyqcgiiugkeq.net,1
skquawyyogogekyo.org,1
qsr5eln4pqtnxlxrlp.cn,1
iwiqedomnn.cc,1
dgadxnqlyxtxlgnjg.in,1
glassbrown.net,1
lsplhmewppwwjojm.eu,1
nosehave.net,1
stufeapellet.tv,0
contactosexual.com,0
smith-partnerships.ac,1
rapkade.com,0
vtypqtkjnkyfycwj.eu,1
yuwoqdafcwlpgqtgy.tw,1
fqicuftc.net,1
northamericanwhitetail.com,0
quanlyxe.vn,0
pujelil.info,1
fjead.es,1
ugacryoryk.com,1
appupdate.center,0
newsacross.com.ng,0
foxmults.ru,0
rj518.com,0
pornoplace2.com,0
obhvnfuwujel.com,1
goolgame.net,0
4nktcdbxesr68dnm7f.ru,1
3g4l1vdwt7lecjspcf.cn,1
abfldolfddenblaa.co,1
webhose.io,0
grandfatherblameadoptchallenge.com,1
jjodmbvddzoxmopgeml.com,1
mostiks.ru,0
tiletec.sk,0
ijiymbelulgw.ru,1
o68q4ioigiki.top,1
travelpandawa.com,0
analysistreeslipbottletravel.com,1
clashmusic.com,0
perdocendimaledictus.com,1
transferredphysiology.co,1
roymall.jp,0
ylylutfow.cc,1
hvijksxxhe.kz,1
ddfakldbcflkcolf.net,1
fixturedownload.com,0
capitalcloudbuddyreadgrade.com,1
sxijyxpgghtb.com,1
jwiebmhrxketldff.eu,1
ohohqowoxoevisp.ddns.net,1
feedasplush.com,0
iqeigiqswakgemwk.org,1
ergttxirjrmnqnd.net,1
nsvpvoadnihnv.com,1
energynews-ng.com,0
pcgames.com.cn,0
tiqin5.com,0
szanjuntrack.com,0
saltybath.com,0
strozfriedberg.com,0
cahokiamounds.org,0
xcamly.com,0
a37hrb38c19kufqd30o61osh34hwfwoyczd10n40.com,1
tqmipwmhf.com,1
ajxzjreoh.md,1
v-russia.com,0
otxsutepcrwki.co.uk,1
w2oagqg2cmwi.org,1
xxxretromovies.com,0
guifossiotpai.ddns.net,1
orvzopuprtrcofw.com,1
hvl48g53dun10cwl58c29b38atmxevbyovgqmw.ru,1
motoroctane.com,0
radiocutivalu.org,0
ingihuldot.com,1
6gycm8yge4qk.top,1
ultrasoundme.com,0
cnlbimpmsxyklpgs.eu,1
rememberstream.net,1
pharmout.net,0
vitalkisterl.at,0
epvnmgncmbclemuvvbax.tw,1
rneawraprjtoncjsq.pw,1
oyfsakmtdctkujop.eu,1
panicicereplybelongpendemand.com,1
metaclock.com,0
pollutionmortgagesplitdeserve.com,1
persianmotor.net,0
twbagglvhmvhcegda.cc,1
ptitchef.com,0
genmice.com,0
abeefkecdbbeffdb.com,1
rusitcbfsmm.tv,1
mrsgerrys.com,0
bovndxiygrdruvl.biz,1
rawrflash.com,0
sdkrqljkmiaizeh.com,1
cxktgt3rs2enghs.ddns.net,1
buokhhklcpkcsfgyfs.com,1
11qqmm.com,0
j4dirwtunwta.com,1
ceiva.com,0
q8m6m0wnmfe8grox3vk4slu.ddns.net,1
wwwqmismgkgmmaiq.org,1
tevcogdxpdoh.pw,1
oslutin.com,1
jqseenipxeywhen.com,1
0642gicawuki.org,1
82ky4e8agyoe.net,1
defifreakyboo.blogspot.sk,0
madiouart.com,0
clubtreewarprograminvest.com,1
greycork.com,0
lwjgagvvimxco.nu,1
badensports.com,0
thehistorybunker.co.uk,0
tunicyqokuv.eu,1
crctratcrkwf.ru,1
eucheyospassibo.blogspot.com.es,0
swsjidcbimtw.pw,1
polna.ir,0
ukwgcfdsfd.com,1
suchenacheinerhypothek.de,0
portaltp.com.br,0
bbv.com.bo,0
utudhiohuchu.ddns.net,1
yaugsgcymewoiyao.org,1
diannaojc.com,0
hrxdcdtax.ht,1
eamamclaindulg.com,1
pgefafebxtaibxpp.im,1
overmorrowtales.com,0
senzuri.jp,0
ogsuamakwayuqeuq.org,1
oculispeteboehlau.com,1
idurgafdic.com,1
wnmxnhdcxwdsgcvyh.com,1
rtzuqotz.dyndns.org,1
uvfjzi.yi.org,1
gooddeal.com.tw,0
1270hybk5iv8.com,1
vprosvet.ru,0
peoplesfaucet.info,0
cmpw-pan.edu.pl,0
sirmodelresulttrychipstomach.com,1
talentsquare.com,0
gegeshe6.com,0
walks.com,0
separationfinished.kr,1
unitedglobalsim.com,0
ejakkwck.com.mt,1
dirqirpa.ru,1
doocover.com,0
rtppvhmclshbqtt.biz,1
10som-malas.de,0
delmarnorth.com,0
towekqcvnxyaebwm.eu,1
ar4porn.com,0
mysitesview.net,0
whiupqqfxncjmygk.eu,1
megacvet24.ru,0
xkuahelvhebytdvj.com,1
ambientebrasil.com.br,0
rfu.com,0
mahdiarstone.com,0
landkreis-boerde.de,0
cbsemaster.org,0
sautershop.de,0
gdoqnwqcmq.com,1
onondftrbaiucfye.eu,1
olurgatloh.com,1
ceteb.com.br,0
limy.org,0
euroxx.gr,0
lbfacefabnkbbfkm.com,1
dtsto.com,0
grillo-designs.com,0
iattm.net,0
restoration-nasty.hn,1
bkwinline5.com,0
variesleeds.sh,1
reek.github.io,0
keeqweonviuvelm.ddns.net,1
nikongear.net,0
umc.br,0
newsportal9.ru,0
chaletcenter.be,0
awyobguiwcymao.info,1
eirth.com,0
mbxbrfipyiih.so,1
mbadcbacfmnbmbbe.eu,1
cifucghvx.ug,1
uhaxkl50k2cb3bcfadu01d7.ddns.net,1
primetimevoting.com,0
greenbaywi.gov,0
livegoal.de,0
bcr-leasing.ro,0
tuwyjyvymuq.eu,1
chapeaulinux.org,0
8qseoqoe06s6.org,1
mwyuuqeoya.biz,1
bouboum.com,0
ggs.wa.edu.au,0
scrill.com,0
fclanmddkbafbdca.online,1
gw2discord.eu,0
backstageol.com,0
hoodboimusic.com,0
kdbkeonfbfacdbfd.info,1
xubaxed.info,1
hapezyz.info,1
mdc888.jp,0
ecafmfbdlcccfmme.co.uk,1
vinegarsxofzgms.site,0
mon-convertisseur.fr,0
schweizerbauer.ch,0
uqgqzeedwc.com,1
eaekjdtoutmwtpetn.pw,1
directory10.biz,0
autosusados.cl,0
somowwi.com,1
alinatur.ru,0
yqrcrhhtlxbh.com,1
weamufor.ru,1
dispensary33.com,0
freeiphone.fr,0
prds.net,0
birminghammind.org,0
mabavic.info,1
bkfoebdlccafmfbe.org,1
nd6kbz4vl7ryjbvs51.ru,1
klhzoanansnan.com,1
xubyqen.info,1
thechoicetz.com,0
jguhhtufcjww.biz,1
bfobcbblkdfnbkak.org,1
iranfoolad.org,0
caimbyjigs.wordpress.com,0
lbmalfkblolbcebd.de,1
handball-store.fr,0
mg2o24u4yges.org,1
bcycxxcjmhmvi.net,1
jkp-ads.com,0
semajobs.com,0
e-ss.nl,0
texasautism.com,0
liliang188.info,0
3nopmd1pwji2spwtc0q2m0s.ddns.net,1
plxclxeooj.com,1
hjfdxgbvqeroumwjw.pw,1
iegceioeppgu.info,1
onnirusd.com,1
myhcch.com,0
jaktak.cz,0
mariabicudo.com.br,0
sciencetoymaker.org,0
ikjwladsholapet.cc,1
numberbehavebringplanrepair.com,1
bolido.com,0
iidpuauvc.com,1
treeaddstaffcatchnervepick.com,1
sbs4u.by,0
kuwukkygqmksssge.org,1
iqvwwk.biz,1
psypec.it,0
gldujjospeby.ru,1
paqdeamuolpydwaqplqszdfit.ru,1
nmeakflbnabflddm.com,1
jvbbunqhnj.com,1
lgdfs.ca,0
impxyrifhmld.biz,1
wyudtq.at,1
k8o4yhodsta4k8k.ddns.net,1
e-recht24.de,0
xlisoft.com,0
bajwrcn.cc,1
wupteogu.ru,1
kuriren.nu,0
rgh2.com,0
ifmpan.poznan.pl,0
tv-aichi.co.jp,0
eblkfeedofabnldm.com,1
xbpnijmlyjlovvmr.com,1
demyoaoqpnutxhyq.eu,1
tshtjwvupnkpmwwe.biz,1
nfrance.com,0
scaleconcertrepairhangluck.com,1
kutensypalw.jp,1
castingnow.co.uk,0
likoli.de,0
stomatologo.ru,0
onconet.ru,0
kemixan.info,1
iyhrrgggojvw.ru,1
udwkpxkbqwwblp.biz,1
afghanistan-analysts.org,0
jiidkqyavwg.mooo.com,1
haptik.co,0
pdqiownrijmhls.info,1
vw-soneuro.com.mx,0
birdeye.com,0
bingmapsportal.com,0
experienceinterviewwakescale.com,1
vipococy.info,1
eluiadjmfrybw.ru,1
jelapoio.com.br,0
vpgetilunudjuluy.eu,1
upstarindiana.com,0
susuntargutisopus.com,1
doctororderly.net,1
meethue.com,0
thesmokehousegrill.com,0
thegatheringatkeystone.org,0
disabilitystatistics.org,0
broowaha.com,0
awayfrommydesk.com,0
ccaoeboccbfmaecd.info,1
mmxueche.com,0
christinagrimmie.com,0
gmmciakuqiwiuygk.org,1
adohgatd.com,1
huiti.com,0
pupyjul.com,1
caflotea.ru,1
osaka-baytower.com,0
zixw.am,1
leoxavanreosida.ddns.net,1
transistor.ru,0
eyomyk.net,1
ibec.or.jp,0
cruiselines.com,0
mine-3m.com,0
eis-inc.com,0
tobm8vencv64sha37w.com,1
ryrtufoxaysro.com,1
petition2congress.com,0
tmura.co.il,0
todotvnews.com,0
racetickets.com,0
stjohnsknaphill.co.uk,0
inofsorwa.com,1
uywbzdluk.tv,1
tecnacional.edu.ni,0
fdlkaomffkclmbba.co.uk,1
stadiumgoods.com,0
esolhelp.com,0
jikfepsuoroajd.co.uk,1
gnfoycbxaewsslhjq.in,1
nfnyybxzcx.com,1
miwebuqo.ru,1
daneagan.com,0
multitoysgame.com,0
accademiadegliincerti.it,0
ngjkyhvdmyaeccjlgh.com,1
pxaraxngdhpwsphao.com,1
jizou58.com,0
ywdeucuiwcymao.info,1
sexyboys.name,0
otilginua.ddns.net,1
storiain.net,0
serienjunkies.de,0
c69jyezf52axp42juispynyb38aqc19c39h24o11.biz,1
zglnpodkrh.com,1
putasdeperu.com,0
troll.es,0
nfppywlfvarrqebn.eu,1
voyeuremix.com,0
tpclgqknovyxucqye.com,1
dogwise.com,0
porqueseguirajesus.wordpress.com,0
bigdogs.com,0
edsk.com.br,0
montgomeryconstable.net,1
mortiscontrastatim.com,1
offersboom.com,0
rockytopholsters.com,0
blicksta.de,0
usaaaksumkkyuauu.org,1
xiiqauttesedpapa.com,1
36gyatfn4jue8t1f1p.cn,1
wykbjrundruepm.net,1
vofoji.info,1
quran-e-majeed.com,0
ttmrcphqcwfbnqts.eu,1
msuoi0mwm4ew.top,1
jobswood.com,0
motelyab.com,0
jgilberts.com,0
les-coupons-de-saint-pierre.fr,0
freestylebikes.co.uk,0
ygiwqoq8uoio.net,1
iuuxuyiidkqt.com,1
javayhu.me,0
schemecolor.com,0
mrxttyxhmbgqlbrwgeil.com,1
english-bird.ru,0
hylinkdigital.com,0
gamedetectives.net,0
seasonscoffee.co.uk,0
cucoxirs.ru,1
ukviqoagriquwei.ddns.net,1
iqkwkugmkeseoqma.org,1
enricomiceli.com,0
lysyvur.com,1
17ukulele.com,0
asvcqpuror.com,1
hdyljjqgkpycpyi.org,1
pecsradio.hu,0
forceline.com.br,0
skeelbox.com,0
sexanddesire.com,0
uovqagyxgf.com,1
pub68h54j46k37era67pscxm29ltn30bzhwl18cq.com,1
nicos-edvdienst.de,0
everardoherrera.com,0
yjw2mjw03fsp72a.ddns.net,1
landregistry-titledeeds.co.uk,0
hggvhhiyd.yi.org,1
almaaedu.gov.sa,0
taylorwimpey.co.uk,0
jugadi.in,0
qjswqelqwgrqkia.com,1
ggfqyuiiuycg.com,1
futureearth.org,0
bplhbjpfqwvgkqx.com,1
wscu.com,0
iqoqwgeuaocsqymi.org,1
norytaf.info,1
pwvrfmhqcfaqb.org,1
gexfmtlbruqfgpuk.eu,1
sisraanalytics.co.uk,0
tgkim.net,0
kinson.pro,0
oshpandroid.com,0
oubkvwvmas.com,1
fmukq.com.tt,1
voychehj.cc,1
hdfilmifullizliyoruz.com,0
mengfoot.com,0
rate-of-cb.com,0
onlinefreetools.com,0
darkbreak.net,1
seocenter.it,0
psbnsmmuqoni.xyz,1
moteplassen.com,0
lyricsor.com,0
diariorombe.es,0
tacticaltailor.com,0
gmkqiwywkogeukem.org,1
leadsoneclick.com,0
tokdixwlhknq.com,1
paragraf-book.ru,0
xlxwjtlwtdokowdzyr.com,1
teshflpxgtocns.to,1
esprit-foot.com,0
ccncflladeaoaaec.com,1
dpssoftware.co.uk,0
la-familia.es,0
gy4mcmk6k2g6.top,1
humlog.co.in,0
24pm.be,0
modestphotos.com,0
negotiationcheckbornpossess.com,1
totallyfreeclub.com,0
oqqdwhvwf.su,1
sansani.news,0
taiwancum.com,0
16gjat74127n30g4ohcdi0q.ddns.net,1
ganevu.info,1
wholefoods.com,0
dym.asia,0
leukjnxiique.com,1
omueqojpuaabaerq.eu,1
rbbritishmarine.com,0
xyowcxupnxnujqsc.eu,1
bluesblastmagazine.com,0
laguenak.com,0
ueszxztokz.com,1
taakkad.com,0
brooklynnwashington.net,1
unaflurnifd.com,1
gotoseajobs.com,0
findfuelstops.com,0
govtjobsresults.in,0
gamersadda.in,0
lufenna.com,1
greenality.de,0
chrisdeclaratio.com,1
facittemporales.com,1
pcrcjgtmyujwftyq.eu,1
g2ouomcm82cq.net,1
fkysupdqyxdakxip.eu,1
cinotlo.com,1
businesstrainingworks.com,0
airspecialtycorp.com,0
wsgixtufevrvj.biz,1
soubrasilia.com,0
a2ix16edy61f1xg.ddns.net,1
thecoinedge.com,0
heartwarming.com,0
atehofygpvrtp.info,1
nwgsupbxiqyonbou.eu,1
lieqizhijia.net,0
oldutinw.com,1
ewotdirnafs.com,1
puvydap.com,1
empires-and-puzzles.blogspot.com,0
cktklfxyqoodiqveiao.ki,1
wt38cbit3bstc0u.ddns.net,1
aoodbbakbamnalld.de,1
unicarspa.it,0
tccstidedtrkctxi.com,1
gatesfoundation.org,0
loungekey.com,0
showsfire.la,1
enqm.com.sv,1
tumiihatomdouto.ddns.net,1
hilinehomes.com,0
nghean.gov.vn,0
toomuchwifi.co.za,0
siliconhouse.net,0
nqpeqtkbfhwomadab.me,1
xoauth.top,0
prvyajfhlq.com,1
32gnyngfylol76wn3ho.ddns.net,1
bryryhbgtpgf.biz,1
odinm6cnw0on18q8ijk.ddns.net,1
slawomirambroziak.pl,0
infogoround.com,0
pvipotestproptersiveni.com,1
italaw.com,0
y4mn16a2ufqroj5jkjq2cls.ddns.net,1
csblertchaqvnacl.ir,1
tellico-plains.com,0
iqcukuwsccgeeyqo.org,1
ajmropitmnixibi.ddns.net,1
umomafreotubba.ddns.net,1
ogdcrwyongnq.biz,1
responded-plug.ac,1
kill-the-game.com,0
bitcoin-code.co,0
packliftreserveassociate.com,1
uplust.com,0
xeogeiva.ru,1
tridocs.com,0
edupadhai.com,0
apostiladoenem.org,0
cuekomavuitcda.com,1
newscar.gr,0
gxxxbedntkhg.pw,1
zedo-fashion.com,0
oxvtbkqjemcnjortj.su,1
alapizarra.es,0
perbang.dk,0
arythqqgtmjkjauhqa.com,1
casanissei.com.py,0
acquariodicattolica.it,0
redflag.org.au,0
prosportstransactions.com,0
raaxasana.ddns.net,1
ctkqegubiswvteyvtk.com,1
ncjstcwqtg.info,1
corcdgfqbex.cc,1
kumiwkmcsccuouii.org,1
bmmpontmdkcx.net,1
imevriko.ddns.net,1
aformuladoamor.com.br,0
oekhjwihesi.yi.org,1
velquisdeicharitasverbum.com,1
gdhiwlblcaoxrm.pw,1
mropxhxyqxsx.me,1
xalsxwegptvlfgnnq.com,1
mbkr.jp,0
jwpmulnfymrfl.biz,1
tonight-liberty.top,1
i6qbs8yhcv54sxabwlk.ddns.net,1
egsuispenitentiales.com,1
aoin.eu,0
growtraffic.com,0
sexualitylogs.co,1
gni.com.ar,0
voyuer-proper.tj,1
q67re8idupudgbmps0kxe2k.ddns.net,1
2analyze.net,0
poketips.fr,0
rxeoheiutlcs.com,1
ehovivqode.ddns.net,1
lnrmbppqkelrtlmz.com,1
lymuw.eu,1
lkdgsrvstsxdsvxy.eu,1
k218q63p7x3v5tex125.ddns.net,1
ftzmall.com,0
e82gu8ycucus.net,1
accessfp.net,0
q4icmwi8y4uk.org,1
pwnthwulogiumver.net,1
fiamma.it,0
ewfzv.top,0
filterzentrale.com,0
futuresource-consulting.biz,0
earlyyearscareers.com,0
betbvisobxocbbbci.tw,1
puxneixe.ru,1
gmsgoaqwogqyomwm.org,1
gxaa.com.mt,1
nhwqbqqmb.com,1
nzlii.org,0
highway2vape.com,0
ytexsqkckv.com,1
lnficcoovi.com,1
02cqsm0u4usy.net,1
themajka.com,0
ckeacfdklenndlld.de,1
mplziiluogikfm.com,1
inboundmarketingagents.com,0
leaguesuckcycledogcarpet.com,1
onepagejoomlatemplate.com,0
emmiiyuuwayiiuuo.org,1
decodedscience.org,0
sowgjprqsnvtorlmvmrtpifvc.com,1
nvrpdr4rvke14lsxez.cn,1
nucqcaatmh.com,1
omumbeobh.ddns.net,1
tbwywqfsdcghdbalb.cc,1
lamst-a.com,0
mziakxxeieemqaxags.biz,1
thumbs-groups.com,1
pbhigjihybblwaagrh.ac,1
qrixfgnquidn.net,1
gabaporo.ru,1
iv4re2oklh1wp7ukn7.ru,1
kummyaiq.biz,1
rylegel.info,1
86oy8e42s24m.top,1
comtrend.com,0
plzsttn.dyndns.org,1
superchamba.com,0
ihavebook.net,0
fullyhd.com,0
hooogxruejct.info,1
mitsuihosp.or.jp,0
sagaftraplans.org,0
eokykwiugkeq.biz,1
heklya.ru,0
emvibaro.ddns.net,1
curitibaantiga.com,0
woodhavenatparkbridge.com,0
mostreliablecarbrands.com,0
ipsacennonquilibette.com,1
ogiamsskwcmwaook.org,1
ilirwufs.com,1
dlshsi.edu.ph,0
narodportal.ru,0
sheffield-found.tel,1
ihteniegs.ddns.net,1
245ys.com,0
yxjklypgar.com,1
idg.co.kr,0
ppjfdvxywwq.dynserv.com,1
ahmetkolcu.org,0
404.digital,0
824uki8qoygu.org,1
dffefklcffldffke.com,1
6l6zw6bcpt6yjdlsix.ru,1
o11lqn60p32fwoqm59dse11eqa17ita27hzhsaq.com,1
forexgroup.org,0
todocontenedores.com,0
primowater.com,0
centumfaciunt.com,1
dishtowergrasssavematemarch.com,1
narraturveresitverapecu.com,1
goyrtveopwmxpmeia.tw,1
ifgjsfjwo.dyndns.org,1
bndxbjgpidkp.com,1
takiplus.com,0
xvideostation.com,0
xxvglkjmuvro.com,1
achatmat.com,0
bphjbmrigeklwsrnc.in,1
basrzer.com.uy,1
coolhockey.com,0
iwanamihatsumi.com,0
ahrywl.tc,1
cewwkosqgweygsao.org,1
mwqwyoio2s6w.org,1
moel.go.kr,0
qqjpkxjzczk.dynserv.com,1
mmggpwhxumpk.biz,1
storyfox.de,0
opengaz.ru,0
okcakwiq.net,1
filme-2017.com,0
berneroberlaender.ch,0
calliframe.com,0
matrixhomecare.com,0
toqteoxa.ru,1
sfcrowsnest.info,0
finetrees.com,0
yhhmfiosgfi6ew27z4.com,1
kamishihoro.jp,0
dnainfotel.com,0
temhosjjrcini.com,1
itveleamncuiusconcio.com,1
nolierivi.ddns.net,1
byudzsao.cl,1
sinningpaladin.tumblr.com,0
kixswbdvbuecxhlghhkk.com,1
mediashop.tv,0
agarwalmatrimony.com,0
emdsverona2018.com,0
cabicon.com,0
hotilpbgmlp.com,1
jaqdmcstpauymgqmj.com,1
tiffinmotorhomes.com,0
bbqyttnmmfvf.ru,1
rghwarmlxmqivfmcs.com,1
uhitwiel.ddns.net,1
sinn-ess-wandel.com,0
horse1.es,0
ideateachmeetsiteshineessay.com,1
smtimes.ru,0
orelagmei.ddns.net,1
pageexecutive.com,0
yghannmivgrifylp.eu,1
popo-mall.com,0
westmanjams.wordpress.com,0
automatesurvey.com,0
psllh56ob8htxeiig6.cn,1
gaqydah.com,1
mtp22mzmznzf12kzivhwo11lvizo31f42drmu.org,1
ldbabaonaaakaedd.com,1
figaeludgeakugd.ddns.net,1
dsfoy8vf44er5ydg3w.net,1
kqdzdqlydzl68lvd60hxh34dsize21hqa57l38.org,1
mametok.info,1
mctnyoydu.com,1
gawalafiminefio.ddns.net,1
caissallc.com,0
civicaepay.co.uk,0
px1shop.de,0
nailhostmarketadvantageallow.com,1
bhfefiiwmfweoiyw.eu,1
okkoolnuevmi.ddns.net,1
niceday.tw,0
eubank.kz,0
mdtovrvgyl.com,1
enfscxuhxnyanolqh.su,1
dsmt.com,0
glgsefaroembmgti.eu,1
listnetworth.com,0
f-zhou.com,0
historyofcirebon.id,0
iqu8xwft1a1wgc3ach.cn,1
table-mendeleev.ru,0
disputabunturcanonum.com,1
acapellas4u.co.uk,0
jeannettewilliamson.net,1
dwkgjfvscvshrqjy.eu,1
ikmk20mom8mw.net,1
irygatory.pl,0
taoqian123.com,0
ballallmemcladdc.cc,1
bulldogcatholic.org,0
cm8icuw2oiou.net,1
kitefly.in,0
cisimeqscwawamek.org,1
pickcity.net,1
bluedevils.org,0
pyhrnjoxeirreqdg.com,1
russian-poetry.ru,0
horizonservice.it,0
tsilfaftadrrs.com,1
vulners.com,0
aohqujoobisewksw.eu,1
erickranich.wordpress.com,0
journeyminute.net,1
aomkacdooamcelnf.info,1
woundfinger.ws,1
sofrlwbecnv.tv,1
mjfhtglhqg.com,1
aismqsuiwcymao.biz,1
igeqfvywfendpuv.biz,1
e0uhy8opyx7v16gl38ede6c.ddns.net,1
fhu.edu,0
usmyumaeuuscyagg.org,1
interracialromance.com,0
rheinfall.ch,0
slyxmp7pk8mbw2ab36w.ddns.net,1
mallobndfmaabnac.info,1
jvjfahmhcdbujcqd.eu,1
evmmhu.am,1
tamilkurinji.in,0
sizijuh.info,1
dietdotliftsearchwellpriest.com,1
zbotydrjlj.com,1
cfmachines.com,0
a468qkqwis2s.net,1
layerremaincontributequote.com,1
toohotlimited.com,0
pv1dr4b2ww8j2rqxb6.biz,1
sxhmwpryjlcejgug.eu,1
concumerbarometer.com,0
lgdfbbwymz.com,1
elhom.mu,1
comarit.net,0
nakedyoungmodels.com,0
mwy4qois2824.net,1
articulumauvelfacile.com,1
kxobwgfuzs.com,1
resalaschool.com,0
aerostudents.com,0
firmendaten.info,0
hannasd.org,0
sellmycar-uk.co.uk,0
chacabuquero.com.ar,0
cuhligwlyo.net,1
avrigo.si,0
javonon.tj,0
larginefiorito.it,0
stayonline.tv,0
minehq.com,0
divinocultivo.com,0
hsybxjuuhiv.dynserv.com,1
semico.co,0
blpjrcfjfgtximybi.tw,1
nightcomplete.net,1
djosgivlhmuisbyku.me,1
qvfsxdxqz.mooo.com,1
krasgaz.ru,0
20minut.ua,0
sqg24y4i4msq.top,1
fiphksndhx.com,1
mydaddyporn.com,0
thehungrymum.com,0
uywmjiyaonjoinph.com,1
emcaoamikieswymy.org,1
toobahotel.com,0
cosmeticobank.com,0
ruqpdqruvorq.ru,1
cq4isqoekmwa.net,1
kymohiirsa.com,1
ravenpack.com,0
teslaconcursos.com.br,0
pornexa.com,0
perovotv.ru,0
gurahlendir.blogspot.com,0
tribuneindia.com,0
answerbornbikefirmlecture.com,1
hd-toner.de,0
cymgclv.yi.org,1
yftd.com.bs,1
xelprca.es,1
projectzeroframe.altervista.org,0
lfirvgtlhjppqt.com,1
ayirac.com,0
koelner-philharmonie.de,0
papacasredimuntquamquil.com,1
hexinbbs.blog.163.com,0
controldiscover.com,1
ghssbyznt.com,1
kewttsjnyl.com,1
contratimneglsualia.com,1
jeomodac.ru,1
quoverbis.com,0
sodeovcuniywf.im,1
lygesar.info,1
ptfjytevgp.com,1
hospitalappreciateapplybake.com,1
cao91porn55.com,0
umvosqeoya.info,1
inexjqt.cc,1
jeannettemurgatroyd.net,1
metrogas.com.ar,0
dhdi.com.hn,1
safetrack.xyz,0
liliuhms.bigcartel.com,0
papaeilleavariciamsixii.com,1
omhhisuiwcymao.net,1
sizegardensolveslightreward.com,1
weatherdumplearnboxrequire.com,1
hxsepytohm.tv,1
oj70k2mp1lovy8u.ddns.net,1
brpro.synology.me,0
singerinstruments.com,0
taaifdpldetsksa.com,1
aclcqsuiwcymao.biz,1
muscle-fantasies.com,0
altroaffitto.it,0
tarhtojihi.com,0
desmoinesperformingarts.org,0
9flasher.cn,0
rulbbvoggkps.biz,1
ceeqyyagouokgyog.org,1
giperium.com,0
itempiscacurat.com,1
vendossibusseccl.com,1
qjvgzyroecymwresreu.com,1
ponwsdumgdkvcswjvvwf.com,1
ayodeleherbals.com,0
yourgreatestversion.com,0
schusters.ru,0
maximillianblackburn.net,1
tnbegcn.com,1
trulyyoursa.com,0
seotoolshq.com,0
bughpxfq.sg,1
rs-dupnitsa.com,0
milfpornhot.com,0
yiyinwkqeuxs.eu,1
bunalti.com,0
md4lions.org,0
kratkoe.com,0
hipkids.com.au,0
1fstwj7xi6o8mx36q4i.ddns.net,1
wsumkokwuqkyueuy.org,1
trtexwdrselpmcafy.tw,1
wirtschaftspresseagentur.com,0
mziwe41n10d60h44hqo41mrori65d30cwl58m69or.ru,1
csme.fr,0
gxit3vahqrq0c4i.ddns.net,1
broughtmeup.com,0
kkvopwdxypil.net,1
sb7fab12y8ox3bo.ddns.net,1
quisproximusutilessu.com,1
cmwouaiugkeq.net,1
enixonalo.ddns.net,1
farmsearch.com.au,0
am-1440.com.ar,0
pkdcure.org,0
salviaparadise.cz,0
redcat7.com,0
thepearlofbarbados.com,0
ahsrst.cn,0
substitutejennifer.yt,1
shnzk.com,0
ecrauculur.ddns.net,1
jkctorrent.com,0
ibjjf.org,0
razi-center.net,0
e41j26fuavhrjwg23gwkykzmwi35mwivkvet.ru,1
meshalkin.ru,0
hpmkrqnuyj.com,1
aawmceseksauuuuc.org,1
bricoma.ma,0
kxhfewtqopulgrey.com,1
kussagmqogqwukuy.org,1
piraterfaceook.com,0
chintai-ex.jp,0
masawumesuv.eu,1
tdownjkjxttkbeguhgavwgujf.ru,1
mobzoid.com,0
garisletag.com,1
idlungybpnjugwpk.eu,1
effkceokdneabeff.eu,1
lysinex.info,1
gndxeysr.co.ke,1
psilosophy.info,0
jezigielka.pl,0
dam16.com,0
thaynsfox.cc,1
salentomarais.com,0
arkadas.com.tr,0
hiunsaasufpi.ddns.net,1
zqrzdd.dynserv.com,1
oqbefuwe.com,1
zferral.com,0
midideejay.com,0
2gq8ike8qois.top,1
decofa.ir,0
saiglobal.com,0
filmaxis.org,0
btewlkmsmjpoiot.info,1
solefetishh.tumblr.com,0
walterfries.de,0
iaomt.org,0
sicakpornoizle.net,0
quartzy.com,0
qbwpqnixoten.ru,1
medyk-centrum.pl,0
ogueuosqsseiiumm.org,1
uhdixvyeibpgcbboc.pw,1
colegiosantamonica.com.br,0
pornona.net,0
xjygpifycoardupqh.tw,1
aeiugkwgwmeuiaew.org,1
ibbroadcast.nl,0
rlwivrioqoqlixdx.eu,1
thewhizcells.com,0
skmzayrmvnvesxrkhofybmca.biz,1
a65nm65vmxqbi6ep7t1.ddns.net,1
sbvreb.mooo.com,1
gqwgeosswywyqaik.org,1
qirivuxd.ru,1
joybdieetx.com,1
iapyexdeirxqlqqp.co,1
qafnidof.ru,1
aeukmiuokqqumism.org,1
sunadchaclippo.com,0
tsubasa-note.blog,0
tyr02.ru,0
ulkoibdueti.ddns.net,1
amalalamuddinstyle.wordpress.com,0
pf4zu1ycdg6dy174f6.cn,1
core.com,0
hnshxxp.cx,1
photodoska.ru,0
hcmdxtwobuxd.biz,1
bitsnoop.com,0
referraljapanese.vn,1
vydftxyqzwaihhil.com,1
media4web.cz,0
dshvkjvlbingnefr.eu,1
sorisadas.com,0
mdfyhhcevwew.net,1
clevocenter.com,0
ivsemlyxehgrdkkl.eu,1
hzaxfc.hk,1
xcpxgavyegzfzrtrhir.com,1
723zcyi27u5upnxhjy.cn,1
pdbipafox.org,1
tricorn.co.jp,0
intitle-kitashinchi.com,0
titanspain.com,1
sellspoints.info,1
naholdota.com,1
ganykuw.com,1
amritsarmail.cz,0
sitpenasecclesiis.com,1
pglms.com,0
odohdpwfvfud.com,1
qiwfjllunhco.com,1
mfoywxofhorcprq.cc,1
mworkerhouse.ir,0
globalicp.com,0
blccnaalefanddbk.org,1
wifedanger.org,1
bretty.de,0
xiejing.com,0
liaroc.org.tw,0
ppuggixbfyvmueh.com,1
bedfordhistoricalnh.org,0
qinmwnmlcaouwliav.net,1
choufdrama.com,0
rateabitch.com,0
icvrfwf.nl,1
viacorretor.com.br,0
tucakaqalav.eu,1
melhoresaplicativos.com.br,0
irandotnet.com,0
wjoipwnansnan.org,1
sexviptube.com,0
tyme.ru,0
wwgmueieycgyyyge.org,1
ustreamix.com,0
antonettephilander.net,1
faketoftad.com,0
soamadores.com,0
s606cegm0a8q.org,1
bluemountaingallery.org,0
studyisland.com,0
ivitheaclixa.ddns.net,1
dom-eda.com,0
ebookread.org,0
uroccuximivibia.ddns.net,1
ddakcecfbnbofbke.net,1
gsmland.ro,0
swcredit.com.au,0
sugarwebfirmgiftdraftserve.com,1
udadfihi.ddns.net,1
w6ylcb38kp3xufslm4u.ddns.net,1
simplifiedlaws.com,0
u0e4iwm4agyc.net,1
christimfitculpam.com,1
galef.eu,1
neologica.it,0
jahanpars.com,0
cqhyvkqtwauqshhabuuauapv.ru,1
oofvkldeemup.ru,1
gotwyyeoya.info,1
warranty.co.in,0
mabonuk.info,1
iqecmouuqueucscq.org,1
txdokpyrqtrhtlwt.eu,1
trgfjqbchpjs.co.uk,1
zxmgoduq.com.pt,1
lamiwguc.com,1
aocednfflbeenlkf.com,1
drwp.de,0
ygmiqtjuxdlafbbr.eu,1
dutylistexchangeswimprogram.com,1
cultureofhealth.org,0
comparezachetez.com,0
bagsq.com,0
zglww.net,0
computingbook.org,0
tilacgetl.com,1
koran-jakarta.com,0
gooiarociurup.com,1
vogelpension-blankenheim.eu,0
nextteenporn.com,0
cosplayforum.com,0
atnozgfqbex.cc,1
destinyhealing.net,0
sbs-herzogenaurach.de,0
cqcesugi0y8y.top,1
gmayqeqoweiuiqka.org,1
m8m4iguoe86w.net,1
kwykgayjpertekksdrc.com,1
dsmvbrhtb18irkra37jqpuhvcvi35gxhxf62.biz,1
ogoxxeaxu.ddns.net,1
medtechimpact.com,0
trgjenjilpub.org,1
petittribulationesvere.com,1
mahjzquizl.com,1
volymif.com,1
ajxsforulrjeoiyw.eu,1
lurvgpydmcjbospr.eu,1
iuokmsiugkeq.info,1
zoo-tube.net,0
shbxecshjjy.eu,1
jihkfowhhgczudsks.net,1
tacori.com,0
c2mtmrc438c4k0u2i2mbgru.ddns.net,1
p52btcyo51e21d60k47pymxfql58k67kterfrgu.org,1
dxhhsjmthbsh.info,1
sexfk.com,0
syhlxxjru.net,1
afvoliovaks.ddns.net,1
libertywritersnews.com,0
admatic.com.tr,0
hausfrauen69.com,0
codeception.com,0
vikjujsiuw.com,1
feet-torture.net,0
dmk55wkzlit4wy7hqb.cn,1
jesseelder.com,0
rolf-peterburg.ru,0
pocztowy24.pl,0
cardinalreps.com,0
keshsan.com,0
mbeicugibgdtwfdf.eu,1
xcbgsdolc.ch,1
journeyvalley.net,1
mhxuqtlhbg.com,1
ebooksreleases.com,0
yourfish.ru,0
jphcgamcgvluh5rtp3.biz,1
wxavyykjltbocvlj.eu,1
schedulelows.ps,1
jpjpidol.tumblr.com,0
sightaugust.net,1
xksrgkpwtq.com,1
zhixue.com,0
com-1784.info,0
flowics.com,0
fuguluggage.com,0
qsuuyljeaejp.sx,1
remaja.my,0
canlialtinfiyatlari.com,0
591pk.com,0
mcppbjyvaiasssile.tw,1
smnfykpqyjqmk.net,1
glkosalovz.com,1
parolaio.it,0
dqbauboq.com,1
directin.jp,0
emacsen.org,0
tvoertiviklrlnj.biz,1
pentan.info,0
szie.hu,0
humeur-piano.com,0
freeridepgh.org,0
naturalhealthsolutions365.com,0
fearlesssocial.com,0
lemille-pattes.com,0
regarddenver.by,1
packagingdigest.com,0
jeologea.ru,1
gradeorganizetwistbecome.com,1
grebidengilopatoi.com,0
qgtmkgfqbex.org,1
qwlubuiewroxctgbv.su,1
pakargadget.com,0
agium.su,0
wqfjqkortwppdivim.cc,1
pretchristiani.com,1
baixandomp3.info,0
wrebsuccess.com,0
network-marketing-online.de,0
svoe.guru,0
quodvenialiumnon.com,1
creditrewardrepairsuffer.com,1
xjfbxkn.org,1
chimpomparty.com,0
gwop.ag,1
uca86wigqoa4.org,1
cosplayba.com,0
autogrow.co,0
porn4all.cf,0
huwexewoi.ddns.net,1
gojkdufqbex.com,1
ewduarujle.yi.org,1
wai33.com,0
sherasolution.com,0
foodtown.com,0
musirgafl.com,1
pussystate.com,0
ipe8gt1dwn5tobcxa4ejavq.ddns.net,1
implantcenter.co,0
spmamnon.edu.vn,0
gqwigiysswicioqm.org,1
hsenergygroup.com,0
raito.co.jp,0
elwmqfl.ag,1
yrvoxyfqbex.com,1
a8azctyq6clsc6avkp.cn,1
kejuwyx.info,1
ciaqoaayaiwiyaoc.org,1
dxtv.gob.ar,0
kykgmmyuogaswuuc.org,1
shscience.net,0
elcontador.net,0
oeesfedpwfvf.pw,1
pdaejuhqzp.com,1
cgrealm.org,0
cpf.co.th,0
christinacharnette.net,1
euusulkkbuxw.com,1
ftjumvh34dyfqhugtpudteukqm69j46i25l58.com,1
djv.de,0
mydailyquizz.com,0
newsexerciseshapediscover.com,1
eolomdbbquir.com,1
toolpersuaderealizeguyhave.com,1
3ro050gnmjah1hi2av5.ddns.net,1
potbeneficiasinuntvepis.com,1
krovhcyxxhkvnblrtljaut.com,1
brpbzxgi.com,1
pamjenkins.co.uk,0
imperialbeverage.com,0
gezvrcn.ir,1
spacastleusa.com,0
100percent.co.jp,0
oevwwguiwcymao.info,1
wkfbhertuvtoom.com,1
fantasiahaircare.com,0
datenblatt-pdf.com,0
owcivkjqjhpfhhobk.com,1
etiaminfernusoperantur.com,1
risardi.pl,0
18gbodil7h3hwty.ddns.net,1
rockshow.net,1
volopatotej.eu,1
bcfddbdddfbbnacb.com,1
zmwoezwkti.com,1
linetastecancelparentbalance.com,1
muninn.fun,0
ixw27bul5rkv1v3rgno0a0y.ddns.net,1
wqufxcci.mu,1
hrgwtkaaryplkmsiucr.net,1
artscroll.com,0
wpfgosfisv.tj,1
dfsbtcdfbydurncxg.com,1
matiesstasport.blogspot.gr,0
sofonguhedd.com,1
ogiamsyqksqickee.org,1
bunnyluv.com,0
myfini.com,0
bootboardgatherpoundcarry.com,1
kdleeaeemboedcfa.de,1
lxaudhrufnrmkvpcx.su,1
bresink.com,0
opensuny.org,0
mfjpcdcagr.yi.org,1
mclrgueoya.net,1
alemancenter.com,0
edirgit.com,1
sritvlive.info,0
fasuurokow.ddns.net,1
e-touch.com,0
jspslsbvsmbcdnoxfdz.com,1
babytips.gr,0
1nqsebkcyfauqwdcny.net,1
dprmvux.fr,1
epowwy.mn,1
lilanikole.com,0
hxjezssbbv.com,1
stayblcam.com,0
jabiki.ru,0
thosetrust.net,1
tpuftuykpqvejqwjp.mn,1
qgknrjsdvp.com,1
bamnol.com,0
cogly.net,0
capitalhuntdealsmokeboxclue.com,1
thetvaddict.com,0
pensadordeapuestas.com,0
jicmpjbyrfvy.biz,1
buket-piter.ru,0
stpetersburgfoodies.com,0
longtrailholdings.squarespace.com,0
kjrfvixpoipawunco.su,1
strucverusredimitpapales.com,1
mariapsicologamadrid.com,0
tomcomp.com.ua,0
morlsufjatghxgcww.com,1
jmmssahresvhuyovnat.ki,1
nittaa.com,0
shriramsharnam.org,0
q4up12u6af72k2s.ddns.net,1
remissionempaeodem.com,1
reconciliaturrelecclest.com,1
pankreatit03.ru,0
shaftpain.ph,1
bluefishweb.tv,0
agava.net,0
vjmenusqmy.com,1
searchshoppinginformation.com,0
homedownload.ir,0
narolsa.com,1
felmcyber-hairy-armpits.tumblr.com,0
zoyathinks.blogspot.ca,0
pancard-online.org,0
shynessotlmhsnzn.site,0
pese-lettre.com,0
mvkxgdehmrerkjef7456ofw.ddns.net,1
gametrics.com,0
wpmavi.com,0
1hy63fw8w6wr305.ddns.net,1
thermovivie.com,0
oqagigexuvciaca.ddns.net,1
ecjoehuenmogtndq.eu,1
pfaff-silberblau.hu,0
wehaldof.com,1
kyokwmesayqcgywc.org,1
lndcafmfebcmmofa.co,1
acwyccsiwldmqlpwku.com,1
koosracu.ddns.net,1
tryadsfox.cc,1
gegixiexa.ddns.net,1
aswgjokkq.sc,1
beauxthemes.com,0
chapter-ten.com,0
aais.com,0
4admins.ru,0
lvrofiaqfdojerwljvkwpllbi.org,1
rildugto.ru,1
cada.fr,0
iuayqogummwyokek.org,1
jackdaniels-150.de,0
manabo.com,0
trickstercards.com,0
komatsu-rental.co.jp,0
ce8qsecusq4m.net,1
elitesafelist.com,0
arag.de,0
runrun.com.hk,0
polymerprocessing.com,0
vncapuaxpz.biz,1
antiquariatocosta.com,0
wuilqaevx.ddns.net,1
medivere.de,0
lidaklimenko1957.blogspot.nl,0
ehwtgigj.gr,1
epg.gov.ae,0
aaabcnddbdcbmnme.net,1
lyricsfi.com,0
tinderfoundation.org,0
antarafoto.com,0
ilux360.com,0
ewwwykuiwcymao.net,1
resepcaramembuat.net,0
hardcoregaming101.net,0
gdrasjv.dyndns.org,1
dunollygardens.com,0
bssmellhdxoq.biz,1
zonamaduras.com,0
madisai21718.blogspot.mx,0
rookiewebstudio.com,0
iheartbreaker.com,0
dqvinifox.cc,1
geouvsiugkeq.net,1
pharmacyonclick.gr,0
vwdwhhonkcfl.biz,1
meditab.com,0
qask.com.tw,0
yvkutsuoqosqsrcydfwofurdu.org,1
salecarry.com,0
nuahbomitod.ddns.net,1
idknlf.tv,1
usafmarathon.com,0
vulkbwzjmg.tv,1
servedgilbert.wtf,1
mbcaldflbdmckffa.org,1
parselsorgulama.gen.tr,0
nigeriamedj.com,0
xwtzobrmo.com.br,1
tractable.io,0
lxfekapufow.com,1
dkrurkn.cc,1
uggadgets.com,0
pishro-rayane.ir,0
pilcanwe.ru,1
yplwastahmpjvtxfq.pw,1
atgj.net,0
vraboti.se,0
guasavemp3.com,0
wfbvillage.org,0
agilevelocity.com,0
relite.io,0
penxhru.mooo.com,1
asfubiarkuamo.ddns.net,1
biw31rutkpwy2voc8s.net,1
hsdyn.com,0
rosalindphilp.com.au,0
airlinecarryaccountscale.com,1
dvb-t2-umstellung.at,0
shjuovpp.com,1
pxkhtpyufnby.com,1
helmykkediri.com,0
wucy8uo2wy82.org,1
curingo.com,0
jfulslmuuujm.com,1
pqfuusekck.com,1
bnzv.com.jm,1
riskmadeinwarsaw.com,0
cinemdi.com,1
derrwpsasaui.com,1
primeraplus.com.mx,0
eltcgpyyulnviahsztm.com,1
amateur-couples.tumblr.com,0
vcfeedback.com,0
bioskop138.com,0
fmtc.co.nz,1
wtehkxchchao.co.uk,1
australiacheck.com,0
biteseparateprintdigresolve.com,1
asianhardtube.com,0
punchcardmailer.com,0
o6w8ity8opoba0qps050o03.ddns.net,1
web001.ch,0
etdzjygrexlvjuiyctlwkwk17n50e41cwn50.ru,1
cx500forum.com,0
vanitybydesign.com.au,0
searchprovider.org,0
ledpoint.it,0
alphatc.co.jp,0
placebookmark.xyz,0
khviebhnpmepr.com,1
oqbqbwavexoze31irbtgqh24b68pyf22dtf12.org,1
bcfc-online.com,0
axwawaafri.ddns.net,1
nomaberusole.ddns.net,1
txumyqrubwutbb.cc,1
izzit.org,0
etbu.edu,0
jpfpjolna.com,1
tstransco.in,0
typujemy.pl,0
vxiitvnvylposrnps.com,1
xubvnkiychfw.tv,1
so1.co,0
xbiuashsrp.com,1
iheva2183hwhsnibwfw.ddns.net,1
teenymix.site,0
ibqfdbykxydvbd.to,1
catawbacountync.gov,0
uniqueps.co.kr,0
cewumsur.com,1
boniwyk.info,1
bhojpurixp.com,0
somrvw.cc,1
bluestep.net,0
englishpedia.net,0
keicoqga.ru,1
qoqbeopi.ru,1
pneumatiky-skladem.cz,0
instrumentalsfree.com,0
samsoniteindia.com,0
pomtamenindulgentiarum.com,1
gmt-architekten.ch,0
myschoolapps.com,0
perfectvpn.net,0
unions-providers.cn,1
classecontabil.com.br,0
azine.kr,0
xudikur.info,1
gqmkwiaoecgioees.org,1
southoctober.net,1
m270ons6els03dcb34sj14e.ddns.net,1
makevif.info,1
habetpecuucelum.com,1
ydy020.net,0
tjavranlbsgy.com,1
orsiniemidio.it,0
wmyaesiugkeq.net,1
gicaslafi.com,1
vilgirhu.ru,1
kygccyuiuwoqguoo.org,1
info-tpe.fr,0
lsvd.de,0
fdadlbmbafacedka.online,1
withinpower.net,1
hit-texas.com,0
puvypug.info,1
dominatrix-chat-city.com,0
songtuesday.net,1
sportswearable.net,0
maeremisremiperinte.com,1
dailycdr.com,0
virilbooster.com,0
armpitslover7.tumblr.com,0
7rgv1hiv3li8ytwp3p5.ddns.net,1
dynamicresume.in,0
dnsdehnb.ir,1
wnsvansjqgjqlcc.net,1
courstechinfo.be,0
emakeup.ir,0
rionncnwbe.com,1
guaficet.ddns.net,1
higafluh.com,1
xpkct.com.gl,1
xgbjvkogtfednprc.com,1
chasecricket.co.uk,0
o72fgzr1d5jhajgtuc.biz,1
teckspark.com,0
huset-la.myshopify.com,0
adultmovies.ml,0
maisongodillot.com,0
concesvanaeuangelium.com,1
e21cn.com,0
hnmylhxtwcnw.xyz,1
gamewakeradioretirecharge.com,1
rest-sova.cz,0
guoth34p52d50l18cukxg43hzktiqnrnug23iv.biz,1
iban.in,0
vicokomu.info,1
caricatura-ta.ro,0
porsana.com,0
omyycscbmccl.com,1
subtitle.website,0
officiallyjd.com,0
kwsuspension.de,0
kcsymphony.org,0
wmnoegeopffxzyqukde.com,1
lesbico.net,0
3b7xwvsvcbe4udadq6kn14q.ddns.net,1
gravuresurbijoux.com,0
amd.gov.in,0
sentsin.com,0
miykaa.livejournal.com,0
gamingslots.com,0
cugmhp.org,0
methodcash.com,0
acvp.org,0
casanova.audio,0
concursovirtual.com.br,0
jsluyr.tv,1
eakkdkkpopwx.org,1
shtong.gov.cn,0
garrett-moving.net,0
armyacademy.ro,0
sdpeyqrxhghcivy.biz,1
charli-italy.tumblr.com,0
kampanyavadisi.com,0
cc222.com,0
campaigncostdisappointed.com,1
michaelcrump.net,0
animatics.com,0
cioceqcoouoiuwwe.org,1
nnfile.net,0
cyaufsiugkeq.info,1
edyxi03j7ry4k27.ddns.net,1
ongig.com,0
wgswuptqsgqdygig.us,1
laguiainmobiliaria.com.mx,0
syoisioi8uga.top,1
standingvoice.org,0
politicheagricole.gov.it,0
lyrelox.info,1
nsscttyhifcj.biz,1
whalekept.eu,1
subcyqpgrsnk.in,1
llexeter.co.uk,0
besa.ao,0
clipper28.com,0
domex.do,0
i2kay.co,0
ficlimxcsscmary.com,1
wlaecrecniqigqh.info,1
lordraise.net,1
cawefdir.com,1
pyptgxurgxoyy.net,1
playdraft.com,0
teamalkaviva.com,0
qcokbjcfksor.ru,1
ecigasuiwcymao.net,1
instanab.ir,0
veooz.com,0
ezrmiqtcvq.com,1
troydelivers.xyz,1
avcen.net,0
risingeagles.mobi,0
recercaenaccio.cat,0
orient-silicone-hose.com,0
cegoflacgif.com,1
oltretata.it,0
metrotraintimings.com,0
dxpah.com.gl,1
naijaerotic.com,0
tgbtrtbdoflnhi.com,1
scstock.com,0
bigbigman.com,0
xtfunilmytab.ir,1
lyxaluja.info,1
igmgq068q46s.top,1
theinfinitemix.com,0
guitarforbeginners.com,0
easydata.pt,0
ndschorverband.de,0
plancareer.org,0
dnagdlnxwdxrekyhlk.com,1
ntirfyitgqkviql18hxmvkwhveqbzm49hu.info,1
yskfpdhr.ru,1
raghunathsinghtyagi.blogspot.in,0
staugustin.de,0
tuldejmxyuvy.ru,1
whndtnqaadejmw.com,1
scmunwbfyryjwsdsx.com,1
isorgemsa.com,1
spyware-covered.pl,1
zxfrqyfavp.com,1
youtubic.ru,0
lapalomahoy.uy,0
praxis-dr-daffinger.de,0
aroundnature.ru,0
iqpmasuiwcymao.info,1
apachepokerchips.com,0
gksbzzbsgy.cc,1
ctiswadsholapet.org,1
isanok.pl,0
cibtp-grandest.fr,0
macone.vn,0
redbarradio.net,0
greekgamingsyndicate.com,0
immobiliarebotto.it,0
trustmark.com,0
bynfxwndyhpjeozonvzxtugxg.com,1
meile.com,0
phonenoninestimabile.com,1
ebawufkyumoqekgn.eu,1
luxkabeh.ru,1
fulucgifsu.com,1
uoemsyswiqmukyie.org,1
aclav.com,0
cedarpoint.com,0
niqodoks.ru,1
ewagdwiugkeq.info,1
lqymhvluciovwp.co.uk,1
winkeler-bau.de,0
mentalcurrency.com,0
institute-london.co.uk,0
nvpg8a6axus5ek2hjs.biz,1
qd2rhg3xwrfhebo52l.biz,1
avactis.com,0
siquando.de,0
tanechka-s.livejournal.com,0
manuelstore.it,0
ibusmedia.com,0
v-stella.com,0
arlingtonanatomy.wikispaces.com,0
faqewebi.com,0
usukigkgsakicume.org,1
saludnqn.gob.ar,0
theequitykicker.com,0
xudoqyr.info,1
hxhgttbapk.com,1
safanwacesd.com,1
gdson.net,0
googansquad.myshopify.com,0
0y4iceku86s2.net,1
blacksails.su,0
rjgqrrbydhuda.ru,1
5x7fwte2gdmdox5fgj7.ddns.net,1
ygjjniorguonm.com,1
yauusoskycmaemuw.org,1
serovital.com,0
ybtfdxwtknbcys.in,1
gp54qdebc6krgp7.ddns.net,1
lemonsforlulu.com,0
ppr.pl,0
mpnqtgfqbex.com,1
robertprojectpromptamta.com,1
heckifiknowcomics.com,0
qegul.eu,1
pelican-style.ru,0
puryxuv.com,1
iqeyygyoyksyuwcu.org,1
urca.br,0
mpacsports.com,0
catharinephilomena.net,1
yrwchmekwixogic.biz,1
bilforum.biz,0
cyixetf32m49gycvd30crp62bqcsl58hzivhz.biz,1
laresonline.pt,0
profe-alexz.blogspot.com,0
labicard.com,0
summarynotified.id,1
timpanisticks.com,0
simplycooking.lv,1
filsihux.ru,1
bholuvghqjyvlgjk.com,1
cinemascore.com,0
data-tw.com,0
9yaocn.com,0
sms-activate.ru,0
gmg2o2ki4q0y.top,1
fooldot.com,0
u6s676w8gpm8cng.ddns.net,1
structured-data.org,0
mosuruslugi.ru,0
3gpxxx.blogspot.co.id,0
refugeesfutures.jp,1
jjidc.com,0
pendr.co.kr,0
emotions.space,0
vihezuk.net,1
pointblank.ru,0
cewoflurn.com,1
rjyorryv.com,1
saintmarksschool.com,0
aeooyusokwamcwmk.org,1
mmtxeubvokmq.biz,1
mastopatiya.com,0
ekmans.yi.org,1
swhwvwyhyodnwlte.eu,1
odsitongur.com,1
presentesopinaripapampen.com,1
bamuxuni.ru,1
kccdebdcakaeakdc.com,1
mybroswbckiff.ru,1
kdnuubhltkc.net,1
akchalupa.cz,0
zugunder.com,0
cirgizwshjvdyndzlnvivd.ru,1
umnet.com,0
ilunionhotels.com,0
javbraze.com,0
capitalmistakespiteleague.com,1
knihobudka.cz,0
wvuflnvomfq.dyndns.org,1
catherinepickering.net,1
eiyykyggmwukgkug.org,1
electronica-media.de,0
lwfbycfkjpefjejpmdafc.so,1
isucnutsa.com,1
xxggoowjswgg.pw,1
hkfvyuxzxdvxjfwe.com,1
wwxmsyhmtoaf.co.uk,1
themaoptical.com,0
kanizsarehab.hu,0
cgopsihakbka.jp,1
lor-prostuda.ru,0
business-school-international.ru,0
617.co.kr,0
umin.jp,0
politics.co.ke,0
ptonthenet.com,0
whiosphedghi.com,1
lvnbxxltmfcc.biz,1
aleshteraki.net,0
n10eqg23b68gyhwdxe41bucrpvb28muoxh54p52.net,1
bocharik.livejournal.com,0
mtpiomnansnan.cc,1
noteyuva.ga,0
ilmrmxu270u4kvm2qra.ddns.net,1
ecdbmffmoabffbac.co.uk,1
rjpqfyguh.com,1
ixooiqye.com,1
skwamogwgcqccggc.org,1
enlocker.eu,0
pxfkfgvfcbbjfbnq.eu,1
biketo.com,0
wwqnvmujo2uzxk1iix.com,1
stodvwmb.com,1
clubcisco.ro,0
revuegestion.ca,0
fdamcmbdnokecnof.co,1
rouhfoteupoxu.ddns.net,1
ugm-tc.org,0
gmpa.fr,0
vbhqvlt.com,1
mature-fuck-videos.com,0
hpd-gr.ch,0
trabalheseusonho.com.br,0
nodiaylmrcyyubhx.eu,1
wbtahddcsldefiobo.com,1
soqafils.ru,1
8soas1e2fblisp2an8.biz,1
adler-lacke.com,0
cyvxqgilws.com,1
singaporeautos.net,0
teachers-pike.cm,1
iplhvgnqcnbyhwxsdn.com,1
usjdwfalbdwp.com,1
markovka.pp.ua,0
thecompanywarehouse.co.uk,0
rqucswhnjyfmybbcuvaix.ki,1
qvw0e0m0gp1vghors87.ddns.net,1
scc-csc.ca,0
sgvsvrchsxntuixp.eu,1
madworm.org,0
djtujkntbeljjfqs.eu,1
alexandriaanthonyson.net,1
aliklil.com,0
askaprice.com,0
equipowads.com,0
uaaap.blogspot.com.es,0
alorsvoila.com,0
tulrike.be,0
ndnldfdabkbalela.eu,1
iteach.jp,0
frcc.us,0
mojbecej.rs,0
ixbedilauwakur.ddns.net,1
ocykiaammsweeisa.org,1
dlychhmu.com,1
lennox.com,0
bonvancctv.com,0
perfectforms.com,0
pwmngzxkee.com,1
ivpunyfqbex.org,1
faeloedkecalkbal.website,1
hkedu.sh.cn,0
pressure-pro.com,0
gamingsociety.pl,0
intelsysco.ir,0
drgjuig.pk,1
groomershop.pl,0
plastimo.com,0
kelumehoxoug.ddns.net,1
qhglimiqvyxw.biz,1
centraldopilates.blogspot.com.br,0
static-indication.mx,1
informata.com,0
deppon.com,0
thecinemasnob.com,0
zuavaxhmc.ag,1
2277r.com,0
maraskaski.gov.tr,0
myboltv.net,0
findingclarity.ca,0
3tmdmjk0ip7lmp3.ddns.net,1
cnnmlrgakt.com,1
schroleconnect.com,0
filetrap.pw,0
ghoststop.com,0
threehurt.net,1
loesdau.de,0
faddfeeknffablne.com,1
jvgiaaxve.tv,1
ptcoxwjvbw.com,1
gateau-au-yaourt.info,0
snynsjgxwdo0grg.ddns.net,1
pleteni-navody.eu,0
mundoperro.net,0
jfsla.org,0
eowvuuqs.mn,1
tbyabzmgpe.com,1
arnascivico.it,0
gucq0moqc24y.net,1
eurkdirhhlfy.biz,1
topdesignmag.com,0
bpyrbyppxxxk.us,1
1vcv5ds6snkv7fifw2qt1bi.ddns.net,1
md2013.com,0
aeromodelismovirtual.com,0
zylofonmediaonline.com,0
airflowapp.com,0
trdbwyhimvlpxbyl.eu,1
kevapunivor.eu,1
7tohwboxmlc2o81.ddns.net,1
infosol.com,0
vardisc.com,0
manifestation3g.com,0
ul4o1dgckywpv4jcud.net,1
64ycygi8uwa0.net,1
udalekuak.eus,0
aeltc.com,0
dcecldfnfbcbdbnb.co.uk,1
misahgotde.com,1
udduunekre.ddns.net,1
leglerhuette.ch,0
brothernerveplacebringconsult.com,1
fomojomo.ru,0
libramemoria.com,0
kariwwlqgw.net,1
techno-import.fr,0
teknokibo.com,0
formosacovers.com,0
yonahsqvnlvud.com,1
kimberleyeglantine.net,1
casual-dine.com,0
obsplhzppj.com,1
emqucqyaiqqmqmku.org,1
jubong.net,0
tahe.es,0
peqetjvvtmjr.biz,1
aosmeasdjrwu.com,1
dukoqnuc.ru,1
naturalborncoder.com,0
jnlcom.com,0
zephyrre.com,0
xaldfjrkdkbvxybud.pw,1
chiyodagrp.co.jp,0
wyycyagqjfegxukfu.su,1
ugadxypoqyuukxopp.mx,1
zarmusic.ir,0
o21hzivjsoyhsetdqbzlsawl68p22d20ivnv.com,1
kqnxfleceqxcjtusb.de,1
maybematilda.com,0
my-diploma.com,0
123sdfsdf.com,0
zztmz66nh1kyakdpqv.net,1
ebfllaekbkdfakfo.com,1
sesaga.ru,0
iureestcrefactum.com,1
sunshine811.com,0
gossiptop.info,0
ksfkiuezpu.com,1
toms-service-manuals.com,0
hafecaz.info,1
mygermanphone.de,0
alexandreaunderwood.net,1
descargadoramas.com,0
mycaldwellcounty.com,0
yhewyyrttmxjldxq.com,1
kkwgxmnansnan.com,1
geltkertcx.com,1
muatosdxfrexb28ctgre31j36jqn10gqmueu.info,1
mvuljevas.com,0
ieltnkheqi.com,1
clipcash.com,0
stfonline.org,0
nysmokefree.com,0
rjyuosmhfnaedlyg.eu,1
vulcanbagger.com,0
mediaforce.cn,0
detibazar.cz,0
buxvifup.ru,1
w0chs07pwpg2mt1rs07.ddns.net,1
nationalautobody.com,0
segorun.com,0
c-estate.com,0
y4uky82kekyg.top,1
meshoptv.net,0
dybees.info,0
tyqz784tl6z1tj6r66.ru,1
ecvqf.ly,1
theomegaproject.org,0
dart.academy,0
centralvps.ir,0
fuukfocat.ddns.net,1
albahre.com,0
tfqqnk.dyndns.org,1
8y42gig64q4i.org,1
linuxsight.com,0
bgmtjldsebhhvtxs.eu,1
onliveserver.com,0
hofxepthysqhk.co.uk,1
ya-park.ru,0
partnerdatalink.com,0
data-recovery-help.com,0
e8s0kh7xihubmbihcbi03ts.ddns.net,1
hifs.com.pe,1
xn--48jvbwbxfr495bq0d.tokyo,0
lastdaysofautumn.com,0
cvgls2a0ojqj14gx1h3.ddns.net,1
elheedatfee.ddns.net,1
marivom.su,1
degreesafety.net,1
zzpkcfwew.com.ki,1
polandbusinessrun.pl,0
ogkwcmucywawoyma.org,1
dell-brand.com,0
wicedsitan.com,1
blenderworkspace.com,0
uwtfavwlkilbbmug.com,1
ew2w2k2c2gis.net,1
kepelej.net,1
eboa.com.pt,1
fodbkfadncoccafe.co.uk,1
st666jt53du7f7yvcz.ru,1
vjgpcrpcc.com,1
ocis.org,0
doeuq.tc,1
took-donate.mo,1
dufinweco.com,1
licentiosaepromissionem.com,1
tktkejqahkpopqitdkc.com,1
all4consolaws.org,0
davegranlund.com,0
siriteb.info,1
englishgrammarpower.blogspot.com,0
ncxxwbgamcyfpwsvoi.ki,1
wgblpbacyt.com,1
bjfmit.sh,1
cookiecriticizefinanceheat.com,1
f1aldia.com,0
dajsrmdwhv.dynserv.com,1
odb-opera.com,0
dikshant.org,0
al-o.ru,0
canonicascistampercra.com,1
redbrik.co.uk,0
imlqfenansnan.com,1
lpkrmcbirpdy.biz,1
pornomaturez.com,0
nordcloud.com,0
wkceegeoya.net,1
6c4i37rz5b7uaitea8.biz,1
tugaplay.site,0
qucrasseasconcioformat.com,1
yqyavpxkfrqcpvyen.com,1
xulaked.info,1
y8qga0qgaoy4.top,1
nagebof.info,1
ucwukisaa.ddns.net,1
proinvestsolutions.com,0
incontri18.it,0
emuesyqkeaiiigwc.org,1
lli.io,0
gugm4mkqkusy.net,1
encnbemdodkcdcnf.com,1
travellinggiving.su,1
fotosdefamosas.tk,0
receptymeda.ru,0
punching-ina-dream.tumblr.com,0
cookctyclerk.com,0
dvc39c59o11hwo11kypqiwo61fwdqawbwmxhz.info,1
zemachmedia.top,0
hisham.id,0
axhvxcfnsehfutlw.eu,1
ozizkpjtjt.com,1
qcm0a02oqoq4.top,1
versitv.com,0
epayworldwide.com,0
ruff-cycles.com,0
decamob.com,0
