duration,protocol_type,service,flag,src_bytes,dst_bytes,land,wrong_fragment,urgent,hot,num_failed_logins,logged_in,num_compromised,root_shell,su_attempted,num_root,num_file_creations,num_shells,num_access_files,num_outbound_cmds,is_host_login,is_guest_login,count,srv_count,serror_rate,srv_serror_rate,rerror_rate,srv_rerror_rate,same_srv_rate,diff_srv_rate,srv_diff_host_rate,dst_host_count,dst_host_srv_count,dst_host_same_srv_rate,dst_host_diff_srv_rate,dst_host_same_src_port_rate,dst_host_srv_diff_host_rate,dst_host_serror_rate,dst_host_srv_serror_rate,dst_host_rerror_rate,dst_host_srv_rerror_rate,label
0,tcp,http,SF,319,434,0,0,0,0,0,1,0,0,0,0,0,0,0,0,0,0,3,6,0.0,0.0,0.0,0.0,1.0,0.0,0.5,255,255,1.0,0.0,0.0,0.0,0.0,0.0,0.0,0.0,0
0,tcp,http,SF,296,3120,0,0,0,0,0,1,0,0,0,0,0,0,0,0,0,0,15,15,0.0,0.0,0.0,0.0,1.0,0.0,0.0,15,255,1.0,0.0,0.07,0.04,0.0,0.0,0.0,0.0,0
0,tcp,ftp_data,SF,12,0,0,0,0,0,0,1,0,0,0,0,0,0,0,0,0,0,1,1,0.0,0.0,0.0,0.0,1.0,0.0,0.0,136,42,0.31,0.04,0.31,0.0,0.0,0.0,0.0,0.0,0
0,tcp,http,SF,264,4898,0,0,0,0,0,1,0,0,0,0,0,0,0,0,0,0,5,5,0.0,0.0,0.0,0.0,1.0,0.0,0.0,74,255,1.0,0.0,0.01,0.01,0.0,0.0,0.0,0.0,0
0,udp,domain_u,SF,42,42,0,0,0,0,0,0,0,0,0,0,0,0,0,0,0,0,4,5,0.0,0.0,0.0,0.0,1.0,0.0,0.4,255,247,0.97,0.01,0.0,0.0,0.0,0.0,0.0,0.0,0
0,tcp,http,SF,237,1225,0,0,0,0,0,1,0,0,0,0,0,0,0,0,0,0,15,31,0.0,0.0,0.0,0.0,1.0,0.0,0.06,255,255,1.0,0.0,0.0,0.0,0.0,0.0,0.0,0.0,0
0,udp,domain_u,SF,42,42,0,0,0,0,0,0,0,0,0,0,0,0,0,0,0,0,34,78,0.0,0.0,0.0,0.0,1.0,0.0,0.03,255,255,1.0,0.0,0.01,0.0,0.0,0.0,0.0,0.0,0
0,icmp,eco_i,SF,30,0,0,0,0,0,0,0,0,0,0,0,0,0,0,0,0,0,1,1,0.0,0.0,0.0,0.0,1.0,0.0,0.0,84,131,1.0,0.0,1.0,0.19,0.0,0.0,0.0,0.0,0
0,tcp,http,SF,283,1637,0,0,0,0,0,1,0,0,0,0,0,0,0,0,0,0,4,6,0.0,0.0,0.0,0.0,1.0,0.0,0.33,255,255,1.0,0.0,0.0,0.0,0.0,0.0,0.0,0.0,0
0,udp,domain_u,SF,45,82,0,0,0,0,0,0,0,0,0,0,0,0,0,0,0,0,206,206,0.0,0.0,0.0,0.0,1.0,0.0,0.0,255,255,1.0,0.0,0.01,0.0,0.0,0.0,0.0,0.0,0
12,udp,private,SF,105,147,0,0,0,0,0,0,0,0,0,0,0,0,0,0,0,0,1,1,0.0,0.0,0.0,0.0,1.0,0.0,0.0,255,245,0.96,0.01,0.01,0.0,0.0,0.0,0.0,0.0,0
0,tcp,http,SF,197,440,0,0,0,0,0,1,0,0,0,0,0,0,0,0,0,0,13,27,0.0,0.0,0.08,0.04,1.0,0.0,0.19,255,255,1.0,0.0,0.0,0.0,0.0,0.0,0.0,0.0,0
0,tcp,http,SF,307,835,0,0,0,0,0,1,0,0,0,0,0,0,0,0,0,0,14,56,0.0,0.0,0.0,0.0,1.0,0.0,0.11,255,255,1.0,0.0,0.0,0.0,0.0,0.0,0.0,0.0,0
0,tcp,http,SF,305,5381,0,0,0,0,0,1,0,0,0,0,0,0,0,0,0,0,9,9,0.0,0.0,0.0,0.0,1.0,0.0,0.0,255,255,1.0,0.0,0.0,0.0,0.0,0.0,0.0,0.0,0
0,udp,domain_u,SF,44,82,0,0,0,0,0,0,0,0,0,0,0,0,0,0,0,0,208,208,0.0,0.0,0.0,0.0,1.0,0.01,0.01,255,254,1.0,0.01,0.0,0.0,0.0,0.0,0.0,0.0,0
0,tcp,http,SF,245,463,0,0,0,0,0,1,0,0,0,0,0,0,0,0,0,0,34,34,0.0,0.0,0.0,0.0,1.0,0.0,0.0,112,255,1.0,0.0,0.01,0.05,0.0,0.0,0.0,0.0,0
0,tcp,http,SF,203,910,0,0,0,0,0,1,0,0,0,0,0,0,0,0,0,0,12,13,0.0,0.0,0.0,0.0,1.0,0.0,0.15,240,255,1.0,0.0,0.0,0.01,0.0,0.0,0.0,0.0,0
190,udp,other,SF,145,105,0,0,0,0,0,0,0,0,0,0,0,0,0,0,0,0,1,1,0.0,0.0,0.0,0.0,1.0,0.0,0.0,255,1,0.0,0.64,0.96,0.0,0.0,0.0,0.0,0.0,0
0,tcp,http,SF,223,10446,0,0,0,0,0,1,0,0,0,0,0,0,0,0,0,0,6,7,0.0,0.14,0.0,0.0,1.0,0.0,0.29,255,255,1.0,0.0,0.0,0.0,0.0,0.0,0.0,0.0,0
0,tcp,http,SF,295,1680,0,0,0,0,0,1,0,0,0,0,0,0,0,0,0,0,6,6,0.0,0.0,0.0,0.0,1.0,0.0,0.0,62,255,1.0,0.0,0.02,0.03,0.02,0.0,0.0,0.0,0
0,tcp,http,SF,296,22934,0,0,0,0,0,1,0,0,0,0,0,0,0,0,0,0,28,28,0.0,0.0,0.0,0.0,1.0,0.0,0.0,255,255,1.0,0.0,0.0,0.0,0.0,0.0,0.0,0.0,0
5376,udp,other,SF,145,105,0,0,0,0,0,0,0,0,0,0,0,0,0,0,0,0,2,2,0.0,0.0,0.0,0.0,1.0,0.0,0.0,255,2,0.01,0.83,1.0,0.0,0.0,0.0,0.0,0.0,0
0,tcp,http,SF,306,1075,0,0,0,0,0,1,0,0,0,0,0,0,0,0,0,0,2,2,0.0,0.0,0.0,0.0,1.0,0.0,0.0,255,251,0.98,0.01,0.0,0.0,0.0,0.0,0.0,0.0,0
0,tcp,ftp_data,SF,4753,0,0,0,0,0,0,1,0,0,0,0,0,1,0,0,0,0,17,16,0.0,0.0,0.0,0.0,0.94,0.12,0.0,115,47,0.19,0.06,0.19,0.04,0.0,0.0,0.0,0.0,0
0,tcp,http,SF,299,398,0,0,0,0,0,1,0,0,0,0,0,0,0,0,0,0,2,2,0.0,0.0,0.0,0.0,1.0,0.0,0.0,53,255,1.0,0.0,0.02,0.01,0.0,0.0,0.0,0.0,0
0,tcp,http,SF,276,71903,0,0,0,1,0,1,0,1,0,0,0,0,0,0,0,0,1,1,0.0,0.0,0.0,0.0,1.0,0.0,0.0,24,255,1.0,0.0,0.04,0.02,0.04,0.0,0.0,0.0,0
0,tcp,http,SF,345,390,0,0,0,0,0,1,0,0,0,0,0,0,0,0,0,0,16,16,0.0,0.0,0.0,0.0,1.0,0.0,0.0,255,255,1.0,0.0,0.0,0.0,0.0,0.0,0.0,0.0,0
0,udp,domain_u,SF,46,119,0,0,0,0,0,0,0,0,0,0,0,0,0,0,0,0,116,116,0.0,0.0,0.0,0.0,0.99,0.02,0.02,255,253,0.99,0.01,0.0,0.0,0.0,0.0,0.0,0.0,0
3,tcp,telnet,RSTO,0,15,0,0,0,0,0,0,0,0,0,0,0,0,0,0,0,0,2,1,0.0,0.0,0.5,1.0,0.5,1.0,0.0,216,1,0.0,0.03,0.0,0.0,0.0,0.0,0.0,1.0,0
0,tcp,http,SF,292,5034,0,0,0,0,0,1,0,0,0,0,0,0,0,0,0,0,8,8,0.0,0.0,0.0,0.0,1.0,0.0,0.0,58,255,1.0,0.0,0.02,0.02,0.0,0.0,0.0,0.0,0
0,tcp,http,SF,311,3222,0,0,0,0,0,1,0,0,0,0,0,0,0,0,0,0,6,21,0.0,0.0,0.0,0.0,1.0,0.0,0.14,255,221,0.87,0.01,0.0,0.0,0.0,0.0,0.0,0.0,0
0,tcp,http,SF,297,1450,0,0,0,0,0,1,0,0,0,0,0,0,0,0,0,0,4,4,0.0,0.0,0.0,0.0,1.0,0.0,0.0,255,255,1.0,0.0,0.0,0.0,0.0,0.0,0.0,0.0,0
0,tcp,ftp_data,SF,29,0,0,0,0,0,0,0,0,0,0,0,0,0,0,0,0,0,2,1,0.0,0.0,0.0,0.0,0.5,1.0,0.0,255,73,0.29,0.03,0.29,0.0,0.0,0.0,0.0,0.0,0
0,tcp,http,REJ,0,0,0,0,0,0,0,0,0,0,0,0,0,0,0,0,0,0,1,1,0.0,0.0,1.0,1.0,1.0,0.0,0.0,214,155,0.72,0.01,0.0,0.0,0.0,0.0,0.72,1.0,0
0,tcp,http,SF,216,5937,0,0,0,0,0,1,0,0,0,0,0,0,0,0,0,0,2,3,0.0,0.0,0.0,0.0,1.0,0.0,0.67,3,199,1.0,0.0,0.33,0.1,0.0,0.01,0.0,0.0,0
0,tcp,http,SF,336,3820,0,0,0,0,0,1,0,0,0,0,0,0,0,0,0,0,15,18,0.0,0.0,0.0,0.0,1.0,0.0,0.11,59,255,1.0,0.0,0.02,0.01,0.0,0.0,0.0,0.01,0
0,tcp,http,SF,241,389,0,0,0,0,0,1,0,0,0,0,0,0,0,0,0,0,4,4,0.0,0.0,0.0,0.0,1.0,0.0,0.0,46,255,1.0,0.0,0.02,0.01,0.0,0.0,0.0,0.0,0
0,tcp,smtp,SF,1518,282,0,0,0,0,0,1,0,0,0,0,0,0,0,0,0,0,1,1,0.0,0.0,0.0,0.0,1.0,0.0,0.0,37,28,0.76,0.11,0.03,0.0,0.0,0.0,0.0,0.0,0
0,udp,domain_u,SF,45,45,0,0,0,0,0,0,0,0,0,0,0,0,0,0,0,0,130,210,0.0,0.0,0.0,0.0,1.0,0.0,0.01,255,254,1.0,0.01,0.01,0.0,0.0,0.0,0.0,0.0,0
0,tcp,ftp_data,SF,201,0,0,0,0,0,0,1,0,0,0,0,0,0,0,0,0,0,5,5,0.0,0.0,0.0,0.0,1.0,0.0,0.0,255,105,0.41,0.02,0.41,0.0,0.0,0.0,0.0,0.0,0
0,tcp,http,SF,246,1394,0,0,0,1,0,1,0,1,0,0,0,0,0,0,0,0,27,29,0.0,0.0,0.0,0.0,1.0,0.0,0.1,255,255,1.0,0.0,0.0,0.0,0.0,0.0,0.0,0.0,0
0,udp,other,SF,146,0,0,0,0,0,0,0,0,0,0,0,0,0,0,0,0,0,3,1,0.0,0.0,0.0,0.0,0.33,0.67,0.0,255,1,0.0,0.75,0.93,0.0,0.0,0.0,0.0,0.0,0
0,tcp,http,SF,276,365,0,0,0,0,0,1,0,0,0,0,0,0,0,0,0,0,27,28,0.0,0.0,0.0,0.0,1.0,0.0,0.07,255,255,1.0,0.0,0.0,0.0,0.0,0.0,0.0,0.0,0
0,tcp,http,SF,216,423,0,0,0,0,0,1,0,0,0,0,0,0,0,0,0,0,14,14,0.0,0.0,0.0,0.0,1.0,0.0,0.0,36,255,1.0,0.0,0.03,0.09,0.0,0.0,0.0,0.0,0
4299,udp,other,SF,146,105,0,0,0,0,0,0,0,0,0,0,0,0,0,0,0,0,1,1,0.0,0.0,0.0,0.0,1.0,0.0,0.0,255,1,0.0,0.65,0.95,0.0,0.0,0.0,0.0,0.0,0
0,tcp,http,SF,236,4627,0,0,0,0,0,1,0,0,0,0,0,0,0,0,0,0,10,12,0.0,0.0,0.0,0.0,1.0,0.0,0.17,10,255,1.0,0.0,0.1,0.02,0.0,0.0,0.0,0.0,0
54,tcp,telnet,SF,260,2635,0,0,0,0,0,1,0,1,0,2,2,1,0,0,0,0,1,1,0.0,0.0,0.0,0.0,1.0,0.0,0.0,255,1,0.0,0.01,0.0,0.0,0.0,0.0,0.0,0.0,1
1253,udp,other,SF,145,105,0,0,0,0,0,0,0,0,0,0,0,0,0,0,0,0,1,1,0.0,0.0,0.0,0.0,1.0,0.0,0.0,221,1,0.0,0.55,0.91,0.0,0.0,0.0,0.0,0.0,0
1,tcp,smtp,SF,827,333,0,0,0,0,0,1,0,0,0,0,0,0,0,0,0,0,1,4,0.0,0.0,0.0,0.0,1.0,0.0,1.0,10,220,1.0,0.0,0.1,0.02,0.0,0.0,0.0,0.0,0
0,tcp,http,SF,356,2145,0,0,0,0,0,1,0,0,0,0,0,0,0,0,0,0,4,6,0.0,0.0,0.0,0.0,1.0,0.0,0.5,36,250,1.0,0.0,0.03,0.12,0.0,0.0,0.36,0.46,0
1,tcp,smtp,SF,1778,424,0,0,0,0,0,1,0,0,0,0,0,0,0,0,0,0,1,1,0.0,0.0,0.0,0.0,1.0,0.0,0.0,28,195,0.96,0.07,0.04,0.02,0.0,0.0,0.0,0.0,0
0,tcp,http,SF,313,1448,0,0,0,0,0,1,0,0,0,0,0,0,0,0,0,0,2,5,0.0,0.0,0.0,0.0,1.0,0.0,0.4,21,255,1.0,0.0,0.05,0.04,0.0,0.0,0.0,0.0,0
0,tcp,http,SF,306,595,0,0,0,0,0,1,0,0,0,0,0,0,0,0,0,0,1,5,0.0,0.0,0.0,0.0,1.0,0.0,0.4,255,255,1.0,0.0,0.0,0.0,0.0,0.0,0.0,0.0,0
0,tcp,http,SF,261,834,0,0,0,0,0,1,0,0,0,0,0,0,0,0,0,0,14,15,0.0,0.0,0.0,0.0,1.0,0.0,0.13,23,255,1.0,0.0,0.04,0.04,0.0,0.0,0.0,0.0,0
0,tcp,smtp,SF,614,338,0,0,0,0,0,1,0,0,0,0,1,0,0,0,0,0,1,1,0.0,0.0,0.0,0.0,1.0,0.0,0.0,255,155,0.61,0.02,0.0,0.0,0.0,0.0,0.0,0.0,0
0,udp,domain_u,SF,46,81,0,0,0,0,0,0,0,0,0,0,0,0,0,0,0,0,237,237,0.0,0.0,0.0,0.0,1.0,0.0,0.0,255,228,0.89,0.01,0.0,0.0,0.0,0.0,0.0,0.0,0
1,tcp,smtp,SF,2013,330,0,0,0,0,0,1,0,0,0,0,0,0,0,0,0,0,1,2,0.0,0.0,0.0,0.0,1.0,0.0,1.0,135,158,0.64,0.05,0.01,0.01,0.0,0.0,0.0,0.0,0
0,tcp,http,SF,211,1842,0,0,0,0,0,1,0,0,0,0,0,0,0,0,0,0,10,14,0.0,0.0,0.0,0.0,1.0,0.0,0.29,60,72,1.0,0.0,0.02,0.07,0.02,0.03,0.0,0.0,0
13,tcp,telnet,SF,137,265184,0,0,0,0,0,1,0,0,0,0,0,0,0,0,0,0,1,1,0.0,0.0,0.0,0.0,1.0,0.0,0.0,170,18,0.11,0.03,0.01,0.0,0.0,0.0,0.0,0.0,0
0,tcp,http,SF,243,2698,0,0,0,0,0,1,0,0,0,0,0,0,1,0,0,0,6,8,0.0,0.0,0.0,0.0,1.0,0.0,0.25,128,126,0.98,0.02,0.01,0.0,0.0,0.0,0.12,0.12,0
0,tcp,ftp_data,SF,740,0,0,0,0,0,0,0,0,0,0,0,0,0,0,0,0,0,2,2,0.0,0.0,0.0,0.0,1.0,0.0,0.0,36,2,0.06,0.08,0.06,0.0,0.0,0.0,0.0,0.0,0
0,tcp,http,SF,343,300,0,0,0,0,0,1,0,0,0,0,0,0,0,0,0,0,24,24,0.0,0.0,0.0,0.0,1.0,0.0,0.0,255,255,1.0,0.0,0.0,0.0,0.0,0.0,0.0,0.0,0
0,tcp,http,SF,218,6189,0,0,0,0,0,1,0,0,0,0,0,0,0,0,0,0,3,3,0.0,0.0,0.0,0.0,1.0,0.0,0.0,3,252,1.0,0.0,0.33,0.06,0.0,0.0,0.0,0.0,0
4065,udp,other,SF,145,105,0,0,0,0,0,0,0,0,0,0,0,0,0,0,0,0,1,1,0.0,0.0,0.0,0.0,1.0,0.0,0.0,255,1,0.0,0.54,0.91,0.0,0.0,0.0,0.0,0.0,0
0,tcp,http,SF,319,4385,0,0,0,0,0,1,0,0,0,0,0,0,0,0,0,0,9,9,0.0,0.0,0.0,0.0,1.0,0.0,0.0,35,255,1.0,0.0,0.03,0.04,0.0,0.01,0.0,0.01,0
0,tcp,http,SF,269,35215,0,0,0,0,0,1,0,0,0,0,0,0,0,0,0,0,18,18,0.0,0.0,0.0,0.0,1.0,0.0,0.0,255,255,1.0,0.0,0.0,0.0,0.0,0.0,0.0,0.0,0
0,tcp,http,SF,245,253,0,0,0,0,0,1,0,0,0,0,0,0,0,0,0,0,10,11,0.0,0.0,0.0,0.0,1.0,0.0,0.18,255,255,1.0,0.0,0.0,0.0,0.0,0.0,0.0,0.0,0
0,tcp,http,SF,211,274,0,0,0,0,0,1,0,0,0,0,0,0,0,0,0,0,23,23,0.0,0.0,0.0,0.0,1.0,0.0,0.0,255,255,1.0,0.0,0.0,0.0,0.0,0.0,0.0,0.0,0
27,tcp,ftp,SF,287,903,0,0,0,5,0,1,0,0,0,0,0,0,0,0,0,1,1,1,0.0,0.0,0.0,0.0,1.0,0.0,0.0,255,47,0.18,0.02,0.0,0.0,0.0,0.0,0.0,0.0,0
0,udp,domain_u,SF,44,131,0,0,0,0,0,0,0,0,0,0,0,0,0,0,0,0,125,205,0.0,0.0,0.0,0.0,1.0,0.0,0.01,255,254,1.0,0.01,0.0,0.0,0.0,0.0,0.0,0.0,0
0,tcp,http,SF,320,15080,0,0,0,0,0,1,0,0,0,0,0,0,0,0,0,0,12,15,0.0,0.0,0.0,0.0,1.0,0.0,0.2,231,255,1.0,0.0,0.0,0.02,0.0,0.0,0.0,0.0,0
0,udp,domain_u,SF,43,109,0,0,0,0,0,0,0,0,0,0,0,0,0,0,0,0,42,192,0.0,0.0,0.0,0.0,1.0,0.0,0.02,182,196,0.78,0.02,0.69,0.01,0.0,0.0,0.08,0.0,0
0,udp,domain_u,SF,45,135,0,0,0,0,0,0,0,0,0,0,0,0,0,0,0,0,66,146,0.0,0.0,0.0,0.0,1.0,0.0,0.01,255,234,0.92,0.01,0.0,0.0,0.0,0.0,0.0,0.0,0
0,udp,domain_u,SF,43,123,0,0,0,0,0,0,0,0,0,0,0,0,0,0,0,0,80,160,0.0,0.0,0.0,0.0,1.0,0.0,0.01,255,255,1.0,0.0,0.0,0.0,0.0,0.0,0.0,0.0,0
1,tcp,smtp,SF,1131,335,0,0,0,0,0,1,0,0,0,0,0,0,0,0,0,0,1,1,0.0,0.0,0.0,0.0,1.0,0.0,0.0,74,168,0.66,0.05,0.01,0.01,0.0,0.0,0.0,0.0,0
0,tcp,http,SF,188,171,0,0,0,0,0,1,0,0,0,0,0,0,0,0,0,0,21,21,0.0,0.0,0.0,0.0,1.0,0.0,0.0,21,255,1.0,0.0,0.05,0.04,0.0,0.0,0.0,0.0,0
0,tcp,http,SF,265,8646,0,0,0,0,0,1,0,0,0,0,0,0,0,0,0,0,1,1,0.0,0.0,0.0,0.0,1.0,0.0,0.0,1,255,1.0,0.0,1.0,0.02,0.0,0.0,0.0,0.0,0
0,tcp,http,SF,196,18417,0,0,0,0,0,1,0,0,0,0,0,0,0,0,0,0,17,17,0.0,0.0,0.0,0.0,1.0,0.0,0.0,145,255,1.0,0.0,0.01,0.03,0.0,0.0,0.01,0.01,0
0,tcp,http,SF,292,13202,0,0,0,0,0,1,0,0,0,0,0,0,0,0,0,0,1,1,0.0,0.0,0.0,0.0,1.0,0.0,0.0,16,255,1.0,0.0,0.06,0.07,0.0,0.0,0.0,0.0,0
0,tcp,http,SF,235,1809,0,0,0,0,0,1,0,0,0,0,0,0,0,0,0,0,9,9,0.0,0.0,0.0,0.0,1.0,0.0,0.0,20,255,1.0,0.0,0.05,0.05,0.0,0.01,0.0,0.0,0
0,tcp,finger,SF,7,360,0,0,0,0,0,0,0,0,0,0,0,0,0,0,0,0,1,1,0.0,0.0,0.0,0.0,1.0,0.0,0.0,50,2,0.02,0.08,0.02,1.0,0.0,0.0,0.0,0.0,0
3924,udp,other,SF,146,105,0,0,0,0,0,0,0,0,0,0,0,0,0,0,0,0,1,1,0.0,0.0,0.0,0.0,1.0,0.0,0.0,255,1,0.0,0.76,0.97,0.0,0.0,0.0,0.0,0.0,0
0,tcp,ftp_data,SF,383,0,0,0,0,0,0,1,0,0,0,0,0,0,0,0,0,0,2,2,0.0,0.0,0.0,0.0,1.0,0.0,0.0,8,61,0.88,0.25,0.88,0.03,0.0,0.0,0.0,0.0,0
0,udp,other,SF,145,0,0,0,0,0,0,0,0,0,0,0,0,0,0,0,0,0,4,1,0.0,0.0,0.0,0.0,0.25,0.75,0.0,255,2,0.01,0.82,1.0,0.0,0.0,0.0,0.0,0.0,0
1,tcp,smtp,SF,1305,588,0,0,0,0,0,1,0,0,0,0,0,0,0,0,0,0,1,1,0.0,0.0,0.0,0.0,1.0,0.0,0.0,255,27,0.11,0.06,0.0,0.0,0.0,0.0,0.87,0.0,0
0,tcp,http,SF,246,1186,0,0,0,0,0,1,0,0,0,0,0,0,0,0,0,0,4,15,0.0,0.0,0.0,0.0,1.0,0.0,0.13,28,255,1.0,0.0,0.04,0.06,0.0,0.0,0.0,0.0,0
0,tcp,http,SF,294,1600,0,0,0,0,0,1,0,0,0,0,0,0,0,0,0,0,9,9,0.0,0.0,0.0,0.0,1.0,0.0,0.0,96,255,1.0,0.0,0.01,0.01,0.0,0.0,0.0,0.0,0
0,udp,domain_u,SF,44,70,0,0,0,0,0,0,0,0,0,0,0,0,0,0,0,0,125,125,0.0,0.0,0.0,0.0,1.0,0.0,0.0,255,254,1.0,0.01,0.0,0.0,0.0,0.0,0.0,0.0,0
0,udp,domain_u,SF,43,129,0,0,0,0,0,0,0,0,0,0,0,0,0,0,0,0,53,133,0.0,0.0,0.0,0.0,1.0,0.0,0.02,255,239,0.94,0.01,0.0,0.0,0.0,0.0,0.0,0.0,0
0,tcp,http,SF,213,37236,0,0,0,0,0,1,0,0,0,0,0,0,0,0,0,0,6,6,0.0,0.0,0.0,0.0,1.0,0.0,0.0,48,255,1.0,0.0,0.02,0.04,0.0,0.0,0.0,0.0,0
0,tcp,http,SF,280,24293,0,0,0,0,0,1,0,0,0,0,0,0,0,0,0,0,1,1,0.0,0.0,0.0,0.0,1.0,0.0,0.0,255,255,1.0,0.0,0.0,0.0,0.0,0.0,0.0,0.0,0
0,tcp,http,SF,238,2319,0,0,0,0,0,1,0,0,0,0,0,0,0,0,0,0,16,19,0.0,0.0,0.0,0.0,1.0,0.0,0.21,255,255,1.0,0.0,0.0,0.0,0.0,0.0,0.0,0.0,0
0,tcp,http,SF,212,266,0,0,0,0,0,1,0,0,0,0,0,0,0,0,0,0,4,5,0.0,0.0,0.0,0.0,1.0,0.0,0.4,255,255,1.0,0.0,0.0,0.0,0.0,0.0,0.0,0.0,0
0,tcp,http,REJ,0,0,0,0,0,0,0,0,0,0,0,0,0,0,0,0,0,0,1,1,0.0,0.0,1.0,1.0,1.0,0.0,0.0,2,120,1.0,0.0,0.5,0.27,0.0,0.0,1.0,1.0,0
0,tcp,http,REJ,0,0,0,0,0,0,0,0,0,0,0,0,0,0,0,0,0,0,1,1,0.0,0.0,1.0,1.0,1.0,0.0,0.0,5,255,1.0,0.0,0.2,0.21,0.0,0.0,1.0,1.0,0
0,tcp,http,SF,345,1935,0,0,0,0,0,1,0,0,0,0,0,0,0,0,0,0,17,17,0.0,0.0,0.0,0.0,1.0,0.0,0.0,255,255,1.0,0.0,0.0,0.0,0.0,0.0,0.0,0.0,0
0,tcp,http,SF,280,667,0,0,0,0,0,1,0,0,0,0,0,0,0,0,0,0,20,20,0.0,0.0,0.0,0.0,1.0,0.0,0.0,20,255,1.0,0.0,0.05,0.05,0.0,0.0,0.0,0.0,0
35,tcp,ftp,SF,1499,4152,0,0,0,12,0,1,0,0,0,0,0,0,0,0,0,1,1,1,0.0,0.0,0.0,0.0,1.0,0.0,0.0,199,50,0.25,0.03,0.01,0.0,0.01,0.0,0.0,0.0,0
0,tcp,http,SF,341,9041,0,0,0,0,0,1,0,0,0,0,0,0,0,0,0,0,1,1,0.0,0.0,0.0,0.0,1.0,0.0,0.0,29,255,1.0,0.0,0.03,0.2,0.0,0.0,0.52,0.84,0
0,tcp,ftp_data,SF,748,0,0,0,0,0,0,0,0,0,0,0,0,0,0,0,0,0,1,1,0.0,0.0,0.0,0.0,1.0,0.0,0.0,58,27,0.12,0.07,0.12,0.07,0.0,0.0,0.0,0.0,0
0,tcp,smtp,SF,763,329,0,0,0,0,0,1,0,0,0,0,0,0,0,0,0,0,4,2,0.0,0.0,0.0,0.0,0.5,0.5,0.0,69,143,0.78,0.06,0.01,0.01,0.0,0.0,0.0,0.0,0
0,tcp,http,SF,231,561,0,0,0,0,0,1,0,0,0,0,0,0,0,0,0,0,11,12,0.0,0.0,0.0,0.0,1.0,0.0,0.17,11,251,1.0,0.0,0.09,0.06,0.0,0.0,0.0,0.0,0
0,tcp,http,SF,359,269,0,0,0,0,0,1,0,0,0,0,0,0,0,0,0,0,8,8,0.0,0.0,0.0,0.0,1.0,0.0,0.0,255,255,1.0,0.0,0.0,0.0,0.0,0.0,0.0,0.0,0
0,tcp,http,SF,333,720,0,0,0,0,0,1,0,0,0,0,0,0,0,0,0,0,2,2,0.0,0.0,0.0,0.0,1.0,0.0,0.0,118,255,1.0,0.0,0.01,0.03,0.0,0.0,0.0,0.0,0
27,tcp,ftp,SF,1031,3081,0,0,0,22,0,1,0,0,0,0,0,0,0,0,0,1,1,1,0.0,0.0,0.0,0.0,1.0,0.0,0.0,45,7,0.16,0.09,0.02,0.0,0.0,0.0,0.0,0.0,0
0,tcp,auth,SF,10,39,0,0,0,0,0,0,0,0,0,0,0,0,0,0,0,0,1,1,0.0,0.0,0.0,0.0,1.0,0.0,0.0,69,3,0.01,0.06,0.01,0.67,0.0,0.0,0.0,0.0,0
0,tcp,smtp,SF,679,329,0,0,0,0,0,1,0,0,0,0,0,0,0,0,0,0,1,2,0.0,0.0,0.0,0.0,1.0,0.0,1.0,191,198,0.81,0.02,0.01,0.01,0.0,0.0,0.0,0.01,0
0,tcp,smtp,SF,669,334,0,0,0,0,0,1,0,0,0,0,1,0,0,0,0,0,1,1,0.0,0.0,0.0,0.0,1.0,0.0,0.0,142,85,0.51,0.04,0.01,0.02,0.0,0.0,0.0,0.0,0
0,tcp,http,SF,232,1751,0,0,0,0,0,1,0,0,0,0,0,0,0,0,0,0,24,25,0.0,0.0,0.0,0.0,1.0,0.0,0.08,255,255,1.0,0.0,0.0,0.0,0.0,0.0,0.0,0.0,0
0,tcp,http,SF,221,6553,0,0,0,0,0,1,0,0,0,0,0,0,0,0,0,0,2,2,0.0,0.0,0.0,0.0,1.0,0.0,0.0,9,255,1.0,0.0,0.11,0.06,0.0,0.0,0.0,0.0,0
0,tcp,http,SF,213,2610,0,0,0,0,0,1,0,0,0,0,0,0,0,0,0,0,20,21,0.0,0.0,0.0,0.0,1.0,0.0,0.1,181,255,1.0,0.0,0.01,0.03,0.0,0.0,0.01,0.0,0
0,tcp,http,SF,256,734,0,0,0,0,0,1,0,0,0,0,0,0,0,0,0,0,22,23,0.0,0.0,0.0,0.0,1.0,0.0,0.09,255,255,1.0,0.0,0.0,0.0,0.0,0.0,0.0,0.0,0
0,tcp,http,SF,321,485,0,0,0,2,0,1,0,0,0,0,0,0,0,0,0,0,1,1,0.0,0.0,0.0,0.0,1.0,0.0,0.0,95,255,1.0,0.0,0.01,0.02,0.0,0.02,0.0,0.01,0
0,tcp,http,SF,164,3687,0,0,0,0,0,1,0,0,0,0,0,0,0,0,0,0,2,2,0.0,0.0,0.0,0.0,1.0,0.0,0.0,25,255,1.0,0.0,0.04,0.04,0.0,0.0,0.0,0.0,0
0,tcp,http,SF,210,22101,0,0,0,0,0,1,0,0,0,0,0,0,0,0,0,0,6,6,0.0,0.0,0.0,0.0,1.0,0.0,0.0,24,255,1.0,0.0,0.04,0.04,0.0,0.0,0.0,0.0,0
0,tcp,http,SF,310,1159,0,0,0,0,0,1,0,0,0,0,0,0,0,0,0,0,17,17,0.0,0.0,0.0,0.0,1.0,0.0,0.0,255,255,1.0,0.0,0.0,0.0,0.0,0.0,0.0,0.0,0
0,udp,domain_u,SF,44,119,0,0,0,0,0,0,0,0,0,0,0,0,0,0,0,0,172,171,0.0,0.0,0.0,0.0,0.99,0.01,0.0,255,254,1.0,0.01,0.0,0.0,0.0,0.0,0.0,0.0,0
0,tcp,http,SF,223,1538,0,0,0,0,0,1,0,0,0,0,0,0,0,0,0,0,15,16,0.0,0.0,0.0,0.0,1.0,0.0,0.12,196,231,1.0,0.0,0.01,0.01,0.0,0.0,0.0,0.0,0
0,tcp,smtp,SF,989,331,0,0,0,0,0,1,0,0,0,0,0,0,0,0,0,0,1,1,0.0,0.0,0.0,0.0,1.0,0.0,0.0,150,198,0.75,0.03,0.01,0.01,0.0,0.0,0.0,0.0,0
3949,udp,other,SF,146,105,0,0,0,0,0,0,0,0,0,0,0,0,0,0,0,0,1,1,0.0,0.0,0.0,0.0,1.0,0.0,0.0,255,3,0.01,0.82,0.98,0.0,0.0,0.0,0.0,0.0,0
3,tcp,smtp,SF,12910,1372,0,0,0,0,0,1,0,0,0,0,0,0,0,0,0,0,1,1,0.0,0.0,0.0,0.0,1.0,0.0,0.0,64,146,0.7,0.05,0.02,0.01,0.0,0.0,0.0,0.0,0
2,tcp,ftp_data,SF,2194619,0,0,0,0,0,0,0,0,0,0,0,0,0,0,0,0,0,2,2,0.0,0.0,0.0,0.0,1.0,0.0,0.0,40,30,0.3,0.08,0.3,0.07,0.0,0.0,0.0,0.0,0
32,tcp,ftp,SF,1201,3380,0,0,0,24,0,1,0,0,0,0,0,0,0,0,0,1,1,1,0.0,0.0,0.0,0.0,1.0,0.0,0.0,255,48,0.19,0.03,0.0,0.0,0.01,0.0,0.0,0.0,0
0,tcp,http,SF,216,263,0,0,0,0,0,1,0,0,0,0,0,0,0,0,0,0,3,4,0.0,0.0,0.0,0.0,1.0,0.0,0.5,255,255,1.0,0.0,0.0,0.0,0.0,0.0,0.0,0.0,0
0,tcp,http,SF,145,364,0,0,0,0,0,1,0,0,0,0,0,0,0,0,0,0,1,11,0.0,0.0,0.0,0.0,1.0,0.0,0.18,20,255,1.0,0.0,0.05,0.05,0.0,0.0,0.0,0.0,0
0,udp,domain_u,SF,33,88,0,0,0,0,0,0,0,0,0,0,0,0,0,0,0,0,2,6,0.0,0.0,0.0,0.0,1.0,0.0,0.67,255,236,0.93,0.01,0.01,0.0,0.0,0.0,0.0,0.0,0
0,tcp,http,SF,341,6010,0,0,0,0,0,1,0,0,0,0,0,0,0,0,0,0,29,36,0.0,0.0,0.0,0.0,1.0,0.0,0.06,90,255,1.0,0.0,0.01,0.01,0.0,0.0,0.0,0.0,0
0,tcp,http,S0,0,0,0,0,0,0,0,0,0,0,0,0,0,0,0,0,0,0,1,1,1.0,1.0,0.0,0.0,1.0,0.0,0.0,8,55,1.0,0.0,0.12,0.31,0.12,0.02,0.88,0.98,0
0,tcp,ftp_data,SF,748,0,0,0,0,0,0,1,0,0,0,9,0,0,0,0,0,0,1,1,0.0,0.0,0.0,0.0,1.0,0.0,0.0,130,109,0.65,0.02,0.65,0.02,0.0,0.0,0.0,0.0,0
0,tcp,http,SF,308,4366,0,0,0,0,0,1,0,0,0,0,0,0,0,0,0,0,13,29,0.0,0.0,0.0,0.0,1.0,0.0,0.1,255,255,1.0,0.0,0.0,0.0,0.0,0.0,0.0,0.0,0
0,tcp,http,SF,227,990,0,0,0,0,0,1,0,0,0,0,0,0,0,0,0,0,3,3,0.0,0.0,0.0,0.0,1.0,0.0,0.0,10,255,1.0,0.0,0.1,0.08,0.0,0.0,0.0,0.0,0
0,udp,domain_u,SF,45,74,0,0,0,0,0,0,0,0,0,0,0,0,0,0,0,0,131,131,0.0,0.0,0.0,0.0,1.0,0.0,0.0,255,255,1.0,0.0,0.01,0.0,0.0,0.0,0.0,0.0,0
0,tcp,http,SF,308,4393,0,0,0,0,0,1,0,0,0,0,0,0,0,0,0,0,3,3,0.0,0.0,0.0,0.0,1.0,0.0,0.0,23,255,1.0,0.0,0.04,0.03,0.0,0.0,0.0,0.0,0
0,tcp,smtp,SF,621,327,0,0,0,0,0,1,0,0,0,0,0,0,0,0,0,0,1,1,0.0,0.0,0.0,0.0,1.0,0.0,0.0,177,135,0.66,0.02,0.01,0.01,0.0,0.0,0.0,0.0,0
0,tcp,http,SF,358,362,0,0,0,0,0,1,0,0,0,0,0,0,0,0,0,0,7,7,0.0,0.0,0.0,0.0,1.0,0.0,0.0,255,255,1.0,0.0,0.0,0.0,0.0,0.0,0.0,0.0,0
0,udp,domain_u,SF,43,43,0,0,0,0,0,0,0,0,0,0,0,0,0,0,0,0,141,141,0.0,0.0,0.0,0.0,1.0,0.0,0.0,255,249,0.98,0.01,0.0,0.0,0.0,0.0,0.0,0.0,0
0,tcp,ftp_data,SF,12,0,0,0,0,0,0,0,0,0,0,0,0,0,0,0,0,0,1,1,0.0,0.0,0.0,0.0,1.0,0.0,0.0,255,5,0.02,0.01,0.02,0.0,0.0,0.0,0.0,0.0,0
0,tcp,http,SF,310,4382,0,0,0,0,0,1,0,0,0,0,0,0,0,0,0,0,3,3,0.0,0.0,0.0,0.0,1.0,0.0,0.0,31,255,1.0,0.0,0.03,0.02,0.0,0.0,0.0,0.0,0
0,tcp,http,SF,223,8618,0,0,0,0,0,1,0,0,0,0,0,0,0,0,0,0,12,13,0.0,0.0,0.0,0.0,1.0,0.0,0.15,42,255,1.0,0.0,0.02,0.03,0.0,0.0,0.0,0.0,0
0,tcp,ftp_data,SF,5929,0,0,0,0,0,0,1,0,0,0,0,0,0,0,0,0,0,2,2,0.0,0.0,0.0,0.0,1.0,0.0,0.0,97,118,0.49,0.06,0.49,0.02,0.0,0.0,0.0,0.0,0
26,tcp,ftp,SF,317,1054,0,0,0,6,0,1,0,0,0,0,0,0,0,0,0,1,1,1,0.0,0.0,0.0,0.0,1.0,0.0,0.0,236,42,0.18,0.02,0.0,0.0,0.0,0.0,0.0,0.0,0
0,udp,domain_u,SF,45,75,0,0,0,0,0,0,0,0,0,0,0,0,0,0,0,0,319,319,0.0,0.0,0.0,0.0,1.0,0.0,0.0,255,255,1.0,0.0,0.0,0.0,0.0,0.0,0.0,0.0,0
0,tcp,smtp,SF,4657,334,0,0,0,0,0,1,0,0,0,0,0,0,0,0,0,0,1,3,0.0,0.0,0.0,0.0,1.0,0.0,1.0,147,94,0.64,0.02,0.01,0.0,0.0,0.0,0.0,0.0,0
0,tcp,http,REJ,0,0,0,0,0,0,0,0,0,0,0,0,0,0,0,0,0,0,1,1,0.0,0.0,1.0,1.0,1.0,0.0,0.0,6,255,1.0,0.0,0.17,0.15,0.0,0.0,1.0,0.82,0
0,tcp,ftp_data,SF,12983,0,0,0,0,0,0,0,0,0,0,0,0,0,0,0,0,0,1,1,0.0,0.0,0.0,0.0,1.0,0.0,0.0,68,33,0.16,0.06,0.16,0.06,0.0,0.0,0.0,0.0,0
0,tcp,http,SF,316,2676,0,0,0,0,0,1,0,0,0,0,0,0,0,0,0,0,6,20,0.0,0.0,0.0,0.0,1.0,0.0,0.15,255,255,1.0,0.0,0.0,0.0,0.0,0.0,0.0,0.0,0
0,tcp,http,REJ,0,0,0,0,0,0,0,0,0,0,0,0,0,0,0,0,0,0,1,1,0.0,0.0,1.0,1.0,1.0,0.0,0.0,5,14,1.0,0.0,0.2,0.14,0.0,0.0,1.0,1.0,0
0,tcp,http,SF,249,1154,0,0,0,0,0,1,0,0,0,0,0,0,0,0,0,0,10,14,0.0,0.0,0.0,0.0,1.0,0.0,0.14,72,255,1.0,0.0,0.01,0.03,0.0,0.0,0.0,0.0,0
0,tcp,http,SF,447,4058,0,0,0,0,0,1,0,0,0,0,0,0,0,0,0,0,20,21,0.0,0.0,0.0,0.0,1.0,0.0,0.1,255,255,1.0,0.0,0.0,0.0,0.0,0.0,0.0,0.0,0
0,tcp,smtp,SF,2609,410,0,0,0,0,0,1,0,0,0,0,0,0,0,0,0,0,1,3,0.0,0.0,0.0,0.0,1.0,0.0,1.0,47,232,0.66,0.06,0.02,0.01,0.32,0.0,0.0,0.0,0
11,tcp,smtp,SF,1196,493,0,0,0,0,0,1,0,0,0,0,0,0,0,0,0,0,1,2,0.0,0.0,0.0,0.0,1.0,0.0,1.0,10,182,1.0,0.0,0.1,0.01,0.0,0.0,0.0,0.0,0
0,tcp,http,SF,184,563,0,0,0,0,0,1,0,0,0,0,0,0,0,0,0,0,9,9,0.0,0.0,0.0,0.0,1.0,0.0,0.0,9,255,1.0,0.0,0.11,0.03,0.0,0.0,0.0,0.0,0
0,tcp,http,SF,232,6534,0,0,0,0,0,1,0,0,0,0,0,0,0,0,0,0,15,15,0.0,0.0,0.0,0.0,1.0,0.0,0.0,255,255,1.0,0.0,0.0,0.0,0.0,0.0,0.0,0.0,0
0,tcp,http,SF,334,2431,0,0,0,0,0,1,0,0,0,0,0,0,0,0,0,0,5,5,0.0,0.0,0.0,0.0,1.0,0.0,0.0,253,255,1.0,0.0,0.0,0.01,0.0,0.0,0.0,0.0,0
0,udp,domain_u,SF,45,126,0,0,0,0,0,0,0,0,0,0,0,0,0,0,0,0,202,202,0.0,0.0,0.0,0.0,1.0,0.0,0.0,255,255,1.0,0.0,0.0,0.0,0.0,0.0,0.0,0.0,0
0,tcp,http,SF,211,22075,0,0,0,0,0,1,0,0,0,0,0,0,0,0,0,0,2,2,0.0,0.0,0.0,0.0,1.0,0.0,0.0,2,2,1.0,0.0,0.5,0.0,0.0,0.0,0.0,0.0,0
0,tcp,http,SF,337,282,0,0,0,0,0,1,0,0,0,0,0,0,0,0,0,0,4,5,0.0,0.0,0.0,0.2,1.0,0.0,0.4,255,240,0.94,0.02,0.0,0.0,0.0,0.0,0.0,0.0,0
0,tcp,http,SF,231,2507,0,0,0,0,0,1,0,0,0,0,0,0,0,0,0,0,4,4,0.0,0.0,0.0,0.0,1.0,0.0,0.0,166,166,1.0,0.0,0.01,0.0,0.0,0.0,0.0,0.0,0
0,tcp,http,SF,300,1217,0,0,0,0,0,1,0,0,0,0,0,0,0,0,0,0,22,34,0.0,0.0,0.0,0.0,1.0,0.0,0.12,255,255,1.0,0.0,0.0,0.0,0.0,0.0,0.0,0.0,0
0,icmp,urp_i,SF,78,0,0,0,0,0,0,0,0,0,0,0,0,0,0,0,0,0,51,11,0.0,0.0,0.0,0.0,0.22,0.04,0.0,255,27,0.11,0.01,0.11,0.0,0.0,0.0,0.0,0.0,0
0,tcp,http,S0,0,0,0,0,0,0,0,0,0,0,0,0,0,0,0,0,0,0,2,4,0.5,0.5,0.0,0.0,1.0,0.0,0.5,14,133,1.0,0.0,0.14,0.06,0.07,0.01,0.0,0.01,0
0,udp,private,SF,105,147,0,0,0,0,0,0,0,0,0,0,0,0,0,0,0,0,1,1,0.0,0.0,0.0,0.0,1.0,0.0,0.0,177,175,0.99,0.01,0.01,0.0,0.0,0.0,0.0,0.0,0
0,tcp,http,SF,171,3070,0,0,0,0,0,1,0,0,0,0,0,0,0,0,0,0,2,11,0.0,0.0,0.0,0.0,1.0,0.0,0.45,13,136,1.0,0.0,0.08,0.01,0.0,0.0,0.0,0.0,0
0,tcp,http,SF,296,788,0,0,0,0,0,1,0,0,0,0,0,0,0,0,0,0,13,13,0.0,0.0,0.0,0.0,1.0,0.0,0.0,255,255,1.0,0.0,0.0,0.0,0.0,0.0,0.0,0.0,0
0,tcp,http,SF,214,602,0,0,0,0,0,1,0,0,0,0,0,0,0,0,0,0,1,2,0.0,0.0,0.0,0.0,1.0,0.0,1.0,255,255,1.0,0.0,0.0,0.0,0.0,0.0,0.0,0.0,0
0,tcp,http,SF,221,1651,0,0,0,0,0,1,0,0,0,0,0,0,0,0,0,0,13,13,0.0,0.0,0.0,0.0,1.0,0.0,0.0,255,255,1.0,0.0,0.01,0.0,0.0,0.0,0.0,0.0,0
0,tcp,smtp,SF,1170,404,0,0,0,0,0,1,0,0,0,0,0,0,0,0,0,0,1,1,0.0,0.0,0.0,0.0,1.0,0.0,0.0,255,44,0.17,0.06,0.0,0.0,0.59,0.0,0.01,0.0,0
0,tcp,http,SF,319,1061,0,0,0,0,0,1,0,0,0,0,0,0,0,0,0,0,13,13,0.0,0.0,0.0,0.0,1.0,0.0,0.0,31,255,1.0,0.0,0.03,0.06,0.0,0.0,0.0,0.0,0
0,tcp,http,SF,347,314,0,0,0,0,0,1,0,0,0,0,0,0,0,0,0,0,6,7,0.0,0.0,0.0,0.0,1.0,0.0,0.29,171,255,1.0,0.0,0.01,0.02,0.0,0.0,0.0,0.0,0
0,tcp,http,SF,287,2537,0,0,0,0,0,1,0,0,0,0,0,0,0,0,0,0,7,12,0.0,0.0,0.0,0.0,1.0,0.0,0.17,255,255,1.0,0.0,0.0,0.0,0.0,0.0,0.0,0.0,0
0,tcp,http,SF,208,6992,0,0,0,0,0,1,0,0,0,0,0,0,0,0,0,0,9,9,0.0,0.0,0.0,0.0,1.0,0.0,0.0,255,255,1.0,0.0,0.0,0.0,0.0,0.0,0.0,0.0,0
0,udp,domain_u,SF,36,0,0,0,0,0,0,0,0,0,0,0,0,0,0,0,0,0,13,15,0.0,0.0,0.0,0.0,1.0,0.0,0.13,101,101,1.0,0.0,1.0,0.0,0.0,0.0,0.0,0.0,0
0,tcp,http,SF,279,4937,0,0,0,0,0,1,0,0,0,0,0,0,0,0,0,0,1,1,0.0,0.0,0.0,0.0,1.0,0.0,0.0,101,255,1.0,0.0,0.01,0.01,0.0,0.0,0.0,0.0,0
0,tcp,http,SF,249,15693,0,0,0,0,0,1,0,0,0,0,0,0,0,0,0,0,1,1,0.0,0.0,0.0,0.0,1.0,0.0,0.0,255,255,1.0,0.0,0.0,0.0,0.0,0.0,0.0,0.0,0
0,udp,domain_u,SF,45,45,0,0,0,0,0,0,0,0,0,0,0,0,0,0,0,0,167,167,0.0,0.0,0.0,0.0,1.0,0.0,0.0,255,254,1.0,0.01,0.0,0.0,0.0,0.0,0.0,0.0,0
0,tcp,http,SF,230,1400,0,0,0,0,0,1,0,0,0,0,0,0,0,0,0,0,40,40,0.0,0.0,0.0,0.0,1.0,0.0,0.0,255,255,1.0,0.0,0.0,0.0,0.0,0.0,0.01,0.01,0
0,tcp,http,SF,257,2499,0,0,0,0,0,1,0,0,0,0,0,0,0,0,0,0,1,1,0.0,0.0,0.0,0.0,1.0,0.0,0.0,255,255,1.0,0.0,0.0,0.0,0.0,0.0,0.0,0.0,0
0,tcp,ftp_data,SF,6601,0,0,0,0,0,0,1,0,0,0,0,0,0,0,0,0,0,20,20,0.0,0.0,0.0,0.0,1.0,0.0,0.0,53,105,0.75,0.08,0.75,0.02,0.0,0.01,0.0,0.0,0
0,tcp,http,SF,211,3828,0,0,0,0,0,1,0,0,0,0,0,0,0,0,0,0,3,3,0.0,0.0,0.0,0.0,1.0,0.0,0.0,108,255,1.0,0.0,0.01,0.05,0.01,0.0,0.0,0.0,0
0,udp,domain_u,SF,43,127,0,0,0,0,0,0,0,0,0,0,0,0,0,0,0,0,179,178,0.0,0.0,0.0,0.0,0.99,0.01,0.0,68,35,0.51,0.03,0.01,0.0,0.0,0.0,0.0,0.0,0
0,tcp,ftp_data,SF,965,0,0,0,0,0,0,1,0,0,0,0,0,0,0,0,0,0,9,9,0.0,0.0,0.0,0.0,1.0,0.0,0.0,255,123,0.48,0.02,0.48,0.0,0.0,0.0,0.0,0.0,0
1,tcp,smtp,SF,1101,338,0,0,0,0,0,1,0,0,0,0,0,0,0,0,0,0,1,4,0.0,0.0,0.0,0.0,1.0,0.0,1.0,152,99,0.65,0.02,0.01,0.0,0.0,0.0,0.0,0.0,0
0,tcp,http,SF,227,295,0,0,0,0,0,1,0,0,0,0,0,0,0,0,0,0,14,16,0.0,0.0,0.0,0.0,1.0,0.0,0.19,255,255,1.0,0.0,0.0,0.0,0.0,0.0,0.0,0.0,0
0,tcp,http,SF,197,1532,0,0,0,0,0,1,0,0,0,0,0,0,0,0,0,0,7,7,0.0,0.0,0.0,0.0,1.0,0.0,0.0,7,255,1.0,0.0,0.14,0.04,0.0,0.0,0.0,0.0,0
0,tcp,http,SF,377,372,0,0,0,0,0,1,0,0,0,0,0,0,0,0,0,0,1,42,0.0,0.0,0.0,0.0,1.0,0.0,0.14,255,255,1.0,0.0,0.0,0.0,0.0,0.0,0.0,0.0,0
0,udp,domain_u,SF,42,72,0,0,0,0,0,0,0,0,0,0,0,0,0,0,0,0,229,229,0.0,0.0,0.0,0.0,1.0,0.0,0.0,255,254,1.0,0.01,0.0,0.0,0.0,0.0,0.0,0.0,0
0,udp,domain_u,SF,46,75,0,0,0,0,0,0,0,0,0,0,0,0,0,0,0,0,38,39,0.0,0.0,0.0,0.0,1.0,0.0,0.05,255,255,1.0,0.0,0.0,0.0,0.0,0.0,0.0,0.0,0
0,udp,domain_u,SF,44,132,0,0,0,0,0,0,0,0,0,0,0,0,0,0,0,0,64,144,0.0,0.0,0.0,0.0,1.0,0.0,0.01,255,252,0.99,0.01,0.0,0.0,0.0,0.0,0.0,0.0,0
0,tcp,http,SF,238,2698,0,0,0,0,0,1,0,0,0,0,0,0,1,0,0,0,7,9,0.0,0.0,0.0,0.22,1.0,0.0,0.33,255,251,0.98,0.01,0.0,0.0,0.0,0.0,0.0,0.0,0
0,udp,domain_u,SF,44,130,0,0,0,0,0,0,0,0,0,0,0,0,0,0,0,0,80,160,0.0,0.0,0.0,0.0,1.0,0.0,0.01,255,254,1.0,0.01,0.0,0.0,0.0,0.0,0.0,0.0,0
0,tcp,http,SF,240,4359,0,0,0,0,0,1,0,0,0,0,0,0,0,0,0,0,13,13,0.0,0.0,0.0,0.0,1.0,0.0,0.0,86,255,1.0,0.0,0.01,0.02,0.0,0.01,0.05,0.04,0
0,udp,domain_u,SF,46,69,0,0,0,0,0,0,0,0,0,0,0,0,0,0,0,0,190,190,0.0,0.0,0.0,0.0,1.0,0.0,0.0,255,255,1.0,0.0,0.0,0.0,0.0,0.0,0.0,0.0,0
0,tcp,http,SF,216,1418,0,0,0,0,0,1,0,0,0,0,0,0,0,0,0,0,5,5,0.0,0.0,0.0,0.0,1.0,0.0,0.0,5,255,1.0,0.0,0.2,0.03,0.0,0.0,0.0,0.0,0
0,tcp,http,SF,199,1054,0,0,0,0,0,1,0,0,0,0,0,0,0,0,0,0,12,12,0.0,0.0,0.0,0.0,1.0,0.0,0.0,31,255,1.0,0.0,0.03,0.02,0.0,0.0,0.0,0.0,0
0,tcp,http,SF,348,2784,0,0,0,0,0,1,0,0,0,0,0,0,0,0,0,0,31,45,0.0,0.0,0.0,0.0,1.0,0.0,0.11,75,255,1.0,0.0,0.01,0.01,0.0,0.0,0.0,0.01,0
1,tcp,smtp,SF,1137,335,0,0,0,0,0,1,0,0,0,0,0,0,0,0,0,0,1,2,0.0,0.0,0.0,0.0,1.0,0.0,1.0,83,139,0.61,0.06,0.01,0.01,0.0,0.0,0.0,0.0,0
0,tcp,http,SF,225,2248,0,0,0,0,0,1,0,0,0,0,0,0,0,0,0,0,11,11,0.0,0.0,0.0,0.0,1.0,0.0,0.0,50,255,1.0,0.0,0.02,0.04,0.0,0.0,0.0,0.0,0
2910,udp,other,SF,145,105,0,0,0,0,0,0,0,0,0,0,0,0,0,0,0,0,2,2,0.0,0.0,0.0,0.0,1.0,0.0,0.0,184,2,0.01,0.55,0.9,0.0,0.0,0.0,0.0,0.0,0
0,tcp,http,SF,325,186,0,0,0,0,0,1,0,0,0,0,0,0,0,0,0,0,21,23,0.0,0.0,0.0,0.0,1.0,0.0,0.09,255,255,1.0,0.0,0.0,0.0,0.0,0.0,0.0,0.0,0
0,tcp,http,REJ,0,0,0,0,0,0,0,0,0,0,0,0,0,0,0,0,0,0,1,1,0.0,0.0,1.0,1.0,1.0,0.0,0.0,10,255,1.0,0.0,0.1,0.11,0.0,0.0,1.0,0.73,0
0,tcp,http,SF,336,8032,0,0,0,0,0,1,0,0,0,0,0,0,0,0,0,0,24,24,0.0,0.0,0.0,0.0,1.0,0.0,0.0,162,255,1.0,0.0,0.01,0.01,0.0,0.0,0.01,0.0,0
0,tcp,ftp_data,SF,10044,0,0,0,0,0,0,1,0,0,0,0,0,0,0,0,0,0,12,13,0.0,0.0,0.0,0.0,1.0,0.0,0.15,146,92,0.29,0.04,0.29,0.02,0.0,0.0,0.0,0.0,0
0,tcp,http,SF,330,279,0,0,0,0,0,1,0,0,0,0,0,0,0,0,0,0,3,3,0.0,0.0,0.0,0.0,1.0,0.0,0.0,255,253,0.99,0.01,0.0,0.0,0.0,0.0,0.0,0.0,0
0,tcp,http,SF,304,1438,0,0,0,0,0,1,0,0,0,0,0,0,0,0,0,0,2,2,0.0,0.0,0.0,0.0,1.0,0.0,0.0,255,255,1.0,0.0,0.0,0.0,0.01,0.01,0.0,0.0,0
28,tcp,ftp,SF,1459,4152,0,0,0,30,0,1,0,0,0,0,0,0,0,0,0,1,1,1,0.0,0.0,0.0,0.0,1.0,0.0,0.0,130,37,0.28,0.05,0.01,0.0,0.0,0.0,0.0,0.0,0
0,tcp,smtp,SF,1338,367,0,0,0,0,0,1,0,0,0,0,0,0,0,0,0,0,1,3,0.0,0.0,0.0,0.0,1.0,0.0,1.0,92,221,0.96,0.02,0.01,0.01,0.0,0.0,0.0,0.0,0
0,tcp,http,SF,348,6250,0,0,0,0,0,1,0,0,0,0,0,0,0,0,0,0,8,8,0.0,0.0,0.0,0.0,1.0,0.0,0.0,255,255,1.0,0.0,0.0,0.0,0.0,0.0,0.0,0.0,0
0,tcp,ftp_data,SF,74,0,0,0,0,0,0,1,0,0,0,0,0,0,0,0,0,0,1,1,0.0,0.0,0.0,0.0,1.0,0.0,0.0,121,46,0.14,0.05,0.14,0.04,0.01,0.0,0.0,0.0,0
0,tcp,ftp_data,SF,63,0,0,0,0,0,0,1,0,0,0,0,0,0,0,0,0,0,152,2,0.99,0.0,0.0,0.0,0.01,0.07,0.0,255,2,0.01,0.06,0.01,0.0,0.99,0.0,0.0,0.0,0
1,tcp,smtp,SF,1040,327,0,0,0,0,0,1,0,0,0,0,0,0,0,0,0,0,1,3,0.0,0.0,0.0,0.0,1.0,0.0,1.0,29,149,0.62,0.14,0.03,0.01,0.0,0.01,0.0,0.0,0
0,tcp,http,SF,226,9283,0,0,0,0,0,1,0,0,0,0,0,0,0,0,0,0,7,13,0.0,0.0,0.0,0.0,1.0,0.0,0.15,133,255,1.0,0.0,0.01,0.03,0.0,0.0,0.0,0.0,0
0,tcp,http,SF,209,703,0,0,0,0,0,1,0,0,0,0,0,0,0,0,0,0,8,8,0.0,0.0,0.0,0.0,1.0,0.0,0.0,51,255,1.0,0.0,0.02,0.02,0.0,0.0,0.02,0.0,0
0,tcp,http,SF,229,846,0,0,0,0,0,1,0,0,0,0,0,0,0,0,0,0,27,27,0.0,0.0,0.0,0.0,1.0,0.0,0.0,255,255,1.0,0.0,0.0,0.0,0.0,0.0,0.0,0.0,0
4686,udp,other,SF,146,105,0,0,0,0,0,0,0,0,0,0,0,0,0,0,0,0,2,2,0.0,0.0,0.0,0.0,1.0,0.0,0.0,255,2,0.01,0.84,0.99,0.0,0.0,0.0,0.0,0.0,0
0,tcp,http,SF,320,603,0,0,0,0,0,1,0,0,0,0,0,0,0,0,0,0,12,13,0.0,0.0,0.0,0.0,1.0,0.0,0.15,83,255,1.0,0.0,0.01,0.03,0.0,0.0,0.0,0.0,0
0,tcp,http,SF,347,1366,0,0,0,0,0,1,0,0,0,0,0,0,0,0,0,0,7,7,0.0,0.0,0.0,0.0,1.0,0.0,0.0,63,255,1.0,0.0,0.02,0.03,0.0,0.0,0.0,0.0,0
0,tcp,http,SF,190,5972,0,0,0,0,0,1,0,0,0,0,0,0,0,0,0,0,9,13,0.0,0.0,0.0,0.0,1.0,0.0,0.23,255,255,1.0,0.0,0.0,0.0,0.0,0.0,0.0,0.0,0
0,tcp,ftp_data,SF,276,0,0,0,0,0,0,1,0,0,0,0,0,0,0,0,0,0,1,1,0.0,0.0,0.0,0.0,1.0,0.0,0.0,60,87,0.12,0.12,0.12,0.02,0.02,0.0,0.0,0.0,0
0,tcp,ftp_data,SF,59,0,0,0,0,0,0,1,0,0,0,0,0,0,0,0,0,0,3,3,0.0,0.0,0.0,0.0,1.0,0.0,0.0,255,149,0.58,0.03,0.59,0.0,0.0,0.01,0.0,0.0,0
0,tcp,http,SF,231,4896,0,0,0,0,0,1,0,0,0,0,0,0,0,0,0,0,13,13,0.0,0.0,0.0,0.0,1.0,0.0,0.0,158,255,1.0,0.0,0.01,0.02,0.0,0.0,0.0,0.0,0
0,tcp,smtp,SF,883,327,0,0,0,0,0,1,0,0,0,0,0,0,0,0,0,0,1,1,0.0,0.0,0.0,0.0,1.0,0.0,0.0,144,194,0.74,0.03,0.01,0.01,0.01,0.0,0.0,0.0,0
1,tcp,smtp,SF,996,331,0,0,0,0,0,1,0,0,0,0,0,0,0,0,0,0,1,1,0.0,0.0,0.0,0.0,1.0,0.0,0.0,94,135,0.45,0.07,0.01,0.01,0.0,0.0,0.0,0.0,0
0,tcp,smtp,SF,11396,1428,0,0,0,0,0,1,0,0,0,0,0,0,0,0,0,0,1,1,0.0,0.0,0.0,0.0,1.0,0.0,0.0,207,132,0.43,0.01,0.0,0.02,0.0,0.0,0.0,0.0,0
2049,udp,other,SF,147,105,0,0,0,0,0,0,0,0,0,0,0,0,0,0,0,0,1,1,0.0,0.0,0.0,0.0,1.0,0.0,0.0,255,1,0.0,0.65,0.97,0.0,0.0,0.0,0.0,0.0,0
1,tcp,smtp,SF,1105,331,0,0,0,0,0,1,0,0,0,0,0,0,0,0,0,0,1,2,0.0,0.0,0.0,0.0,1.0,0.0,1.0,166,141,0.49,0.04,0.01,0.01,0.0,0.01,0.0,0.0,0
0,tcp,http,SF,298,984,0,0,0,0,0,1,0,0,0,0,0,0,0,0,0,0,3,3,0.0,0.0,0.0,0.0,1.0,0.0,0.0,14,255,1.0,0.0,0.07,0.2,0.0,0.0,0.5,0.94,0
0,udp,domain_u,SF,44,76,0,0,0,0,0,0,0,0,0,0,0,0,0,0,0,0,211,211,0.0,0.0,0.0,0.0,1.0,0.0,0.0,255,254,1.0,0.01,0.0,0.0,0.0,0.0,0.0,0.0,0
0,tcp,http,SF,302,1075,0,0,0,0,0,1,0,0,0,0,0,0,0,0,0,0,2,12,0.0,0.0,0.0,0.0,1.0,0.0,0.17,255,249,0.98,0.01,0.0,0.0,0.0,0.0,0.0,0.0,0
0,tcp,http,SF,331,267,0,0,0,0,0,1,0,0,0,0,0,0,0,0,0,0,3,28,0.0,0.0,0.0,0.0,1.0,0.0,0.07,255,255,1.0,0.0,0.0,0.0,0.0,0.0,0.0,0.0,0
0,tcp,ftp_data,SF,71,0,0,0,0,0,0,0,0,0,0,0,0,0,0,0,0,0,1,1,0.0,0.0,0.0,0.0,1.0,0.0,0.0,255,50,0.2,0.02,0.2,0.0,0.42,0.0,0.0,0.0,0
0,tcp,http,SF,232,392,0,0,0,0,0,1,0,0,0,0,0,0,0,0,0,0,6,6,0.0,0.0,0.0,0.0,1.0,0.0,0.0,255,255,1.0,0.0,0.0,0.0,0.0,0.0,0.0,0.0,0
0,tcp,http,SF,203,379,0,0,0,0,0,1,0,0,0,0,0,0,0,0,0,0,39,40,0.0,0.0,0.0,0.0,1.0,0.0,0.05,255,255,1.0,0.0,0.0,0.0,0.0,0.0,0.0,0.0,0
0,tcp,ftp_data,SF,0,2072,0,0,0,1,0,1,0,1,0,0,0,0,0,0,0,0,3,3,0.0,0.0,0.0,0.0,1.0,0.0,0.0,4,84,1.0,0.0,1.0,0.02,0.0,0.0,0.0,0.0,1
0,tcp,http,SF,305,289,0,0,0,0,0,1,0,0,0,0,0,0,0,0,0,0,16,44,0.0,0.0,0.0,0.0,1.0,0.0,0.11,86,255,1.0,0.0,0.01,0.01,0.0,0.0,0.0,0.0,0
0,tcp,http,SF,221,2209,0,0,0,0,0,1,0,0,0,0,0,0,0,0,0,0,10,10,0.0,0.0,0.0,0.0,1.0,0.0,0.0,10,255,1.0,0.0,0.1,0.04,0.0,0.0,0.0,0.0,0
0,icmp,eco_i,SF,30,0,0,0,0,0,0,0,0,0,0,0,0,0,0,0,0,0,1,1,0.0,0.0,0.0,0.0,1.0,0.0,0.0,35,90,0.97,0.06,0.97,0.32,0.0,0.0,0.0,0.0,0
0,icmp,eco_i,SF,30,0,0,0,0,0,0,0,0,0,0,0,0,0,0,0,0,0,3,1,0.0,0.0,0.0,0.0,0.33,1.0,0.0,255,7,0.03,0.01,0.09,0.0,0.0,0.0,0.0,0.0,0
1,tcp,smtp,SF,1109,336,0,0,0,0,0,1,0,0,0,0,0,0,0,0,0,0,1,1,0.0,0.0,0.0,0.0,1.0,0.0,0.0,107,111,0.55,0.05,0.01,0.02,0.0,0.0,0.0,0.0,0
27,tcp,ftp,SF,1464,4152,0,0,0,30,0,1,0,0,0,0,0,0,0,0,0,1,1,1,0.0,0.0,0.0,0.0,1.0,0.0,0.0,4,2,0.5,0.75,0.25,0.0,0.0,0.0,0.0,0.0,0
0,tcp,ftp_data,SF,0,5020,0,0,0,0,0,1,0,0,0,0,0,0,0,0,0,0,3,3,0.0,0.0,0.0,0.0,1.0,0.0,0.0,3,3,1.0,0.0,1.0,0.0,0.0,0.0,0.0,0.0,1
3,tcp,IRC,SF,77,17,0,0,0,0,0,1,0,0,0,0,0,0,0,0,0,0,1,1,0.0,0.0,0.0,0.0,1.0,0.0,0.0,51,15,0.29,0.04,0.02,0.0,0.02,0.07,0.22,0.73,0
0,tcp,http,SF,326,299,0,0,0,0,0,1,0,0,0,0,0,0,0,0,0,0,7,10,0.0,0.0,0.0,0.0,1.0,0.0,0.3,255,255,1.0,0.0,0.0,0.0,0.0,0.0,0.0,0.0,0
0,tcp,http,SF,165,4357,0,0,0,0,0,1,0,0,0,0,0,0,0,0,0,0,1,1,0.0,0.0,0.0,0.0,1.0,0.0,0.0,25,255,1.0,0.0,0.04,0.02,0.0,0.01,0.0,0.0,0
0,udp,domain_u,SF,43,132,0,0,0,0,0,0,0,0,0,0,0,0,0,0,0,0,75,155,0.0,0.0,0.0,0.0,0.99,0.03,0.01,255,237,0.93,0.01,0.0,0.0,0.0,0.0,0.0,0.0,0
0,tcp,http,REJ,0,0,0,0,0,0,0,0,0,0,0,0,0,0,0,0,0,0,1,1,0.0,0.0,1.0,1.0,1.0,0.0,0.0,7,141,1.0,0.0,0.14,0.21,0.0,0.0,1.0,1.0,0
0,tcp,http,SF,215,11161,0,0,0,0,0,1,0,0,0,0,0,0,0,0,0,0,3,12,0.0,0.0,0.0,0.0,1.0,0.0,0.25,255,255,1.0,0.0,0.0,0.0,0.0,0.0,0.0,0.0,0
0,tcp,http,SF,322,1214,0,0,0,0,0,1,0,0,0,0,0,0,0,0,0,0,5,5,0.0,0.0,0.0,0.0,1.0,0.0,0.0,16,255,1.0,0.0,0.06,0.03,0.0,0.0,0.0,0.0,0
0,tcp,http,SF,226,5019,0,0,0,0,0,1,0,0,0,0,0,0,0,0,0,0,22,39,0.0,0.0,0.0,0.0,1.0,0.0,0.1,255,255,1.0,0.0,0.0,0.0,0.0,0.0,0.0,0.0,0
0,tcp,http,SF,323,3581,0,0,0,0,0,1,0,0,0,0,0,0,0,0,0,0,5,11,0.0,0.0,0.0,0.0,1.0,0.0,0.36,47,255,1.0,0.0,0.02,0.02,0.0,0.0,0.0,0.0,0
0,udp,domain_u,SF,44,73,0,0,0,0,0,0,0,0,0,0,0,0,0,0,0,0,127,127,0.0,0.0,0.0,0.0,1.0,0.0,0.0,255,254,1.0,0.01,0.0,0.0,0.0,0.0,0.0,0.0,0
0,tcp,http,SF,306,334,0,0,0,0,0,1,0,0,0,0,0,0,0,0,0,0,6,18,0.0,0.0,0.0,0.0,1.0,0.0,0.28,255,255,1.0,0.0,0.0,0.0,0.0,0.0,0.0,0.0,0
0,tcp,http,REJ,0,0,0,0,0,0,0,0,0,0,0,0,0,0,0,0,0,0,1,1,0.0,0.0,1.0,1.0,1.0,0.0,0.0,76,255,1.0,0.0,0.01,0.08,0.0,0.0,0.8,0.85,0
0,tcp,http,S1,487,9572,0,0,0,0,0,1,0,0,0,0,0,0,0,0,0,0,5,5,0.2,0.2,0.0,0.0,1.0,0.0,0.0,255,255,1.0,0.0,0.0,0.0,0.0,0.0,0.0,0.0,0
0,tcp,finger,SF,7,330,0,0,0,0,0,0,0,0,0,0,0,0,0,0,0,0,1,1,0.0,0.0,0.0,0.0,1.0,0.0,0.0,72,10,0.06,0.06,0.01,0.2,0.0,0.0,0.0,0.0,0
0,tcp,ftp_data,SF,1766,0,0,0,0,0,0,1,0,0,0,0,0,0,0,0,0,0,2,2,0.0,0.0,0.0,0.0,1.0,0.0,0.0,255,6,0.02,0.02,0.02,0.0,0.0,0.0,0.83,0.0,0
0,icmp,urp_i,SF,181,0,0,0,0,0,0,0,0,0,0,0,0,0,0,0,0,0,2,1,0.0,0.0,0.0,0.0,0.5,1.0,0.0,255,130,0.51,0.01,0.67,0.0,0.0,0.0,0.0,0.0,0
0,tcp,http,SF,257,23051,0,0,0,0,0,1,0,0,0,0,0,0,0,0,0,0,1,4,0.0,0.0,0.0,0.0,1.0,0.0,0.5,53,255,1.0,0.0,0.02,0.06,0.0,0.0,0.0,0.0,0
0,tcp,smtp,SF,11149,923,0,0,0,0,0,1,0,0,0,0,0,0,0,0,0,0,1,1,0.0,0.0,0.0,0.0,1.0,0.0,0.0,255,37,0.15,0.02,0.0,0.0,0.0,0.0,0.83,0.0,0
0,udp,other,SF,516,4,0,0,0,0,0,0,0,0,0,0,0,0,0,0,0,0,479,479,0.0,0.0,0.0,0.0,1.0,0.0,0.0,255,255,1.0,0.0,1.0,0.0,0.0,0.0,0.0,0.0,0
0,tcp,http,SF,206,1366,0,0,0,0,0,1,0,0,0,0,0,0,0,0,0,0,24,24,0.0,0.0,0.0,0.0,1.0,0.0,0.0,24,255,1.0,0.0,0.04,0.06,0.0,0.0,0.0,0.0,0
0,tcp,smtp,SF,1429,386,0,0,0,0,0,1,0,0,0,0,0,0,0,0,0,0,1,3,0.0,0.0,0.0,0.0,1.0,0.0,1.0,255,95,0.37,0.05,0.0,0.0,0.23,0.0,0.02,0.0,0
0,tcp,http,SF,249,911,0,0,0,0,0,1,0,0,0,0,0,0,0,0,0,0,35,35,0.0,0.0,0.0,0.0,1.0,0.0,0.0,203,255,1.0,0.0,0.0,0.01,0.0,0.0,0.07,0.06,0
0,tcp,http,SF,230,11430,0,0,0,0,0,1,0,0,0,0,0,0,0,0,0,0,5,6,0.0,0.0,0.0,0.0,1.0,0.0,0.33,61,255,1.0,0.0,0.02,0.05,0.0,0.0,0.0,0.0,0
0,udp,domain_u,SF,44,44,0,0,0,0,0,0,0,0,0,0,0,0,0,0,0,0,16,28,0.0,0.0,0.0,0.0,1.0,0.0,0.14,255,254,1.0,0.01,0.0,0.0,0.0,0.0,0.0,0.0,0
0,tcp,ftp_data,SF,12,0,0,0,0,0,0,1,0,0,0,0,0,0,0,0,0,0,1,2,0.0,0.0,0.0,0.0,1.0,0.0,1.0,152,87,0.35,0.03,0.35,0.02,0.01,0.0,0.0,0.0,0
0,udp,domain_u,SF,44,71,0,0,0,0,0,0,0,0,0,0,0,0,0,0,0,0,198,198,0.0,0.0,0.0,0.0,1.0,0.0,0.0,255,255,1.0,0.0,0.01,0.0,0.0,0.0,0.0,0.0,0
0,tcp,http,SF,218,1456,0,0,0,0,0,1,0,0,0,0,0,0,0,0,0,0,9,31,0.0,0.0,0.0,0.0,1.0,0.0,0.19,147,255,1.0,0.0,0.01,0.01,0.01,0.0,0.0,0.0,0
0,udp,domain_u,SF,45,45,0,0,0,0,0,0,0,0,0,0,0,0,0,0,0,0,149,149,0.0,0.0,0.0,0.0,1.0,0.0,0.0,255,255,1.0,0.0,0.01,0.0,0.0,0.0,0.0,0.0,0
0,udp,domain_u,SF,44,130,0,0,0,0,0,0,0,0,0,0,0,0,0,0,0,0,2,82,0.0,0.0,0.0,0.0,1.0,0.0,0.02,255,249,0.98,0.01,0.0,0.0,0.0,0.0,0.0,0.0,0
0,udp,domain_u,SF,44,132,0,0,0,0,0,0,0,0,0,0,0,0,0,0,0,0,71,151,0.0,0.0,0.0,0.0,1.0,0.0,0.01,255,255,1.0,0.0,0.0,0.0,0.0,0.0,0.0,0.0,0
0,tcp,http,SF,245,3257,0,0,0,0,0,1,0,0,0,0,0,0,0,0,0,0,1,1,0.0,0.0,0.0,0.0,1.0,0.0,0.0,3,255,1.0,0.0,0.33,0.03,0.0,0.01,0.0,0.0,0
0,tcp,http,SF,237,370,0,0,0,0,0,1,0,0,0,0,0,0,0,0,0,0,10,10,0.0,0.0,0.0,0.0,1.0,0.0,0.0,255,255,1.0,0.0,0.0,0.0,0.0,0.0,0.0,0.0,0
0,tcp,smtp,SF,1357,328,0,0,0,0,0,1,0,0,0,0,0,0,0,0,0,0,1,2,0.0,0.0,0.0,0.0,1.0,0.0,1.0,144,88,0.61,0.03,0.01,0.0,0.0,0.0,0.0,0.0,0
0,tcp,http,SF,230,7943,0,0,0,0,0,1,0,0,0,0,0,0,0,0,0,0,10,11,0.0,0.0,0.0,0.0,1.0,0.0,0.18,255,255,1.0,0.0,0.0,0.0,0.0,0.0,0.0,0.0,0
0,tcp,http,SF,318,762,0,0,0,0,0,1,0,0,0,0,0,0,0,0,0,0,32,32,0.0,0.0,0.0,0.0,1.0,0.0,0.0,255,255,1.0,0.0,0.0,0.0,0.0,0.0,0.0,0.0,0
0,tcp,http,SF,231,2342,0,0,0,0,0,1,0,0,0,0,0,0,0,0,0,0,36,36,0.0,0.0,0.0,0.0,1.0,0.0,0.0,172,255,1.0,0.0,0.01,0.02,0.0,0.0,0.0,0.0,0
0,tcp,http,SF,171,7764,0,0,0,0,0,1,0,0,0,0,0,0,0,0,0,0,12,12,0.0,0.0,0.0,0.0,1.0,0.0,0.0,28,255,1.0,0.0,0.04,0.02,0.0,0.0,0.04,0.0,0
0,tcp,http,SF,408,4158,0,0,0,0,0,1,0,0,0,0,0,0,0,0,0,0,6,6,0.0,0.0,0.0,0.0,1.0,0.0,0.0,255,255,1.0,0.0,0.0,0.0,0.0,0.0,0.0,0.0,0
0,tcp,http,SF,233,2121,0,0,0,0,0,1,0,0,0,0,0,0,0,0,0,0,5,7,0.0,0.0,0.0,0.0,1.0,0.0,0.43,207,255,1.0,0.0,0.0,0.02,0.0,0.0,0.0,0.0,0
0,tcp,smtp,SF,1129,328,0,0,0,0,0,1,0,0,0,0,0,0,0,0,0,0,1,1,0.0,0.0,0.0,0.0,1.0,0.0,0.0,172,246,0.96,0.01,0.01,0.01,0.0,0.0,0.0,0.0,0
0,tcp,ftp_data,SF,3468,0,0,0,0,0,0,0,0,0,0,0,0,0,0,0,0,0,10,10,0.0,0.0,0.0,0.0,1.0,0.0,0.0,75,86,0.4,0.07,0.4,0.02,0.0,0.0,0.0,0.0,0
305,tcp,telnet,SF,1735,2766,0,0,0,3,0,1,2,1,0,0,1,0,0,0,0,0,1,1,0.0,0.0,0.0,0.0,1.0,0.0,0.0,2,4,1.0,0.0,0.5,0.5,0.0,0.0,0.0,0.0,1
0,udp,domain_u,SF,44,132,0,0,0,0,0,0,0,0,0,0,0,0,0,0,0,0,69,149,0.0,0.0,0.0,0.0,1.0,0.0,0.01,255,216,0.85,0.01,0.0,0.0,0.0,0.0,0.0,0.0,0
0,tcp,finger,SF,9,223,0,0,0,0,0,0,0,0,0,0,0,0,0,0,0,0,1,1,0.0,0.0,0.0,0.0,1.0,0.0,0.0,172,11,0.06,0.03,0.01,0.0,0.01,0.0,0.0,0.0,0
0,tcp,http,SF,309,397,0,0,0,0,0,1,0,0,0,0,0,0,0,0,0,0,10,10,0.0,0.0,0.0,0.0,1.0,0.0,0.0,255,255,1.0,0.0,0.0,0.0,0.0,0.0,0.0,0.0,0
0,tcp,ftp_data,SF,0,5636,0,0,0,0,0,1,2,0,0,2,0,0,0,0,0,0,1,1,0.0,0.0,0.0,0.0,1.0,0.0,0.0,1,41,1.0,0.0,1.0,0.1,0.0,0.0,0.0,0.0,1
0,udp,domain_u,SF,45,80,0,0,0,0,0,0,0,0,0,0,0,0,0,0,0,0,205,205,0.0,0.0,0.0,0.0,1.0,0.0,0.0,255,255,1.0,0.0,0.01,0.0,0.0,0.0,0.0,0.0,0
0,tcp,ftp_data,SF,12,0,0,0,0,0,0,1,0,0,0,0,0,0,0,0,0,0,2,2,0.0,0.0,0.0,0.0,1.0,0.0,0.0,22,6,0.27,0.09,0.27,0.0,0.0,0.0,0.0,0.0,0
3,tcp,time,SF,0,4,0,0,0,0,0,0,0,0,0,0,0,0,0,0,0,0,1,1,0.0,0.0,0.0,0.0,1.0,0.0,0.0,16,16,1.0,0.0,0.06,0.0,0.0,0.0,0.0,0.0,0
0,udp,other,SF,516,4,0,0,0,0,0,0,0,0,0,0,0,0,0,0,0,0,179,179,0.0,0.0,0.0,0.0,1.0,0.0,0.0,179,179,1.0,0.0,1.0,0.0,0.0,0.0,0.0,0.0,0
0,tcp,http,SF,304,1380,0,0,0,0,0,1,0,0,0,0,0,0,0,0,0,0,3,3,0.0,0.0,0.0,0.0,1.0,0.0,0.0,255,224,0.88,0.01,0.0,0.0,0.0,0.0,0.0,0.0,0
0,udp,domain_u,SF,44,78,0,0,0,0,0,0,0,0,0,0,0,0,0,0,0,0,258,258,0.0,0.0,0.0,0.0,1.0,0.0,0.0,255,236,0.93,0.01,0.0,0.0,0.0,0.0,0.0,0.0,0
0,tcp,http,SF,338,278,0,0,0,0,0,1,0,0,0,0,0,0,0,0,0,0,3,3,0.0,0.0,0.0,0.0,1.0,0.0,0.0,255,252,0.99,0.01,0.0,0.0,0.0,0.0,0.0,0.0,0
0,udp,domain_u,SF,43,68,0,0,0,0,0,0,0,0,0,0,0,0,0,0,0,0,128,128,0.0,0.0,0.0,0.0,1.0,0.0,0.0,255,255,1.0,0.0,0.01,0.0,0.0,0.0,0.0,0.0,0
0,tcp,http,SF,324,1809,0,0,0,0,0,1,0,0,0,0,0,0,0,0,0,0,13,13,0.0,0.0,0.0,0.0,1.0,0.0,0.0,13,255,1.0,0.0,0.08,0.04,0.0,0.0,0.0,0.0,0
2,tcp,ftp_data,SF,2194619,0,0,0,0,0,0,0,0,0,0,0,0,0,0,0,0,0,3,2,0.0,0.0,0.0,0.0,0.67,0.67,0.0,255,98,0.38,0.04,0.39,0.0,0.0,0.01,0.01,0.0,0
0,tcp,other,SF,8325,0,0,0,0,0,0,1,0,0,0,0,0,0,0,0,0,0,15,1,0.07,0.0,0.0,0.0,0.07,0.13,0.0,140,1,0.01,0.05,0.34,0.0,0.02,0.0,0.0,0.0,0
0,tcp,http,SF,327,10407,0,0,0,0,0,1,0,0,0,0,0,0,0,0,0,0,2,2,0.0,0.0,0.0,0.0,1.0,0.0,0.0,255,255,1.0,0.0,0.0,0.0,0.0,0.0,0.0,0.0,0
18,tcp,smtp,SF,1229,332,0,0,0,0,0,1,0,0,0,0,0,0,0,0,0,0,1,1,0.0,0.0,0.0,0.0,1.0,0.0,0.0,39,39,0.97,0.05,0.03,0.05,0.0,0.0,0.05,0.05,0
0,tcp,http,SF,0,714,0,0,0,0,0,0,0,0,0,0,0,0,0,0,0,0,10,10,0.1,0.1,0.0,0.0,1.0,0.0,0.0,30,255,1.0,0.0,0.03,0.07,0.03,0.01,0.0,0.0,0
0,tcp,http,REJ,0,0,0,0,0,0,0,0,0,0,0,0,0,0,0,0,0,0,1,1,0.0,0.0,1.0,1.0,1.0,0.0,0.0,109,255,1.0,0.0,0.01,0.06,0.0,0.0,0.83,0.75,0
0,tcp,http,SF,191,2568,0,0,0,0,0,1,0,0,0,0,0,0,0,0,0,0,2,2,0.0,0.0,0.0,0.0,1.0,0.0,0.0,189,255,1.0,0.0,0.01,0.02,0.01,0.01,0.0,0.0,0
0,tcp,http,SF,349,22780,0,0,0,0,0,1,0,0,0,0,0,0,0,0,0,0,7,7,0.0,0.0,0.0,0.0,1.0,0.0,0.0,180,255,1.0,0.0,0.01,0.02,0.0,0.0,0.0,0.0,0
0,udp,domain_u,SF,45,138,0,0,0,0,0,0,0,0,0,0,0,0,0,0,0,0,69,149,0.0,0.0,0.0,0.0,0.99,0.03,0.01,255,236,0.93,0.01,0.0,0.0,0.0,0.0,0.0,0.0,0
0,udp,private,SF,105,146,0,0,0,0,0,0,0,0,0,0,0,0,0,0,0,0,1,1,0.0,0.0,0.0,0.0,1.0,0.0,0.0,255,253,0.99,0.01,0.0,0.0,0.0,0.0,0.0,0.0,0
0,tcp,http,SF,347,1596,0,0,0,0,0,1,0,0,0,0,0,0,0,0,0,0,3,3,0.0,0.0,0.0,0.0,1.0,0.0,0.0,255,255,1.0,0.0,0.0,0.0,0.0,0.0,0.0,0.0,0
0,tcp,http,SF,209,2408,0,0,0,0,0,1,0,0,0,0,0,0,0,0,0,0,2,6,0.0,0.0,0.0,0.0,1.0,0.0,0.5,243,255,1.0,0.0,0.0,0.01,0.0,0.0,0.0,0.0,0
0,tcp,smtp,SF,3205,331,0,0,0,0,0,1,0,0,0,0,0,0,0,0,0,0,1,2,0.0,0.0,0.0,0.0,1.0,0.0,1.0,57,197,0.95,0.05,0.02,0.02,0.0,0.01,0.0,0.0,0
0,tcp,ftp_data,SF,884,0,0,0,0,0,0,0,0,0,0,0,0,0,0,0,0,0,2,2,0.0,0.0,0.0,0.0,1.0,0.0,0.0,46,76,0.13,0.09,0.13,0.03,0.0,0.0,0.02,0.0,0
0,tcp,http,SF,325,1645,0,0,0,0,0,1,0,0,0,0,0,0,0,0,0,0,5,12,0.0,0.0,0.0,0.0,1.0,0.0,0.25,255,255,1.0,0.0,0.0,0.0,0.0,0.0,0.0,0.0,0
0,udp,private,SF,105,145,0,0,0,0,0,0,0,0,0,0,0,0,0,0,0,0,2,2,0.0,0.0,0.0,0.0,1.0,0.0,0.0,234,228,0.97,0.01,0.01,0.0,0.0,0.0,0.0,0.0,0
0,tcp,http,SF,337,3830,0,0,0,0,0,1,0,0,0,0,0,0,0,0,0,0,4,4,0.0,0.0,0.0,0.0,1.0,0.0,0.0,40,255,1.0,0.0,0.03,0.01,0.0,0.0,0.0,0.0,0
0,tcp,http,SF,231,9950,0,0,0,0,0,1,0,0,0,0,0,0,0,0,0,0,1,13,0.0,0.0,0.0,0.0,1.0,0.0,0.15,7,254,1.0,0.0,0.14,0.03,0.0,0.0,0.0,0.01,0
0,tcp,http,SF,210,1280,0,0,0,0,0,1,0,0,0,0,0,0,0,0,0,0,16,17,0.0,0.0,0.0,0.0,1.0,0.0,0.12,16,255,1.0,0.0,0.06,0.03,0.0,0.0,0.0,0.0,0
0,tcp,http,SF,312,313,0,0,0,0,0,1,0,0,0,0,0,0,0,0,0,0,27,27,0.0,0.0,0.0,0.0,1.0,0.0,0.0,255,255,1.0,0.0,0.0,0.0,0.0,0.0,0.0,0.0,0
0,tcp,http,SF,285,811,0,0,0,0,0,1,0,0,0,0,0,0,0,0,0,0,11,11,0.0,0.0,0.0,0.0,1.0,0.0,0.0,27,255,1.0,0.0,0.04,0.03,0.0,0.0,0.0,0.0,0
0,tcp,http,SF,284,3377,0,0,0,0,0,1,0,0,0,0,0,0,0,0,0,0,10,10,0.0,0.0,0.0,0.0,1.0,0.0,0.0,58,255,1.0,0.0,0.02,0.05,0.0,0.0,0.0,0.0,0
0,tcp,http,SF,331,2587,0,0,0,0,0,1,0,0,0,0,0,0,0,0,0,0,18,18,0.0,0.0,0.0,0.0,1.0,0.0,0.0,101,255,1.0,0.0,0.01,0.02,0.0,0.0,0.0,0.0,0
0,tcp,http,SF,276,2987,0,0,0,0,0,1,0,0,0,0,0,0,0,0,0,0,6,38,0.0,0.0,0.0,0.0,1.0,0.0,0.08,78,255,1.0,0.0,0.01,0.04,0.0,0.0,0.0,0.0,0
2560,udp,other,SF,147,105,0,0,0,0,0,0,0,0,0,0,0,0,0,0,0,0,1,1,0.0,0.0,0.0,0.0,1.0,0.0,0.0,255,2,0.01,0.65,0.96,0.0,0.0,0.0,0.0,0.0,0
85,tcp,telnet,SF,277,693,0,0,0,0,0,0,0,0,0,0,0,0,0,0,0,0,1,1,0.0,0.0,0.0,0.0,1.0,0.0,0.0,1,1,1.0,0.0,1.0,0.0,0.0,0.0,0.0,0.0,1
0,tcp,http,REJ,0,0,0,0,0,0,0,0,0,0,0,0,0,0,0,0,0,0,1,2,0.0,0.0,1.0,1.0,1.0,0.0,1.0,41,255,1.0,0.0,0.02,0.15,0.0,0.0,1.0,1.0,0
0,tcp,http,SF,232,5309,0,0,0,0,0,1,0,0,0,0,0,0,0,0,0,0,21,21,0.0,0.0,0.0,0.0,1.0,0.0,0.0,23,255,1.0,0.0,0.04,0.01,0.0,0.0,0.0,0.0,0
0,tcp,smtp,SF,3035,278,0,0,0,0,0,1,0,0,0,0,0,0,0,0,0,0,1,1,0.0,0.0,0.0,0.0,1.0,0.0,0.0,154,175,0.54,0.03,0.01,0.01,0.0,0.0,0.0,0.0,0
0,tcp,ftp_data,SF,9178,0,0,0,0,0,0,1,0,0,0,0,0,0,0,0,0,0,7,7,0.0,0.0,0.0,0.0,1.0,0.0,0.0,66,100,0.26,0.06,0.26,0.02,0.0,0.0,0.0,0.0,0
0,tcp,http,REJ,0,0,0,0,0,0,0,0,0,0,0,0,0,0,0,0,0,0,18,18,0.0,0.0,0.83,0.83,1.0,0.0,0.0,36,122,1.0,0.0,0.03,0.16,0.0,0.01,0.92,0.86,0
20,tcp,smtp,SF,904,330,0,0,0,0,0,1,0,0,0,0,0,0,0,0,0,0,1,4,0.0,0.0,0.0,0.0,1.0,0.0,1.0,2,184,1.0,0.0,0.5,0.01,0.0,0.0,0.0,0.0,0
0,tcp,http,SF,312,4215,0,0,0,0,0,1,0,0,0,0,0,0,0,0,0,0,11,12,0.0,0.0,0.0,0.0,1.0,0.0,0.17,255,255,1.0,0.0,0.0,0.0,0.0,0.0,0.0,0.0,0
0,tcp,smtp,SF,1038,330,0,0,0,0,0,1,0,0,0,0,0,0,0,0,0,0,1,1,0.0,0.0,0.0,0.0,1.0,0.0,0.0,146,172,0.75,0.02,0.01,0.01,0.0,0.0,0.0,0.0,0
0,tcp,http,RSTO,0,0,0,0,0,0,0,1,0,0,0,0,0,0,0,0,0,0,1,1,0.0,0.0,1.0,1.0,1.0,0.0,0.0,255,248,0.97,0.01,0.0,0.0,0.0,0.0,0.01,0.01,0
0,udp,domain_u,SF,43,75,0,0,0,0,0,0,0,0,0,0,0,0,0,0,0,0,124,124,0.0,0.0,0.0,0.0,1.0,0.0,0.0,255,255,1.0,0.0,0.01,0.0,0.0,0.0,0.0,0.0,0
0,udp,domain_u,SF,45,121,0,0,0,0,0,0,0,0,0,0,0,0,0,0,0,0,82,83,0.0,0.0,0.0,0.0,1.0,0.0,0.02,255,254,1.0,0.01,0.0,0.0,0.0,0.0,0.0,0.0,0
0,tcp,http,SF,196,4110,0,0,0,0,0,1,0,0,0,0,0,0,0,0,0,0,1,6,0.0,0.0,0.0,0.0,1.0,0.0,0.67,65,227,1.0,0.0,0.02,0.15,0.0,0.0,0.42,0.56,0
45,tcp,telnet,SF,2336,4201,0,0,0,3,0,1,1,1,0,0,0,0,0,0,0,0,2,1,0.0,0.0,0.5,0.0,0.5,1.0,0.0,7,7,1.0,0.0,0.14,0.0,0.0,0.0,0.14,0.14,1
0,tcp,http,SF,211,1452,0,0,0,0,0,1,0,0,0,0,0,0,0,0,0,0,7,8,0.0,0.0,0.0,0.0,1.0,0.0,0.25,7,255,1.0,0.0,0.14,0.06,0.0,0.0,0.0,0.0,0
5111,udp,other,SF,146,105,0,0,0,0,0,0,0,0,0,0,0,0,0,0,0,0,2,2,0.0,0.0,0.0,0.0,1.0,0.0,0.0,255,2,0.01,0.64,0.95,0.0,0.0,0.0,0.0,0.0,0
0,udp,private,SF,105,146,0,0,0,0,0,0,0,0,0,0,0,0,0,0,0,0,1,1,0.0,0.0,0.0,0.0,1.0,0.0,0.0,18,15,0.83,0.11,0.06,0.0,0.0,0.0,0.0,0.0,0
0,tcp,http,SF,236,685,0,0,0,0,0,1,0,0,0,0,0,0,0,0,0,0,8,8,0.0,0.0,0.0,0.0,1.0,0.0,0.0,9,255,1.0,0.0,0.11,0.06,0.0,0.0,0.0,0.0,0
0,udp,domain_u,SF,45,138,0,0,0,0,0,0,0,0,0,0,0,0,0,0,0,0,121,121,0.0,0.0,0.0,0.0,1.0,0.0,0.0,255,255,1.0,0.0,0.0,0.0,0.0,0.0,0.0,0.0,0
0,icmp,eco_i,SF,30,0,0,0,0,0,0,0,0,0,0,0,0,0,0,0,0,0,1,1,0.0,0.0,0.0,0.0,1.0,0.0,0.0,45,90,0.98,0.04,0.98,0.27,0.0,0.0,0.0,0.0,0
0,tcp,ftp_data,SF,1030,0,0,0,0,0,0,1,0,0,0,0,0,0,0,0,0,0,3,3,0.0,0.0,0.0,0.0,1.0,0.0,0.0,122,39,0.07,0.03,0.07,0.05,0.0,0.0,0.02,0.0,0
0,udp,domain_u,SF,45,132,0,0,0,0,0,0,0,0,0,0,0,0,0,0,0,0,3,34,0.0,0.0,0.0,0.0,1.0,0.0,0.06,56,8,0.14,0.05,0.02,0.0,0.0,0.0,0.0,0.0,0
7,tcp,telnet,SF,139,1687,0,0,0,0,0,1,0,0,0,0,0,0,0,0,0,0,1,1,0.0,0.0,0.0,0.0,1.0,0.0,0.0,1,5,1.0,0.0,1.0,1.0,0.0,0.0,0.0,0.0,0
4178,udp,other,SF,147,105,0,0,0,0,0,0,0,0,0,0,0,0,0,0,0,0,4,2,0.0,0.0,0.0,0.0,0.5,0.5,0.0,255,2,0.01,0.83,1.0,0.0,0.0,0.0,0.0,0.0,0
0,tcp,http,SF,389,2870,0,0,0,0,0,1,0,0,0,0,0,0,0,0,0,0,6,6,0.0,0.0,0.0,0.0,1.0,0.0,0.0,255,255,1.0,0.0,0.01,0.0,0.0,0.0,0.0,0.0,0
0,tcp,http,SF,201,5152,0,0,0,0,0,1,0,0,0,0,0,0,0,0,0,0,7,13,0.0,0.0,0.0,0.0,1.0,0.0,0.23,48,255,1.0,0.0,0.02,0.03,0.0,0.01,0.0,0.0,0
7,tcp,ftp,SF,230,644,0,0,0,4,0,1,0,0,0,0,4,0,0,0,0,0,1,1,0.0,0.0,0.0,0.0,1.0,0.0,0.0,4,1,0.25,0.75,0.25,0.0,0.0,0.0,0.0,0.0,1
0,tcp,pop_3,SF,38,130,0,0,0,0,0,1,0,0,0,0,0,0,0,0,0,0,1,1,0.0,0.0,0.0,0.0,1.0,0.0,0.0,75,9,0.01,0.07,0.01,0.33,0.0,0.0,0.0,0.0,0
0,icmp,ecr_i,SF,30,0,0,0,0,0,0,0,0,0,0,0,0,0,0,0,0,0,2,2,0.0,0.0,0.0,0.0,1.0,0.0,0.0,97,97,1.0,0.0,1.0,0.0,0.0,0.0,0.0,0.0,0
0,udp,domain_u,SF,45,132,0,0,0,0,0,0,0,0,0,0,0,0,0,0,0,0,59,59,0.0,0.0,0.0,0.0,1.0,0.0,0.0,204,149,0.73,0.02,0.0,0.0,0.0,0.0,0.0,0.0,0
0,tcp,http,SF,247,4338,0,0,0,0,0,1,0,0,0,0,0,0,0,0,0,0,11,11,0.0,0.0,0.0,0.0,1.0,0.0,0.0,11,255,1.0,0.0,0.09,0.02,0.0,0.0,0.0,0.0,0
0,udp,domain_u,SF,43,133,0,0,0,0,0,0,0,0,0,0,0,0,0,0,0,0,73,153,0.0,0.0,0.0,0.0,0.99,0.03,0.01,255,238,0.93,0.01,0.0,0.0,0.0,0.0,0.0,0.0,0
30,tcp,ftp,SF,913,2720,0,0,0,19,0,1,0,0,0,0,0,0,0,0,0,1,1,1,0.0,0.0,0.0,0.0,1.0,0.0,0.0,255,54,0.21,0.02,0.0,0.0,0.0,0.0,0.0,0.0,0
0,tcp,http,S0,0,0,0,0,0,0,0,0,0,0,0,0,0,0,0,0,0,0,2,2,0.5,0.5,0.0,0.0,1.0,0.0,0.0,219,223,1.0,0.0,0.01,0.01,0.01,0.01,0.0,0.0,0
0,tcp,ftp_data,SF,6932,0,0,0,0,0,0,1,0,0,0,0,0,0,0,0,0,0,2,2,0.0,0.0,0.0,0.0,1.0,0.0,0.0,68,80,0.47,0.09,0.47,0.03,0.0,0.0,0.0,0.0,0
0,udp,domain_u,SF,44,73,0,0,0,0,0,0,0,0,0,0,0,0,0,0,0,0,111,111,0.0,0.0,0.0,0.0,1.0,0.0,0.0,255,255,1.0,0.0,0.01,0.0,0.0,0.0,0.0,0.0,0
27,tcp,ftp,SF,1216,3380,0,0,0,24,0,1,0,0,0,0,0,0,0,0,0,1,1,1,0.0,0.0,0.0,0.0,1.0,0.0,0.0,255,70,0.27,0.03,0.0,0.0,0.0,0.0,0.0,0.0,0
0,tcp,http,SF,262,1769,0,0,0,0,0,1,0,0,0,0,0,0,0,0,0,0,2,18,0.0,0.0,0.0,0.0,1.0,0.0,0.17,135,255,1.0,0.0,0.01,0.04,0.0,0.0,0.0,0.0,0
0,tcp,ftp_data,SF,1699,0,0,0,0,0,0,1,0,0,0,0,0,0,0,0,0,0,11,11,0.0,0.0,0.0,0.0,1.0,0.0,0.0,119,47,0.39,0.05,0.39,0.0,0.0,0.0,0.0,0.0,0
0,tcp,http,SF,283,82751,0,0,0,0,0,1,0,0,0,0,0,0,0,0,0,0,7,7,0.0,0.0,0.0,0.0,1.0,0.0,0.0,30,255,1.0,0.0,0.03,0.08,0.0,0.01,0.0,0.0,0
0,tcp,http,SF,343,520,0,0,0,0,0,1,0,0,0,0,0,0,0,0,0,0,1,1,0.0,0.0,0.0,0.0,1.0,0.0,0.0,3,255,1.0,0.0,0.33,0.04,0.0,0.0,0.0,0.0,0
0,tcp,http,SF,218,8903,0,0,0,0,0,1,0,0,0,0,0,0,0,0,0,0,11,11,0.0,0.0,0.0,0.0,1.0,0.0,0.0,176,255,1.0,0.0,0.01,0.03,0.01,0.01,0.0,0.0,0
0,udp,domain_u,SF,44,131,0,0,0,0,0,0,0,0,0,0,0,0,0,0,0,0,68,148,0.0,0.0,0.0,0.0,1.0,0.0,0.01,255,234,0.92,0.01,0.0,0.0,0.0,0.0,0.0,0.0,0
0,tcp,http,SF,309,1057,0,0,0,0,0,1,0,0,0,0,0,0,0,0,0,0,5,10,0.0,0.0,0.0,0.0,1.0,0.0,0.3,255,255,1.0,0.0,0.0,0.0,0.0,0.0,0.0,0.0,0
0,tcp,http,SF,214,5308,0,0,0,0,0,1,0,0,0,0,0,0,0,0,0,0,19,19,0.0,0.0,0.0,0.0,1.0,0.0,0.0,19,255,1.0,0.0,0.05,0.04,0.0,0.0,0.0,0.0,0
0,tcp,http,SF,305,1651,0,0,0,0,0,1,0,0,0,0,0,0,0,0,0,0,11,11,0.0,0.0,0.0,0.0,1.0,0.0,0.0,80,255,1.0,0.0,0.01,0.04,0.0,0.0,0.0,0.0,0
0,tcp,http,SF,346,392,0,0,0,0,0,1,0,0,0,0,0,0,0,0,0,0,13,13,0.0,0.0,0.0,0.0,1.0,0.0,0.0,255,255,1.0,0.0,0.0,0.0,0.0,0.0,0.0,0.0,0
3,tcp,ftp_data,SF,2194619,0,0,0,0,0,0,1,0,0,0,0,0,0,0,0,0,0,3,2,0.0,0.0,0.0,0.0,0.67,0.67,0.0,64,48,0.75,0.06,0.75,0.0,0.0,0.0,0.0,0.0,0
0,tcp,http,SF,282,2251,0,0,0,0,0,1,0,0,0,0,0,0,0,0,0,0,23,26,0.0,0.0,0.0,0.0,1.0,0.0,0.12,151,255,1.0,0.0,0.01,0.01,0.0,0.0,0.0,0.0,0
13428,tcp,telnet,SF,10287,16696,0,0,0,0,0,1,1,0,0,0,38,0,0,0,0,0,1,1,0.0,0.0,0.0,0.0,1.0,0.0,0.0,255,12,0.05,0.06,0.0,0.0,0.87,0.0,0.01,0.17,0
0,udp,domain_u,SF,44,135,0,0,0,0,0,0,0,0,0,0,0,0,0,0,0,0,61,141,0.0,0.0,0.0,0.0,1.0,0.0,0.01,255,254,1.0,0.01,0.0,0.0,0.0,0.0,0.0,0.0,0
0,tcp,http,SF,228,1512,0,0,0,0,0,1,0,0,0,0,0,0,0,0,0,0,4,4,0.0,0.0,0.0,0.0,1.0,0.0,0.0,255,255,1.0,0.0,0.0,0.0,0.0,0.0,0.01,0.01,0
1,tcp,smtp,SF,1502,332,0,0,0,0,0,1,0,0,0,0,0,0,0,0,0,0,1,3,0.0,0.0,0.0,0.0,1.0,0.0,1.0,175,185,0.65,0.02,0.01,0.01,0.0,0.0,0.0,0.0,0
0,tcp,smtp,SF,1330,329,0,0,0,0,0,1,0,0,0,0,0,0,0,0,0,0,1,1,0.0,0.0,0.0,0.0,1.0,0.0,0.0,6,164,0.83,0.33,0.17,0.02,0.0,0.02,0.0,0.01,0
0,tcp,smtp,SF,1317,367,0,0,0,0,0,1,0,0,0,0,0,0,0,0,0,0,1,1,0.0,0.0,0.0,0.0,1.0,0.0,0.0,5,166,0.8,0.4,0.2,0.02,0.0,0.0,0.0,0.0,0
0,tcp,http,SF,214,1718,0,0,0,0,0,1,0,0,0,0,0,0,0,0,0,0,10,13,0.0,0.0,0.0,0.0,1.0,0.0,0.15,255,255,1.0,0.0,0.0,0.0,0.0,0.0,0.0,0.0,0
0,tcp,http,SF,279,21610,0,0,0,0,0,1,0,0,0,0,0,0,0,0,0,0,1,1,0.0,0.0,0.0,0.0,1.0,0.0,0.0,121,255,1.0,0.0,0.01,0.02,0.0,0.0,0.0,0.0,0
0,tcp,smtp,SF,1060,325,0,0,0,0,0,1,0,0,0,0,0,0,0,0,0,0,1,2,0.0,0.0,0.0,0.0,1.0,0.0,1.0,213,146,0.6,0.02,0.0,0.01,0.0,0.0,0.0,0.0,0
0,tcp,http,SF,259,345,0,0,0,0,0,1,0,0,0,0,0,0,0,0,0,0,17,17,0.0,0.0,0.0,0.0,1.0,0.0,0.0,255,255,1.0,0.0,0.0,0.0,0.0,0.0,0.0,0.0,0
0,tcp,http,SF,236,18275,0,0,0,0,0,1,0,0,0,0,0,0,0,0,0,0,17,17,0.0,0.0,0.0,0.0,1.0,0.0,0.0,255,255,1.0,0.0,0.0,0.0,0.0,0.0,0.0,0.0,0
0,tcp,http,SF,217,468,0,0,0,0,0,1,0,0,0,0,0,0,0,0,0,0,1,1,0.0,0.0,0.0,0.0,1.0,0.0,0.0,58,255,1.0,0.0,0.02,0.03,0.02,0.0,0.0,0.0,0
0,tcp,http,SF,215,626,0,0,0,0,0,1,0,0,0,0,0,0,0,0,0,0,16,16,0.0,0.0,0.0,0.0,1.0,0.0,0.0,226,255,1.0,0.0,0.0,0.02,0.0,0.0,0.0,0.0,0
0,tcp,http,SF,225,1675,0,0,0,0,0,1,0,0,0,0,0,0,0,0,0,0,1,2,0.0,0.0,0.0,0.0,1.0,0.0,1.0,9,255,1.0,0.0,0.11,0.04,0.0,0.0,0.0,0.0,0
0,tcp,ftp_data,SF,383,0,0,0,0,0,0,1,0,0,0,0,0,0,0,0,0,0,1,2,0.0,0.0,0.0,0.0,1.0,0.0,1.0,104,43,0.09,0.04,0.09,0.05,0.0,0.02,0.0,0.0,0
0,tcp,http,SF,346,504,0,0,0,0,0,1,0,0,0,0,0,0,0,0,0,0,5,15,0.0,0.0,0.0,0.0,1.0,0.0,0.27,34,255,1.0,0.0,0.03,0.01,0.0,0.0,0.0,0.0,0
0,tcp,http,SF,305,280,0,0,0,0,0,1,0,0,0,0,0,0,0,0,0,0,11,24,0.0,0.0,0.0,0.0,1.0,0.0,0.08,50,255,1.0,0.0,0.02,0.02,0.0,0.0,0.0,0.0,0
0,tcp,http,SF,283,324,0,0,0,0,0,1,0,0,0,0,0,0,0,0,0,0,8,8,0.0,0.0,0.0,0.0,1.0,0.0,0.0,75,255,1.0,0.0,0.01,0.04,0.0,0.0,0.0,0.0,0
0,tcp,http,SF,214,623,0,0,0,0,0,1,0,0,0,0,0,0,0,0,0,0,16,16,0.0,0.0,0.0,0.0,1.0,0.0,0.0,16,255,1.0,0.0,0.06,0.06,0.0,0.0,0.0,0.0,0
0,tcp,smtp,SF,1312,325,0,0,0,0,0,1,0,0,0,0,0,0,0,0,0,0,1,2,0.0,0.0,0.0,0.0,1.0,0.0,1.0,135,134,0.7,0.04,0.01,0.01,0.0,0.0,0.0,0.0,0
0,tcp,ftp_data,SF,0,5928,0,0,0,0,0,1,0,0,0,0,0,0,0,0,0,0,2,2,0.0,0.0,0.0,0.0,1.0,0.0,0.0,2,82,1.0,0.0,1.0,0.02,0.0,0.0,0.0,0.0,1
0,tcp,http,SF,201,2968,0,0,0,0,0,1,0,0,0,0,0,0,0,0,0,0,1,1,0.0,0.0,0.0,0.0,1.0,0.0,0.0,1,255,1.0,0.0,1.0,0.08,0.0,0.0,0.0,0.0,0
0,tcp,http,SF,220,5808,0,0,0,0,0,1,0,0,0,0,0,0,0,0,0,0,3,7,0.0,0.14,0.0,0.0,1.0,0.0,0.57,24,255,1.0,0.0,0.04,0.03,0.0,0.0,0.0,0.0,0
0,tcp,ftp_data,SF,11,0,0,0,0,0,0,0,0,0,0,0,0,0,0,0,0,0,1,1,0.0,0.0,0.0,0.0,1.0,0.0,0.0,131,32,0.24,0.05,0.24,0.0,0.02,0.0,0.05,0.0,0
0,tcp,http,SF,268,9518,0,0,0,0,0,1,0,0,0,0,0,0,0,0,0,0,1,2,0.0,0.0,0.0,0.0,1.0,0.0,1.0,148,255,1.0,0.0,0.01,0.05,0.0,0.0,0.0,0.0,0
0,udp,other,SF,145,0,0,0,0,0,0,0,0,0,0,0,0,0,0,0,0,0,3,1,0.0,0.0,0.0,0.0,0.33,0.67,0.0,255,1,0.0,0.2,0.33,0.0,0.0,0.0,0.0,0.0,0
0,tcp,http,SF,206,2190,0,0,0,0,0,1,0,0,0,0,0,0,0,0,0,0,25,28,0.0,0.0,0.0,0.0,1.0,0.0,0.14,110,255,1.0,0.0,0.01,0.04,0.0,0.0,0.0,0.0,0
0,tcp,ftp_data,SF,884,0,0,0,0,0,0,0,0,0,0,0,0,0,0,0,0,0,2,2,0.0,0.0,0.0,0.0,1.0,0.0,0.0,106,11,0.1,0.05,0.1,0.0,0.0,0.0,0.04,0.0,0
0,udp,domain_u,SF,34,94,0,0,0,0,0,0,0,0,0,0,0,0,0,0,0,0,1,1,0.0,0.0,0.0,0.0,1.0,0.0,0.0,84,83,0.99,0.02,0.01,0.0,0.0,0.0,0.0,0.0,0
0,tcp,http,SF,335,870,0,0,0,0,0,1,0,0,0,0,0,0,0,0,0,0,23,23,0.0,0.0,0.0,0.0,1.0,0.0,0.0,255,255,1.0,0.0,0.0,0.0,0.0,0.0,0.0,0.0,0
0,tcp,http,SF,174,11889,0,0,0,0,0,1,0,0,0,0,0,0,0,0,0,0,9,9,0.0,0.0,0.0,0.0,1.0,0.0,0.0,255,255,1.0,0.0,0.0,0.0,0.0,0.0,0.0,0.0,0
0,tcp,http,SF,197,266,0,0,0,0,0,1,0,0,0,0,0,0,0,0,0,0,2,16,0.0,0.0,0.0,0.0,1.0,0.0,0.25,255,255,1.0,0.0,0.0,0.0,0.0,0.0,0.0,0.0,0
0,udp,domain_u,SF,45,81,0,0,0,0,0,0,0,0,0,0,0,0,0,0,0,0,243,243,0.0,0.0,0.0,0.0,1.0,0.01,0.01,255,255,1.0,0.0,0.0,0.0,0.0,0.0,0.0,0.0,0
0,tcp,http,SF,209,2030,0,0,0,0,0,1,0,0,0,0,0,0,0,0,0,0,3,3,0.0,0.0,0.0,0.0,1.0,0.0,0.0,3,255,1.0,0.0,0.33,0.07,0.0,0.01,0.0,0.01,0
0,tcp,http,SF,268,5671,0,0,0,0,0,1,0,0,0,0,0,0,0,0,0,0,4,5,0.0,0.0,0.0,0.0,1.0,0.0,0.4,4,255,1.0,0.0,0.25,0.04,0.0,0.01,0.0,0.0,0
0,tcp,http,SF,222,2592,0,0,0,0,0,1,0,0,0,0,0,0,0,0,0,0,31,32,0.0,0.0,0.0,0.0,1.0,0.0,0.06,255,255,1.0,0.0,0.0,0.0,0.0,0.0,0.0,0.0,0
0,tcp,http,SF,321,608,0,0,0,0,0,1,0,0,0,0,0,0,0,0,0,0,24,25,0.0,0.0,0.0,0.0,1.0,0.0,0.08,255,255,1.0,0.0,0.0,0.0,0.0,0.0,0.0,0.0,0
0,tcp,http,SF,327,540,0,0,0,0,0,1,0,0,0,0,0,0,0,0,0,0,11,29,0.0,0.0,0.0,0.0,1.0,0.0,0.17,255,255,1.0,0.0,0.0,0.0,0.0,0.0,0.0,0.0,0
0,icmp,urp_i,SF,181,0,0,0,0,0,0,0,0,0,0,0,0,0,0,0,0,0,2,1,0.0,0.0,0.0,0.0,0.5,1.0,0.0,255,29,0.11,0.01,0.12,0.0,0.0,0.0,0.0,0.0,0
8,udp,domain_u,SF,42,42,0,0,0,0,0,0,0,0,0,0,0,0,0,0,0,0,8,8,0.0,0.0,0.0,0.0,1.0,0.0,0.0,255,244,0.96,0.01,0.0,0.0,0.0,0.0,0.0,0.0,0
0,tcp,smtp,SF,1028,332,0,0,0,0,0,1,0,0,0,0,0,0,0,0,0,0,1,1,0.0,0.0,0.0,0.0,1.0,0.0,0.0,28,21,0.71,0.14,0.04,0.1,0.0,0.0,0.0,0.05,0
0,udp,domain_u,SF,44,138,0,0,0,0,0,0,0,0,0,0,0,0,0,0,0,0,12,75,0.0,0.0,0.0,0.0,0.92,0.17,0.03,255,254,1.0,0.01,0.0,0.0,0.0,0.0,0.0,0.0,0
0,tcp,http,SF,317,2006,0,0,0,0,0,1,0,0,0,0,0,0,0,0,0,0,7,7,0.0,0.0,0.0,0.0,1.0,0.0,0.0,255,255,1.0,0.0,0.0,0.0,0.0,0.0,0.0,0.0,0
0,udp,domain_u,SF,43,129,0,0,0,0,0,0,0,0,0,0,0,0,0,0,0,0,148,214,0.0,0.0,0.0,0.0,0.99,0.01,0.01,255,227,0.89,0.02,0.0,0.0,0.0,0.0,0.0,0.0,0
1,tcp,smtp,SF,1597,332,0,0,0,0,0,1,0,0,0,0,0,0,0,0,0,0,1,3,0.0,0.0,0.0,0.0,1.0,0.0,1.0,5,164,0.6,0.6,0.2,0.01,0.0,0.02,0.0,0.0,0
0,tcp,http,SF,328,1995,0,0,0,0,0,1,0,0,0,0,0,0,0,0,0,0,24,24,0.0,0.0,0.0,0.0,1.0,0.0,0.0,24,225,1.0,0.0,0.04,0.05,0.0,0.0,0.0,0.0,0
0,tcp,http,SF,186,520,0,0,0,0,0,1,0,0,0,0,0,0,0,0,0,0,14,14,0.0,0.0,0.0,0.0,1.0,0.0,0.0,36,255,1.0,0.0,0.03,0.04,0.0,0.0,0.0,0.0,0
0,udp,domain_u,SF,43,126,0,0,0,0,0,0,0,0,0,0,0,0,0,0,0,0,20,86,0.0,0.0,0.0,0.0,1.0,0.0,0.02,246,191,0.78,0.02,0.0,0.0,0.0,0.0,0.0,0.0,0
0,tcp,http,SF,217,3897,0,0,0,0,0,1,0,0,0,0,0,0,0,0,0,0,6,6,0.0,0.0,0.0,0.0,1.0,0.0,0.0,39,255,1.0,0.0,0.03,0.04,0.0,0.01,0.0,0.0,0
0,tcp,http,REJ,0,0,0,0,0,0,0,0,0,0,0,0,0,0,0,0,0,0,9,9,0.0,0.0,0.67,0.67,1.0,0.0,0.0,25,172,1.0,0.0,0.04,0.19,0.0,0.0,0.84,0.98,0
0,tcp,http,SF,315,350,0,0,0,0,0,1,0,0,0,0,0,0,0,0,0,0,8,8,0.0,0.0,0.0,0.0,1.0,0.0,0.0,255,255,1.0,0.0,0.0,0.0,0.0,0.0,0.0,0.0,0
0,udp,domain_u,SF,29,29,0,0,0,0,0,0,0,0,0,0,0,0,0,0,0,0,2,3,0.0,0.0,0.0,0.0,1.0,0.0,0.67,255,255,1.0,0.0,0.0,0.0,0.0,0.0,0.0,0.0,0
0,tcp,smtp,SF,47,283,0,0,0,0,0,1,1,0,0,0,0,0,0,0,0,0,1,1,0.0,0.0,0.0,0.0,1.0,0.0,0.0,234,135,0.58,0.03,0.0,0.0,0.0,0.0,0.0,0.0,0
0,tcp,smtp,SF,646,328,0,0,0,0,0,1,0,0,0,0,0,0,0,0,0,0,1,1,0.0,0.0,0.0,0.0,1.0,0.0,0.0,121,151,0.93,0.03,0.01,0.01,0.0,0.0,0.0,0.0,0
1,tcp,auth,SF,9,37,0,0,0,0,0,1,0,0,0,0,0,0,0,0,0,0,1,1,0.0,0.0,0.0,0.0,1.0,0.0,0.0,248,7,0.03,0.03,0.0,0.0,0.0,0.0,0.0,0.0,0
0,tcp,http,SF,226,1380,0,0,0,0,0,1,0,0,0,0,0,0,0,0,0,0,4,4,0.0,0.0,0.0,0.0,1.0,0.0,0.0,255,233,0.91,0.01,0.0,0.0,0.0,0.0,0.0,0.0,0
12431,udp,other,SF,146,105,0,0,0,0,0,0,0,0,0,0,0,0,0,0,0,0,1,1,0.0,0.0,0.0,0.0,1.0,0.0,0.0,93,1,0.01,0.58,0.78,0.0,0.0,0.0,0.0,0.0,0
0,udp,domain_u,SF,32,94,0,0,0,0,0,0,0,0,0,0,0,0,0,0,0,0,4,4,0.0,0.0,0.0,0.0,1.0,0.0,0.0,255,252,0.99,0.01,0.0,0.0,0.0,0.0,0.0,0.0,0
0,tcp,http,SF,444,4962,0,0,0,0,0,1,0,0,0,0,0,0,0,0,0,0,5,5,0.0,0.0,0.0,0.0,1.0,0.0,0.0,255,255,1.0,0.0,0.0,0.0,0.0,0.0,0.0,0.0,0
0,tcp,smtp,SF,2507,335,0,0,0,0,0,1,0,0,0,0,0,0,0,0,0,0,1,1,0.0,0.0,0.0,0.0,1.0,0.0,0.0,255,144,0.56,0.02,0.0,0.0,0.0,0.0,0.0,0.0,0
0,tcp,http,SF,313,334,0,0,0,0,0,1,0,0,0,0,0,0,0,0,0,0,10,24,0.0,0.0,0.0,0.0,1.0,0.0,0.21,67,255,1.0,0.0,0.01,0.05,0.0,0.0,0.0,0.0,0
0,tcp,http,SF,235,9404,0,0,0,0,0,1,0,0,0,0,0,0,0,0,0,0,10,10,0.0,0.0,0.0,0.0,1.0,0.0,0.0,43,255,1.0,0.0,0.02,0.05,0.0,0.0,0.0,0.0,0
0,tcp,ftp_data,SF,567,0,0,0,0,0,0,0,0,0,0,0,0,0,0,0,0,0,4,1,0.0,0.0,0.0,0.0,0.25,0.5,0.0,255,89,0.35,0.04,0.35,0.0,0.0,0.01,0.0,0.0,0
0,tcp,http,SF,332,1464,0,0,0,0,0,1,0,0,0,0,0,0,0,0,0,0,16,22,0.0,0.0,0.0,0.0,1.0,0.0,0.14,58,255,1.0,0.0,0.02,0.06,0.0,0.0,0.0,0.29,0
0,tcp,http,SF,324,2702,0,0,0,0,0,1,0,0,0,0,0,0,0,0,0,0,3,4,0.0,0.0,0.0,0.0,1.0,0.0,0.5,76,255,1.0,0.0,0.01,0.04,0.0,0.0,0.0,0.0,0
0,tcp,http,SF,284,3468,0,0,0,0,0,1,0,0,0,0,0,0,0,0,0,0,6,6,0.0,0.0,0.0,0.0,1.0,0.0,0.0,255,255,1.0,0.0,0.0,0.0,0.0,0.0,0.0,0.0,0
0,tcp,smtp,SF,692,326,0,0,0,0,0,1,0,0,0,0,0,0,0,0,0,0,1,1,0.0,0.0,0.0,0.0,1.0,0.0,0.0,255,141,0.55,0.02,0.0,0.0,0.0,0.0,0.0,0.0,0
300,tcp,telnet,SF,92,779,0,0,0,0,1,0,0,0,0,0,0,0,0,0,0,0,1,1,0.0,0.0,0.0,0.0,1.0,0.0,0.0,72,2,0.03,0.99,0.01,0.0,0.0,0.0,0.92,0.5,0
0,tcp,http,SF,256,29868,0,0,0,0,0,1,0,0,0,0,0,0,0,0,0,0,1,1,0.0,0.0,0.0,0.0,1.0,0.0,0.0,255,255,1.0,0.0,0.0,0.0,0.0,0.0,0.0,0.0,0
0,tcp,http,SF,236,9572,0,0,0,0,0,1,0,0,0,0,0,0,0,0,0,0,18,22,0.0,0.0,0.0,0.0,1.0,0.0,0.09,159,255,1.0,0.0,0.01,0.04,0.0,0.0,0.0,0.0,0
0,udp,domain_u,SF,45,45,0,0,0,0,0,0,0,0,0,0,0,0,0,0,0,0,116,196,0.0,0.0,0.0,0.0,1.0,0.0,0.01,255,255,1.0,0.0,0.01,0.0,0.0,0.0,0.0,0.0,0
0,tcp,http,SF,320,731,0,0,0,0,0,1,0,0,0,0,0,0,0,0,0,0,10,10,0.0,0.0,0.0,0.0,1.0,0.0,0.0,66,255,1.0,0.0,0.02,0.02,0.0,0.0,0.0,0.0,0
0,udp,domain_u,SF,42,42,0,0,0,0,0,0,0,0,0,0,0,0,0,0,0,0,15,24,0.0,0.0,0.0,0.0,1.0,0.0,0.12,255,231,0.91,0.01,0.0,0.0,0.0,0.0,0.0,0.0,0
1,tcp,smtp,SF,1705,329,0,0,0,0,0,1,0,0,0,0,0,0,2,0,0,0,1,2,0.0,0.0,0.0,0.0,1.0,0.0,1.0,17,200,1.0,0.0,0.06,0.01,0.0,0.0,0.0,0.0,0
0,tcp,http,SF,191,1938,0,0,0,0,0,1,0,0,0,0,0,0,0,0,0,0,2,2,0.0,0.0,0.0,0.0,1.0,0.0,0.0,17,255,1.0,0.0,0.06,0.08,0.0,0.0,0.0,0.0,0
0,tcp,smtp,SF,2512,329,0,0,0,0,0,1,0,0,0,0,0,0,0,0,0,0,1,1,0.0,0.0,0.0,0.0,1.0,0.0,0.0,255,132,0.52,0.01,0.0,0.0,0.0,0.0,0.0,0.0,0
0,tcp,http,SF,225,370,0,0,0,0,0,1,0,0,0,0,0,0,0,0,0,0,21,21,0.0,0.0,0.0,0.0,1.0,0.0,0.0,132,255,1.0,0.0,0.01,0.05,0.0,0.0,0.0,0.0,0
0,tcp,http,SF,281,287,0,0,0,0,0,1,0,0,0,0,0,0,0,0,0,0,2,9,0.0,0.0,0.0,0.0,1.0,0.0,0.22,2,255,1.0,0.0,0.5,0.02,0.0,0.01,0.0,0.0,0
0,tcp,http,SF,177,987,0,0,0,0,0,1,0,0,0,0,0,0,0,0,0,0,1,1,0.0,0.0,0.0,0.0,1.0,0.0,0.0,58,255,1.0,0.0,0.02,0.03,0.0,0.0,0.0,0.0,0
0,tcp,http,SF,204,1030,0,0,0,0,0,1,0,0,0,0,0,0,0,0,0,0,4,4,0.25,0.25,0.0,0.0,1.0,0.0,0.0,4,255,1.0,0.0,0.25,0.05,0.25,0.0,0.0,0.0,0
0,tcp,http,SF,235,915,0,0,0,0,0,1,0,0,0,0,0,0,0,0,0,0,4,4,0.0,0.0,0.0,0.0,1.0,0.0,0.0,173,255,1.0,0.0,0.01,0.01,0.0,0.01,0.0,0.0,0
32,udp,domain_u,SF,110,44,0,0,0,0,0,0,0,0,0,0,0,0,0,0,0,0,8,8,0.0,0.0,0.0,0.0,1.0,0.0,0.0,96,74,0.77,0.02,0.77,0.0,0.0,0.0,0.0,0.0,0
0,tcp,http,SF,182,35916,0,0,0,0,0,1,0,0,0,0,0,0,0,0,0,0,1,1,0.0,0.0,0.0,0.0,1.0,0.0,0.0,255,251,0.98,0.01,0.0,0.0,0.0,0.0,0.0,0.0,0
21,tcp,telnet,SF,135,1290,0,0,0,0,0,1,0,0,0,0,0,0,0,0,0,0,1,1,0.0,0.0,0.0,0.0,1.0,0.0,0.0,6,4,0.67,0.5,0.17,0.0,0.0,0.0,0.0,0.0,1
0,tcp,http,SF,147,2632,0,0,0,0,0,1,0,0,0,0,0,0,0,0,0,0,1,1,0.0,0.0,0.0,0.0,1.0,0.0,0.0,9,255,1.0,0.0,0.11,0.03,0.0,0.0,0.0,0.0,0
0,tcp,http,SF,344,696,0,0,0,0,0,1,0,0,0,0,0,0,0,0,0,0,26,26,0.0,0.0,0.0,0.0,1.0,0.0,0.0,255,255,1.0,0.0,0.0,0.0,0.0,0.0,0.0,0.0,0
0,tcp,http,SF,258,2776,0,0,0,0,0,1,0,0,0,0,0,0,0,0,0,0,20,20,0.0,0.0,0.0,0.0,1.0,0.0,0.0,255,255,1.0,0.0,0.0,0.0,0.0,0.0,0.0,0.0,0
0,tcp,http,SF,209,1320,0,0,0,0,0,1,0,0,0,0,0,0,0,0,0,0,5,5,0.0,0.0,0.0,0.0,1.0,0.0,0.0,37,255,1.0,0.0,0.03,0.03,0.0,0.0,0.0,0.0,0
0,udp,other,SF,516,4,0,0,0,0,0,0,0,0,0,0,0,0,0,0,0,0,337,337,0.0,0.0,0.0,0.0,1.0,0.0,0.0,255,255,1.0,0.0,1.0,0.0,0.0,0.0,0.0,0.0,0
0,tcp,smtp,SF,2104,328,0,0,0,0,0,1,0,0,0,0,0,0,0,0,0,0,1,1,0.0,0.0,0.0,0.0,1.0,0.0,0.0,54,144,0.59,0.09,0.02,0.02,0.0,0.0,0.0,0.0,0
0,tcp,http,SF,200,2637,0,0,0,0,0,1,0,0,0,0,0,0,0,0,0,0,19,21,0.0,0.0,0.0,0.0,1.0,0.0,0.1,19,255,1.0,0.0,0.05,0.03,0.0,0.0,0.0,0.0,0
0,tcp,smtp,SF,1275,390,0,0,0,0,0,1,0,0,0,0,0,0,0,0,0,0,1,1,0.0,0.0,0.0,0.0,1.0,0.0,0.0,255,57,0.22,0.02,0.0,0.0,0.57,0.0,0.0,0.0,0
0,tcp,http,SF,223,488,0,0,0,0,0,1,0,0,0,0,0,0,0,0,0,0,19,19,0.0,0.0,0.0,0.0,1.0,0.0,0.0,255,255,1.0,0.0,0.0,0.0,0.0,0.0,0.0,0.0,0
0,tcp,http,SF,218,15128,0,0,0,0,0,1,0,0,0,0,0,0,0,0,0,0,15,17,0.0,0.0,0.0,0.0,1.0,0.0,0.12,60,255,1.0,0.0,0.02,0.03,0.02,0.0,0.0,0.0,0
0,tcp,http,SF,203,1313,0,0,0,0,0,1,0,0,0,0,0,0,0,0,0,0,8,8,0.0,0.0,0.0,0.0,1.0,0.0,0.0,8,255,1.0,0.0,0.12,0.05,0.0,0.0,0.0,0.0,0
0,tcp,http,SF,190,1069,0,0,0,0,0,1,0,0,0,0,0,0,0,0,0,0,6,6,0.0,0.0,0.0,0.0,1.0,0.0,0.0,70,255,1.0,0.0,0.01,0.04,0.0,0.0,0.0,0.01,0
0,udp,domain_u,SF,46,141,0,0,0,0,0,0,0,0,0,0,0,0,0,0,0,0,136,136,0.0,0.0,0.0,0.0,1.0,0.0,0.0,255,254,1.0,0.01,0.0,0.0,0.0,0.0,0.0,0.0,0
609,udp,other,SF,145,105,0,0,0,0,0,0,0,0,0,0,0,0,0,0,0,0,1,1,0.0,0.0,0.0,0.0,1.0,0.0,0.0,255,1,0.0,0.61,0.96,0.0,0.0,0.0,0.0,0.0,0
0,tcp,http,RSTO,0,0,0,0,0,0,0,1,0,0,0,0,0,0,0,0,0,0,2,2,0.0,0.0,0.5,0.5,1.0,0.0,0.0,2,255,1.0,0.0,1.0,0.02,0.0,0.0,0.5,0.0,0
0,udp,domain_u,SF,45,111,0,0,0,0,0,0,0,0,0,0,0,0,0,0,0,0,6,9,0.0,0.0,0.0,0.0,1.0,0.0,0.22,62,53,0.85,0.05,0.02,0.0,0.0,0.0,0.0,0.0,0
2,tcp,smtp,SF,1758,399,0,0,0,0,0,1,0,0,0,0,0,0,0,0,0,0,1,3,0.0,0.0,0.0,0.0,1.0,0.0,1.0,57,247,0.98,0.04,0.02,0.02,0.0,0.0,0.0,0.0,0
0,tcp,ftp_data,SF,245,0,0,0,0,0,0,1,0,0,0,1,0,0,0,0,0,0,2,2,0.0,0.0,0.0,0.0,1.0,0.0,0.0,40,2,0.05,0.7,0.05,0.0,0.0,0.0,0.0,0.0,0
0,udp,domain_u,SF,44,70,0,0,0,0,0,0,0,0,0,0,0,0,0,0,0,0,278,278,0.0,0.0,0.0,0.0,1.0,0.0,0.0,255,254,1.0,0.01,0.0,0.0,0.0,0.0,0.0,0.0,0
0,tcp,http,SF,210,738,0,0,0,0,0,1,0,0,0,0,0,0,0,0,0,0,3,3,0.0,0.0,0.0,0.0,1.0,0.0,0.0,255,255,1.0,0.0,0.0,0.0,0.0,0.0,0.0,0.0,0
0,tcp,ftp_data,SF,11,0,0,0,0,0,0,1,0,0,0,0,0,0,0,0,0,0,1,1,0.0,0.0,0.0,0.0,1.0,0.0,0.0,89,96,0.31,0.03,0.31,0.02,0.0,0.0,0.0,0.0,0
0,tcp,http,SF,211,4624,0,0,0,0,0,1,0,0,0,0,0,0,0,0,0,0,40,40,0.0,0.0,0.0,0.0,1.0,0.0,0.0,255,255,1.0,0.0,0.0,0.0,0.0,0.0,0.0,0.0,0
0,tcp,http,SF,284,1676,0,0,0,0,0,1,0,0,0,0,0,0,0,0,0,0,25,27,0.0,0.0,0.0,0.0,1.0,0.0,0.11,136,255,1.0,0.0,0.01,0.02,0.0,0.01,0.0,0.0,0
0,tcp,ftp_data,SF,11,0,0,0,0,0,0,1,0,0,0,0,0,0,0,0,0,0,2,2,0.0,0.0,0.0,0.0,1.0,0.0,0.0,112,107,0.31,0.63,0.3,0.02,0.0,0.0,0.61,0.01,0
0,udp,domain_u,SF,42,42,0,0,0,0,0,0,0,0,0,0,0,0,0,0,0,0,8,12,0.0,0.0,0.0,0.0,1.0,0.0,0.17,255,187,0.73,0.01,0.0,0.0,0.0,0.0,0.0,0.0,0
5,tcp,smtp,SF,1377,328,0,0,0,0,0,1,0,0,0,0,0,0,0,0,0,0,1,1,0.0,0.0,0.0,0.0,1.0,0.0,0.0,178,117,0.66,0.03,0.01,0.0,0.0,0.0,0.0,0.0,0
0,udp,domain_u,SF,45,45,0,0,0,0,0,0,0,0,0,0,0,0,0,0,0,0,123,123,0.0,0.0,0.0,0.0,1.0,0.0,0.0,255,245,0.96,0.01,0.0,0.0,0.0,0.0,0.0,0.0,0
0,tcp,ftp_data,SF,12983,0,0,0,0,0,0,0,0,0,0,0,0,0,0,0,0,0,2,2,0.0,0.0,0.0,0.0,1.0,0.0,0.0,255,111,0.44,0.02,0.44,0.0,0.0,0.0,0.0,0.0,0
0,tcp,http,SF,289,2835,0,0,0,0,0,1,0,0,0,0,0,0,0,0,0,0,10,10,0.0,0.0,0.0,0.0,1.0,0.0,0.0,255,255,1.0,0.0,0.0,0.0,0.0,0.0,0.0,0.0,0
0,tcp,http,SF,210,797,0,0,0,0,0,1,0,0,0,0,0,0,0,0,0,0,41,47,0.0,0.0,0.0,0.0,1.0,0.0,0.06,255,255,1.0,0.0,0.0,0.0,0.0,0.0,0.0,0.0,0
0,udp,domain_u,SF,133,45,0,0,0,0,0,0,0,0,0,0,0,0,0,0,0,0,239,238,0.0,0.0,0.0,0.0,1.0,0.01,0.0,128,95,0.74,0.02,0.16,0.0,0.0,0.0,0.0,0.0,0
0,udp,domain_u,SF,46,112,0,0,0,0,0,0,0,0,0,0,0,0,0,0,0,0,107,187,0.0,0.0,0.0,0.0,1.0,0.0,0.01,255,255,1.0,0.0,0.0,0.0,0.0,0.0,0.0,0.0,0
0,tcp,smtp,SF,820,323,0,0,0,0,0,1,0,0,0,0,0,0,0,0,0,0,1,1,0.0,0.0,0.0,0.0,1.0,0.0,0.0,58,247,0.98,0.03,0.02,0.02,0.0,0.0,0.0,0.0,0
0,tcp,http,SF,241,961,0,0,0,0,0,1,0,0,0,0,0,0,0,0,0,0,3,4,0.0,0.0,0.0,0.0,1.0,0.0,0.5,255,255,1.0,0.0,0.0,0.0,0.0,0.0,0.0,0.0,0
37,tcp,telnet,SF,159,14131,0,0,0,0,0,1,0,0,0,0,0,0,0,0,0,0,1,1,0.0,0.0,0.0,0.0,1.0,0.0,0.0,1,2,1.0,0.0,1.0,1.0,0.0,0.0,0.0,0.0,0
0,tcp,http,SF,236,1571,0,0,0,0,0,1,0,0,0,0,0,0,0,0,0,0,14,15,0.0,0.0,0.0,0.0,1.0,0.0,0.13,255,255,1.0,0.0,0.0,0.0,0.0,0.0,0.0,0.0,0
0,tcp,http,SF,318,1676,0,0,0,0,0,1,0,0,0,0,0,0,0,0,0,0,36,45,0.0,0.0,0.0,0.0,1.0,0.0,0.07,36,255,1.0,0.0,0.03,0.04,0.0,0.01,0.0,0.0,0
0,tcp,ftp_data,SF,0,5828,0,0,0,0,0,1,0,0,0,0,0,0,0,0,0,0,2,2,0.0,0.0,0.0,0.0,1.0,0.0,0.0,2,2,1.0,0.0,1.0,0.0,0.0,0.0,0.0,0.0,1
0,udp,domain_u,SF,30,83,0,0,0,0,0,0,0,0,0,0,0,0,0,0,0,0,1,1,0.0,0.0,0.0,0.0,1.0,0.0,0.0,1,220,1.0,0.0,1.0,0.01,0.0,0.0,0.0,0.0,0
0,udp,private,SF,105,147,0,0,0,0,0,0,0,0,0,0,0,0,0,0,0,0,8,1,0.0,0.0,0.0,0.0,0.12,0.25,0.0,255,235,0.92,0.01,0.0,0.0,0.0,0.0,0.0,0.0,0
0,tcp,http,SF,292,434,0,0,0,0,0,1,0,0,0,0,0,0,0,0,0,0,18,18,0.0,0.0,0.0,0.0,1.0,0.0,0.0,255,255,1.0,0.0,0.0,0.0,0.0,0.0,0.0,0.0,0
0,tcp,http,SF,376,622,0,0,0,0,0,1,0,0,0,0,0,0,0,0,0,0,5,7,0.0,0.0,0.0,0.0,1.0,0.0,0.29,255,255,1.0,0.0,0.0,0.0,0.0,0.0,0.0,0.0,0
0,tcp,http,SF,223,2745,0,0,0,0,0,1,0,0,0,0,0,0,0,0,0,0,4,5,0.0,0.0,0.0,0.0,1.0,0.0,0.4,255,255,1.0,0.0,0.0,0.0,0.0,0.0,0.0,0.0,0
0,tcp,http,SF,253,2912,0,0,0,0,0,1,0,0,0,0,0,0,0,0,0,0,1,18,0.0,0.0,0.0,0.0,1.0,0.0,0.22,15,255,1.0,0.0,0.07,0.01,0.0,0.0,0.0,0.01,0
0,tcp,http,SF,323,3805,0,0,0,0,0,1,0,0,0,0,0,0,0,0,0,0,8,8,0.0,0.0,0.0,0.0,1.0,0.0,0.0,8,255,1.0,0.0,0.12,0.05,0.0,0.0,0.0,0.0,0
28,tcp,ftp,SF,1069,3081,0,0,0,22,0,1,0,0,0,0,0,0,0,0,0,1,1,1,0.0,0.0,0.0,0.0,1.0,0.0,0.0,255,50,0.2,0.03,0.0,0.0,0.01,0.0,0.0,0.0,0
0,tcp,http,SF,229,1323,0,0,0,0,0,1,0,0,0,0,0,0,0,0,0,0,3,3,0.0,0.0,0.0,0.0,1.0,0.0,0.0,103,255,1.0,0.0,0.01,0.03,0.0,0.0,0.0,0.0,0
0,tcp,smtp,SF,1117,331,0,0,0,0,0,1,0,0,0,0,0,0,0,0,0,0,1,1,0.0,0.0,0.0,0.0,1.0,0.0,0.0,255,124,0.49,0.03,0.0,0.0,0.0,0.0,0.0,0.0,0
4759,udp,other,SF,145,105,0,0,0,0,0,0,0,0,0,0,0,0,0,0,0,0,1,1,0.0,0.0,0.0,0.0,1.0,0.0,0.0,255,2,0.01,0.63,0.88,0.0,0.0,0.0,0.0,0.0,0
0,tcp,http,SF,286,434,0,0,0,0,0,1,0,0,0,0,0,0,0,0,0,0,9,11,0.0,0.0,0.0,0.0,1.0,0.0,0.27,255,255,1.0,0.0,0.0,0.0,0.0,0.0,0.0,0.0,0
0,udp,private,SF,105,145,0,0,0,0,0,0,0,0,0,0,0,0,0,0,0,0,1,1,0.0,0.0,0.0,0.0,1.0,0.0,0.0,193,187,0.97,0.02,0.01,0.0,0.0,0.0,0.0,0.0,0
7158,udp,other,SF,147,105,0,0,0,0,0,0,0,0,0,0,0,0,0,0,0,0,6,2,0.0,0.0,0.0,0.0,0.33,0.5,0.0,255,2,0.01,0.42,0.93,0.0,0.0,0.0,0.0,0.0,0
3,tcp,smtp,SF,739,329,0,0,0,0,0,1,0,0,0,0,0,0,2,0,0,0,1,3,0.0,0.0,0.0,0.0,1.0,0.0,1.0,255,10,0.04,0.65,0.0,0.0,0.0,0.0,0.0,0.0,0
0,udp,domain_u,SF,46,80,0,0,0,0,0,0,0,0,0,0,0,0,0,0,0,0,165,165,0.0,0.0,0.0,0.0,1.0,0.0,0.0,255,255,1.0,0.0,0.01,0.0,0.0,0.0,0.0,0.0,0
0,tcp,http,SF,361,263,0,0,0,0,0,1,0,0,0,0,0,0,0,0,0,0,11,11,0.0,0.0,0.0,0.0,1.0,0.0,0.0,255,255,1.0,0.0,0.0,0.0,0.0,0.0,0.0,0.0,0
0,tcp,http,SF,323,2446,0,0,0,0,0,1,0,0,0,0,0,0,0,0,0,0,5,5,0.0,0.0,0.0,0.0,1.0,0.0,0.0,255,255,1.0,0.0,0.0,0.0,0.0,0.0,0.0,0.0,0
0,tcp,http,SF,323,9908,0,0,0,0,0,1,0,0,0,0,0,0,0,0,0,0,2,2,0.0,0.0,0.0,0.0,1.0,0.0,0.0,23,255,1.0,0.0,0.04,0.05,0.0,0.0,0.0,0.0,0
0,tcp,pop_3,SF,35,130,0,0,0,0,0,1,0,0,0,0,0,0,0,0,0,0,1,1,0.0,0.0,0.0,0.0,1.0,0.0,0.0,75,4,0.03,0.08,0.01,0.5,0.0,0.0,0.0,0.0,0
0,tcp,http,SF,232,3120,0,0,0,0,0,1,0,0,0,0,0,0,0,0,0,0,15,15,0.0,0.0,0.0,0.0,1.0,0.0,0.0,41,255,1.0,0.0,0.02,0.03,0.0,0.0,0.0,0.0,0
0,tcp,http,SF,239,4649,0,0,0,0,0,1,0,0,0,0,0,0,0,0,0,0,15,17,0.0,0.0,0.0,0.0,1.0,0.0,0.12,255,255,1.0,0.0,0.0,0.0,0.0,0.0,0.0,0.0,0
0,tcp,http,SF,274,1725,0,0,0,0,0,1,0,0,0,0,0,0,0,0,0,0,20,22,0.0,0.0,0.0,0.0,1.0,0.0,0.09,255,255,1.0,0.0,0.0,0.0,0.0,0.0,0.0,0.0,0
0,tcp,http,SF,275,197,0,0,0,0,0,1,0,0,0,0,0,0,0,0,0,0,21,21,0.0,0.0,0.0,0.0,1.0,0.0,0.0,255,255,1.0,0.0,0.0,0.0,0.0,0.0,0.0,0.0,0
0,tcp,http,SF,291,16334,0,0,0,0,0,1,0,0,0,0,0,0,0,0,0,0,2,2,0.0,0.0,0.0,0.0,1.0,0.0,0.0,255,255,1.0,0.0,0.0,0.0,0.0,0.0,0.0,0.0,0
0,udp,domain_u,SF,44,126,0,0,0,0,0,0,0,0,0,0,0,0,0,0,0,0,70,150,0.0,0.0,0.0,0.0,1.0,0.0,0.01,255,233,0.91,0.01,0.0,0.0,0.0,0.0,0.0,0.0,0
0,tcp,http,SF,295,961,0,0,0,0,0,1,0,0,0,0,0,0,0,0,0,0,3,5,0.0,0.0,0.0,0.0,1.0,0.0,0.4,3,255,1.0,0.0,0.33,0.02,0.0,0.0,0.0,0.0,0
0,tcp,http,SF,244,622,0,0,0,0,0,1,0,0,0,0,0,0,0,0,0,0,1,1,0.0,0.0,0.0,0.0,1.0,0.0,0.0,140,255,1.0,0.0,0.01,0.03,0.01,0.01,0.0,0.0,0
0,tcp,http,SF,329,7566,0,0,0,0,0,1,0,0,0,0,0,0,0,0,0,0,18,31,0.0,0.0,0.0,0.0,1.0,0.0,0.13,255,255,1.0,0.0,0.0,0.0,0.0,0.0,0.0,0.0,0
0,tcp,http,SF,244,2688,0,0,0,0,0,1,0,0,0,0,0,0,0,0,0,0,13,13,0.0,0.0,0.0,0.0,1.0,0.0,0.0,255,255,1.0,0.0,0.0,0.0,0.0,0.0,0.0,0.0,0
0,tcp,http,SF,231,12538,0,0,0,0,0,1,0,0,0,0,0,0,0,0,0,0,6,6,0.0,0.0,0.0,0.0,1.0,0.0,0.0,51,255,1.0,0.0,0.02,0.06,0.0,0.0,0.0,0.0,0
0,udp,domain_u,SF,41,127,0,0,0,0,0,0,0,0,0,0,0,0,0,0,0,0,211,287,0.0,0.0,0.0,0.0,1.0,0.0,0.01,255,253,0.99,0.01,0.0,0.0,0.0,0.0,0.0,0.0,0
0,udp,private,SF,105,145,0,0,0,0,0,0,0,0,0,0,0,0,0,0,0,0,1,1,0.0,0.0,0.0,0.0,1.0,0.0,0.0,64,64,1.0,0.0,0.02,0.0,0.0,0.0,0.0,0.0,0
0,tcp,http,SF,306,2880,0,0,0,0,0,1,0,0,0,0,0,0,0,0,0,0,14,21,0.0,0.0,0.0,0.0,1.0,0.0,0.1,255,255,1.0,0.0,0.0,0.0,0.0,0.0,0.0,0.0,0
0,tcp,ftp_data,SF,40494,0,0,0,0,0,0,1,0,0,0,0,0,0,0,0,0,0,2,2,0.0,0.0,0.0,0.0,1.0,0.0,0.0,28,107,0.29,0.11,0.29,0.03,0.0,0.0,0.0,0.0,0
0,tcp,http,SF,328,362,0,0,0,0,0,1,0,0,0,0,0,0,0,0,0,0,22,22,0.0,0.0,0.0,0.0,1.0,0.0,0.0,255,255,1.0,0.0,0.0,0.0,0.0,0.0,0.0,0.0,0
0,tcp,http,SF,150,413,0,0,0,0,0,1,0,0,0,0,0,0,0,0,0,0,1,1,0.0,0.0,0.0,0.0,1.0,0.0,0.0,76,255,1.0,0.0,0.01,0.02,0.0,0.0,0.0,0.0,0
0,icmp,eco_i,SF,30,0,0,0,0,0,0,0,0,0,0,0,0,0,0,0,0,0,2,1,0.0,0.0,0.0,0.0,0.5,1.0,0.0,255,2,0.01,0.01,0.11,0.0,0.0,0.0,0.0,0.0,0
0,udp,domain_u,SF,44,44,0,0,0,0,0,0,0,0,0,0,0,0,0,0,0,0,14,229,0.0,0.0,0.0,0.0,1.0,0.0,0.01,255,255,1.0,0.0,0.0,0.0,0.0,0.0,0.0,0.0,0
0,udp,domain_u,SF,44,74,0,0,0,0,0,0,0,0,0,0,0,0,0,0,0,0,113,115,0.0,0.0,0.0,0.0,1.0,0.0,0.02,255,227,0.89,0.01,0.01,0.0,0.0,0.0,0.0,0.0,0
0,tcp,http,S0,0,0,0,0,0,0,0,0,0,0,0,0,0,0,0,0,0,0,2,4,0.5,0.25,0.0,0.0,1.0,0.0,0.5,14,255,1.0,0.0,0.14,0.04,0.07,0.0,0.0,0.01,0
0,tcp,http,SF,228,593,0,0,0,0,0,1,0,0,0,0,0,0,0,0,0,0,8,8,0.0,0.0,0.0,0.0,1.0,0.0,0.0,85,255,1.0,0.0,0.01,0.01,0.0,0.0,0.0,0.0,0
0,tcp,http,SF,342,453,0,0,0,0,0,1,0,0,0,0,0,0,0,0,0,0,23,23,0.0,0.0,0.0,0.0,1.0,0.0,0.0,255,255,1.0,0.0,0.0,0.0,0.0,0.0,0.0,0.0,0
0,tcp,http,SF,344,5277,0,0,0,0,0,1,0,0,0,0,0,0,0,0,0,0,1,4,0.0,0.0,0.0,0.0,1.0,0.0,0.5,9,255,1.0,0.0,0.11,0.05,0.0,0.0,0.0,0.0,0
0,udp,private,SF,105,147,0,0,0,0,0,0,0,0,0,0,0,0,0,0,0,0,1,1,0.0,0.0,0.0,0.0,1.0,0.0,0.0,69,68,0.99,0.03,0.01,0.0,0.0,0.0,0.0,0.0,0
0,tcp,http,SF,218,759,0,0,0,0,0,1,0,0,0,0,0,0,0,0,0,0,24,28,0.0,0.0,0.0,0.0,1.0,0.0,0.07,255,255,1.0,0.0,0.0,0.0,0.0,0.0,0.0,0.0,0
0,tcp,http,SF,312,285,0,0,0,0,0,1,0,0,0,0,0,0,0,0,0,0,17,17,0.0,0.0,0.0,0.0,1.0,0.0,0.0,255,255,1.0,0.0,0.0,0.0,0.0,0.0,0.0,0.0,0
0,tcp,http,SF,241,261,0,0,0,0,0,1,0,0,0,0,0,0,0,0,0,0,36,46,0.0,0.0,0.0,0.0,1.0,0.0,0.07,128,255,1.0,0.0,0.01,0.01,0.0,0.0,0.0,0.0,0
0,tcp,http,SF,208,330,0,0,0,0,0,1,0,0,0,0,0,0,0,0,0,0,15,15,0.0,0.0,0.0,0.0,1.0,0.0,0.0,255,255,1.0,0.0,0.0,0.0,0.0,0.0,0.0,0.0,0
0,tcp,http,SF,294,1000,0,0,0,0,0,1,0,0,0,0,0,0,0,0,0,0,29,29,0.0,0.0,0.0,0.0,1.0,0.0,0.0,181,255,1.0,0.0,0.01,0.02,0.0,0.0,0.0,0.0,0
0,tcp,http,SF,352,1564,0,0,0,0,0,1,0,0,0,0,0,0,0,0,0,0,12,12,0.0,0.0,0.0,0.0,1.0,0.0,0.0,255,255,1.0,0.0,0.0,0.0,0.0,0.0,0.0,0.0,0
0,tcp,http,SF,313,5270,0,0,0,0,0,1,0,0,0,0,0,0,0,0,0,0,8,8,0.0,0.0,0.0,0.0,1.0,0.0,0.0,20,255,1.0,0.0,0.05,0.01,0.0,0.0,0.0,0.0,0
0,tcp,http,SF,256,1426,0,0,0,0,0,1,0,0,0,0,0,0,0,0,0,0,7,7,0.0,0.0,0.0,0.0,1.0,0.0,0.0,255,255,1.0,0.0,0.0,0.0,0.0,0.0,0.0,0.0,0
0,tcp,http,SF,334,564,0,0,0,0,0,1,0,0,0,0,0,0,0,0,0,0,1,16,0.0,0.0,0.0,0.0,1.0,0.0,0.12,3,255,1.0,0.0,0.33,0.02,0.0,0.0,0.0,0.0,0
76,tcp,imap4,SF,1418,8669,0,0,0,0,0,1,2,0,0,2,0,0,0,0,0,0,1,1,0.0,0.0,0.0,0.0,1.0,0.0,0.0,255,2,0.01,0.01,0.0,0.0,0.0,0.0,0.0,0.0,0
45,tcp,finger,SF,10,173,0,0,0,0,0,0,0,0,0,0,0,0,0,0,0,0,1,1,0.0,0.0,0.0,0.0,1.0,0.0,0.0,167,15,0.05,0.02,0.01,0.13,0.0,0.0,0.0,0.0,0
0,tcp,smtp,S1,936,292,0,0,0,0,0,1,0,0,0,0,0,0,0,0,0,0,1,2,1.0,0.5,0.0,0.0,1.0,0.0,1.0,50,169,0.94,0.04,0.02,0.01,0.04,0.02,0.0,0.0,0
0,tcp,http,SF,219,17540,0,0,0,0,0,1,0,0,0,0,0,0,0,0,0,0,8,8,0.0,0.0,0.0,0.0,1.0,0.0,0.0,36,255,1.0,0.0,0.03,0.05,0.0,0.0,0.0,0.0,0
0,icmp,urp_i,SF,182,0,0,0,0,0,0,0,0,0,0,0,0,0,0,0,0,0,1,1,0.0,0.0,0.0,0.0,1.0,0.0,0.0,16,2,0.12,0.19,0.19,0.0,0.0,0.0,0.0,0.0,0
35,tcp,smtp,SF,740,326,0,0,0,0,0,1,0,0,0,0,0,0,0,0,0,0,1,1,0.0,0.0,0.0,0.0,1.0,0.0,0.0,89,68,0.76,0.03,0.01,0.0,0.0,0.0,0.0,0.0,0
0,tcp,ftp_data,SF,965,0,0,0,0,0,0,1,0,0,0,0,0,0,0,0,0,0,11,11,0.0,0.0,0.0,0.0,1.0,0.0,0.0,255,72,0.28,0.02,0.1,0.0,0.67,0.64,0.0,0.0,0
0,tcp,smtp,SF,759,389,0,0,0,0,0,1,0,0,0,0,0,0,0,0,0,0,1,3,0.0,0.0,0.0,0.0,1.0,0.0,1.0,35,23,0.66,0.11,0.03,0.0,0.06,0.0,0.0,0.0,0
0,tcp,http,SF,322,405,0,0,0,0,0,1,0,0,0,0,0,0,0,0,0,0,25,27,0.0,0.0,0.0,0.0,1.0,0.0,0.11,255,255,1.0,0.0,0.0,0.0,0.0,0.0,0.0,0.0,0
0,tcp,http,REJ,0,0,0,0,0,0,0,0,0,0,0,0,0,0,0,0,0,0,1,2,0.0,0.0,1.0,1.0,1.0,0.0,1.0,21,255,1.0,0.0,0.05,0.13,0.0,0.0,0.43,0.91,0
29,tcp,ftp,SF,311,1052,0,0,0,6,0,1,0,0,0,0,0,0,0,0,0,1,1,1,0.0,0.0,0.0,0.0,1.0,0.0,0.0,255,53,0.21,0.03,0.0,0.0,0.0,0.0,0.0,0.0,0
0,tcp,http,SF,287,11974,0,0,0,0,0,1,0,0,0,0,0,0,0,0,0,0,9,9,0.0,0.0,0.0,0.0,1.0,0.0,0.0,57,255,1.0,0.0,0.02,0.03,0.0,0.0,0.0,0.0,0
150,tcp,telnet,SF,1587,6707,0,0,0,1,0,1,3,0,0,1,1,0,0,0,0,0,1,1,0.0,0.0,0.0,0.0,1.0,0.0,0.0,1,1,1.0,0.0,1.0,0.0,0.0,0.0,0.0,0.0,1
0,tcp,http,SF,302,185,0,0,0,0,0,1,0,0,0,0,0,0,0,0,0,0,13,13,0.0,0.0,0.0,0.0,1.0,0.0,0.0,255,255,1.0,0.0,0.0,0.0,0.01,0.01,0.0,0.0,0
0,tcp,ftp_data,SF,7162,0,0,0,0,0,0,1,0,0,0,0,0,0,0,0,0,0,6,6,0.0,0.0,0.0,0.0,1.0,0.0,0.0,12,99,1.0,0.0,1.0,0.02,0.0,0.0,0.0,0.0,0
0,tcp,http,SF,213,27548,0,0,0,0,0,1,0,0,0,0,0,0,0,0,0,0,2,3,0.0,0.0,0.0,0.0,1.0,0.0,0.67,46,255,1.0,0.0,0.02,0.01,0.0,0.01,0.02,0.0,0
0,tcp,http,SF,372,527,0,0,0,0,0,1,0,0,0,0,0,0,0,0,0,0,1,1,0.0,0.0,0.0,0.0,1.0,0.0,0.0,255,255,1.0,0.0,0.0,0.0,0.0,0.0,0.0,0.0,0
0,tcp,http,REJ,0,0,0,0,0,0,0,0,0,0,0,0,0,0,0,0,0,0,1,1,0.0,0.0,1.0,1.0,1.0,0.0,0.0,11,255,1.0,0.0,0.09,0.24,0.0,0.0,1.0,0.95,0
0,tcp,smtp,SF,2372,408,0,0,0,0,0,1,0,0,0,0,0,0,0,0,0,0,1,2,0.0,0.0,0.0,0.0,1.0,0.0,1.0,125,224,0.86,0.03,0.01,0.01,0.0,0.0,0.0,0.0,0
0,tcp,http,S1,325,14600,0,0,0,0,0,1,0,0,0,0,0,0,0,0,0,0,1,1,1.0,1.0,0.0,0.0,1.0,0.0,0.0,1,255,1.0,0.0,1.0,0.07,1.0,0.0,0.0,0.0,0
1,tcp,http,S2,364,646196,0,0,0,0,0,1,0,0,0,0,0,0,0,0,0,0,2,15,0.5,0.07,0.0,0.0,1.0,0.0,0.13,110,255,1.0,0.0,0.01,0.08,0.01,0.0,0.15,0.52,0
0,icmp,eco_i,SF,30,0,0,0,0,0,0,0,0,0,0,0,0,0,0,0,0,0,1,1,0.0,0.0,0.0,0.0,1.0,0.0,0.0,191,191,1.0,0.0,1.0,0.0,0.0,0.0,0.0,0.0,0
0,udp,private,SF,105,147,0,0,0,0,0,0,0,0,0,0,0,0,0,0,0,0,1,1,0.0,0.0,0.0,0.0,1.0,0.0,0.0,48,47,0.98,0.04,0.02,0.0,0.0,0.0,0.0,0.0,0
0,tcp,http,SF,168,108559,0,0,0,0,0,1,0,0,0,0,0,0,0,0,0,0,1,1,0.0,0.0,0.0,0.0,1.0,0.0,0.0,19,255,1.0,0.0,0.05,0.02,0.0,0.0,0.0,0.0,0
0,udp,domain_u,SF,46,134,0,0,0,0,0,0,0,0,0,0,0,0,0,0,0,0,68,146,0.0,0.0,0.0,0.0,1.0,0.0,0.01,255,195,0.76,0.02,0.0,0.0,0.0,0.0,0.0,0.0,0
0,tcp,smtp,SF,894,330,0,0,0,0,0,1,0,0,0,0,0,0,0,0,0,0,1,2,0.0,0.0,0.0,0.0,1.0,0.0,1.0,49,156,0.2,0.06,0.02,0.02,0.0,0.0,0.0,0.0,0
0,tcp,http,SF,235,868,0,0,0,0,0,1,0,0,0,0,0,0,0,0,0,0,28,28,0.0,0.0,0.0,0.0,1.0,0.0,0.0,62,237,1.0,0.0,0.02,0.07,0.0,0.0,0.0,0.0,0
0,tcp,ftp_data,SF,192,0,0,0,0,0,0,1,0,0,0,0,0,0,0,0,0,0,1,1,0.0,0.0,0.0,0.0,1.0,0.0,0.0,100,90,0.53,0.04,0.53,0.02,0.01,0.01,0.0,0.0,0
0,tcp,http,SF,207,1529,0,0,0,0,0,1,0,0,0,0,0,0,0,0,0,0,17,44,0.0,0.0,0.0,0.0,1.0,0.0,0.05,53,255,1.0,0.0,0.02,0.04,0.0,0.0,0.0,0.0,0
1,tcp,smtp,SF,889,329,0,0,0,0,0,1,0,0,0,0,0,0,0,0,0,0,1,3,0.0,0.0,0.0,0.0,1.0,0.0,1.0,52,182,0.5,0.06,0.02,0.01,0.0,0.0,0.0,0.0,0
0,tcp,http,SF,208,834,0,0,0,0,0,1,0,0,0,0,0,0,0,0,0,0,11,12,0.0,0.0,0.0,0.0,1.0,0.0,0.17,11,255,1.0,0.0,0.09,0.05,0.0,0.0,0.0,0.0,0
2,tcp,smtp,SF,971,367,0,0,0,0,0,1,0,0,0,0,0,0,0,0,0,0,1,1,0.0,0.0,0.0,0.0,1.0,0.0,0.0,119,192,0.85,0.03,0.01,0.01,0.0,0.0,0.0,0.0,0
0,tcp,smtp,SF,1429,390,0,0,0,0,0,1,0,0,0,0,0,0,0,0,0,0,1,2,0.0,0.0,0.0,0.0,1.0,0.0,1.0,255,9,0.04,0.06,0.0,0.0,0.0,0.0,0.96,0.0,0
45,tcp,telnet,SF,268,2364,0,0,0,0,0,1,0,1,0,2,2,1,0,0,0,0,1,1,0.0,0.0,0.0,0.0,1.0,0.0,0.0,255,2,0.01,0.02,0.0,0.0,0.0,0.0,0.69,0.0,1
0,tcp,http,REJ,0,0,0,0,0,0,0,0,0,0,0,0,0,0,0,0,0,0,11,11,0.0,0.0,0.82,0.82,1.0,0.0,0.0,45,255,1.0,0.0,0.02,0.17,0.0,0.0,0.93,0.99,0
0,tcp,http,SF,325,326,0,0,0,0,0,1,0,0,0,0,0,0,0,0,0,0,6,6,0.0,0.0,0.0,0.0,1.0,0.0,0.0,97,255,1.0,0.0,0.01,0.06,0.0,0.0,0.0,0.0,0
0,tcp,http,REJ,0,0,0,0,0,0,0,0,0,0,0,0,0,0,0,0,0,0,1,1,0.0,0.0,1.0,1.0,1.0,0.0,0.0,2,255,1.0,0.0,0.5,0.08,0.0,0.0,1.0,0.8,0
0,tcp,ftp_data,SF,7077,0,0,0,0,0,0,1,0,0,0,0,0,0,0,0,0,0,6,6,0.0,0.0,0.0,0.0,1.0,0.0,0.0,255,51,0.2,0.05,0.2,0.0,0.38,0.0,0.02,0.0,0
1,tcp,smtp,SF,2253,331,0,0,0,0,0,1,0,0,0,0,0,0,0,0,0,0,4,3,0.0,0.0,0.0,0.0,0.75,0.5,0.0,35,190,0.69,0.11,0.03,0.01,0.0,0.0,0.0,0.0,0
0,tcp,http,SF,211,557,0,0,0,0,0,1,0,0,0,0,0,0,0,0,0,0,23,23,0.0,0.0,0.0,0.0,1.0,0.0,0.0,136,255,1.0,0.0,0.01,0.02,0.0,0.0,0.0,0.0,0
0,udp,domain_u,SF,46,112,0,0,0,0,0,0,0,0,0,0,0,0,0,0,0,0,73,151,0.0,0.0,0.0,0.0,1.0,0.0,0.01,255,174,0.68,0.02,0.0,0.0,0.0,0.0,0.0,0.0,0
0,tcp,http,REJ,0,0,0,0,0,0,0,0,0,0,0,0,0,0,0,0,0,0,1,1,0.0,0.0,1.0,1.0,1.0,0.0,0.0,4,231,1.0,0.0,0.25,0.05,0.0,0.0,1.0,0.72,0
0,tcp,http,SF,333,2408,0,0,0,0,0,1,0,0,0,0,0,0,0,0,0,0,15,16,0.0,0.0,0.0,0.0,1.0,0.0,0.12,76,255,1.0,0.0,0.01,0.02,0.0,0.0,0.0,0.0,0
0,tcp,http,SF,209,330,0,0,0,0,0,1,0,0,0,0,0,0,0,0,0,0,1,1,0.0,0.0,0.0,0.0,1.0,0.0,0.0,102,255,1.0,0.0,0.01,0.03,0.0,0.0,0.0,0.0,0
0,tcp,http,SF,212,44486,0,0,0,0,0,1,0,0,0,0,0,0,0,0,0,0,3,3,0.0,0.0,0.0,0.0,1.0,0.0,0.0,87,255,1.0,0.0,0.01,0.04,0.0,0.0,0.0,0.0,0
0,tcp,http,S0,0,0,0,0,0,0,0,0,0,0,0,0,0,0,0,0,0,0,2,4,0.5,0.25,0.0,0.0,1.0,0.0,0.75,6,255,1.0,0.0,0.33,0.04,0.17,0.01,0.0,0.0,0
0,tcp,http,SF,358,11839,0,0,0,0,0,1,0,0,0,0,0,0,0,0,0,0,1,24,0.0,0.0,0.0,0.0,1.0,0.0,0.12,7,255,1.0,0.0,0.14,0.04,0.0,0.0,0.0,0.0,0
0,tcp,http,SF,241,872,0,0,0,0,0,1,0,0,0,0,0,0,0,0,0,0,22,22,0.0,0.0,0.0,0.0,1.0,0.0,0.0,255,255,1.0,0.0,0.0,0.0,0.0,0.0,0.0,0.0,0
0,udp,domain_u,SF,33,88,0,0,0,0,0,0,0,0,0,0,0,0,0,0,0,0,4,4,0.0,0.0,0.0,0.0,1.0,0.0,0.0,255,253,0.99,0.01,0.0,0.0,0.0,0.0,0.0,0.0,0
0,udp,domain_u,SF,44,44,0,0,0,0,0,0,0,0,0,0,0,0,0,0,0,0,110,112,0.0,0.0,0.0,0.0,1.0,0.0,0.03,230,165,0.72,0.02,0.01,0.0,0.0,0.0,0.0,0.0,0
0,tcp,http,SF,273,1587,0,0,0,0,0,1,0,0,0,0,0,0,0,0,0,0,2,2,0.0,0.0,0.0,0.0,1.0,0.0,0.0,255,255,1.0,0.0,0.0,0.0,0.0,0.0,0.0,0.0,0
0,tcp,ftp_data,SF,854,0,0,0,0,0,0,1,0,0,0,0,0,0,0,0,0,0,2,3,0.0,0.0,0.0,0.0,1.0,0.0,0.67,8,54,1.0,0.0,1.0,0.04,0.0,0.0,0.0,0.0,0
0,tcp,http,SF,295,26504,0,0,0,0,0,1,0,0,0,0,0,0,0,0,0,0,5,5,0.0,0.0,0.0,0.0,1.0,0.0,0.0,10,255,1.0,0.0,0.1,0.01,0.0,0.0,0.0,0.0,0
0,udp,domain_u,SF,34,87,0,0,0,0,0,0,0,0,0,0,0,0,0,0,0,0,8,29,0.0,0.0,0.0,0.0,0.25,0.25,0.1,244,181,0.74,0.01,0.01,0.0,0.0,0.0,0.0,0.0,0
0,tcp,http,SF,226,396,0,0,0,0,0,1,0,0,0,0,0,0,0,0,0,0,18,18,0.0,0.0,0.0,0.0,1.0,0.0,0.0,255,255,1.0,0.0,0.0,0.0,0.0,0.0,0.0,0.0,0
0,tcp,http,SF,166,386,0,0,0,0,0,1,0,0,0,0,0,0,0,0,0,0,1,2,0.0,0.0,0.0,0.0,1.0,0.0,1.0,33,255,1.0,0.0,0.03,0.02,0.0,0.0,0.0,0.0,0
0,tcp,http,SF,207,751,0,0,0,0,0,1,0,0,0,0,0,0,0,0,0,0,8,36,0.0,0.0,0.0,0.0,1.0,0.0,0.17,255,255,1.0,0.0,0.0,0.0,0.0,0.0,0.0,0.0,0
0,tcp,http,SF,293,3923,0,0,0,0,0,1,0,0,0,0,0,0,0,0,0,0,4,34,0.0,0.0,0.0,0.0,1.0,0.0,0.06,17,232,1.0,0.0,0.06,0.03,0.0,0.0,0.0,0.0,0
0,tcp,http,SF,209,1047,0,0,0,0,0,1,0,0,0,0,0,0,0,0,0,0,3,4,0.0,0.0,0.0,0.0,1.0,0.0,0.5,217,255,1.0,0.0,0.0,0.01,0.0,0.0,0.0,0.0,0
0,tcp,ftp_data,SF,852,0,0,0,0,0,0,1,0,0,0,0,0,0,0,0,0,0,10,10,0.0,0.0,0.0,0.0,1.0,0.0,0.0,255,84,0.33,0.03,0.33,0.0,0.0,0.0,0.0,0.0,0
0,tcp,http,SF,279,4021,0,0,0,0,0,1,0,0,0,0,0,0,0,0,0,0,11,11,0.0,0.0,0.0,0.0,1.0,0.0,0.0,11,26,1.0,0.0,0.09,0.19,0.0,0.0,0.0,0.0,0
0,udp,domain_u,SF,91,0,0,0,0,0,0,0,0,0,0,0,0,0,0,0,0,0,1,1,0.0,0.0,0.0,0.0,1.0,0.0,0.0,47,36,0.77,0.04,0.77,0.0,0.0,0.0,0.0,0.0,0
0,tcp,http,SF,212,2971,0,0,0,0,0,1,0,0,0,0,0,0,0,0,0,0,4,4,0.0,0.0,0.0,0.0,1.0,0.0,0.0,26,255,1.0,0.0,0.04,0.05,0.04,0.01,0.0,0.0,0
0,tcp,http,SF,231,2222,0,0,0,0,0,1,0,0,0,0,0,0,0,0,0,0,18,18,0.0,0.0,0.0,0.0,1.0,0.0,0.0,255,255,1.0,0.0,0.0,0.0,0.0,0.0,0.0,0.0,0
0,tcp,http,SF,174,1581,0,0,0,0,0,1,0,0,0,0,0,0,0,0,0,0,3,24,0.0,0.0,0.0,0.0,1.0,0.0,0.08,14,255,1.0,0.0,0.07,0.04,0.0,0.0,0.07,0.0,0
0,tcp,http,SF,199,529,0,0,0,0,0,1,0,0,0,0,0,0,0,0,0,0,2,5,0.0,0.0,0.0,0.0,1.0,0.0,0.6,3,82,1.0,0.0,0.33,0.09,0.0,0.01,0.0,0.0,0
0,tcp,http,SF,330,415,0,0,0,0,0,1,0,0,0,0,0,0,0,0,0,0,16,16,0.0,0.0,0.0,0.0,1.0,0.0,0.0,255,255,1.0,0.0,0.0,0.0,0.0,0.0,0.0,0.0,0
0,udp,other,SF,147,0,0,0,0,0,0,0,0,0,0,0,0,0,0,0,0,0,5,1,0.0,0.0,0.0,0.0,0.2,0.6,0.0,255,1,0.0,0.37,0.81,0.0,0.0,0.0,0.0,0.0,0
0,tcp,http,SF,352,7764,0,0,0,0,0,1,0,0,0,0,0,0,0,0,0,0,3,3,0.0,0.0,0.0,0.0,1.0,0.0,0.0,219,255,1.0,0.0,0.0,0.01,0.0,0.0,0.0,0.0,0
0,tcp,ftp_data,SF,8325,0,0,0,0,0,0,0,0,0,0,0,0,0,0,0,0,0,16,16,0.0,0.0,0.0,0.0,1.0,0.0,0.0,36,28,0.78,0.06,0.78,0.0,0.0,0.0,0.0,0.0,0
0,tcp,smtp,SF,1104,486,0,0,0,0,0,1,0,0,0,0,0,0,0,0,0,0,103,2,0.99,0.0,0.0,0.0,0.01,0.08,1.0,255,56,0.22,0.06,0.0,0.0,0.58,0.0,0.04,0.04,0
0,udp,domain_u,SF,45,45,0,0,0,0,0,0,0,0,0,0,0,0,0,0,0,0,209,209,0.0,0.0,0.0,0.0,1.0,0.0,0.0,255,255,1.0,0.0,0.0,0.0,0.0,0.0,0.0,0.0,0
0,tcp,http,SF,330,8243,0,0,0,0,0,1,0,0,0,0,0,0,0,0,0,0,4,7,0.0,0.0,0.0,0.0,1.0,0.0,0.43,182,218,1.0,0.0,0.01,0.02,0.0,0.0,0.0,0.0,0
0,tcp,http,SF,329,458,0,0,0,0,0,1,0,0,0,0,0,0,0,0,0,0,31,41,0.0,0.0,0.0,0.0,1.0,0.0,0.1,255,255,1.0,0.0,0.0,0.0,0.0,0.0,0.0,0.0,0
0,udp,domain_u,SF,44,126,0,0,0,0,0,0,0,0,0,0,0,0,0,0,0,0,78,158,0.0,0.0,0.0,0.0,1.0,0.0,0.01,255,210,0.82,0.01,0.0,0.0,0.0,0.0,0.0,0.0,0
0,tcp,finger,SF,6,138,0,0,0,0,0,0,0,0,0,0,0,0,0,0,0,0,1,1,0.0,0.0,0.0,0.0,1.0,0.0,0.0,162,2,0.01,0.57,0.01,0.0,0.0,0.0,0.0,0.0,0
0,udp,domain_u,SF,43,109,0,0,0,0,0,0,0,0,0,0,0,0,0,0,0,0,44,259,0.0,0.0,0.0,0.0,1.0,0.0,0.01,102,200,0.85,0.02,0.85,0.01,0.0,0.0,0.11,0.0,0
0,tcp,http,SF,315,2815,0,0,0,0,0,1,0,0,0,0,0,0,0,0,0,0,19,19,0.0,0.0,0.0,0.0,1.0,0.0,0.0,255,255,1.0,0.0,0.0,0.0,0.0,0.0,0.0,0.0,0
21,tcp,ftp,SF,227,768,0,0,0,4,0,1,0,0,0,0,0,0,0,0,0,1,1,1,0.0,0.0,0.0,0.0,1.0,0.0,0.0,11,2,0.18,0.27,0.09,0.0,0.0,0.0,0.0,0.0,0
0,tcp,ftp_data,SF,383,0,0,0,0,0,0,1,0,0,0,0,0,0,0,0,0,0,2,2,0.0,0.0,0.0,0.0,1.0,0.0,0.0,73,84,0.75,0.04,0.75,0.02,0.0,0.0,0.0,0.0,0
0,tcp,http,SF,185,4841,0,0,0,0,0,1,0,0,0,0,0,0,0,0,0,0,3,18,0.0,0.0,0.0,0.0,1.0,0.0,0.17,9,255,1.0,0.0,0.11,0.05,0.0,0.0,0.0,0.0,0
0,tcp,http,SF,238,1817,0,0,0,0,0,1,0,0,0,0,0,0,0,0,0,0,10,10,0.0,0.0,0.0,0.0,1.0,0.0,0.0,255,255,1.0,0.0,0.0,0.0,0.0,0.0,0.0,0.0,0
0,udp,domain_u,SF,133,45,0,0,0,0,0,0,0,0,0,0,0,0,0,0,0,0,297,296,0.0,0.0,0.0,0.0,1.0,0.01,0.0,186,153,0.82,0.01,0.42,0.0,0.0,0.0,0.0,0.0,0
0,udp,domain_u,SF,43,72,0,0,0,0,0,0,0,0,0,0,0,0,0,0,0,0,267,268,0.0,0.0,0.0,0.0,1.0,0.0,0.01,255,224,0.88,0.01,0.0,0.0,0.0,0.0,0.0,0.0,0
0,tcp,http,SF,328,1263,0,0,0,0,0,1,0,0,0,0,0,0,0,0,0,0,2,3,0.0,0.0,0.0,0.0,1.0,0.0,0.67,255,255,1.0,0.0,0.0,0.0,0.0,0.0,0.0,0.0,0
0,udp,domain_u,SF,29,29,0,0,0,0,0,0,0,0,0,0,0,0,0,0,0,0,3,5,0.0,0.0,0.0,0.0,1.0,0.0,0.6,255,249,0.98,0.01,0.0,0.0,0.0,0.0,0.0,0.0,0
0,tcp,http,SF,260,7334,0,0,0,0,0,1,0,0,0,0,0,0,0,0,0,0,7,7,0.0,0.0,0.0,0.0,1.0,0.0,0.0,96,255,1.0,0.0,0.01,0.02,0.0,0.0,0.0,0.0,0
0,tcp,http,SF,271,2841,0,0,0,0,0,1,0,0,0,0,0,0,0,0,0,0,10,10,0.0,0.0,0.0,0.0,1.0,0.0,0.0,21,80,1.0,0.0,0.05,0.08,0.0,0.0,0.0,0.0,0
0,udp,domain_u,SF,45,133,0,0,0,0,0,0,0,0,0,0,0,0,0,0,0,0,69,147,0.0,0.0,0.0,0.0,1.0,0.0,0.01,255,174,0.68,0.02,0.0,0.0,0.0,0.0,0.0,0.0,0
0,tcp,http,SF,220,6895,0,0,0,0,0,1,0,0,0,0,0,0,0,0,0,0,17,17,0.0,0.0,0.0,0.0,1.0,0.0,0.0,255,255,1.0,0.0,0.0,0.0,0.0,0.0,0.0,0.0,0
0,tcp,ftp_data,SF,63,0,0,0,0,0,0,0,0,0,0,0,0,0,0,0,0,0,2,2,0.0,0.0,0.0,0.0,1.0,0.0,0.0,128,47,0.29,0.03,0.29,0.04,0.0,0.0,0.02,0.0,0
0,tcp,http,SF,199,3578,0,0,0,0,0,1,0,0,0,0,0,0,0,0,0,0,4,4,0.0,0.0,0.0,0.0,1.0,0.0,0.0,4,255,1.0,0.0,0.25,0.04,0.0,0.0,0.0,0.0,0
0,tcp,http,SF,331,1722,0,0,0,0,0,1,0,0,0,0,0,0,0,0,0,0,9,10,0.0,0.0,0.0,0.0,1.0,0.0,0.2,255,255,1.0,0.0,0.0,0.0,0.0,0.0,0.0,0.0,0
0,tcp,http,SF,277,308,0,0,0,0,0,1,0,0,0,0,0,0,0,0,0,0,9,13,0.0,0.0,0.0,0.0,1.0,0.0,0.23,255,255,1.0,0.0,0.0,0.0,0.0,0.0,0.0,0.0,0
0,tcp,http,REJ,0,0,0,0,0,0,0,0,0,0,0,0,0,0,0,0,0,0,1,1,0.0,0.0,1.0,1.0,1.0,0.0,0.0,28,255,1.0,0.0,0.04,0.11,0.0,0.0,1.0,1.0,0
24,tcp,ftp,SF,232,774,0,0,0,4,0,1,0,0,0,0,0,0,0,0,0,1,1,1,0.0,0.0,0.0,0.0,1.0,0.0,0.0,125,36,0.29,0.03,0.01,0.0,0.0,0.0,0.0,0.0,0
0,tcp,http,SF,290,1471,0,0,0,0,0,1,0,0,0,0,0,0,0,0,0,0,5,6,0.0,0.0,0.0,0.0,1.0,0.0,0.33,5,255,1.0,0.0,0.2,0.03,0.0,0.0,0.0,0.0,0
0,udp,domain_u,SF,45,81,0,0,0,0,0,0,0,0,0,0,0,0,0,0,0,0,215,215,0.0,0.0,0.0,0.0,1.0,0.0,0.0,255,232,0.91,0.01,0.0,0.0,0.0,0.0,0.0,0.0,0
0,tcp,smtp,SF,924,489,0,0,0,0,0,1,0,0,0,0,0,0,0,0,0,0,1,1,0.0,0.0,0.0,0.0,1.0,0.0,0.0,255,62,0.24,0.06,0.0,0.0,0.57,0.0,0.01,0.0,0
0,tcp,http,SF,316,1448,0,0,0,0,0,1,0,0,0,0,0,0,0,0,0,0,7,7,0.0,0.0,0.0,0.0,1.0,0.0,0.0,43,255,1.0,0.0,0.02,0.02,0.0,0.0,0.0,0.0,0
0,tcp,http,SF,206,1056,0,0,0,0,0,1,0,0,0,0,0,0,0,0,0,0,23,24,0.0,0.0,0.0,0.0,1.0,0.0,0.08,23,255,1.0,0.0,0.04,0.03,0.0,0.0,0.0,0.0,0
0,tcp,http,SF,323,188,0,0,0,0,0,1,0,0,0,0,0,0,0,0,0,0,1,26,0.0,0.0,0.0,0.0,1.0,0.0,0.15,8,255,1.0,0.0,0.12,0.03,0.0,0.0,0.0,0.0,0
3,tcp,smtp,SF,774,332,0,0,0,0,0,1,0,0,0,0,0,0,0,0,0,0,1,2,0.0,0.0,0.0,0.0,1.0,0.0,1.0,83,80,0.76,0.06,0.01,0.03,0.0,0.0,0.0,0.0,0
0,tcp,http,SF,236,29148,0,0,0,0,0,1,0,0,0,0,0,0,0,0,0,0,2,17,0.0,0.0,0.0,0.0,1.0,0.0,0.12,39,255,1.0,0.0,0.03,0.05,0.0,0.01,0.0,0.0,0
0,tcp,http,SF,282,8171,0,0,0,0,0,1,0,0,0,0,0,0,0,0,0,0,1,2,0.0,0.0,0.0,0.0,1.0,0.0,1.0,170,255,1.0,0.0,0.01,0.02,0.0,0.0,0.0,0.0,0
0,tcp,http,SF,325,2531,0,0,0,0,0,1,0,0,0,0,0,0,0,0,0,0,8,8,0.0,0.0,0.0,0.0,1.0,0.0,0.0,224,224,1.0,0.0,0.0,0.0,0.0,0.0,0.0,0.0,0
0,tcp,http,SF,309,7273,0,0,0,0,0,1,0,0,0,0,0,0,0,0,0,0,33,44,0.0,0.0,0.0,0.0,1.0,0.0,0.07,255,255,1.0,0.0,0.0,0.0,0.0,0.0,0.0,0.0,0
0,tcp,smtp,SF,1300,329,0,0,0,0,0,1,0,0,0,0,0,0,0,0,0,0,1,1,0.0,0.0,0.0,0.0,1.0,0.0,0.0,168,140,0.62,0.04,0.01,0.01,0.0,0.0,0.0,0.0,0
0,udp,domain_u,SF,46,85,0,0,0,0,0,0,0,0,0,0,0,0,0,0,0,0,143,143,0.0,0.0,0.0,0.0,1.0,0.0,0.0,255,255,1.0,0.0,0.0,0.0,0.0,0.0,0.0,0.0,0
0,tcp,smtp,SF,1879,330,0,0,0,0,0,1,0,0,0,0,0,0,0,0,0,0,1,1,0.0,0.0,0.0,0.0,1.0,0.0,0.0,255,138,0.54,0.02,0.0,0.0,0.0,0.0,0.0,0.0,0
0,tcp,other,SF,59,0,0,0,0,0,0,1,0,0,0,0,0,0,0,0,0,0,12,1,0.08,0.0,0.0,0.0,0.08,0.33,0.0,92,1,0.01,0.08,0.26,0.0,0.01,0.0,0.0,0.0,0
0,tcp,smtp,SF,1455,507,0,0,0,0,0,1,0,0,0,0,0,0,0,0,0,0,1,1,0.0,0.0,0.0,0.0,1.0,0.0,0.0,156,66,0.42,0.03,0.01,0.0,0.01,0.0,0.01,0.0,0
0,tcp,ftp_data,SF,1874,0,0,0,0,0,0,1,0,0,0,0,0,0,0,0,0,0,10,10,0.0,0.0,0.0,0.0,1.0,0.0,0.0,111,38,0.34,0.03,0.34,0.0,0.0,0.0,0.0,0.0,0
0,udp,domain_u,SF,42,42,0,0,0,0,0,0,0,0,0,0,0,0,0,0,0,0,9,15,0.0,0.0,0.0,0.0,1.0,0.0,0.2,255,250,0.98,0.01,0.01,0.0,0.0,0.0,0.0,0.0,0
0,udp,private,SF,105,146,0,0,0,0,0,0,0,0,0,0,0,0,0,0,0,0,1,1,0.0,0.0,0.0,0.0,1.0,0.0,0.0,10,6,0.6,0.2,0.1,0.0,0.0,0.0,0.0,0.0,0
0,tcp,http,SF,224,1228,0,0,0,0,0,1,0,0,0,0,0,0,0,0,0,0,16,23,0.0,0.0,0.0,0.0,1.0,0.0,0.13,67,255,1.0,0.0,0.01,0.04,0.0,0.0,0.0,0.0,0
0,udp,domain_u,SF,44,44,0,0,0,0,0,0,0,0,0,0,0,0,0,0,0,0,84,150,0.0,0.0,0.0,0.0,1.0,0.0,0.01,255,255,1.0,0.0,0.01,0.0,0.0,0.0,0.0,0.0,0
0,tcp,http,SF,245,18802,0,0,0,0,0,1,0,0,0,0,0,0,0,0,0,0,1,1,0.0,0.0,0.0,0.0,1.0,0.0,0.0,7,255,1.0,0.0,0.14,0.05,0.0,0.0,0.0,0.0,0
0,tcp,http,SF,330,417,0,0,0,0,0,1,0,0,0,0,0,0,0,0,0,0,30,30,0.0,0.0,0.0,0.0,1.0,0.0,0.0,164,255,1.0,0.0,0.01,0.04,0.0,0.0,0.0,0.0,0
0,tcp,http,SF,329,2455,0,0,0,0,0,1,0,0,0,0,0,0,0,0,0,0,4,7,0.0,0.0,0.0,0.0,1.0,0.0,0.29,66,255,1.0,0.0,0.02,0.07,0.0,0.0,0.0,0.0,0
0,tcp,http,SF,149,7542,0,0,0,4,0,1,4,0,0,0,0,0,0,0,0,0,21,21,0.0,0.0,0.0,0.0,1.0,0.0,0.0,158,255,1.0,0.0,0.01,0.01,0.0,0.0,0.0,0.0,0
0,udp,domain_u,SF,44,123,0,0,0,0,0,0,0,0,0,0,0,0,0,0,0,0,182,182,0.0,0.0,0.0,0.0,1.0,0.0,0.0,255,255,1.0,0.0,0.0,0.0,0.0,0.0,0.0,0.0,0
0,tcp,ftp_data,SF,1830,0,0,0,0,0,0,1,0,0,0,0,0,0,0,0,0,0,5,5,0.0,0.0,0.0,0.0,1.0,0.0,0.0,92,106,0.39,0.07,0.39,0.03,0.01,0.0,0.0,0.0,0
0,tcp,http,SF,283,823,0,0,0,0,0,1,0,0,0,0,0,0,0,0,0,0,24,47,0.0,0.0,0.0,0.0,1.0,0.0,0.09,52,255,1.0,0.0,0.02,0.03,0.0,0.0,0.0,0.0,0
0,udp,domain_u,SF,46,46,0,0,0,0,0,0,0,0,0,0,0,0,0,0,0,0,134,214,0.0,0.0,0.0,0.0,1.0,0.0,0.01,255,255,1.0,0.0,0.01,0.0,0.0,0.0,0.0,0.0,0
0,udp,domain_u,SF,45,72,0,0,0,0,0,0,0,0,0,0,0,0,0,0,0,0,125,127,0.0,0.0,0.0,0.0,1.0,0.0,0.02,255,230,0.9,0.01,0.0,0.0,0.0,0.0,0.0,0.0,0
0,tcp,smtp,SF,1518,327,0,0,0,0,0,1,0,0,0,1,0,0,0,0,0,0,1,1,0.0,0.0,0.0,0.0,1.0,0.0,0.0,9,36,0.89,0.22,0.11,0.06,0.0,0.0,0.0,0.0,0
0,tcp,http,SF,205,1621,0,0,0,0,0,1,0,0,0,0,0,0,0,0,0,0,15,15,0.0,0.0,0.0,0.0,1.0,0.0,0.0,37,176,1.0,0.0,0.03,0.04,0.0,0.0,0.0,0.0,0
0,tcp,ftp_data,SF,71,0,0,0,0,0,0,1,0,0,0,0,0,0,0,0,0,0,1,1,0.0,0.0,0.0,0.0,1.0,0.0,0.0,1,91,1.0,0.0,1.0,0.02,0.0,0.0,0.0,0.0,0
0,tcp,http,SF,220,147317,0,0,0,0,0,1,0,0,0,0,0,0,0,0,0,0,10,10,0.0,0.0,0.0,0.0,1.0,0.0,0.0,36,255,1.0,0.0,0.03,0.03,0.03,0.01,0.0,0.0,0
0,udp,other,SF,147,0,0,0,0,0,0,0,0,0,0,0,0,0,0,0,0,0,5,1,0.0,0.0,0.0,0.0,0.2,0.6,0.0,255,1,0.0,0.53,0.96,0.0,0.0,0.0,0.0,0.0,0
0,udp,ntp_u,SF,48,48,0,0,0,0,0,0,0,0,0,0,0,0,0,0,0,0,1,1,0.0,0.0,0.0,0.0,1.0,0.0,0.0,55,34,0.62,0.05,0.62,0.0,0.0,0.0,0.0,0.0,0
11,tcp,smtp,SF,1009,337,0,0,0,0,0,1,0,0,0,0,0,0,0,0,0,0,1,1,0.0,0.0,0.0,0.0,1.0,0.0,0.0,171,122,0.61,0.05,0.01,0.02,0.01,0.0,0.0,0.0,0
0,tcp,http,SF,148,5170,0,0,0,0,0,1,0,0,0,0,0,0,0,0,0,0,2,2,0.0,0.0,0.0,0.0,1.0,0.0,0.0,15,255,1.0,0.0,0.07,0.03,0.0,0.0,0.0,0.0,0
0,tcp,auth,SF,10,39,0,0,0,0,0,0,0,0,0,0,0,0,0,0,0,0,1,1,0.0,0.0,0.0,0.0,1.0,0.0,0.0,241,12,0.05,0.02,0.0,0.0,0.0,0.0,0.05,0.0,0
0,tcp,http,SF,321,12687,0,0,0,0,0,1,0,0,0,0,0,0,0,0,0,0,12,12,0.0,0.0,0.0,0.0,1.0,0.0,0.0,168,255,1.0,0.0,0.01,0.01,0.0,0.0,0.0,0.0,0
0,tcp,http,SF,299,1787,0,0,0,0,0,1,0,0,0,0,0,0,0,0,0,0,2,2,0.0,0.0,0.0,0.0,1.0,0.0,0.0,29,255,1.0,0.0,0.03,0.02,0.0,0.0,0.0,0.0,0
23,tcp,ftp,SF,277,903,0,0,0,5,0,1,0,0,0,0,0,0,0,0,0,1,1,1,0.0,0.0,0.0,0.0,1.0,0.0,0.0,246,52,0.21,0.02,0.0,0.0,0.0,0.0,0.0,0.0,0
0,tcp,ftp_data,SF,1342,0,0,0,0,0,0,0,0,0,0,0,0,0,0,0,0,0,15,15,0.0,0.0,0.0,0.0,1.0,0.0,0.0,71,25,0.35,0.07,0.35,0.0,0.0,0.0,0.0,0.0,0
0,tcp,http,SF,191,604,0,0,0,0,0,1,0,0,0,0,0,0,0,0,0,0,5,5,0.0,0.0,0.0,0.0,1.0,0.0,0.0,36,36,1.0,0.0,0.03,0.0,0.0,0.0,0.0,0.0,0
0,tcp,smtp,SF,1567,389,0,0,0,0,0,1,0,0,0,0,0,0,0,0,0,0,1,1,0.0,0.0,0.0,0.0,1.0,0.0,0.0,255,63,0.25,0.06,0.0,0.0,0.53,0.0,0.04,0.03,0
2,tcp,ftp_data,S3,2194620,0,0,0,0,0,0,1,0,0,0,0,0,0,0,0,0,0,2,2,0.5,0.5,0.0,0.0,1.0,0.0,0.0,84,54,0.31,0.02,0.31,0.04,0.01,0.02,0.0,0.0,0
0,tcp,http,SF,284,39474,0,0,0,0,0,1,0,0,0,0,0,0,0,0,0,0,3,3,0.0,0.0,0.0,0.0,1.0,0.0,0.0,92,255,1.0,0.0,0.01,0.04,0.0,0.0,0.0,0.0,0
0,tcp,http,SF,260,237,0,0,0,0,0,1,0,0,0,0,0,0,0,0,0,0,1,2,0.0,0.0,0.0,0.0,1.0,0.0,1.0,7,255,1.0,0.0,0.14,0.02,0.0,0.0,0.0,0.0,0
0,tcp,http,SF,253,745,0,0,0,0,0,1,0,0,0,0,0,0,0,0,0,0,2,3,0.0,0.0,0.0,0.0,1.0,0.0,0.67,59,255,1.0,0.0,0.02,0.02,0.0,0.0,0.0,0.0,0
0,tcp,http,SF,220,3358,0,0,0,0,0,1,0,0,0,0,0,0,0,0,0,0,3,3,0.0,0.0,0.0,0.0,1.0,0.0,0.0,255,255,1.0,0.0,0.0,0.0,0.0,0.0,0.0,0.0,0
0,tcp,http,REJ,0,0,0,0,0,0,0,0,0,0,0,0,0,0,0,0,0,0,13,13,0.0,0.0,0.69,0.69,1.0,0.0,0.0,166,177,1.0,0.0,0.01,0.03,0.01,0.01,0.28,0.32,0
4028,udp,other,SF,145,105,0,0,0,0,0,0,0,0,0,0,0,0,0,0,0,0,1,1,0.0,0.0,0.0,0.0,1.0,0.0,0.0,255,1,0.0,0.84,1.0,0.0,0.0,0.0,0.0,0.0,0
0,udp,domain_u,SF,46,75,0,0,0,0,0,0,0,0,0,0,0,0,0,0,0,0,260,260,0.0,0.0,0.0,0.0,1.0,0.0,0.0,255,254,1.0,0.01,0.0,0.0,0.0,0.0,0.0,0.0,0
0,tcp,ftp_data,SF,20,0,0,0,0,0,0,1,0,0,0,0,0,0,0,0,0,0,1,2,0.0,0.0,0.0,0.0,1.0,0.0,1.0,255,8,0.03,0.02,0.03,0.0,0.0,0.0,0.78,0.0,0
0,udp,ntp_u,SF,48,48,0,0,0,0,0,0,0,0,0,0,0,0,0,0,0,0,1,1,0.0,0.0,0.0,0.0,1.0,0.0,0.0,255,4,0.02,0.01,0.02,0.0,0.0,0.0,0.0,0.0,0
7631,udp,other,SF,147,105,0,0,0,0,0,0,0,0,0,0,0,0,0,0,0,0,5,1,0.0,0.0,0.0,0.0,0.2,0.6,0.0,255,1,0.0,0.62,0.94,0.0,0.0,0.0,0.0,0.0,0
0,tcp,http,SF,282,4624,0,0,0,0,0,1,0,0,0,0,0,0,0,0,0,0,5,5,0.0,0.0,0.0,0.0,1.0,0.0,0.0,26,255,1.0,0.0,0.04,0.03,0.0,0.0,0.0,0.0,0
4,tcp,smtp,SF,725,329,0,0,0,0,0,1,0,0,0,0,0,0,0,0,0,0,1,1,0.0,0.0,0.0,0.0,1.0,0.0,0.0,231,160,0.63,0.06,0.0,0.01,0.0,0.0,0.0,0.0,0
113,tcp,telnet,SF,6274,16771,0,0,0,5,0,1,2,1,0,0,0,0,0,0,0,0,1,1,0.0,0.0,0.0,0.0,1.0,0.0,0.0,1,1,1.0,0.0,1.0,0.0,0.0,0.0,0.0,0.0,1
0,udp,private,SF,105,146,0,0,0,0,0,0,0,0,0,0,0,0,0,0,0,0,1,1,0.0,0.0,0.0,0.0,1.0,0.0,0.0,125,116,0.93,0.02,0.01,0.0,0.0,0.0,0.0,0.0,0
0,tcp,http,SF,210,1084,0,0,0,0,0,1,0,0,0,0,0,0,0,0,0,0,5,5,0.0,0.0,0.0,0.0,1.0,0.0,0.0,31,255,1.0,0.0,0.03,0.05,0.0,0.0,0.0,0.0,0
0,tcp,http,SF,152,8159,0,0,0,0,0,1,0,0,0,0,0,0,0,0,0,0,1,1,0.0,0.0,0.0,0.0,1.0,0.0,0.0,29,255,1.0,0.0,0.03,0.02,0.0,0.0,0.0,0.0,0
0,tcp,http,SF,323,270,0,0,0,0,0,1,0,0,0,0,0,0,0,0,0,0,4,29,0.0,0.0,0.0,0.0,1.0,0.0,0.07,255,231,0.91,0.02,0.0,0.0,0.0,0.0,0.0,0.0,0
0,tcp,http,SF,296,581,0,0,0,0,0,1,0,0,0,0,0,0,0,0,0,0,15,49,0.0,0.0,0.07,0.02,1.0,0.0,0.1,45,255,1.0,0.0,0.02,0.01,0.0,0.0,0.02,0.01,0
0,tcp,http,SF,262,926,0,0,0,0,0,1,0,0,0,0,0,0,0,0,0,0,1,1,0.0,0.0,0.0,0.0,1.0,0.0,0.0,2,2,1.0,0.0,0.5,0.0,0.0,0.0,0.0,0.0,0
0,tcp,http,SF,316,2278,0,0,0,0,0,1,0,0,0,0,0,0,0,0,0,0,6,6,0.0,0.0,0.0,0.0,1.0,0.0,0.0,255,255,1.0,0.0,0.0,0.0,0.0,0.0,0.0,0.0,0
0,tcp,http,SF,305,840,0,0,0,0,0,1,0,0,0,0,0,0,0,0,0,0,13,13,0.0,0.0,0.0,0.0,1.0,0.0,0.0,35,255,1.0,0.0,0.03,0.03,0.0,0.0,0.0,0.0,0
0,tcp,http,SF,348,269,0,0,0,0,0,1,0,0,0,0,0,0,0,0,0,0,9,12,0.0,0.0,0.0,0.0,1.0,0.0,0.33,255,255,1.0,0.0,0.0,0.0,0.0,0.0,0.0,0.0,0
0,tcp,http,SF,259,1952,0,0,0,0,0,1,0,0,0,0,0,0,0,0,0,0,2,13,0.0,0.0,0.0,0.0,1.0,0.0,0.46,232,255,1.0,0.0,0.0,0.02,0.0,0.0,0.0,0.0,0
0,tcp,http,REJ,0,0,0,0,0,0,0,0,0,0,0,0,0,0,0,0,0,0,1,2,0.0,0.0,1.0,1.0,1.0,0.0,1.0,100,255,1.0,0.0,0.01,0.16,0.0,0.0,1.0,1.0,0
0,udp,domain_u,SF,46,117,0,0,0,0,0,0,0,0,0,0,0,0,0,0,0,0,2,4,0.0,0.0,0.0,0.0,1.0,0.0,0.5,255,234,0.92,0.01,0.0,0.0,0.0,0.0,0.02,0.0,0
0,tcp,http,SF,308,6503,0,0,0,0,0,1,0,0,0,0,0,0,0,0,0,0,5,5,0.0,0.0,0.0,0.0,1.0,0.0,0.0,62,255,1.0,0.0,0.02,0.03,0.0,0.0,0.0,0.0,0
0,tcp,http,SF,225,4204,0,0,0,0,0,1,0,0,0,0,0,0,0,0,0,0,28,28,0.0,0.0,0.0,0.0,1.0,0.0,0.0,147,255,1.0,0.0,0.01,0.04,0.0,0.0,0.0,0.0,0
0,tcp,http,SF,328,516,0,0,0,0,0,1,0,0,0,0,0,0,0,0,0,0,13,14,0.0,0.0,0.0,0.0,1.0,0.0,0.14,234,255,1.0,0.0,0.0,0.01,0.0,0.0,0.0,0.0,0
0,tcp,http,SF,205,1597,0,0,0,0,0,1,0,0,0,0,0,0,0,0,0,0,35,37,0.0,0.0,0.0,0.0,1.0,0.0,0.08,255,255,1.0,0.0,0.0,0.0,0.0,0.0,0.0,0.0,0
0,tcp,http,SF,251,313,0,0,0,0,0,1,0,0,0,0,0,0,0,0,0,0,4,7,0.0,0.0,0.0,0.0,1.0,0.0,0.43,37,255,1.0,0.0,0.03,0.02,0.0,0.0,0.0,0.0,0
0,udp,domain_u,SF,44,73,0,0,0,0,0,0,0,0,0,0,0,0,0,0,0,0,39,38,0.0,0.0,0.0,0.0,0.97,0.05,0.0,255,255,1.0,0.0,0.0,0.0,0.0,0.0,0.0,0.0,0
0,tcp,smtp,SF,1640,386,0,0,0,0,0,1,0,0,0,0,0,0,0,0,0,0,1,1,0.0,0.0,0.0,0.0,1.0,0.0,0.0,248,129,0.49,0.01,0.0,0.02,0.81,0.78,0.0,0.0,0
0,tcp,http,SF,344,1958,0,0,0,0,0,1,0,0,0,0,0,0,0,0,0,0,6,45,0.0,0.0,0.0,0.0,1.0,0.0,0.04,6,255,1.0,0.0,0.17,0.03,0.0,0.0,0.0,0.0,0
0,tcp,http,SF,187,15157,0,0,0,0,0,1,0,0,0,0,0,0,0,0,0,0,3,13,0.0,0.08,0.0,0.0,1.0,0.0,0.23,4,255,1.0,0.0,0.25,0.03,0.0,0.0,0.0,0.0,0
0,udp,domain_u,SF,46,132,0,0,0,0,0,0,0,0,0,0,0,0,0,0,0,0,75,153,0.0,0.0,0.0,0.0,1.0,0.0,0.01,255,232,0.91,0.01,0.01,0.0,0.0,0.0,0.0,0.0,0
0,tcp,http,SF,221,4624,0,0,0,0,0,1,0,0,0,0,0,0,0,0,0,0,32,32,0.0,0.0,0.0,0.0,1.0,0.0,0.0,255,255,1.0,0.0,0.0,0.0,0.0,0.0,0.0,0.0,0
0,tcp,http,SF,206,1590,0,0,0,0,0,1,0,0,0,0,0,0,0,0,0,0,8,8,0.0,0.0,0.0,0.0,1.0,0.0,0.0,8,255,1.0,0.0,0.12,0.01,0.0,0.0,0.0,0.0,0
0,tcp,http,SF,235,1942,0,0,0,0,0,1,0,0,0,0,0,0,0,0,0,0,22,38,0.0,0.0,0.0,0.0,1.0,0.0,0.05,255,255,1.0,0.0,0.0,0.0,0.0,0.0,0.0,0.0,0
0,udp,domain_u,SF,33,95,0,0,0,0,0,0,0,0,0,0,0,0,0,0,0,0,161,161,0.0,0.0,0.0,0.0,1.0,0.0,0.0,52,20,0.38,0.04,0.02,0.0,0.0,0.0,0.0,0.0,0
0,tcp,ftp_data,SF,2881,0,0,0,0,0,0,1,0,0,0,0,0,0,0,0,0,0,6,6,0.0,0.0,0.0,0.0,1.0,0.0,0.0,181,54,0.3,0.02,0.3,0.0,0.0,0.0,0.0,0.0,0
0,tcp,finger,SF,7,425,0,0,0,0,0,0,0,0,0,0,0,0,0,0,0,0,1,1,0.0,0.0,0.0,0.0,1.0,0.0,0.0,212,11,0.04,0.03,0.0,0.18,0.0,0.09,0.0,0.0,0
0,tcp,http,SF,325,277,0,0,0,0,0,1,0,0,0,0,0,0,0,0,0,0,5,6,0.0,0.0,0.0,0.17,1.0,0.0,0.33,255,239,0.94,0.02,0.0,0.0,0.0,0.0,0.0,0.0,0
0,tcp,ftp_data,SF,11376,0,0,0,0,0,0,1,0,0,0,0,0,0,0,0,0,0,8,8,0.0,0.0,0.0,0.0,1.0,0.0,0.0,255,63,0.25,0.03,0.24,0.0,0.0,0.0,0.0,0.0,0
0,udp,private,SF,105,146,0,0,0,0,0,0,0,0,0,0,0,0,0,0,0,0,6,1,0.0,0.0,0.0,0.0,0.17,0.5,0.0,255,240,0.94,0.01,0.0,0.0,0.0,0.0,0.0,0.0,0
0,tcp,http,SF,218,27331,0,0,0,0,0,1,0,0,0,0,0,0,0,0,0,0,6,6,0.0,0.0,0.0,0.0,1.0,0.0,0.0,6,255,1.0,0.0,0.17,0.04,0.0,0.0,0.0,0.0,0
0,tcp,http,SF,348,321,0,0,0,0,0,1,0,0,0,0,0,0,0,0,0,0,3,3,0.33,0.33,0.0,0.0,1.0,0.0,0.0,255,255,1.0,0.0,0.0,0.0,0.0,0.0,0.0,0.0,0
0,tcp,http,SF,323,903,0,0,0,0,0,1,0,0,0,0,0,0,0,0,0,0,2,3,0.0,0.0,0.0,0.0,1.0,0.0,0.67,44,255,1.0,0.0,0.02,0.02,0.0,0.0,0.0,0.0,0
0,tcp,http,REJ,0,0,0,0,0,0,0,0,0,0,0,0,0,0,0,0,0,0,1,1,0.0,0.0,1.0,1.0,1.0,0.0,0.0,51,251,1.0,0.0,0.02,0.04,0.0,0.0,1.0,0.98,0
0,udp,domain_u,SF,104,0,0,0,0,0,0,0,0,0,0,0,0,0,0,0,0,0,1,1,0.0,0.0,0.0,0.0,1.0,0.0,0.0,25,15,0.6,0.08,0.6,0.0,0.0,0.0,0.0,0.0,0
0,udp,domain_u,SF,46,129,0,0,0,0,0,0,0,0,0,0,0,0,0,0,0,0,82,162,0.0,0.0,0.0,0.0,1.0,0.0,0.01,255,255,1.0,0.0,0.0,0.0,0.0,0.0,0.0,0.0,0
0,tcp,http,SF,232,1380,0,0,0,0,0,1,0,0,0,0,0,0,0,0,0,0,2,7,0.0,0.0,0.0,0.0,1.0,0.0,0.29,255,253,0.99,0.01,0.0,0.0,0.0,0.0,0.0,0.0,0
0,udp,domain_u,SF,44,98,0,0,0,0,0,0,0,0,0,0,0,0,0,0,0,0,210,210,0.0,0.0,0.0,0.0,1.0,0.0,0.0,255,255,1.0,0.0,0.01,0.0,0.0,0.0,0.0,0.0,0
0,tcp,http,REJ,0,0,0,0,0,0,0,0,0,0,0,0,0,0,0,0,0,0,31,31,0.0,0.0,0.87,0.87,1.0,0.0,0.0,184,195,1.0,0.0,0.01,0.03,0.01,0.01,0.35,0.38,0
2,tcp,smtp,SF,704,331,0,0,0,0,0,1,0,0,0,0,0,0,1,0,0,0,1,1,0.0,0.0,0.0,0.0,1.0,0.0,0.0,80,187,0.81,0.06,0.01,0.01,0.0,0.01,0.0,0.0,0
0,udp,domain_u,SF,34,94,0,0,0,0,0,0,0,0,0,0,0,0,0,0,0,0,1,1,0.0,0.0,0.0,0.0,1.0,0.0,0.0,169,158,0.93,0.01,0.01,0.0,0.0,0.0,0.0,0.0,0
0,tcp,http,SF,319,269,0,0,0,0,0,1,0,0,0,0,0,0,0,0,0,0,4,5,0.0,0.0,0.0,0.0,1.0,0.0,0.4,107,255,1.0,0.0,0.01,0.08,0.0,0.0,0.57,0.65,0
0,tcp,http,SF,219,2551,0,0,0,1,0,1,0,1,0,0,0,0,0,0,0,0,11,11,0.0,0.0,0.0,0.0,1.0,0.0,0.0,11,255,1.0,0.0,0.09,0.05,0.0,0.0,0.0,0.0,0
0,tcp,http,SF,303,662,0,0,0,0,0,1,0,0,0,0,0,0,0,0,0,0,36,55,0.0,0.0,0.0,0.0,1.0,0.0,0.05,255,255,1.0,0.0,0.0,0.0,0.0,0.0,0.0,0.0,0
0,tcp,ftp_data,SF,245,0,0,0,0,0,0,1,0,0,0,1,0,0,0,0,0,0,2,2,0.0,0.0,0.0,0.0,1.0,0.0,0.0,181,75,0.31,0.03,0.31,0.03,0.0,0.0,0.0,0.0,0
0,tcp,http,SF,243,389,0,0,0,0,0,1,0,0,0,0,0,0,0,0,0,0,1,15,0.0,0.0,0.0,0.0,1.0,0.0,0.13,100,255,1.0,0.0,0.01,0.01,0.0,0.0,0.0,0.0,0
0,tcp,ftp_data,SF,0,5014,0,0,0,0,0,1,0,0,0,0,0,0,0,0,0,0,3,2,0.0,0.0,0.0,0.0,0.67,0.67,0.0,2,4,1.0,0.0,1.0,0.5,0.0,0.0,0.0,0.0,1
0,tcp,smtp,SF,1066,400,0,0,0,0,0,1,0,0,0,0,0,0,0,0,0,0,1,1,0.0,0.0,0.0,0.0,1.0,0.0,0.0,33,226,0.55,0.06,0.03,0.01,0.45,0.0,0.0,0.0,0
0,udp,domain_u,SF,46,71,0,0,0,0,0,0,0,0,0,0,0,0,0,0,0,0,158,159,0.0,0.0,0.0,0.0,0.99,0.01,0.02,255,250,0.98,0.01,0.0,0.0,0.0,0.0,0.0,0.0,0
21,tcp,ftp,SF,245,773,0,0,0,4,0,1,0,0,0,0,0,0,0,0,0,1,1,1,0.0,0.0,0.0,0.0,1.0,0.0,0.0,230,66,0.29,0.03,0.0,0.0,0.0,0.0,0.0,0.0,0
0,tcp,http,SF,317,1528,0,0,0,0,0,1,0,0,0,0,0,0,0,0,0,0,4,4,0.0,0.0,0.0,0.0,1.0,0.0,0.0,255,255,1.0,0.0,0.0,0.0,0.0,0.0,0.0,0.0,0
0,tcp,http,SF,293,2915,0,0,0,0,0,1,0,0,0,0,0,0,0,0,0,0,11,11,0.0,0.0,0.0,0.0,1.0,0.0,0.0,11,255,1.0,0.0,0.09,0.04,0.0,0.0,0.0,0.0,0
0,udp,domain_u,SF,42,42,0,0,0,0,0,0,0,0,0,0,0,0,0,0,0,0,10,21,0.0,0.0,0.0,0.0,1.0,0.0,0.19,255,244,0.96,0.01,0.0,0.0,0.0,0.0,0.0,0.0,0
0,tcp,smtp,SF,1392,481,0,0,0,0,0,1,0,0,0,0,0,0,0,0,0,0,1,1,0.0,0.0,0.0,0.0,1.0,0.0,0.0,255,2,0.01,0.01,0.0,0.0,0.0,0.0,0.0,0.0,0
0,tcp,http,SF,273,1955,0,0,0,0,0,1,0,0,0,0,0,0,0,0,0,0,2,3,0.0,0.0,0.0,0.0,1.0,0.0,0.67,255,255,1.0,0.0,0.0,0.0,0.0,0.0,0.0,0.0,0
103,tcp,telnet,SF,302,8876,0,0,0,2,0,1,4,1,0,3,4,2,1,0,0,0,1,1,0.0,0.0,0.0,0.0,1.0,0.0,0.0,1,1,1.0,0.0,1.0,0.0,0.0,0.0,0.0,0.0,1
0,tcp,http,SF,239,3675,0,0,0,0,0,1,0,0,0,0,0,0,0,0,0,0,20,21,0.0,0.0,0.0,0.0,1.0,0.0,0.1,20,251,1.0,0.0,0.05,0.06,0.0,0.0,0.0,0.0,0
0,tcp,http,SF,355,511,0,0,0,0,0,1,0,0,0,0,0,0,0,0,0,0,22,29,0.0,0.0,0.0,0.0,1.0,0.0,0.1,228,228,1.0,0.0,0.0,0.0,0.0,0.0,0.0,0.0,0
0,tcp,http,SF,219,492,0,0,0,0,0,1,0,0,0,0,0,0,0,0,0,0,17,37,0.0,0.0,0.0,0.0,1.0,0.0,0.16,255,255,1.0,0.0,0.0,0.0,0.0,0.0,0.0,0.0,0
0,tcp,http,SF,224,1636,0,0,0,0,0,1,0,0,0,0,0,0,0,0,0,0,8,8,0.0,0.0,0.0,0.0,1.0,0.0,0.0,51,255,1.0,0.0,0.02,0.04,0.0,0.0,0.0,0.0,0
10,tcp,smtp,SF,716,327,0,0,0,0,0,1,0,0,0,0,0,0,0,0,0,0,1,1,0.0,0.0,0.0,0.0,1.0,0.0,0.0,136,71,0.52,0.09,0.01,0.0,0.01,0.01,0.0,0.0,0
0,udp,domain_u,SF,46,46,0,0,0,0,0,0,0,0,0,0,0,0,0,0,0,0,3,11,0.0,0.0,0.0,0.0,1.0,0.0,0.27,255,249,0.98,0.01,0.11,0.0,0.0,0.0,0.0,0.0,0
0,tcp,http,SF,161,433,0,0,0,0,0,1,0,0,0,0,0,0,0,0,0,0,1,1,0.0,0.0,0.0,0.0,1.0,0.0,0.0,5,255,1.0,0.0,0.2,0.06,0.0,0.0,0.0,0.0,0
6,tcp,smtp,SF,1296,357,0,0,0,0,0,1,0,0,0,0,0,0,0,0,0,0,1,3,0.0,0.0,0.0,0.0,1.0,0.0,1.0,255,175,0.69,0.02,0.0,0.0,0.0,0.0,0.0,0.0,0
0,tcp,http,SF,248,1856,0,0,0,0,0,1,0,0,0,0,0,0,0,0,0,0,1,1,0.0,0.0,0.0,0.0,1.0,0.0,0.0,255,245,0.96,0.01,0.0,0.0,0.0,0.0,0.0,0.0,0
0,tcp,http,SF,218,4468,0,0,0,0,0,1,0,0,0,0,0,0,0,0,0,0,6,6,0.0,0.0,0.0,0.0,1.0,0.0,0.0,6,255,1.0,0.0,0.17,0.03,0.0,0.0,0.0,0.0,0
15,tcp,finger,SF,7,221,0,0,0,0,0,0,0,0,0,0,0,0,0,0,0,0,1,1,0.0,0.0,0.0,0.0,1.0,0.0,0.0,161,7,0.03,0.02,0.01,0.29,0.0,0.0,0.0,0.0,0
0,tcp,ftp_data,SF,192,0,0,0,0,0,0,1,0,0,0,0,0,0,0,0,0,0,2,2,0.0,0.0,0.0,0.0,1.0,0.0,0.0,255,126,0.49,0.02,0.49,0.0,0.0,0.01,0.0,0.0,0
0,tcp,http,SF,304,1045,0,0,0,0,0,1,0,0,0,0,0,0,0,0,0,0,22,22,0.0,0.0,0.0,0.0,1.0,0.0,0.0,22,255,1.0,0.0,0.05,0.03,0.0,0.0,0.0,0.0,0
0,tcp,http,SF,341,780,0,0,0,0,0,1,0,0,0,0,0,0,0,0,0,0,22,22,0.0,0.0,0.0,0.0,1.0,0.0,0.0,223,255,1.0,0.0,0.0,0.02,0.0,0.0,0.0,0.0,0
0,tcp,http,SF,313,740,0,0,0,0,0,1,0,0,0,0,0,0,0,0,0,0,6,6,0.17,0.17,0.0,0.0,1.0,0.0,0.0,255,255,1.0,0.0,0.0,0.0,0.0,0.0,0.0,0.0,0
0,tcp,ftp_data,SF,3909,0,0,0,0,0,0,1,0,0,0,0,0,0,0,0,0,0,3,3,0.0,0.0,0.0,0.0,1.0,0.0,0.0,15,43,0.6,0.13,0.6,0.05,0.0,0.0,0.0,0.0,0
0,tcp,http,SF,264,361,0,0,0,0,0,1,0,0,0,0,0,0,0,0,0,0,12,12,0.0,0.0,0.0,0.0,1.0,0.0,0.0,255,255,1.0,0.0,0.0,0.0,0.0,0.0,0.0,0.0,0
0,tcp,http,SF,314,646,0,0,0,0,0,1,0,0,0,0,0,0,0,0,0,0,22,23,0.0,0.0,0.0,0.0,1.0,0.0,0.09,221,255,1.0,0.0,0.0,0.01,0.0,0.0,0.0,0.01,0
127,tcp,telnet,SF,1567,2736,0,0,0,1,0,1,0,0,0,0,1,0,0,0,0,0,83,1,0.99,0.0,0.0,0.0,0.01,0.08,0.0,5,5,1.0,0.0,0.2,0.0,0.0,0.0,0.0,0.0,1
0,udp,domain_u,SF,33,0,0,0,0,0,0,0,0,0,0,0,0,0,0,0,0,0,1,4,0.0,0.0,0.0,0.0,1.0,0.0,0.75,153,12,0.04,0.04,0.04,0.17,0.0,0.0,0.0,0.0,0
36,tcp,smtp,SF,2067,335,0,0,0,0,0,1,0,0,0,0,0,0,0,0,0,0,1,1,0.0,0.0,0.0,0.0,1.0,0.0,0.0,83,205,0.8,0.05,0.01,0.01,0.0,0.0,0.0,0.0,0
0,tcp,smtp,SF,1061,326,0,0,0,0,0,1,0,0,0,0,0,0,0,0,0,0,1,1,0.0,0.0,0.0,0.0,1.0,0.0,0.0,77,241,0.97,0.03,0.01,0.01,0.0,0.0,0.0,0.0,0
0,tcp,http,SF,272,13154,0,0,0,0,0,1,0,0,0,0,0,0,0,0,0,0,1,1,0.0,0.0,0.0,0.0,1.0,0.0,0.0,255,255,1.0,0.0,0.0,0.0,0.0,0.0,0.0,0.0,0
0,tcp,http,SF,204,952,0,0,0,0,0,1,0,0,0,0,0,0,0,0,0,0,6,9,0.0,0.0,0.0,0.0,1.0,0.0,0.22,76,255,1.0,0.0,0.01,0.03,0.0,0.0,0.0,0.0,0
1,tcp,smtp,SF,1750,328,0,0,0,0,0,1,0,0,0,0,0,0,0,0,0,0,1,2,0.0,0.0,0.0,0.0,1.0,0.0,1.0,50,185,0.68,0.06,0.02,0.02,0.0,0.0,0.0,0.0,0
8835,udp,other,SF,145,105,0,0,0,0,0,0,0,0,0,0,0,0,0,0,0,0,2,2,0.0,0.0,0.0,0.0,1.0,0.0,0.0,255,2,0.01,0.68,0.97,0.0,0.0,0.0,0.0,0.0,0
0,tcp,http,SF,222,623,0,0,0,0,0,1,0,0,0,0,0,0,0,0,0,0,5,6,0.0,0.0,0.0,0.0,1.0,0.0,0.33,5,255,1.0,0.0,0.2,0.04,0.0,0.0,0.0,0.0,0
0,udp,domain_u,SF,46,74,0,0,0,0,0,0,0,0,0,0,0,0,0,0,0,0,155,156,0.0,0.0,0.0,0.0,0.99,0.01,0.02,255,250,0.98,0.01,0.0,0.0,0.0,0.0,0.0,0.0,0
0,tcp,http,SF,235,406,0,0,0,0,0,1,0,0,0,0,0,0,0,0,0,0,3,4,0.0,0.0,0.0,0.0,1.0,0.0,0.5,232,255,1.0,0.0,0.0,0.01,0.0,0.0,0.0,0.0,0
0,tcp,http,SF,291,5259,0,0,0,0,0,1,0,0,0,0,0,0,0,0,0,0,6,6,0.0,0.0,0.0,0.0,1.0,0.0,0.0,6,255,1.0,0.0,0.17,0.02,0.0,0.0,0.0,0.0,0
0,tcp,http,SF,298,188,0,0,0,0,0,1,0,0,0,0,0,0,0,0,0,0,1,15,0.0,0.0,0.0,0.0,1.0,0.0,0.27,24,255,1.0,0.0,0.04,0.03,0.0,0.02,0.0,0.02,0
0,udp,domain_u,SF,45,125,0,0,0,0,0,0,0,0,0,0,0,0,0,0,0,0,116,117,0.0,0.0,0.0,0.0,1.0,0.0,0.02,255,254,1.0,0.01,0.0,0.0,0.0,0.0,0.0,0.0,0
0,tcp,http,SF,302,9407,0,0,0,0,0,1,0,0,0,0,0,0,0,0,0,0,2,6,0.0,0.0,0.0,0.0,1.0,0.0,0.33,2,255,1.0,0.0,0.5,0.05,0.0,0.01,0.0,0.0,0
0,udp,domain_u,SF,46,125,0,0,0,0,0,0,0,0,0,0,0,0,0,0,0,0,107,108,0.0,0.0,0.0,0.0,1.0,0.0,0.02,255,254,1.0,0.01,0.0,0.0,0.0,0.0,0.0,0.0,0
0,tcp,http,SF,300,1857,0,0,0,0,0,1,0,0,0,0,0,0,0,0,0,0,16,16,0.0,0.0,0.0,0.0,1.0,0.0,0.0,255,255,1.0,0.0,0.0,0.0,0.0,0.0,0.0,0.0,0
0,tcp,http,SF,266,289,0,0,0,0,0,1,0,0,0,0,0,0,0,0,0,0,7,7,0.0,0.0,0.0,0.0,1.0,0.0,0.0,255,255,1.0,0.0,0.0,0.0,0.0,0.0,0.0,0.0,0
0,tcp,ftp_data,SF,245,0,0,0,0,0,0,1,0,0,0,1,0,0,0,0,0,0,2,2,0.0,0.0,0.0,0.0,1.0,0.0,0.0,85,68,0.29,0.08,0.29,0.03,0.0,0.01,0.0,0.0,0
0,tcp,http,SF,389,10134,0,0,0,0,0,1,0,0,0,0,0,0,0,0,0,0,11,11,0.0,0.0,0.0,0.0,1.0,0.0,0.0,255,255,1.0,0.0,0.0,0.0,0.0,0.0,0.0,0.0,0
0,tcp,http,SF,317,1040,0,0,0,0,0,1,0,0,0,0,0,0,0,0,0,0,9,9,0.0,0.0,0.0,0.0,1.0,0.0,0.0,9,255,1.0,0.0,0.11,0.02,0.0,0.0,0.0,0.0,0
0,tcp,smtp,SF,1375,329,0,0,0,0,0,1,0,0,0,0,0,0,0,0,0,0,1,2,0.0,0.0,0.0,0.0,1.0,0.0,1.0,103,246,0.97,0.02,0.01,0.01,0.0,0.0,0.0,0.0,0
0,tcp,ftp_data,SF,501760,0,0,0,0,0,0,1,0,0,0,0,0,0,0,0,0,0,2,3,0.0,0.0,0.0,0.0,1.0,0.0,0.67,245,63,0.26,0.02,0.25,0.0,0.0,0.0,0.0,0.0,0
0,tcp,http,SF,314,16139,0,0,0,0,0,1,0,0,0,0,0,0,0,0,0,0,1,1,0.0,0.0,0.0,0.0,1.0,0.0,0.0,1,255,1.0,0.0,1.0,0.02,0.0,0.0,0.0,0.0,0
0,tcp,http,SF,192,828,0,0,0,0,0,1,0,0,0,0,0,0,0,0,0,0,31,31,0.0,0.0,0.0,0.0,1.0,0.0,0.0,32,255,1.0,0.0,0.03,0.02,0.0,0.0,0.0,0.0,0
0,tcp,http,SF,230,611,0,0,0,0,0,1,0,0,0,0,0,0,0,0,0,0,7,12,0.0,0.0,0.0,0.0,1.0,0.0,0.17,7,255,1.0,0.0,0.14,0.01,0.0,0.0,0.0,0.0,0
0,tcp,http,SF,224,2113,0,0,0,0,0,1,0,0,0,0,0,0,0,0,0,0,8,24,0.0,0.0,0.0,0.0,1.0,0.0,0.08,255,255,1.0,0.0,0.0,0.0,0.0,0.0,0.0,0.0,0
0,tcp,http,SF,216,944,0,0,0,0,0,1,0,0,0,0,0,0,0,0,0,0,2,2,0.0,0.0,0.0,0.0,1.0,0.0,0.0,68,255,1.0,0.0,0.01,0.01,0.0,0.0,0.0,0.0,0
0,udp,domain_u,SF,45,75,0,0,0,0,0,0,0,0,0,0,0,0,0,0,0,0,191,191,0.0,0.0,0.0,0.0,1.0,0.0,0.0,255,255,1.0,0.0,0.01,0.0,0.0,0.0,0.0,0.0,0
0,udp,domain_u,SF,43,76,0,0,0,0,0,0,0,0,0,0,0,0,0,0,0,0,130,130,0.0,0.0,0.0,0.0,1.0,0.0,0.0,255,201,0.79,0.01,0.0,0.0,0.0,0.0,0.0,0.0,0
0,tcp,http,SF,323,4841,0,0,0,0,0,1,0,0,0,0,0,0,0,0,0,0,1,2,0.0,0.0,0.0,0.0,1.0,0.0,1.0,17,255,1.0,0.0,0.06,0.03,0.0,0.0,0.0,0.0,0
0,tcp,http,SF,225,668,0,0,0,0,0,1,0,0,0,0,0,0,0,0,0,0,52,56,0.0,0.0,0.0,0.0,1.0,0.0,0.04,255,255,1.0,0.0,0.0,0.0,0.0,0.0,0.0,0.0,0
0,tcp,ftp_data,SF,884,0,0,0,0,0,0,0,0,0,0,0,0,0,0,0,0,0,2,2,0.0,0.0,0.0,0.0,1.0,0.0,0.0,45,81,0.13,0.09,0.13,0.04,0.0,0.0,0.0,0.0,0
0,tcp,http,SF,357,10481,0,0,0,0,0,1,0,0,0,0,0,0,0,0,0,0,12,13,0.0,0.0,0.0,0.0,1.0,0.0,0.15,255,255,1.0,0.0,0.0,0.0,0.0,0.0,0.0,0.0,0
28,udp,domain_u,SF,46,46,0,0,0,0,0,0,0,0,0,0,0,0,0,0,0,0,7,8,0.0,0.0,0.0,0.0,0.14,0.29,0.25,76,73,0.96,0.03,0.01,0.0,0.0,0.0,0.0,0.0,0
0,tcp,http,SF,289,6534,0,0,0,0,0,1,0,0,0,0,0,0,0,0,0,0,21,28,0.05,0.04,0.0,0.0,1.0,0.0,0.07,255,255,1.0,0.0,0.0,0.0,0.0,0.0,0.0,0.0,0
429,udp,other,SF,147,105,0,0,0,0,0,0,0,0,0,0,0,0,0,0,0,0,2,2,0.0,0.0,0.0,0.0,1.0,0.0,0.0,255,2,0.01,0.59,0.87,0.0,0.0,0.0,0.0,0.0,0
28,udp,domain_u,SF,44,44,0,0,0,0,0,0,0,0,0,0,0,0,0,0,0,0,7,9,0.0,0.0,0.0,0.0,0.29,0.29,0.22,77,74,0.96,0.03,0.01,0.0,0.0,0.0,0.0,0.0,0
0,tcp,http,REJ,0,0,0,0,0,0,0,0,0,0,0,0,0,0,0,0,0,0,1,1,0.0,0.0,1.0,1.0,1.0,0.0,0.0,10,255,1.0,0.0,0.1,0.13,0.0,0.0,1.0,0.79,0
0,tcp,http,SF,208,759,0,0,0,0,0,1,0,0,0,0,0,0,0,0,0,0,4,34,0.0,0.0,0.0,0.0,1.0,0.0,0.15,42,255,1.0,0.0,0.02,0.02,0.0,0.0,0.0,0.0,0
0,tcp,smtp,SF,1321,327,0,0,0,0,0,1,0,0,0,0,0,0,0,0,0,0,1,4,0.0,0.0,0.0,0.0,1.0,0.0,1.0,206,103,0.5,0.03,0.0,0.0,0.0,0.0,0.0,0.0,0
0,tcp,http,SF,213,24572,0,0,0,0,0,1,0,0,0,0,0,0,0,0,0,0,4,4,0.0,0.0,0.0,0.0,1.0,0.0,0.0,181,255,1.0,0.0,0.01,0.02,0.0,0.0,0.0,0.0,0
0,tcp,smtp,SF,1539,404,0,0,0,0,0,1,0,0,0,0,0,0,0,0,0,0,1,3,0.0,0.0,0.0,0.0,1.0,0.0,1.0,255,74,0.29,0.05,0.0,0.0,0.44,0.0,0.02,0.0,0
0,tcp,http,SF,317,3245,0,0,0,0,0,1,0,0,0,0,0,0,0,0,0,0,3,3,0.0,0.0,0.0,0.0,1.0,0.0,0.0,45,255,1.0,0.0,0.02,0.02,0.0,0.0,0.0,0.0,0
0,udp,domain_u,SF,43,76,0,0,0,0,0,0,0,0,0,0,0,0,0,0,0,0,263,263,0.0,0.0,0.0,0.0,1.0,0.0,0.0,255,201,0.79,0.01,0.0,0.0,0.0,0.0,0.0,0.0,0
0,tcp,http,REJ,0,0,0,0,0,0,0,0,0,0,0,0,0,0,0,0,0,0,25,25,0.0,0.0,0.8,0.8,1.0,0.0,0.0,60,252,1.0,0.0,0.02,0.16,0.0,0.0,0.92,0.98,0
0,tcp,http,SF,202,9685,0,0,0,0,0,1,0,0,0,0,0,0,0,0,0,0,4,4,0.0,0.0,0.0,0.0,1.0,0.0,0.0,245,255,1.0,0.0,0.0,0.02,0.01,0.01,0.0,0.0,0
0,tcp,http,SF,139,9618,0,0,0,0,0,1,0,0,0,0,0,0,0,0,0,0,1,6,0.0,0.0,0.0,0.17,1.0,0.0,0.33,30,255,1.0,0.0,0.03,0.01,0.03,0.01,0.0,0.0,0
0,udp,domain_u,SF,45,45,0,0,0,0,0,0,0,0,0,0,0,0,0,0,0,0,114,180,0.0,0.0,0.0,0.0,1.0,0.0,0.01,255,255,1.0,0.0,0.01,0.0,0.0,0.0,0.0,0.0,0
0,tcp,http,REJ,0,0,0,0,0,0,0,0,0,0,0,0,0,0,0,0,0,0,1,1,0.0,0.0,1.0,1.0,1.0,0.0,0.0,3,255,1.0,0.0,0.33,0.05,0.0,0.0,1.0,1.0,0
0,tcp,smtp,SF,1285,328,0,0,0,0,0,1,0,0,0,0,0,0,0,0,0,0,1,1,0.0,0.0,0.0,0.0,1.0,0.0,0.0,233,180,0.7,0.02,0.0,0.01,0.0,0.01,0.0,0.0,0
25,tcp,ftp,SF,341,1063,0,0,0,6,0,1,0,0,0,0,0,0,0,0,0,1,1,1,0.0,0.0,0.0,0.0,1.0,0.0,0.0,217,38,0.18,0.04,0.0,0.0,0.0,0.0,0.01,0.05,0
0,tcp,smtp,SF,2235,451,0,0,0,0,0,1,0,0,0,0,0,0,0,0,0,0,1,3,0.0,0.0,0.0,0.0,1.0,0.0,1.0,59,177,0.81,0.05,0.02,0.02,0.0,0.01,0.02,0.0,0
4005,udp,other,SF,147,105,0,0,0,0,0,0,0,0,0,0,0,0,0,0,0,0,2,2,0.0,0.0,0.0,0.0,1.0,0.0,0.0,255,2,0.01,0.82,0.99,0.0,0.0,0.0,0.0,0.0,0
5,tcp,smtp,SF,1770,332,0,0,0,0,0,1,0,0,0,0,0,0,0,0,0,0,1,1,0.0,0.0,0.0,0.0,1.0,0.0,0.0,167,102,0.61,0.02,0.01,0.0,0.0,0.0,0.0,0.0,0
0,tcp,http,SF,244,454,0,0,0,0,0,1,0,0,0,0,0,0,0,0,0,0,7,7,0.0,0.0,0.0,0.0,1.0,0.0,0.0,255,255,1.0,0.0,0.0,0.0,0.0,0.0,0.0,0.0,0
0,udp,domain_u,SF,44,128,0,0,0,0,0,0,0,0,0,0,0,0,0,0,0,0,65,145,0.0,0.0,0.0,0.0,1.0,0.0,0.01,255,228,0.89,0.01,0.0,0.0,0.0,0.0,0.0,0.0,0
1,tcp,smtp,SF,1248,329,0,0,0,0,0,1,0,0,0,0,0,0,0,0,0,0,1,3,0.0,0.0,0.0,0.0,1.0,0.0,1.0,4,4,1.0,0.0,0.25,0.0,0.0,0.0,0.0,0.0,0
0,tcp,http,SF,220,1398,0,0,0,0,0,1,0,0,0,0,0,0,0,0,0,0,26,42,0.0,0.0,0.0,0.0,1.0,0.0,0.05,26,255,1.0,0.0,0.04,0.03,0.0,0.0,0.0,0.0,0
0,tcp,http,SF,195,694,0,0,0,0,0,1,0,0,0,0,0,0,0,0,0,0,12,13,0.0,0.0,0.0,0.0,1.0,0.0,0.15,255,255,1.0,0.0,0.0,0.0,0.0,0.0,0.0,0.0,0
0,tcp,smtp,SF,633,390,0,0,0,0,0,1,0,0,0,0,0,0,0,0,0,0,1,2,0.0,0.0,0.0,0.0,1.0,0.0,1.0,55,159,0.42,0.05,0.02,0.01,0.0,0.0,0.0,0.0,0
0,tcp,http,SF,211,5357,0,0,0,0,0,1,0,0,0,0,0,0,0,0,0,0,14,14,0.0,0.0,0.0,0.0,1.0,0.0,0.0,137,255,1.0,0.0,0.01,0.02,0.0,0.0,0.01,0.0,0
0,udp,domain_u,SF,43,69,0,0,0,0,0,0,0,0,0,0,0,0,0,0,0,0,269,269,0.0,0.0,0.0,0.0,1.0,0.0,0.0,255,239,0.94,0.01,0.0,0.0,0.0,0.0,0.0,0.0,0
0,tcp,http,SF,205,619,0,0,0,0,0,1,0,0,0,0,0,0,0,0,0,0,5,8,0.0,0.0,0.0,0.0,1.0,0.0,0.25,5,255,1.0,0.0,0.2,0.03,0.0,0.0,0.0,0.0,0
0,tcp,smtp,SF,1589,334,0,0,0,0,0,1,0,0,0,0,0,0,0,0,0,0,1,3,0.0,0.0,0.0,0.0,1.0,0.0,1.0,1,104,1.0,0.0,1.0,0.02,0.0,0.0,0.0,0.0,0
0,tcp,auth,SF,9,38,0,0,0,0,0,1,0,0,0,0,0,0,0,0,0,0,1,1,0.0,0.0,0.0,0.0,1.0,0.0,0.0,30,2,0.03,0.13,0.03,1.0,0.0,0.0,0.0,0.0,0
0,udp,domain_u,SF,34,34,0,0,0,0,0,0,0,0,0,0,0,0,0,0,0,0,1,3,0.0,0.0,0.0,0.0,1.0,0.0,1.0,136,105,0.77,0.03,0.01,0.0,0.0,0.0,0.0,0.0,0
0,udp,domain_u,SF,38,38,0,0,0,0,0,0,0,0,0,0,0,0,0,0,0,0,1,2,0.0,0.0,0.0,0.0,1.0,0.0,1.0,255,238,0.93,0.01,0.0,0.0,0.0,0.0,0.0,0.0,0
0,udp,domain_u,SF,43,126,0,0,0,0,0,0,0,0,0,0,0,0,0,0,0,0,113,192,0.0,0.0,0.0,0.0,1.0,0.0,0.01,255,255,1.0,0.0,0.0,0.0,0.0,0.0,0.0,0.0,0
0,tcp,http,SF,257,7143,0,0,0,0,0,1,0,0,0,0,0,0,0,0,0,0,6,6,0.17,0.17,0.0,0.0,1.0,0.0,0.0,255,255,1.0,0.0,0.01,0.0,0.0,0.0,0.0,0.0,0
0,tcp,http,SF,210,2585,0,0,0,0,0,1,0,0,0,0,0,0,0,0,0,0,11,13,0.0,0.0,0.0,0.0,1.0,0.0,0.15,147,237,1.0,0.0,0.01,0.01,0.0,0.0,0.0,0.0,0
0,tcp,http,SF,243,3446,0,0,0,0,0,1,0,0,0,0,0,0,0,0,0,0,9,9,0.0,0.0,0.0,0.0,1.0,0.0,0.0,255,255,1.0,0.0,0.0,0.0,0.0,0.0,0.01,0.01,0
2588,udp,other,SF,146,105,0,0,0,0,0,0,0,0,0,0,0,0,0,0,0,0,1,1,0.0,0.0,0.0,0.0,1.0,0.0,0.0,255,1,0.0,0.87,1.0,0.0,0.0,0.0,0.0,0.0,0
0,tcp,http,SF,234,1934,0,0,0,0,0,1,0,0,0,0,0,0,0,0,0,0,2,2,0.0,0.0,0.0,0.0,1.0,0.0,0.0,2,19,1.0,0.0,0.5,0.37,0.0,0.0,0.0,0.0,0
0,udp,domain_u,SF,46,132,0,0,0,0,0,0,0,0,0,0,0,0,0,0,0,0,240,316,0.0,0.0,0.0,0.0,1.0,0.01,0.01,255,246,0.96,0.01,0.0,0.0,0.0,0.0,0.0,0.0,0
0,tcp,smtp,SF,1171,404,0,0,0,0,0,1,0,0,0,0,0,0,0,0,0,0,1,1,0.0,0.0,0.0,0.0,1.0,0.0,0.0,17,210,0.12,0.12,0.06,0.01,0.88,0.0,0.0,0.0,0
23,tcp,ftp,SF,337,1054,0,0,0,6,0,1,0,0,0,0,0,0,0,0,0,1,1,1,0.0,0.0,0.0,0.0,1.0,0.0,0.0,143,26,0.18,0.05,0.01,0.0,0.0,0.0,0.01,0.08,0
0,tcp,ftp_data,SF,748,0,0,0,0,0,0,0,0,0,0,0,0,0,0,0,0,0,1,1,0.0,0.0,0.0,0.0,1.0,0.0,0.0,143,49,0.15,0.04,0.16,0.04,0.0,0.0,0.0,0.0,0
0,udp,domain_u,SF,44,131,0,0,0,0,0,0,0,0,0,0,0,0,0,0,0,0,8,86,0.0,0.0,0.0,0.0,1.0,0.0,0.02,117,58,0.5,0.03,0.01,0.0,0.0,0.0,0.0,0.0,0
0,tcp,http,SF,278,2774,0,0,0,0,0,1,0,0,0,0,0,0,0,0,0,0,15,16,0.0,0.0,0.0,0.0,1.0,0.0,0.12,15,255,1.0,0.0,0.07,0.05,0.0,0.0,0.0,0.0,0
0,tcp,http,SF,151,14165,0,0,0,0,0,1,0,0,0,0,0,0,0,0,0,0,5,7,0.0,0.0,0.0,0.0,1.0,0.0,0.43,5,255,1.0,0.0,0.2,0.04,0.0,0.0,0.0,0.0,0
11,udp,private,SF,105,146,0,0,0,0,0,0,0,0,0,0,0,0,0,0,0,0,2,2,0.0,0.0,0.0,0.0,1.0,0.0,0.0,255,235,0.92,0.01,0.01,0.0,0.0,0.0,0.0,0.0,0
0,tcp,http,SF,311,370,0,0,0,0,0,1,0,0,0,0,0,0,0,0,0,0,20,26,0.0,0.0,0.0,0.0,1.0,0.0,0.08,255,255,1.0,0.0,0.0,0.0,0.0,0.0,0.0,0.0,0
25,tcp,telnet,SF,104,2858,0,0,0,0,0,1,1,0,0,1,0,0,0,0,0,0,1,1,0.0,0.0,0.0,0.0,1.0,0.0,0.0,70,3,0.03,0.04,0.01,0.67,0.0,0.0,0.0,0.0,0
611,udp,other,SF,146,105,0,0,0,0,0,0,0,0,0,0,0,0,0,0,0,0,1,1,0.0,0.0,0.0,0.0,1.0,0.0,0.0,255,4,0.02,0.35,0.72,0.0,0.0,0.0,0.0,0.0,0
0,tcp,http,REJ,0,0,0,0,0,0,0,0,0,0,0,0,0,0,0,0,0,0,1,2,0.0,0.0,1.0,1.0,1.0,0.0,1.0,1,255,1.0,0.0,1.0,0.19,0.0,0.0,1.0,0.98,0
0,tcp,http,REJ,0,0,0,0,0,0,0,0,0,0,0,0,0,0,0,0,0,0,1,1,0.0,0.0,1.0,1.0,1.0,0.0,0.0,2,244,1.0,0.0,0.5,0.13,0.0,0.0,1.0,0.79,0
0,tcp,ftp_data,SF,0,2072,0,0,0,1,0,1,0,1,0,0,0,0,0,0,0,0,4,3,0.0,0.0,0.0,0.0,0.75,0.5,0.0,3,5,1.0,0.0,1.0,0.4,0.0,0.0,0.0,0.0,1
0,udp,other,SF,516,4,0,0,0,0,0,0,0,0,0,0,0,0,0,0,0,0,203,203,0.0,0.0,0.0,0.0,1.0,0.0,0.0,203,203,1.0,0.0,1.0,0.0,0.0,0.0,0.0,0.0,0
0,tcp,http,SF,269,261,0,0,0,0,0,1,0,0,0,0,0,0,0,0,0,0,18,19,0.0,0.0,0.0,0.0,1.0,0.0,0.11,255,255,1.0,0.0,0.0,0.0,0.0,0.0,0.0,0.0,0
0,tcp,http,SF,217,5222,0,0,0,0,0,1,0,0,0,0,0,0,0,0,0,0,2,16,0.0,0.0,0.0,0.0,1.0,0.0,0.19,10,255,1.0,0.0,0.1,0.03,0.0,0.0,0.0,0.0,0
0,tcp,http,SF,293,1506,0,0,0,0,0,1,0,0,0,0,0,0,0,0,0,0,15,15,0.0,0.0,0.0,0.0,1.0,0.0,0.0,118,255,1.0,0.0,0.01,0.04,0.0,0.0,0.0,0.0,0
0,tcp,http,SF,267,1436,0,0,0,0,0,1,0,0,0,0,0,0,0,0,0,0,33,34,0.0,0.0,0.0,0.0,1.0,0.0,0.06,33,255,1.0,0.0,0.03,0.02,0.0,0.0,0.0,0.0,0
8825,udp,other,SF,145,105,0,0,0,0,0,0,0,0,0,0,0,0,0,0,0,0,1,1,0.0,0.0,0.0,0.0,1.0,0.0,0.0,183,1,0.01,0.6,0.91,0.0,0.0,0.0,0.0,0.0,0
0,tcp,http,SF,245,15255,0,0,0,0,0,1,0,0,0,0,0,0,0,0,0,0,1,91,0.0,0.0,0.0,0.0,1.0,0.0,0.14,7,255,1.0,0.0,0.14,0.04,0.0,0.0,0.0,0.0,0
0,tcp,http,SF,235,695,0,0,0,0,0,1,0,0,0,0,0,0,0,0,0,0,9,9,0.0,0.0,0.0,0.0,1.0,0.0,0.0,142,255,1.0,0.0,0.01,0.04,0.0,0.0,0.0,0.0,0
0,udp,domain_u,SF,46,134,0,0,0,0,0,0,0,0,0,0,0,0,0,0,0,0,100,179,0.0,0.0,0.0,0.0,1.0,0.0,0.01,255,255,1.0,0.0,0.0,0.0,0.0,0.0,0.0,0.0,0
0,tcp,http,SF,248,16626,0,0,0,0,0,1,0,0,0,0,0,0,0,0,0,0,2,3,0.0,0.0,0.0,0.0,1.0,0.0,0.67,255,255,1.0,0.0,0.0,0.0,0.0,0.0,0.0,0.0,0
0,tcp,http,SF,190,1227,0,0,0,0,0,1,0,0,0,0,0,0,0,0,0,0,16,16,0.0,0.0,0.0,0.0,1.0,0.0,0.0,65,255,1.0,0.0,0.02,0.02,0.0,0.0,0.0,0.0,0
0,tcp,http,SF,361,18822,0,0,0,0,0,1,0,0,0,0,0,0,0,0,0,0,7,7,0.0,0.0,0.0,0.0,1.0,0.0,0.0,255,255,1.0,0.0,0.0,0.0,0.0,0.0,0.0,0.0,0
0,tcp,telnet,S0,0,0,0,0,0,0,0,0,0,0,0,0,0,0,0,0,0,0,1,1,1.0,1.0,0.0,0.0,1.0,0.0,0.0,21,3,0.14,0.19,0.05,0.0,0.1,0.67,0.0,0.0,0
0,tcp,http,SF,307,20165,0,0,0,0,0,1,0,0,0,0,0,0,0,0,0,0,2,2,0.0,0.0,0.0,0.0,1.0,0.0,0.0,48,255,1.0,0.0,0.02,0.03,0.0,0.0,0.0,0.0,0
0,tcp,http,SF,210,3200,0,0,0,0,0,1,0,0,0,0,0,0,0,0,0,0,10,14,0.0,0.0,0.0,0.0,1.0,0.0,0.21,255,255,1.0,0.0,0.01,0.0,0.0,0.0,0.0,0.0,0
0,tcp,http,SF,241,39228,0,0,0,0,0,1,0,0,0,0,0,0,0,0,0,0,1,4,0.0,0.0,0.0,0.0,1.0,0.0,1.0,27,255,1.0,0.0,0.04,0.02,0.0,0.0,0.0,0.0,0
0,tcp,http,SF,237,881,0,0,0,0,0,1,0,0,0,0,0,0,0,0,0,0,3,4,0.0,0.0,0.0,0.0,1.0,0.0,0.5,255,255,1.0,0.0,0.0,0.0,0.0,0.0,0.01,0.01,0
0,tcp,http,SF,277,215,0,0,0,0,0,1,0,0,0,0,0,0,0,0,0,0,2,2,0.0,0.0,0.0,0.0,1.0,0.0,0.0,62,255,1.0,0.0,0.02,0.01,0.0,0.0,0.11,0.07,0
0,tcp,http,SF,214,294,0,0,0,0,0,1,0,0,0,0,0,0,0,0,0,0,15,15,0.0,0.0,0.0,0.0,1.0,0.0,0.0,21,255,1.0,0.0,0.05,0.09,0.0,0.0,0.29,0.87,0
0,udp,private,SF,105,146,0,0,0,0,0,0,0,0,0,0,0,0,0,0,0,0,4,1,0.0,0.0,0.0,0.0,0.25,0.5,0.0,255,231,0.91,0.01,0.0,0.0,0.0,0.0,0.0,0.0,0
0,tcp,ftp_data,SF,554,0,0,0,0,0,0,1,0,0,0,6,0,0,0,0,0,0,1,1,0.0,0.0,0.0,0.0,1.0,0.0,0.0,3,118,0.67,0.67,0.67,0.03,0.0,0.01,0.0,0.0,0
0,tcp,ftp_data,SF,12,0,0,0,0,0,0,1,0,0,0,0,0,0,0,0,0,0,2,3,0.0,0.0,0.0,0.0,1.0,0.0,0.67,29,10,0.34,0.17,0.34,0.0,0.0,0.0,0.0,0.0,0
0,tcp,http,SF,167,2619,0,0,0,0,0,1,0,0,0,0,0,0,0,0,0,0,25,25,0.0,0.0,0.0,0.0,1.0,0.0,0.0,49,255,1.0,0.0,0.02,0.03,0.0,0.0,0.0,0.0,0
0,tcp,ftp_data,SF,7012,0,0,0,0,0,0,1,0,0,0,0,0,0,0,0,0,0,16,16,0.0,0.0,0.0,0.0,1.0,0.0,0.0,91,81,0.6,0.05,0.6,0.02,0.0,0.0,0.0,0.0,0
0,tcp,http,SF,331,2935,0,0,0,0,0,1,0,0,0,0,0,0,0,0,0,0,14,14,0.0,0.0,0.0,0.0,1.0,0.0,0.0,98,255,1.0,0.0,0.01,0.01,0.0,0.0,0.0,0.0,0
0,tcp,ftp_data,SF,7077,0,0,0,0,0,0,1,0,0,0,0,0,0,0,0,0,0,6,6,0.0,0.0,0.0,0.0,1.0,0.0,0.0,102,64,0.34,0.04,0.34,0.03,0.0,0.0,0.0,0.0,0
0,icmp,urh_i,SF,36,0,0,0,0,0,0,0,0,0,0,0,0,0,0,0,0,0,1,1,0.0,0.0,0.0,0.0,1.0,0.0,0.0,255,57,0.22,0.03,0.22,0.0,0.0,0.0,0.0,0.0,0
0,tcp,ftp_data,SF,3775,0,0,0,0,0,0,0,0,0,0,0,0,0,0,0,0,0,11,11,0.0,0.0,0.0,0.0,1.0,0.0,0.0,44,74,0.8,0.07,0.8,0.03,0.0,0.0,0.0,0.0,0
12583,udp,other,SF,146,105,0,0,0,0,0,0,0,0,0,0,0,0,0,0,0,0,1,1,0.0,0.0,0.0,0.0,1.0,0.0,0.0,255,1,0.0,0.71,0.96,0.0,0.0,0.0,0.0,0.0,0
0,tcp,http,SF,231,2288,0,0,0,0,0,1,0,0,0,0,0,0,0,0,0,0,54,68,0.0,0.0,0.0,0.0,1.0,0.0,0.04,255,255,1.0,0.0,0.0,0.0,0.0,0.0,0.0,0.0,0
0,tcp,http,SF,299,667,0,0,0,0,0,1,0,0,0,0,0,0,0,0,0,0,9,12,0.0,0.0,0.0,0.0,1.0,0.0,0.17,255,255,1.0,0.0,0.0,0.0,0.0,0.0,0.0,0.0,0
0,tcp,http,SF,327,3810,0,0,0,0,0,1,0,0,0,0,0,0,0,0,0,0,7,10,0.0,0.0,0.0,0.0,1.0,0.0,0.3,96,255,1.0,0.0,0.01,0.02,0.0,0.0,0.0,0.0,0
0,tcp,http,REJ,0,0,0,0,0,0,0,0,0,0,0,0,0,0,0,0,0,0,1,1,0.0,0.0,1.0,1.0,1.0,0.0,0.0,4,247,1.0,0.0,0.25,0.13,0.0,0.0,1.0,0.67,0
0,tcp,ftp_data,SF,748,0,0,0,0,0,0,0,0,0,0,0,0,0,0,0,0,0,1,1,0.0,0.0,0.0,0.0,1.0,0.0,0.0,208,26,0.12,0.02,0.12,0.0,0.0,0.0,0.0,0.0,0
0,tcp,http,SF,278,1030,0,0,0,0,0,1,0,0,0,0,0,0,0,0,0,0,10,10,0.0,0.0,0.0,0.0,1.0,0.0,0.0,10,255,1.0,0.0,0.1,0.04,0.0,0.0,0.0,0.0,0
0,udp,domain_u,SF,45,125,0,0,0,0,0,0,0,0,0,0,0,0,0,0,0,0,203,205,0.0,0.0,0.0,0.0,1.0,0.01,0.01,255,255,1.0,0.0,0.0,0.0,0.0,0.0,0.0,0.0,0
0,tcp,http,SF,200,526,0,0,0,0,0,1,0,0,0,0,0,0,0,0,0,0,7,7,0.0,0.0,0.0,0.0,1.0,0.0,0.0,163,255,1.0,0.0,0.01,0.02,0.0,0.0,0.0,0.0,0
0,tcp,http,SF,288,292,0,0,0,0,0,1,0,0,0,0,0,0,0,0,0,0,7,7,0.0,0.0,0.0,0.0,1.0,0.0,0.0,255,255,1.0,0.0,0.0,0.0,0.0,0.0,0.0,0.0,0
0,tcp,http,SF,169,7591,0,0,0,0,0,1,0,0,0,0,0,0,0,0,0,0,2,2,0.0,0.0,0.0,0.0,1.0,0.0,0.0,37,255,1.0,0.0,0.03,0.02,0.0,0.0,0.0,0.0,0
0,tcp,http,SF,316,5212,0,0,0,0,0,1,0,0,0,0,0,0,0,0,0,0,12,12,0.0,0.0,0.0,0.0,1.0,0.0,0.0,12,255,1.0,0.0,0.08,0.02,0.0,0.0,0.0,0.0,0
0,tcp,http,SF,315,3630,0,0,0,0,0,1,0,0,0,0,0,0,0,0,0,0,12,12,0.0,0.0,0.0,0.0,1.0,0.0,0.0,12,222,1.0,0.0,0.08,0.03,0.0,0.0,0.0,0.0,0
3,tcp,smtp,SF,980,327,0,0,0,0,0,1,0,0,0,0,0,0,0,0,0,0,1,2,0.0,0.0,0.0,0.0,1.0,0.0,1.0,203,131,0.65,0.02,0.0,0.0,0.0,0.0,0.0,0.0,0
0,tcp,http,SF,310,1585,0,0,0,0,0,1,0,0,0,0,0,0,0,0,0,0,5,13,0.0,0.0,0.0,0.0,1.0,0.0,0.23,136,255,1.0,0.0,0.01,0.02,0.0,0.0,0.0,0.0,0
9,tcp,smtp,SF,1435,333,0,0,0,0,0,1,0,0,0,0,0,0,0,0,0,0,1,5,0.0,0.0,0.0,0.0,1.0,0.0,1.0,122,146,0.48,0.03,0.01,0.01,0.01,0.01,0.0,0.0,0
0,tcp,http,SF,289,594,0,0,0,0,0,1,0,0,0,0,0,0,0,0,0,0,1,18,0.0,0.0,0.0,0.0,1.0,0.0,0.17,16,255,1.0,0.0,0.06,0.04,0.0,0.0,0.0,0.0,0
0,tcp,ftp_data,SF,175337,0,0,0,0,0,0,1,0,0,0,0,0,0,0,0,0,0,1,1,0.0,0.0,0.0,0.0,1.0,0.0,0.0,228,42,0.18,0.02,0.18,0.0,0.0,0.0,0.0,0.0,0
0,udp,domain_u,SF,45,74,0,0,0,0,0,0,0,0,0,0,0,0,0,0,0,0,140,140,0.0,0.0,0.0,0.0,1.0,0.0,0.0,255,254,1.0,0.01,0.0,0.0,0.0,0.0,0.0,0.0,0
0,tcp,http,SF,304,1412,0,0,0,0,0,1,0,0,0,0,0,0,0,0,0,0,18,18,0.0,0.0,0.0,0.0,1.0,0.0,0.0,96,255,1.0,0.0,0.01,0.04,0.0,0.0,0.0,0.0,0
0,tcp,http,SF,290,2747,0,0,0,0,0,1,0,0,0,0,0,0,0,0,0,0,2,3,0.0,0.0,0.0,0.0,1.0,0.0,0.67,4,255,1.0,0.0,0.25,0.07,0.0,0.0,0.0,0.0,0
0,tcp,http,SF,343,1617,0,0,0,0,0,1,0,0,0,0,0,0,0,0,0,0,15,15,0.0,0.0,0.0,0.0,1.0,0.0,0.0,152,255,1.0,0.0,0.01,0.03,0.0,0.0,0.0,0.0,0
0,tcp,http,SF,231,30262,0,0,0,0,0,1,0,0,0,0,0,0,0,0,0,0,1,1,0.0,0.0,0.0,0.0,1.0,0.0,0.0,105,255,1.0,0.0,0.01,0.02,0.0,0.0,0.0,0.0,0
0,tcp,http,SF,321,4783,0,0,0,0,0,1,0,0,0,0,0,0,0,0,0,0,2,2,0.0,0.0,0.0,0.0,1.0,0.0,0.0,2,255,1.0,0.0,0.5,0.05,0.0,0.0,0.0,0.0,0
0,udp,domain_u,SF,42,70,0,0,0,0,0,0,0,0,0,0,0,0,0,0,0,0,191,191,0.0,0.0,0.0,0.0,1.0,0.0,0.0,255,254,1.0,0.01,0.0,0.0,0.0,0.0,0.0,0.0,0
0,tcp,ftp_data,SF,501760,0,0,0,0,0,0,0,0,0,0,0,0,0,0,0,0,0,2,2,0.0,0.0,0.0,0.0,1.0,0.0,0.0,255,73,0.29,0.02,0.29,0.0,0.0,0.0,0.0,0.0,0
0,tcp,http,SF,190,6924,0,0,0,0,0,1,0,0,0,0,0,0,0,0,0,0,23,43,0.0,0.0,0.0,0.0,1.0,0.0,0.05,255,255,1.0,0.0,0.0,0.0,0.0,0.0,0.0,0.0,0
0,tcp,smtp,SF,1050,332,0,0,0,0,0,1,0,0,0,0,0,0,0,0,0,0,1,1,0.0,0.0,0.0,0.0,1.0,0.0,0.0,43,92,0.47,0.12,0.02,0.02,0.0,0.0,0.0,0.0,0
0,tcp,http,SF,311,1262,0,0,0,0,0,1,0,0,0,0,0,0,0,0,0,0,24,24,0.0,0.0,0.0,0.0,1.0,0.0,0.0,54,255,1.0,0.0,0.02,0.02,0.0,0.0,0.0,0.0,0
0,udp,ntp_u,SF,48,48,0,0,0,0,0,0,0,0,0,0,0,0,0,0,0,0,1,1,0.0,0.0,0.0,0.0,1.0,0.0,0.0,255,199,0.78,0.01,0.78,0.0,0.0,0.0,0.0,0.0,0
0,tcp,http,SF,312,696,0,0,0,0,0,1,0,0,0,0,0,0,0,0,0,0,2,6,0.0,0.0,0.0,0.0,1.0,0.0,0.5,15,15,1.0,0.0,0.07,0.0,0.0,0.0,0.0,0.0,0
0,tcp,http,SF,315,7613,0,0,0,0,0,1,0,0,0,0,0,0,0,0,0,0,6,6,0.0,0.0,0.0,0.0,1.0,0.0,0.0,6,255,1.0,0.0,0.17,0.02,0.0,0.0,0.0,0.0,0
0,tcp,http,S0,0,0,0,0,0,0,0,0,0,0,0,0,0,0,0,0,0,0,2,3,0.5,0.33,0.0,0.0,1.0,0.0,0.67,14,245,1.0,0.0,0.14,0.03,0.07,0.01,0.0,0.0,0
0,tcp,ftp_data,SF,16787,0,0,0,0,0,0,1,0,0,0,0,1,0,0,0,0,0,11,11,0.0,0.0,0.0,0.0,1.0,0.0,0.0,48,88,0.48,0.06,0.48,0.02,0.0,0.0,0.0,0.0,0
0,tcp,http,SF,239,2125,0,0,0,0,0,1,0,0,0,0,0,0,0,0,0,0,14,15,0.0,0.0,0.0,0.0,1.0,0.0,0.13,77,255,1.0,0.0,0.01,0.02,0.0,0.0,0.0,0.0,0
0,tcp,http,SF,200,9622,0,0,0,0,0,1,0,0,0,0,0,0,0,0,0,0,12,12,0.0,0.0,0.0,0.0,1.0,0.0,0.0,12,255,1.0,0.0,0.08,0.05,0.0,0.0,0.0,0.0,0
0,tcp,http,SF,241,668,0,0,0,0,0,1,0,0,0,0,0,0,0,0,0,0,54,54,0.0,0.0,0.0,0.0,1.0,0.0,0.0,255,255,1.0,0.0,0.0,0.0,0.0,0.0,0.0,0.0,0
0,tcp,ftp_data,SF,884,0,0,0,0,0,0,1,0,0,0,0,0,0,0,0,0,0,2,2,0.0,0.0,0.0,0.0,1.0,0.0,0.0,128,44,0.16,0.1,0.23,0.05,0.01,0.02,0.02,0.0,0
0,tcp,http,SF,232,2280,0,0,0,0,0,1,0,0,0,0,0,0,0,0,0,0,24,24,0.0,0.0,0.0,0.0,1.0,0.0,0.0,95,255,1.0,0.0,0.01,0.04,0.0,0.0,0.0,0.0,0
0,tcp,ftp_data,SF,501760,0,0,0,0,0,0,1,0,0,0,0,0,0,0,0,0,0,1,1,0.0,0.0,0.0,0.0,1.0,0.0,0.0,32,11,0.34,0.06,0.34,0.0,0.0,0.0,0.0,0.0,0
0,udp,domain_u,SF,45,128,0,0,0,0,0,0,0,0,0,0,0,0,0,0,0,0,206,206,0.0,0.0,0.0,0.0,1.0,0.0,0.0,255,251,0.98,0.01,0.0,0.0,0.0,0.0,0.0,0.0,0
0,tcp,http,SF,309,2698,0,0,0,0,0,1,0,0,0,0,0,0,1,0,0,0,1,1,0.0,0.0,0.0,0.0,1.0,0.0,0.0,255,239,0.94,0.02,0.0,0.0,0.0,0.0,0.0,0.0,0
0,tcp,http,SF,330,373,0,0,0,0,0,1,0,0,0,0,0,0,0,0,0,0,20,20,0.0,0.0,0.0,0.0,1.0,0.0,0.0,255,255,1.0,0.0,0.0,0.0,0.0,0.0,0.0,0.0,0
0,icmp,eco_i,SF,30,0,0,0,0,0,0,0,0,0,0,0,0,0,0,0,0,0,5,1,0.0,0.0,0.0,0.0,0.2,0.6,0.0,127,32,0.02,0.02,0.06,0.97,0.0,0.0,0.0,0.0,0
0,udp,domain_u,SF,46,77,0,0,0,0,0,0,0,0,0,0,0,0,0,0,0,0,65,65,0.0,0.0,0.0,0.0,1.0,0.0,0.0,255,254,1.0,0.01,0.0,0.0,0.0,0.0,0.0,0.0,0
0,tcp,http,SF,336,278,0,0,0,0,0,1,0,0,0,0,0,0,0,0,0,0,5,5,0.0,0.0,0.0,0.0,1.0,0.0,0.0,255,250,0.98,0.01,0.0,0.0,0.0,0.0,0.0,0.0,0
0,tcp,ftp_data,SF,1556,0,0,0,0,0,0,1,0,0,0,0,0,0,0,0,0,0,5,5,0.0,0.0,0.0,0.0,1.0,0.0,0.0,126,42,0.2,0.03,0.2,0.07,0.0,0.0,0.0,0.0,0
0,tcp,ftp_data,SF,26,0,0,0,0,0,0,1,0,0,0,0,0,0,0,0,0,0,1,1,0.0,0.0,0.0,0.0,1.0,0.0,0.0,255,5,0.02,0.02,0.02,0.0,0.0,0.0,0.0,0.0,0
0,tcp,http,REJ,0,0,0,0,0,0,0,0,0,0,0,0,0,0,0,0,0,0,1,1,0.0,0.0,1.0,1.0,1.0,0.0,0.0,39,90,1.0,0.0,0.03,0.02,0.0,0.0,1.0,1.0,0
0,tcp,http,SF,309,731,0,0,0,0,0,1,0,0,0,0,0,0,0,0,0,0,20,42,0.0,0.0,0.0,0.0,1.0,0.0,0.07,40,255,1.0,0.0,0.03,0.03,0.0,0.0,0.0,0.0,0
2,tcp,smtp,SF,1637,327,0,0,0,0,0,1,0,0,0,0,0,0,0,0,0,0,1,2,0.0,0.0,0.0,0.0,1.0,0.0,1.0,5,5,1.0,0.0,0.2,0.0,0.0,0.0,0.0,0.0,0
1,tcp,smtp,SF,673,331,0,0,0,0,0,1,0,0,0,0,0,0,0,0,0,0,1,3,0.0,0.0,0.0,0.0,1.0,0.0,1.0,77,120,0.64,0.06,0.01,0.03,0.0,0.0,0.0,0.0,0
0,tcp,finger,SF,7,147,0,0,0,0,0,0,0,0,0,0,0,0,0,0,0,0,1,1,0.0,0.0,0.0,0.0,1.0,0.0,0.0,255,1,0.0,0.07,0.0,0.0,0.87,0.0,0.01,0.0,0
31,tcp,telnet,SF,142,1278,0,0,0,0,0,1,0,0,0,0,1,0,0,0,0,0,1,1,0.0,0.0,0.0,0.0,1.0,0.0,0.0,5,3,0.6,0.6,0.2,0.0,0.0,0.0,0.0,0.0,1
0,tcp,http,SF,341,279,0,0,0,1,0,1,0,0,0,0,0,0,0,0,0,0,3,9,0.0,0.0,0.0,0.0,1.0,0.0,0.22,232,226,0.97,0.01,0.0,0.0,0.0,0.0,0.0,0.0,0
0,tcp,http,SF,312,3368,0,0,0,0,0,1,0,0,0,0,0,0,0,0,0,0,17,17,0.0,0.0,0.0,0.0,1.0,0.0,0.0,255,255,1.0,0.0,0.0,0.0,0.0,0.0,0.0,0.0,0
0,tcp,http,SF,304,3222,0,0,0,0,0,1,0,0,0,0,0,0,0,0,0,0,2,17,0.0,0.0,0.0,0.0,1.0,0.0,0.24,255,255,1.0,0.0,0.0,0.0,0.0,0.0,0.0,0.0,0
0,tcp,http,SF,332,1025,0,0,0,0,0,1,0,0,0,0,0,0,0,0,0,0,12,22,0.0,0.0,0.0,0.0,1.0,0.0,0.09,255,255,1.0,0.0,0.0,0.0,0.0,0.0,0.0,0.0,0
0,udp,domain_u,SF,42,42,0,0,0,0,0,0,0,0,0,0,0,0,0,0,0,0,10,15,0.0,0.0,0.0,0.0,1.0,0.0,0.13,255,244,0.96,0.01,0.0,0.0,0.0,0.0,0.0,0.0,0
0,tcp,http,SF,283,1787,0,0,0,0,0,1,0,0,0,0,0,0,0,0,0,0,19,19,0.0,0.0,0.0,0.0,1.0,0.0,0.0,148,255,1.0,0.0,0.01,0.02,0.0,0.0,0.0,0.0,0
0,tcp,http,SF,218,1691,0,0,0,0,0,1,0,0,0,0,0,0,0,0,0,0,10,10,0.0,0.0,0.0,0.0,1.0,0.0,0.0,255,255,1.0,0.0,0.0,0.0,0.0,0.0,0.0,0.0,0
9,tcp,telnet,SF,106,1423,0,0,0,0,0,1,0,0,0,0,0,0,0,0,0,0,1,1,0.0,0.0,0.0,0.0,1.0,0.0,0.0,137,3,0.01,0.04,0.01,0.67,0.0,0.0,0.0,0.0,0
0,tcp,other,SF,10272,0,0,0,0,0,0,0,0,0,0,0,0,0,0,0,0,0,9,1,0.11,0.0,0.0,0.0,0.11,0.78,0.0,185,1,0.01,0.07,0.35,0.0,0.01,0.0,0.0,0.0,0
0,tcp,ftp_data,SF,12,0,0,0,0,0,0,1,0,0,0,0,0,0,0,0,0,0,2,2,0.0,0.0,0.0,0.0,1.0,0.0,0.0,168,54,0.19,0.02,0.19,0.04,0.0,0.0,0.0,0.0,0
0,tcp,http,SF,222,3721,0,0,0,0,0,1,0,0,0,0,0,0,0,0,0,0,1,1,0.0,0.0,0.0,0.0,1.0,0.0,0.0,58,255,1.0,0.0,0.02,0.05,0.0,0.0,0.0,0.0,0
1,tcp,time,SF,0,4,0,0,0,0,0,0,0,0,0,0,0,0,0,0,0,0,1,1,0.0,0.0,0.0,0.0,1.0,0.0,0.0,14,14,1.0,0.0,0.07,0.0,0.0,0.0,0.0,0.0,0
0,tcp,http,REJ,0,0,0,0,0,0,0,0,0,0,0,0,0,0,0,0,0,0,1,1,0.0,0.0,1.0,1.0,1.0,0.0,0.0,1,104,1.0,0.0,1.0,0.18,0.0,0.0,1.0,1.0,0
0,tcp,http,SF,270,6314,0,0,0,0,0,1,0,0,0,0,0,0,0,0,0,0,1,1,0.0,0.0,0.0,0.0,1.0,0.0,0.0,1,255,1.0,0.0,1.0,0.07,0.0,0.0,0.0,0.0,0
0,udp,domain_u,SF,45,73,0,0,0,0,0,0,0,0,0,0,0,0,0,0,0,0,199,199,0.0,0.0,0.0,0.0,1.0,0.0,0.0,255,236,0.93,0.01,0.0,0.0,0.0,0.0,0.0,0.0,0
0,tcp,http,SF,204,3006,0,0,0,0,0,1,0,0,0,0,0,0,0,0,0,0,8,9,0.0,0.0,0.0,0.0,1.0,0.0,0.22,166,255,1.0,0.0,0.01,0.01,0.0,0.0,0.0,0.0,0
0,tcp,http,SF,357,2333,0,0,0,0,0,1,0,0,0,0,0,0,0,0,0,0,21,25,0.0,0.0,0.0,0.0,1.0,0.0,0.08,68,255,1.0,0.0,0.01,0.02,0.0,0.02,0.0,0.01,0
0,tcp,http,SF,230,26866,0,0,0,0,0,1,0,0,0,0,0,0,0,0,0,0,1,1,0.0,0.0,0.0,0.0,1.0,0.0,0.0,255,255,1.0,0.0,0.0,0.0,0.0,0.0,0.0,0.0,0
0,tcp,http,SF,237,8734,0,0,0,0,0,1,0,0,0,0,0,0,0,0,0,0,8,8,0.0,0.0,0.0,0.0,1.0,0.0,0.0,17,255,1.0,0.0,0.06,0.01,0.0,0.0,0.0,0.0,0
30,tcp,ftp,SF,1484,4152,0,0,0,30,0,1,0,0,0,0,0,0,0,0,0,1,1,1,0.0,0.0,0.0,0.0,1.0,0.0,0.0,162,37,0.23,0.02,0.01,0.0,0.0,0.0,0.0,0.0,0
0,udp,domain_u,SF,45,131,0,0,0,0,0,0,0,0,0,0,0,0,0,0,0,0,72,152,0.0,0.0,0.0,0.0,1.0,0.0,0.01,255,254,1.0,0.01,0.0,0.0,0.0,0.0,0.0,0.0,0
0,tcp,http,SF,212,1912,0,0,0,0,0,1,0,0,0,0,0,0,0,0,0,0,16,16,0.0,0.0,0.0,0.0,1.0,0.0,0.0,175,255,1.0,0.0,0.01,0.02,0.0,0.0,0.01,0.0,0
0,udp,domain_u,SF,45,74,0,0,0,0,0,0,0,0,0,0,0,0,0,0,0,0,197,197,0.0,0.0,0.0,0.0,1.0,0.0,0.0,255,254,1.0,0.01,0.0,0.0,0.0,0.0,0.0,0.0,0
5,tcp,smtp,SF,722,327,0,0,0,0,0,1,0,0,0,0,0,0,0,0,0,0,1,1,0.0,0.0,0.0,0.0,1.0,0.0,0.0,147,110,0.44,0.04,0.01,0.02,0.0,0.0,0.0,0.0,0
0,udp,private,SF,105,145,0,0,0,0,0,0,0,0,0,0,0,0,0,0,0,0,4,1,0.0,0.0,0.0,0.0,0.25,0.5,0.0,255,207,0.81,0.01,0.0,0.0,0.0,0.0,0.0,0.0,0
0,tcp,http,REJ,0,0,0,0,0,0,0,0,0,0,0,0,0,0,0,0,0,0,1,2,0.0,0.0,1.0,1.0,1.0,0.0,1.0,7,138,1.0,0.0,0.14,0.27,0.0,0.0,1.0,0.99,0
0,tcp,http,SF,245,1288,0,0,0,0,0,1,0,0,0,0,0,0,0,0,0,0,7,8,0.14,0.25,0.0,0.0,1.0,0.0,0.25,110,255,1.0,0.0,0.01,0.01,0.01,0.0,0.0,0.0,0
154,tcp,ftp,RSTO,900,2836,0,0,0,15,0,1,0,0,0,0,0,0,0,0,0,1,1,1,0.0,0.0,1.0,1.0,1.0,0.0,0.0,1,1,1.0,0.0,1.0,0.0,0.0,0.0,1.0,1.0,0
0,tcp,http,SF,239,6160,0,0,0,2,0,1,0,0,0,0,0,0,0,0,0,0,1,1,0.0,0.0,0.0,0.0,1.0,0.0,0.0,12,255,1.0,0.0,0.08,0.01,0.0,0.0,0.0,0.0,0
0,tcp,http,SF,325,4580,0,0,0,0,0,1,0,0,0,0,0,0,0,0,0,0,7,7,0.0,0.0,0.0,0.0,1.0,0.0,0.0,7,255,1.0,0.0,0.14,0.05,0.0,0.0,0.0,0.0,0
0,tcp,http,SF,253,10041,0,0,0,0,0,1,0,0,0,0,0,0,0,0,0,0,3,4,0.0,0.0,0.0,0.0,1.0,0.0,0.5,3,255,1.0,0.0,0.33,0.04,0.0,0.0,0.0,0.0,0
0,tcp,http,REJ,0,0,0,0,0,0,0,0,0,0,0,0,0,0,0,0,0,0,1,1,0.0,0.0,1.0,1.0,1.0,0.0,0.0,41,134,1.0,0.0,0.02,0.01,0.02,0.01,0.98,0.91,0
0,tcp,http,S0,0,0,0,0,0,0,0,0,0,0,0,0,0,0,0,0,0,0,2,5,0.5,0.2,0.0,0.2,1.0,0.0,0.4,255,255,1.0,0.0,0.01,0.0,0.0,0.0,0.0,0.0,0
0,tcp,http,SF,241,136339,0,0,0,0,0,1,0,0,0,0,0,0,0,0,0,0,13,13,0.0,0.0,0.0,0.0,1.0,0.0,0.0,255,255,1.0,0.0,0.0,0.0,0.0,0.0,0.0,0.0,0
1,tcp,smtp,SF,1022,333,0,0,0,0,0,1,0,0,0,0,0,0,0,0,0,0,1,2,0.0,0.0,0.0,0.0,1.0,0.0,1.0,255,178,0.7,0.03,0.0,0.0,0.0,0.0,0.0,0.0,0
3,tcp,finger,SF,8,139,0,0,0,0,0,0,0,0,0,0,0,0,0,0,0,0,1,1,0.0,0.0,0.0,0.0,1.0,0.0,0.0,169,5,0.03,0.04,0.01,0.0,0.01,0.0,0.0,0.0,0
0,tcp,http,SF,228,2363,0,0,0,0,0,1,0,0,0,0,0,0,0,0,0,0,5,5,0.0,0.0,0.0,0.0,1.0,0.0,0.0,154,255,1.0,0.0,0.01,0.01,0.0,0.0,0.0,0.0,0
0,tcp,http,SF,218,1084,0,0,0,0,0,1,0,0,0,0,0,0,0,0,0,0,1,12,0.0,0.0,0.0,0.0,1.0,0.0,0.25,58,255,1.0,0.0,0.02,0.03,0.0,0.0,0.0,0.0,0
0,tcp,smtp,SF,1509,329,0,0,0,0,0,1,0,0,0,0,0,0,0,0,0,0,1,3,0.0,0.0,0.0,0.0,1.0,0.0,1.0,102,122,0.33,0.04,0.01,0.02,0.0,0.02,0.0,0.0,0
4,tcp,smtp,SF,1018,335,0,0,0,0,0,1,0,0,0,0,0,0,0,0,0,0,1,3,0.0,0.0,0.0,0.0,1.0,0.0,1.0,106,181,0.74,0.04,0.01,0.01,0.0,0.0,0.0,0.0,0
0,udp,domain_u,SF,29,0,0,0,0,0,0,0,0,0,0,0,0,0,0,0,0,0,1,2,0.0,0.0,0.0,0.0,1.0,0.0,1.0,30,80,0.13,0.13,0.13,0.04,0.0,0.0,0.0,0.0,0
0,udp,domain_u,SF,42,42,0,0,0,0,0,0,0,0,0,0,0,0,0,0,0,0,7,12,0.0,0.0,0.0,0.0,1.0,0.0,0.25,255,233,0.91,0.01,0.0,0.0,0.0,0.0,0.0,0.0,0
0,tcp,http,SF,354,19140,0,0,0,0,0,1,0,0,0,0,0,0,0,0,0,0,7,15,0.0,0.0,0.0,0.0,1.0,0.0,0.13,108,255,1.0,0.0,0.01,0.02,0.0,0.0,0.0,0.0,0
0,tcp,http,SF,206,11974,0,0,0,0,0,1,0,0,0,0,0,0,0,0,0,0,9,9,0.0,0.0,0.0,0.0,1.0,0.0,0.0,42,255,1.0,0.0,0.02,0.02,0.0,0.0,0.0,0.0,0
0,tcp,smtp,SF,3391,337,0,0,0,0,0,1,0,0,0,0,0,0,0,0,0,0,1,1,0.0,0.0,0.0,0.0,1.0,0.0,0.0,147,135,0.67,0.05,0.01,0.01,0.01,0.01,0.01,0.0,0
0,tcp,http,SF,228,10121,0,0,0,0,0,1,0,0,0,0,0,0,0,0,0,0,1,5,0.0,0.0,0.0,0.0,1.0,0.0,0.4,238,255,1.0,0.0,0.0,0.01,0.0,0.0,0.0,0.0,0
0,tcp,ftp_data,SF,1339,0,0,0,0,0,0,1,0,0,0,0,0,0,0,0,0,0,2,2,0.0,0.0,0.0,0.0,1.0,0.0,0.0,75,35,0.4,0.04,0.4,0.06,0.0,0.0,0.0,0.0,0
0,tcp,http,SF,359,20214,0,0,0,0,0,1,0,0,0,0,0,0,0,0,0,0,12,12,0.0,0.0,0.0,0.0,1.0,0.0,0.0,41,255,1.0,0.0,0.02,0.06,0.0,0.0,0.0,0.0,0
0,udp,private,SF,105,147,0,0,0,0,0,0,0,0,0,0,0,0,0,0,0,0,8,1,0.0,0.0,0.0,0.0,0.12,0.25,0.0,255,205,0.8,0.01,0.0,0.0,0.0,0.0,0.0,0.0,0
0,tcp,smtp,SF,853,280,0,0,0,0,0,1,0,0,0,0,0,0,0,0,0,0,1,1,0.0,0.0,0.0,0.0,1.0,0.0,0.0,120,118,0.45,0.23,0.01,0.03,0.0,0.0,0.0,0.0,0
0,tcp,http,SF,287,264,0,0,0,0,0,1,0,0,0,0,0,0,0,0,0,0,16,52,0.0,0.0,0.0,0.0,1.0,0.0,0.08,70,255,1.0,0.0,0.01,0.01,0.0,0.0,0.0,0.0,0
0,tcp,http,SF,201,4324,0,0,0,0,0,1,0,0,0,0,0,0,0,0,0,0,8,10,0.0,0.0,0.0,0.0,1.0,0.0,0.2,124,255,1.0,0.0,0.01,0.02,0.0,0.0,0.0,0.0,0
0,udp,domain_u,SF,82,42,0,0,0,0,0,0,0,0,0,0,0,0,0,0,0,0,102,102,0.0,0.0,0.0,0.0,1.0,0.0,0.0,255,166,0.65,0.01,0.15,0.0,0.0,0.0,0.0,0.0,0
0,udp,domain_u,SF,44,44,0,0,0,0,0,0,0,0,0,0,0,0,0,0,0,0,184,183,0.0,0.0,0.0,0.0,0.99,0.01,0.0,255,254,1.0,0.01,0.0,0.0,0.0,0.0,0.0,0.0,0
0,tcp,smtp,SF,598,333,0,0,0,0,0,1,0,0,0,0,0,0,0,0,0,0,1,1,0.0,0.0,0.0,0.0,1.0,0.0,0.0,67,148,0.49,0.04,0.01,0.01,0.0,0.0,0.0,0.0,0
0,tcp,http,SF,292,269,0,0,0,0,0,1,0,0,0,0,0,0,0,0,0,0,14,34,0.0,0.0,0.0,0.0,1.0,0.0,0.15,255,255,1.0,0.0,0.0,0.0,0.0,0.0,0.0,0.0,0
49,tcp,telnet,SF,2402,3939,0,0,0,4,0,1,2,1,0,0,0,0,0,0,0,0,1,1,0.0,0.0,0.0,0.0,1.0,0.0,0.0,1,2,1.0,0.0,1.0,1.0,0.0,0.0,0.0,0.0,1
0,udp,domain_u,SF,45,83,0,0,0,0,0,0,0,0,0,0,0,0,0,0,0,0,189,189,0.0,0.0,0.0,0.0,1.0,0.0,0.0,255,255,1.0,0.0,0.01,0.0,0.0,0.0,0.0,0.0,0
0,tcp,http,SF,191,491,0,0,0,0,0,1,0,0,0,0,0,0,0,0,0,0,2,2,0.0,0.0,0.0,0.0,1.0,0.0,0.0,4,255,1.0,0.0,0.25,0.03,0.0,0.0,0.0,0.0,0
0,tcp,http,SF,287,1456,0,0,0,0,0,1,0,0,0,0,0,0,0,0,0,0,17,17,0.0,0.0,0.0,0.0,1.0,0.0,0.0,255,255,1.0,0.0,0.0,0.0,0.0,0.0,0.0,0.0,0
0,tcp,http,SF,224,1540,0,0,0,0,0,1,0,0,0,0,0,0,0,0,0,0,18,19,0.0,0.0,0.0,0.0,1.0,0.0,0.11,255,255,1.0,0.0,0.0,0.0,0.0,0.0,0.0,0.0,0
0,tcp,http,SF,210,1760,0,0,0,0,0,1,0,0,0,0,0,0,0,0,0,0,5,5,0.0,0.0,0.0,0.0,1.0,0.0,0.0,255,255,1.0,0.0,0.0,0.0,0.0,0.0,0.0,0.0,0
0,tcp,ftp_data,SF,9198,0,0,0,0,0,0,1,0,0,0,0,0,0,0,0,0,0,8,8,0.0,0.0,0.0,0.0,1.0,0.0,0.0,230,95,0.4,0.03,0.4,0.02,0.01,0.01,0.0,0.0,0
0,udp,domain_u,SF,146,46,0,0,0,0,0,0,0,0,0,0,0,0,0,0,0,0,245,244,0.0,0.0,0.0,0.0,1.0,0.01,0.0,134,101,0.75,0.01,0.2,0.0,0.0,0.0,0.0,0.0,0
0,tcp,http,SF,327,638,0,0,0,0,0,1,0,0,0,0,0,0,0,0,0,0,6,6,0.0,0.0,0.0,0.0,1.0,0.0,0.0,134,255,1.0,0.0,0.01,0.01,0.0,0.01,0.0,0.0,0
0,tcp,http,SF,463,296,0,0,0,0,0,1,0,0,0,0,0,0,0,0,0,0,9,9,0.0,0.0,0.0,0.0,1.0,0.0,0.0,255,255,1.0,0.0,0.0,0.0,0.0,0.0,0.0,0.0,0
0,tcp,http,REJ,0,0,0,0,0,0,0,0,0,0,0,0,0,0,0,0,0,0,1,1,0.0,0.0,1.0,1.0,1.0,0.0,0.0,37,250,1.0,0.0,0.03,0.01,0.0,0.0,1.0,0.15,0
0,tcp,smtp,SF,1452,329,0,0,0,0,0,1,0,0,0,0,0,0,0,0,0,0,1,2,0.0,0.0,0.0,0.0,1.0,0.0,1.0,141,168,0.66,0.03,0.01,0.01,0.01,0.01,0.0,0.0,0
0,tcp,http,SF,332,2753,0,0,0,0,0,1,0,0,0,0,0,0,0,0,0,0,4,4,0.0,0.0,0.0,0.0,1.0,0.0,0.0,255,255,1.0,0.0,0.0,0.0,0.0,0.0,0.0,0.0,0
0,tcp,http,SF,162,2572,0,0,0,0,0,1,0,0,0,0,0,0,0,0,0,0,3,4,0.0,0.0,0.0,0.0,1.0,0.0,0.5,23,255,1.0,0.0,0.04,0.06,0.0,0.0,0.0,0.0,0
0,icmp,tim_i,SF,91,0,0,0,0,0,0,0,0,0,0,0,0,0,0,0,0,0,10,1,0.0,0.0,0.0,0.0,0.1,0.2,0.0,135,1,0.01,0.03,0.07,0.0,0.0,0.0,0.1,0.0,0
0,tcp,http,SF,372,531,0,0,0,0,0,1,0,0,0,0,0,0,0,0,0,0,5,5,0.0,0.0,0.0,0.0,1.0,0.0,0.0,68,231,1.0,0.0,0.01,0.2,0.0,0.0,0.09,0.73,0
0,tcp,ftp_data,SF,884,0,0,0,0,0,0,1,0,0,0,0,0,0,0,0,0,0,2,2,0.0,0.0,0.0,0.0,1.0,0.0,0.0,6,54,1.0,0.0,1.0,0.04,0.0,0.0,0.0,0.0,0
0,tcp,http,SF,307,2698,0,0,0,0,0,1,0,0,0,0,0,0,1,0,0,0,2,2,0.0,0.0,0.0,0.0,1.0,0.0,0.0,2,2,1.0,0.0,0.5,0.0,0.0,0.0,0.0,0.0,0
0,tcp,http,SF,361,15546,0,0,0,0,0,1,0,0,0,0,0,0,0,0,0,0,1,1,0.0,0.0,0.0,0.0,1.0,0.0,0.0,3,255,1.0,0.0,0.33,0.01,0.0,0.0,0.0,0.0,0
0,tcp,http,SF,200,8633,0,0,0,0,0,1,0,0,0,0,0,0,0,0,0,0,7,7,0.0,0.0,0.0,0.0,1.0,0.0,0.0,31,255,1.0,0.0,0.03,0.04,0.0,0.0,0.0,0.0,0
0,udp,domain_u,SF,44,137,0,0,0,0,0,0,0,0,0,0,0,0,0,0,0,0,183,182,0.0,0.0,0.0,0.0,0.99,0.01,0.0,214,181,0.85,0.01,0.0,0.0,0.0,0.0,0.0,0.0,0
0,tcp,http,SF,268,656,0,0,0,0,0,1,0,0,0,0,0,0,0,0,0,0,1,26,0.0,0.0,0.0,0.0,1.0,0.0,0.08,1,255,1.0,0.0,1.0,0.08,0.0,0.0,0.0,0.0,0
5042,tcp,ftp_data,SF,0,5129964,0,0,0,0,0,0,0,0,0,0,0,0,0,0,0,0,1,1,0.0,0.0,0.0,0.0,1.0,0.0,0.0,255,64,0.25,0.02,0.0,0.0,0.72,0.83,0.0,0.0,0
3,tcp,smtp,SF,929,331,0,0,0,0,0,1,0,0,0,0,0,0,0,0,0,0,1,1,0.0,0.0,0.0,0.0,1.0,0.0,0.0,76,197,0.61,0.05,0.01,0.01,0.0,0.0,0.0,0.0,0
0,tcp,ftp_data,SF,1214,0,0,0,0,0,0,0,0,0,0,0,0,0,0,0,0,0,14,14,0.0,0.0,0.0,0.0,1.0,0.0,0.0,174,90,0.46,0.02,0.46,0.02,0.0,0.0,0.0,0.0,0
0,udp,domain_u,SF,31,0,0,0,0,0,0,0,0,0,0,0,0,0,0,0,0,0,1,4,0.0,0.0,0.0,0.0,1.0,0.0,0.75,108,45,0.11,0.04,0.11,0.04,0.0,0.0,0.0,0.0,0
0,tcp,http,SF,232,3118,0,0,0,0,0,1,0,0,0,0,0,0,0,0,0,0,2,17,0.0,0.0,0.0,0.0,1.0,0.0,0.24,255,255,1.0,0.0,0.0,0.0,0.0,0.0,0.05,0.05,0
0,tcp,http,SF,292,1402,0,0,0,0,0,1,0,0,0,0,0,0,0,0,0,0,2,13,0.0,0.0,0.0,0.0,1.0,0.0,0.15,255,255,1.0,0.0,0.0,0.0,0.0,0.0,0.0,0.0,0
0,tcp,http,SF,223,2043,0,0,0,0,0,1,0,0,0,0,0,0,0,0,0,0,2,2,0.0,0.0,0.0,0.0,1.0,0.0,0.0,8,255,1.0,0.0,0.12,0.04,0.0,0.0,0.0,0.0,0
0,tcp,http,SF,320,3746,0,0,0,0,0,1,0,0,0,0,0,0,0,0,0,0,6,6,0.0,0.0,0.0,0.0,1.0,0.0,0.0,6,255,1.0,0.0,0.17,0.04,0.0,0.01,0.0,0.0,0
4748,udp,other,SF,147,105,0,0,0,0,0,0,0,0,0,0,0,0,0,0,0,0,1,1,0.0,0.0,0.0,0.0,1.0,0.0,0.0,255,1,0.0,0.53,0.92,0.0,0.0,0.0,0.0,0.0,0
0,tcp,ftp_data,SF,190,0,0,0,0,0,0,1,0,0,0,1,0,0,0,0,0,0,2,2,0.0,0.0,0.0,0.0,1.0,0.0,0.0,199,49,0.13,0.02,0.13,0.04,0.0,0.0,0.0,0.0,0
0,tcp,http,SF,234,415,0,0,0,0,0,1,0,0,0,0,0,0,0,0,0,0,1,1,0.0,0.0,0.0,0.0,1.0,0.0,0.0,1,255,1.0,0.0,1.0,0.04,0.0,0.0,0.0,0.0,0
0,udp,domain_u,SF,45,73,0,0,0,0,0,0,0,0,0,0,0,0,0,0,0,0,142,147,0.0,0.0,0.0,0.0,1.0,0.0,0.01,255,254,1.0,0.01,0.0,0.0,0.0,0.0,0.0,0.0,0
0,tcp,http,SF,255,7782,0,0,0,0,0,1,0,0,0,0,0,0,0,0,0,0,8,8,0.0,0.0,0.0,0.0,1.0,0.0,0.0,213,255,1.0,0.0,0.0,0.01,0.0,0.0,0.0,0.0,0
0,tcp,http,SF,184,1310,0,0,0,0,0,1,0,0,0,0,0,0,0,0,0,0,4,71,0.0,0.0,0.0,0.0,1.0,0.0,0.06,4,254,1.0,0.0,0.25,0.03,0.0,0.0,0.0,0.0,0
0,tcp,http,SF,290,10550,0,0,0,0,0,1,0,0,0,0,0,0,0,0,0,0,1,5,0.0,0.0,0.0,0.0,1.0,0.0,0.4,1,255,1.0,0.0,1.0,0.06,0.0,0.0,0.0,0.0,0
0,tcp,http,SF,311,6304,0,0,0,0,0,1,0,0,0,0,0,0,0,0,0,0,9,9,0.0,0.0,0.0,0.0,1.0,0.0,0.0,18,255,1.0,0.0,0.06,0.01,0.0,0.0,0.0,0.0,0
280,tcp,telnet,SF,215,6265,0,0,0,0,0,1,2,0,0,0,0,0,0,0,0,0,1,1,0.0,0.0,0.0,0.0,1.0,0.0,0.0,221,107,0.48,0.01,0.0,0.0,0.9,0.93,0.0,0.0,0
6,tcp,smtp,SF,1458,330,0,0,0,0,0,1,0,0,0,0,0,0,0,0,0,0,1,1,0.0,0.0,0.0,0.0,1.0,0.0,0.0,121,88,0.73,0.02,0.01,0.0,0.0,0.0,0.0,0.0,0
0,tcp,http,SF,297,2107,0,0,0,0,0,1,0,0,0,0,0,0,0,0,0,0,5,7,0.0,0.0,0.0,0.0,1.0,0.0,0.29,226,255,1.0,0.0,0.0,0.01,0.0,0.0,0.0,0.0,0
179,tcp,telnet,SF,1559,2855,0,0,0,3,0,1,4,1,0,0,1,0,0,0,0,0,1,1,0.0,0.0,0.0,0.0,1.0,0.0,0.0,2,2,1.0,0.0,0.5,0.0,0.0,0.0,0.0,0.0,1
0,tcp,http,SF,333,9021,0,0,0,0,0,1,0,0,0,0,0,0,0,0,0,0,1,1,0.0,0.0,0.0,0.0,1.0,0.0,0.0,5,255,1.0,0.0,0.2,0.03,0.0,0.0,0.0,0.0,0
0,tcp,http,SF,245,30881,0,0,0,1,0,1,1,0,0,0,0,0,0,0,0,0,12,12,0.0,0.0,0.0,0.0,1.0,0.0,0.0,255,255,1.0,0.0,0.0,0.0,0.0,0.0,0.0,0.0,0
21,tcp,ftp,SF,89,345,0,0,0,1,0,1,0,0,0,0,1,0,0,0,0,0,1,1,0.0,0.0,0.0,0.0,1.0,0.0,0.0,255,1,0.0,0.02,0.0,0.0,0.0,0.0,0.0,0.0,1
0,tcp,http,SF,278,7285,0,0,0,0,0,1,0,0,0,0,0,0,0,0,0,0,12,12,0.0,0.0,0.0,0.0,1.0,0.0,0.0,34,255,1.0,0.0,0.03,0.03,0.0,0.0,0.0,0.0,0
0,udp,private,SF,105,105,0,0,0,0,0,0,0,0,0,0,0,0,0,0,0,0,7,1,0.0,0.0,0.0,0.0,0.14,0.29,0.0,255,238,0.93,0.01,0.0,0.0,0.0,0.0,0.0,0.0,0
0,udp,other,SF,147,0,0,0,0,0,0,0,0,0,0,0,0,0,0,0,0,0,5,1,0.0,0.0,0.0,0.0,0.2,0.6,0.0,255,1,0.0,0.47,0.86,0.0,0.0,0.0,0.0,0.0,0
0,tcp,http,SF,267,1471,0,0,0,0,0,1,0,0,0,0,0,0,0,0,0,0,1,1,0.0,0.0,0.0,0.0,1.0,0.0,0.0,15,255,1.0,0.0,0.07,0.07,0.0,0.0,0.0,0.0,0
0,icmp,urp_i,SF,78,0,0,0,0,0,0,0,0,0,0,0,0,0,0,0,0,0,23,1,0.0,0.0,0.0,0.0,0.04,0.09,0.0,255,11,0.04,0.01,0.04,0.0,0.0,0.0,0.0,0.0,0
0,tcp,smtp,SF,834,324,0,0,0,0,0,1,0,0,0,0,0,0,0,0,0,0,1,2,0.0,0.0,0.0,0.0,1.0,0.0,1.0,255,114,0.45,0.02,0.0,0.0,0.0,0.0,0.0,0.0,0
2,tcp,ftp_data,SF,2194619,0,0,0,0,0,0,1,0,0,0,0,0,0,0,0,0,0,2,2,0.0,0.0,0.0,0.0,1.0,0.0,0.0,10,61,0.6,0.4,0.6,0.05,0.0,0.0,0.0,0.0,0
0,tcp,http,SF,266,261,0,0,0,0,0,1,0,0,0,0,0,0,0,0,0,0,11,11,0.0,0.0,0.0,0.0,1.0,0.0,0.0,255,255,1.0,0.0,0.0,0.0,0.0,0.0,0.0,0.0,0
0,udp,domain_u,SF,42,129,0,0,0,0,0,0,0,0,0,0,0,0,0,0,0,0,80,160,0.0,0.0,0.0,0.0,1.0,0.0,0.01,255,254,1.0,0.01,0.0,0.0,0.0,0.0,0.0,0.0,0
0,udp,domain_u,SF,44,132,0,0,0,0,0,0,0,0,0,0,0,0,0,0,0,0,76,156,0.0,0.0,0.0,0.0,1.0,0.0,0.01,255,254,1.0,0.01,0.0,0.0,0.0,0.0,0.0,0.0,0
0,tcp,finger,SF,10,223,0,0,0,0,0,0,0,0,0,0,0,0,0,0,0,0,1,1,0.0,0.0,0.0,0.0,1.0,0.0,0.0,12,11,0.08,0.17,0.08,0.27,0.0,0.0,0.0,0.0,0
0,udp,domain_u,SF,42,42,0,0,0,0,0,0,0,0,0,0,0,0,0,0,0,0,3,6,0.0,0.0,0.0,0.0,1.0,0.0,0.5,255,241,0.95,0.01,0.01,0.0,0.0,0.0,0.0,0.0,0
0,udp,domain_u,SF,42,42,0,0,0,0,0,0,0,0,0,0,0,0,0,0,0,0,2,3,0.0,0.0,0.0,0.0,1.0,0.0,0.67,41,38,0.93,0.07,0.02,0.0,0.0,0.0,0.0,0.0,0
0,tcp,http,SF,211,5348,0,0,0,0,0,1,0,0,0,0,0,0,0,0,0,0,6,9,0.0,0.0,0.0,0.0,1.0,0.0,0.22,49,255,1.0,0.0,0.02,0.01,0.0,0.0,0.0,0.0,0
0,tcp,http,REJ,0,0,0,0,0,0,0,0,0,0,0,0,0,0,0,0,0,0,1,1,0.0,0.0,1.0,1.0,1.0,0.0,0.0,19,255,1.0,0.0,0.05,0.19,0.0,0.0,1.0,0.99,0
0,icmp,eco_i,SF,30,0,0,0,0,0,0,0,0,0,0,0,0,0,0,0,0,0,8,1,0.0,0.0,0.0,0.0,0.12,0.38,0.0,255,4,0.02,0.01,0.12,0.0,0.0,0.0,0.0,0.0,0
0,tcp,http,SF,337,4874,0,0,0,0,0,1,0,0,0,0,0,0,0,0,0,0,12,12,0.0,0.0,0.0,0.0,1.0,0.0,0.0,45,255,1.0,0.0,0.02,0.05,0.0,0.0,0.0,0.0,0
0,tcp,ftp_data,SF,245,0,0,0,0,0,0,0,0,0,0,0,0,0,0,0,0,0,2,2,0.0,0.0,0.0,0.0,1.0,0.0,0.0,163,81,0.35,0.04,0.35,0.02,0.01,0.0,0.01,0.0,0
0,tcp,http,SF,226,1085,0,0,0,0,0,1,0,0,0,0,0,0,0,0,0,0,7,7,0.0,0.0,0.0,0.0,1.0,0.0,0.0,32,255,1.0,0.0,0.03,0.04,0.0,0.0,0.0,0.0,0
0,tcp,http,SF,165,2472,0,0,0,0,0,1,0,0,0,0,0,0,0,0,0,0,3,3,0.0,0.0,0.0,0.0,1.0,0.0,0.0,18,255,1.0,0.0,0.06,0.04,0.0,0.0,0.0,0.01,0
0,tcp,http,SF,237,1159,0,0,0,0,0,1,0,0,0,0,0,0,0,0,0,0,1,1,0.0,0.0,0.0,0.0,1.0,0.0,0.0,42,255,1.0,0.0,0.02,0.04,0.0,0.0,0.0,0.0,0
0,tcp,http,SF,196,172,0,0,0,0,0,1,0,0,0,0,0,0,0,0,0,0,4,4,0.0,0.0,0.0,0.0,1.0,0.0,0.0,210,213,1.0,0.0,0.0,0.01,0.0,0.0,0.0,0.0,0
0,tcp,http,SF,202,693,0,0,0,0,0,1,0,0,0,0,0,0,0,0,0,0,7,7,0.0,0.0,0.0,0.0,1.0,0.0,0.0,7,255,1.0,0.0,0.14,0.05,0.0,0.0,0.0,0.0,0
0,tcp,http,SF,225,2239,0,0,0,0,0,1,0,0,0,0,0,0,0,0,0,0,6,7,0.0,0.0,0.0,0.14,1.0,0.0,0.29,255,241,0.95,0.01,0.0,0.0,0.0,0.0,0.0,0.0,0
0,tcp,smtp,SF,48,284,0,0,0,0,0,1,1,0,0,0,0,0,0,0,0,0,1,1,0.0,0.0,0.0,0.0,1.0,0.0,0.0,164,138,0.67,0.04,0.01,0.01,0.0,0.0,0.0,0.0,0
0,tcp,http,SF,303,21479,0,0,0,0,0,1,0,0,0,0,0,0,0,0,0,0,9,9,0.0,0.0,0.0,0.0,1.0,0.0,0.0,255,255,1.0,0.0,0.0,0.0,0.0,0.0,0.0,0.0,0
0,tcp,http,SF,242,337,0,0,0,0,0,1,0,0,0,0,0,0,0,0,0,0,7,8,0.0,0.0,0.0,0.0,1.0,0.0,0.25,255,255,1.0,0.0,0.0,0.0,0.0,0.0,0.0,0.0,0
0,tcp,smtp,SF,7503,392,0,0,0,0,0,1,0,0,0,0,0,0,0,0,0,0,1,1,0.0,0.0,0.0,0.0,1.0,0.0,0.0,255,11,0.04,0.02,0.0,0.0,0.95,0.0,0.0,0.0,0
0,tcp,http,SF,296,2445,0,0,0,0,0,1,0,0,0,0,0,0,0,0,0,0,5,5,0.2,0.2,0.0,0.0,1.0,0.0,0.0,247,255,1.0,0.0,0.0,0.01,0.0,0.0,0.0,0.0,0
60,tcp,telnet,SF,2328,4551,0,0,0,3,0,1,1,1,0,0,0,0,0,0,0,0,1,1,0.0,0.0,0.0,0.0,1.0,0.0,0.0,1,1,1.0,0.0,1.0,0.0,0.0,0.0,0.0,0.0,1
0,tcp,http,SF,314,259,0,0,0,0,0,1,0,0,0,0,0,0,0,0,0,0,20,20,0.0,0.0,0.0,0.0,1.0,0.0,0.0,255,255,1.0,0.0,0.0,0.0,0.0,0.0,0.0,0.0,0
6,tcp,smtp,SF,1290,397,0,0,0,0,0,1,0,0,0,0,0,0,0,0,0,0,1,2,0.0,0.0,0.0,0.0,1.0,0.0,1.0,156,115,0.33,0.03,0.01,0.02,0.0,0.0,0.0,0.0,0
0,tcp,http,SF,321,10765,0,0,0,0,0,1,0,0,0,0,0,0,0,0,0,0,1,12,0.0,0.0,0.0,0.0,1.0,0.0,0.25,20,255,1.0,0.0,0.05,0.01,0.0,0.0,0.0,0.0,0
0,icmp,ecr_i,SF,30,0,0,0,0,0,0,0,0,0,0,0,0,0,0,0,0,0,2,2,0.0,0.0,0.0,0.0,1.0,0.0,0.0,190,190,1.0,0.0,1.0,0.0,0.0,0.0,0.0,0.0,0
0,tcp,ftp_data,S1,2131840,0,0,0,0,0,0,1,0,0,0,0,0,0,0,0,0,0,2,2,0.5,0.5,0.0,0.0,1.0,0.0,0.0,20,66,0.6,0.2,0.6,0.03,0.05,0.05,0.0,0.0,0
0,udp,domain_u,SF,44,129,0,0,0,0,0,0,0,0,0,0,0,0,0,0,0,0,79,157,0.0,0.0,0.0,0.0,1.0,0.0,0.01,255,176,0.69,0.02,0.01,0.0,0.0,0.0,0.0,0.0,0
0,tcp,ftp_data,SF,383,0,0,0,0,0,0,0,0,0,0,0,0,0,0,0,0,0,3,2,0.0,0.0,0.0,0.0,0.67,0.67,0.0,189,57,0.3,0.04,0.3,0.0,0.0,0.0,0.0,0.0,0
0,tcp,http,SF,357,767,0,0,0,0,0,1,0,0,0,0,0,0,0,0,0,0,11,11,0.0,0.0,0.0,0.0,1.0,0.0,0.0,31,255,1.0,0.0,0.03,0.02,0.0,0.0,0.0,0.0,0
0,tcp,http,SF,217,758,0,0,0,0,0,1,0,0,0,0,0,0,0,0,0,0,25,25,0.0,0.0,0.0,0.0,1.0,0.0,0.0,25,255,1.0,0.0,0.04,0.01,0.0,0.0,0.0,0.0,0
0,tcp,http,SF,262,872,0,0,0,0,0,1,0,0,0,0,0,0,0,0,0,0,9,9,0.0,0.0,0.0,0.0,1.0,0.0,0.0,139,255,1.0,0.0,0.01,0.04,0.0,0.0,0.01,0.01,0
0,tcp,http,SF,288,2055,0,0,0,0,0,1,0,0,0,0,0,0,0,0,0,0,3,3,0.0,0.0,0.0,0.0,1.0,0.0,0.0,255,255,1.0,0.0,0.0,0.0,0.0,0.0,0.0,0.0,0
0,tcp,ftp_data,SF,641,0,0,0,0,0,0,1,0,0,0,0,0,0,0,0,0,0,1,1,0.0,0.0,0.0,0.0,1.0,0.0,0.0,165,79,0.48,0.04,0.48,0.0,0.0,0.0,0.0,0.0,0
0,tcp,http,SF,169,5917,0,0,0,0,0,1,0,0,0,0,0,0,0,0,0,0,1,1,0.0,0.0,0.0,0.0,1.0,0.0,0.0,40,255,1.0,0.0,0.03,0.04,0.03,0.0,0.0,0.0,0
0,tcp,http,SF,219,382,0,0,0,0,0,1,0,0,0,0,0,0,0,0,0,0,14,17,0.0,0.0,0.0,0.0,1.0,0.0,0.12,165,255,1.0,0.0,0.01,0.03,0.0,0.0,0.0,0.0,0
0,tcp,http,SF,318,645,0,0,0,0,0,1,0,0,0,0,0,0,0,0,0,0,15,22,0.0,0.0,0.0,0.0,1.0,0.0,0.14,255,255,1.0,0.0,0.0,0.0,0.0,0.0,0.0,0.0,0
0,udp,domain_u,SF,46,80,0,0,0,0,0,0,0,0,0,0,0,0,0,0,0,0,112,113,0.0,0.0,0.0,0.0,0.99,0.02,0.03,255,241,0.95,0.01,0.0,0.0,0.0,0.0,0.0,0.0,0
0,tcp,http,SF,286,5989,0,0,0,0,0,1,0,0,0,0,0,0,0,0,0,0,2,2,0.0,0.0,0.0,0.0,1.0,0.0,0.0,1,255,1.0,0.0,1.0,0.07,0.0,0.0,0.0,0.03,0
1,tcp,smtp,SF,867,326,0,0,0,0,0,1,0,0,0,0,0,0,0,0,0,0,1,4,0.0,0.0,0.0,0.0,1.0,0.0,1.0,88,185,0.75,0.06,0.01,0.01,0.0,0.0,0.0,0.0,0
0,tcp,smtp,SF,1424,329,0,0,0,0,0,1,0,0,0,0,0,0,0,0,0,0,1,1,0.0,0.0,0.0,0.0,1.0,0.0,0.0,102,136,0.45,0.04,0.01,0.01,0.0,0.0,0.0,0.01,0
0,tcp,http,SF,218,617,0,0,0,0,0,1,0,0,0,0,0,0,0,0,0,0,20,20,0.0,0.0,0.0,0.0,1.0,0.0,0.0,20,255,1.0,0.0,0.05,0.01,0.0,0.0,0.0,0.0,0
0,tcp,http,SF,178,2742,0,0,0,0,0,1,0,0,0,0,0,0,0,0,0,0,3,3,0.0,0.0,0.0,0.0,1.0,0.0,0.0,255,244,0.96,0.02,0.0,0.0,0.0,0.0,0.0,0.0,0
0,tcp,http,SF,297,10862,0,0,0,0,0,1,0,0,0,0,0,0,0,0,0,0,12,12,0.0,0.0,0.0,0.0,1.0,0.0,0.0,92,255,1.0,0.0,0.01,0.02,0.0,0.0,0.01,0.0,0
0,tcp,http,SF,312,1032,0,0,0,0,0,1,0,0,0,0,0,0,0,0,0,0,35,35,0.0,0.0,0.0,0.0,1.0,0.0,0.0,116,255,1.0,0.0,0.02,0.01,0.0,0.0,0.12,0.06,0
60,tcp,telnet,SF,86,183,0,0,0,0,1,0,0,0,0,0,0,0,0,0,0,0,1,1,0.0,0.0,0.0,0.0,1.0,0.0,0.0,255,1,0.0,0.02,0.0,0.0,0.0,0.0,0.0,0.0,1
0,tcp,ftp_data,SF,7321,0,0,0,0,0,0,1,0,0,0,0,0,0,0,0,0,0,1,1,0.0,0.0,0.0,0.0,1.0,0.0,0.0,146,55,0.38,0.03,0.38,0.0,0.0,0.0,0.0,0.0,0
0,tcp,http,SF,319,1638,0,0,0,0,0,1,0,0,0,0,0,0,0,0,0,0,26,27,0.0,0.0,0.0,0.0,1.0,0.0,0.07,255,255,1.0,0.0,0.0,0.0,0.0,0.0,0.0,0.0,0
0,tcp,ftp_data,SF,5891,0,0,0,0,0,0,0,0,0,0,0,0,0,0,0,0,0,7,7,0.0,0.0,0.0,0.0,1.0,0.0,0.0,1,53,1.0,0.0,1.0,0.04,0.0,0.0,0.0,0.0,0
835,udp,other,SF,147,105,0,0,0,0,0,0,0,0,0,0,0,0,0,0,0,0,1,1,0.0,0.0,0.0,0.0,1.0,0.0,0.0,255,1,0.0,0.63,0.86,0.0,0.0,0.0,0.0,0.0,0
0,tcp,http,SF,271,2422,0,0,0,0,0,1,0,0,0,0,0,0,0,0,0,0,11,11,0.0,0.0,0.0,0.0,1.0,0.0,0.0,11,255,1.0,0.0,0.09,0.06,0.0,0.0,0.0,0.0,0
0,tcp,http,SF,331,350,0,0,0,0,0,1,0,0,0,0,0,0,0,0,0,0,9,9,0.0,0.0,0.0,0.0,1.0,0.0,0.0,205,255,1.0,0.0,0.0,0.01,0.0,0.0,0.0,0.0,0
0,tcp,http,SF,242,569,0,0,0,0,0,1,0,0,0,0,0,0,0,0,0,0,1,8,0.0,0.0,0.0,0.0,1.0,0.0,0.38,1,255,1.0,0.0,1.0,0.02,0.0,0.0,0.0,0.0,0
0,tcp,auth,SF,14,41,0,0,0,0,0,0,0,0,0,0,0,0,0,0,0,0,2,2,0.0,0.0,0.0,0.0,1.0,0.0,0.0,177,14,0.07,0.03,0.01,0.14,0.01,0.0,0.0,0.0,0
169,tcp,telnet,SF,1567,2857,0,0,0,3,0,1,4,1,0,0,1,0,0,0,0,0,1,1,0.0,0.0,0.0,0.0,1.0,0.0,0.0,1,1,1.0,0.0,1.0,0.0,0.0,0.0,0.0,0.0,1
0,udp,domain_u,SF,44,130,0,0,0,0,0,0,0,0,0,0,0,0,0,0,0,0,75,155,0.0,0.0,0.0,0.0,1.0,0.0,0.01,255,239,0.94,0.01,0.0,0.0,0.0,0.0,0.0,0.0,0
0,udp,domain_u,SF,43,81,0,0,0,0,0,0,0,0,0,0,0,0,0,0,0,0,142,142,0.0,0.0,0.0,0.0,1.0,0.0,0.0,255,166,0.65,0.01,0.0,0.0,0.0,0.0,0.0,0.0,0
0,tcp,http,SF,344,1180,0,0,0,0,0,1,0,0,0,0,0,0,0,0,0,0,15,25,0.0,0.0,0.0,0.0,1.0,0.0,0.08,38,255,1.0,0.0,0.03,0.04,0.03,0.01,0.0,0.0,0
0,tcp,ftp_data,SF,0,5921,0,0,0,0,0,1,0,0,0,0,0,0,0,0,0,0,2,1,0.0,0.0,0.0,0.0,0.5,1.0,0.0,1,3,1.0,0.0,1.0,0.67,0.0,0.0,0.0,0.0,1
0,tcp,http,SF,326,271,0,0,0,0,0,1,0,0,0,0,0,0,0,0,0,0,10,10,0.0,0.0,0.0,0.0,1.0,0.0,0.0,255,222,0.87,0.02,0.0,0.0,0.0,0.0,0.0,0.0,0
0,tcp,http,SF,254,9066,0,0,0,0,0,1,0,0,0,0,0,0,0,0,0,0,1,1,0.0,0.0,0.0,0.0,1.0,0.0,0.0,255,223,0.87,0.02,0.0,0.0,0.0,0.0,0.0,0.0,0
0,tcp,http,SF,231,403,0,0,0,0,0,1,0,0,0,0,0,0,0,0,0,0,31,31,0.0,0.0,0.0,0.0,1.0,0.0,0.0,255,255,1.0,0.0,0.0,0.0,0.0,0.0,0.0,0.0,0
0,tcp,http,SF,219,169,0,0,0,0,0,1,0,0,0,0,0,0,0,0,0,0,5,5,0.0,0.0,0.0,0.0,1.0,0.0,0.0,97,255,1.0,0.0,0.01,0.02,0.0,0.0,0.0,0.0,0
0,tcp,http,SF,338,803,0,0,0,0,0,1,0,0,0,0,0,0,0,0,0,0,2,2,0.0,0.0,0.0,0.0,1.0,0.0,0.0,13,255,1.0,0.0,0.08,0.04,0.0,0.02,0.0,0.0,0
2,tcp,ftp_data,SF,2194619,0,0,0,0,0,0,0,0,0,0,0,0,0,0,0,0,0,2,2,0.0,0.0,0.0,0.0,1.0,0.0,0.0,23,46,0.26,0.09,0.26,0.07,0.0,0.0,0.0,0.0,0
0,tcp,http,SF,225,5365,0,0,0,0,0,1,0,0,0,0,0,0,0,0,0,0,7,7,0.0,0.0,0.0,0.0,1.0,0.0,0.0,28,255,1.0,0.0,0.04,0.07,0.0,0.0,0.0,0.0,0
0,tcp,http,SF,261,856,0,0,0,0,0,1,0,0,0,0,0,0,0,0,0,0,12,12,0.0,0.0,0.0,0.0,1.0,0.0,0.0,194,255,1.0,0.0,0.01,0.01,0.0,0.0,0.0,0.0,0
0,tcp,ftp_data,SF,567,0,0,0,0,0,0,0,0,0,0,0,0,0,0,0,0,0,1,1,0.0,0.0,0.0,0.0,1.0,0.0,0.0,197,1,0.01,0.04,0.01,0.0,0.0,0.0,0.0,0.0,0
0,udp,domain_u,SF,42,42,0,0,0,0,0,0,0,0,0,0,0,0,0,0,0,0,7,14,0.0,0.0,0.0,0.0,1.0,0.0,0.21,236,235,1.0,0.01,0.0,0.0,0.0,0.0,0.0,0.0,0
0,tcp,http,SF,239,18526,0,0,0,0,0,1,0,0,0,0,0,0,0,0,0,0,1,1,0.0,0.0,0.0,0.0,1.0,0.0,0.0,4,255,1.0,0.0,0.25,0.02,0.0,0.0,0.0,0.0,0
0,tcp,http,SF,352,1319,0,0,0,0,0,1,0,0,0,0,0,0,0,0,0,0,5,6,0.0,0.0,0.0,0.0,1.0,0.0,0.33,255,255,1.0,0.0,0.0,0.0,0.0,0.0,0.0,0.0,0
0,icmp,urp_i,SF,183,0,0,0,0,0,0,0,0,0,0,0,0,0,0,0,0,0,2,2,0.0,0.0,0.0,0.0,1.0,0.0,0.0,255,8,0.03,0.01,0.04,0.0,0.0,0.0,0.0,0.0,0
0,udp,domain_u,SF,45,133,0,0,0,0,0,0,0,0,0,0,0,0,0,0,0,0,11,77,0.0,0.0,0.0,0.0,1.0,0.0,0.03,255,254,1.0,0.01,0.0,0.0,0.0,0.0,0.0,0.0,0
0,udp,domain_u,SF,35,0,0,0,0,0,0,0,0,0,0,0,0,0,0,0,0,0,1,2,0.0,0.0,0.0,0.0,1.0,0.0,1.0,76,20,0.26,0.08,0.26,0.0,0.0,0.0,0.0,0.0,0
0,tcp,http,SF,212,445,0,0,0,0,0,1,0,0,0,0,0,0,0,0,0,0,26,46,0.0,0.0,0.0,0.0,1.0,0.0,0.09,78,255,1.0,0.0,0.01,0.04,0.0,0.0,0.0,0.0,0
0,tcp,http,SF,318,8230,0,0,0,0,0,1,0,0,0,0,0,0,0,0,0,0,1,1,0.0,0.0,0.0,0.0,1.0,0.0,0.0,90,255,1.0,0.0,0.01,0.02,0.0,0.0,0.0,0.0,0
0,tcp,http,SF,238,795,0,0,0,0,0,1,0,0,0,0,0,0,0,0,0,0,7,7,0.0,0.0,0.0,0.0,1.0,0.0,0.0,36,255,1.0,0.0,0.03,0.04,0.0,0.0,0.0,0.0,0
0,udp,domain_u,SF,93,52,0,0,0,0,0,0,0,0,0,0,0,0,0,0,0,0,1,1,0.0,0.0,0.0,0.0,1.0,0.0,0.0,33,21,0.64,0.09,0.52,0.0,0.0,0.0,0.0,0.0,0
0,tcp,http,SF,291,5962,0,0,0,0,0,1,0,0,0,0,0,0,0,0,0,0,2,6,0.0,0.0,0.0,0.0,1.0,0.0,0.33,29,255,1.0,0.0,0.03,0.03,0.0,0.0,0.0,0.0,0
0,tcp,http,SF,247,5280,0,0,0,0,0,1,0,0,0,0,0,0,0,0,0,0,12,12,0.0,0.0,0.0,0.0,1.0,0.0,0.0,92,255,1.0,0.0,0.01,0.02,0.0,0.01,0.0,0.0,0
0,udp,other,SF,147,0,0,0,0,0,0,0,0,0,0,0,0,0,0,0,0,0,3,1,0.33,0.0,0.0,0.0,0.33,0.67,0.0,255,1,0.0,0.07,0.08,0.0,0.0,0.0,0.0,0.0,0
0,udp,domain_u,SF,45,81,0,0,0,0,0,0,0,0,0,0,0,0,0,0,0,0,179,179,0.0,0.0,0.0,0.0,1.0,0.0,0.0,255,255,1.0,0.0,0.01,0.0,0.0,0.0,0.0,0.0,0
0,tcp,http,SF,306,3222,0,0,0,0,0,1,0,0,0,0,0,0,0,0,0,0,2,2,0.0,0.0,0.0,0.0,1.0,0.0,0.0,255,251,0.98,0.01,0.0,0.0,0.0,0.0,0.0,0.0,0
0,tcp,http,SF,220,882,0,0,0,0,0,1,0,0,0,0,0,0,0,0,0,0,17,17,0.0,0.0,0.0,0.0,1.0,0.0,0.0,255,255,1.0,0.0,0.0,0.0,0.0,0.0,0.0,0.0,0
0,tcp,http,SF,318,2698,0,0,0,0,0,1,0,0,0,0,0,0,1,0,0,0,24,24,0.0,0.0,0.0,0.0,1.0,0.0,0.0,255,253,0.99,0.01,0.0,0.0,0.0,0.0,0.0,0.0,0
2670,tcp,telnet,SF,176,13070,0,0,0,0,0,1,2,0,1,2,0,0,1,0,0,0,1,1,0.0,0.0,0.0,0.0,1.0,0.0,0.0,255,65,0.25,0.02,0.0,0.0,0.99,0.98,0.0,0.0,0
0,tcp,http,SF,172,389,0,0,0,0,0,1,0,0,0,0,0,0,0,0,0,0,1,1,0.0,0.0,0.0,0.0,1.0,0.0,0.0,13,255,1.0,0.0,0.08,0.02,0.08,0.0,0.0,0.0,0
0,tcp,http,SF,350,1732,0,0,0,0,0,1,0,0,0,0,0,0,0,0,0,0,5,5,0.0,0.0,0.0,0.0,1.0,0.0,0.0,16,92,1.0,0.0,0.06,0.08,0.0,0.0,0.0,0.0,0
4100,udp,other,SF,146,105,0,0,0,0,0,0,0,0,0,0,0,0,0,0,0,0,1,1,0.0,0.0,0.0,0.0,1.0,0.0,0.0,122,2,0.02,0.66,0.96,0.0,0.0,0.0,0.0,0.0,0
0,udp,domain_u,SF,45,45,0,0,0,0,0,0,0,0,0,0,0,0,0,0,0,0,106,186,0.0,0.0,0.0,0.0,1.0,0.0,0.01,255,254,1.0,0.01,0.01,0.0,0.0,0.0,0.0,0.0,0
13,tcp,telnet,SF,139,2456,0,0,0,0,0,1,0,0,0,0,0,0,0,0,0,0,1,1,0.0,0.0,0.0,0.0,1.0,0.0,0.0,3,6,0.33,1.0,0.33,0.67,0.0,0.0,0.0,0.0,0
0,tcp,http,SF,338,392,0,0,0,0,0,1,0,0,0,0,0,0,0,0,0,0,5,5,0.0,0.0,0.0,0.0,1.0,0.0,0.0,202,255,1.0,0.0,0.0,0.01,0.0,0.0,0.0,0.0,0
0,udp,domain_u,SF,42,74,0,0,0,0,0,0,0,0,0,0,0,0,0,0,0,0,125,125,0.0,0.0,0.0,0.0,1.0,0.0,0.0,255,254,1.0,0.01,0.0,0.0,0.0,0.0,0.0,0.0,0
24,tcp,http,SF,226,4658,0,0,0,0,0,1,0,0,0,0,0,0,0,0,0,0,1,1,0.0,0.0,0.0,0.0,1.0,0.0,0.0,32,255,1.0,0.0,0.03,0.04,0.0,0.0,0.0,0.0,0
0,tcp,ftp_data,SF,12241,0,0,0,0,0,0,1,0,0,0,0,0,0,0,0,0,0,7,7,0.0,0.0,0.0,0.0,1.0,0.0,0.0,198,111,0.44,0.02,0.44,0.02,0.0,0.0,0.0,0.0,0
158,tcp,telnet,SF,1567,3095,0,0,0,3,0,1,4,1,0,0,1,0,0,0,0,0,1,1,0.0,0.0,0.0,0.0,1.0,0.0,0.0,2,2,1.0,0.0,0.5,0.0,0.0,0.0,0.0,0.0,1
2,tcp,smtp,SF,1594,334,0,0,0,0,0,1,0,0,0,0,0,0,0,0,0,0,1,1,0.0,0.0,0.0,0.0,1.0,0.0,0.0,13,81,1.0,0.0,0.08,0.02,0.0,0.0,0.0,0.0,0
0,tcp,http,SF,405,10219,0,0,0,0,0,1,0,0,0,0,0,0,0,0,0,0,17,17,0.0,0.0,0.0,0.0,1.0,0.0,0.0,101,245,1.0,0.0,0.01,0.17,0.0,0.0,0.12,0.64,0
0,tcp,http,S2,147,0,0,0,0,1,0,1,0,0,0,0,0,0,0,0,0,0,2,2,0.5,0.5,0.0,0.0,1.0,0.0,0.0,255,255,1.0,0.0,0.0,0.0,0.01,0.01,0.02,0.02,0
29,tcp,ftp,SF,1511,4152,0,0,0,30,0,1,0,0,0,0,0,0,0,0,0,1,1,1,0.0,0.0,0.0,0.0,1.0,0.0,0.0,79,22,0.28,0.09,0.01,0.0,0.0,0.0,0.0,0.0,0
0,tcp,http,SF,246,807,0,0,0,0,0,1,0,0,0,0,0,0,0,0,0,0,4,4,0.0,0.0,0.0,0.0,1.0,0.0,0.0,255,255,1.0,0.0,0.0,0.0,0.0,0.0,0.0,0.0,0
0,tcp,http,SF,213,1159,0,0,0,0,0,1,0,0,0,0,0,0,0,0,0,0,8,8,0.0,0.0,0.0,0.0,1.0,0.0,0.0,8,255,1.0,0.0,0.12,0.04,0.0,0.0,0.0,0.0,0
0,tcp,finger,SF,9,147,0,0,0,0,0,0,0,0,0,0,0,0,0,0,0,0,1,1,0.0,0.0,0.0,0.0,1.0,0.0,0.0,38,10,0.05,0.08,0.03,0.3,0.0,0.0,0.0,0.0,0
0,udp,domain_u,SF,44,134,0,0,0,0,0,0,0,0,0,0,0,0,0,0,0,0,305,305,0.0,0.0,0.0,0.0,1.0,0.0,0.0,255,251,0.98,0.01,0.0,0.0,0.0,0.0,0.0,0.0,0
0,tcp,http,REJ,0,0,0,0,0,0,0,0,0,0,0,0,0,0,0,0,0,0,1,2,0.0,0.0,1.0,0.5,1.0,0.0,1.0,5,127,1.0,0.0,0.2,0.14,0.0,0.0,1.0,1.0,0
0,tcp,http,SF,144,51836,0,0,0,2,0,1,0,0,0,0,0,0,0,0,0,0,1,2,0.0,0.0,0.0,0.0,1.0,0.0,1.0,255,255,1.0,0.0,0.0,0.0,0.0,0.0,0.0,0.0,0
0,tcp,http,SF,255,4531,0,0,0,0,0,1,0,0,0,0,0,0,0,0,0,0,2,2,0.0,0.0,0.0,0.0,1.0,0.0,0.0,255,255,1.0,0.0,0.0,0.0,0.0,0.0,0.0,0.0,0
0,udp,domain_u,SF,44,44,0,0,0,0,0,0,0,0,0,0,0,0,0,0,0,0,113,113,0.0,0.0,0.0,0.0,1.0,0.0,0.0,255,255,1.0,0.0,0.0,0.0,0.0,0.0,0.0,0.0,0
0,tcp,http,SF,240,1645,0,0,0,0,0,1,0,0,0,0,0,0,0,0,0,0,5,5,0.0,0.0,0.0,0.0,1.0,0.0,0.0,255,255,1.0,0.0,0.0,0.0,0.0,0.0,0.0,0.0,0
0,tcp,smtp,SF,914,333,0,0,0,0,0,1,0,0,0,0,0,0,0,0,0,0,1,1,0.0,0.0,0.0,0.0,1.0,0.0,0.0,146,128,0.48,0.04,0.01,0.02,0.0,0.0,0.0,0.0,0
0,tcp,smtp,SF,1716,491,0,0,0,0,0,1,0,0,0,0,0,0,0,0,0,0,1,1,0.0,0.0,0.0,0.0,1.0,0.0,0.0,255,3,0.01,0.01,0.0,0.0,0.0,0.0,0.02,0.0,0
0,udp,domain_u,SF,42,42,0,0,0,0,0,0,0,0,0,0,0,0,0,0,0,0,3,6,0.0,0.0,0.0,0.0,1.0,0.0,0.5,255,73,0.29,0.01,0.0,0.0,0.0,0.0,0.0,0.0,0
0,udp,private,SF,105,145,0,0,0,0,0,0,0,0,0,0,0,0,0,0,0,0,4,1,0.0,0.0,0.0,0.0,0.25,0.5,0.0,255,151,0.59,0.01,0.0,0.0,0.0,0.0,0.0,0.0,0
0,tcp,telnet,S1,342,8243,0,0,0,0,0,1,0,0,0,0,0,0,0,0,0,0,1,1,1.0,1.0,0.0,0.0,1.0,0.0,0.0,255,8,0.03,0.7,0.0,0.0,0.69,0.12,0.0,0.0,0
0,tcp,http,RSTO,0,0,0,0,0,0,0,1,0,0,0,0,0,0,0,0,0,0,1,2,0.0,0.0,1.0,1.0,1.0,0.0,1.0,255,247,0.97,0.01,0.0,0.0,0.0,0.0,0.02,0.02,0
1,tcp,smtp,SF,2033,333,0,0,0,0,0,1,0,0,0,0,0,0,0,0,0,0,1,3,0.0,0.0,0.0,0.0,1.0,0.0,1.0,119,94,0.4,0.04,0.01,0.02,0.0,0.0,0.0,0.0,0
0,tcp,http,SF,316,261,0,0,0,0,0,1,0,0,0,0,0,0,0,0,0,0,2,2,0.0,0.0,0.0,0.0,1.0,0.0,0.0,34,255,1.0,0.0,0.03,0.02,0.0,0.0,0.0,0.0,0
7,tcp,smtp,SF,1381,340,0,0,0,0,0,1,0,0,0,0,0,0,0,0,0,0,1,1,0.0,0.0,0.0,0.0,1.0,0.0,0.0,127,178,0.74,0.03,0.01,0.01,0.0,0.0,0.0,0.0,0
0,tcp,smtp,SF,984,335,0,0,0,0,0,1,0,0,0,0,0,0,0,0,0,0,1,1,0.0,0.0,0.0,0.0,1.0,0.0,0.0,20,126,0.8,0.15,0.05,0.02,0.0,0.02,0.0,0.0,0
0,tcp,http,REJ,0,0,0,0,0,0,0,0,0,0,0,0,0,0,0,0,0,0,1,1,0.0,0.0,1.0,1.0,1.0,0.0,0.0,14,22,1.0,0.0,0.07,0.09,0.0,0.09,1.0,0.68,0
0,tcp,http,SF,344,279,0,0,0,0,0,1,0,0,0,0,0,0,0,0,0,0,3,11,0.0,0.0,0.0,0.0,1.0,0.0,0.18,3,255,1.0,0.0,0.33,0.04,0.0,0.0,0.0,0.0,0
0,tcp,http,SF,242,336,0,0,0,0,0,1,0,0,0,0,0,0,0,0,0,0,8,8,0.0,0.0,0.0,0.0,1.0,0.0,0.0,255,255,1.0,0.0,0.0,0.0,0.0,0.0,0.0,0.0,0
0,tcp,pop_3,SF,35,130,0,0,0,0,0,1,0,0,0,0,0,0,0,0,0,0,1,1,0.0,0.0,0.0,0.0,1.0,0.0,0.0,170,4,0.01,0.03,0.01,0.5,0.0,0.0,0.0,0.0,0
8,tcp,smtp,SF,1485,329,0,0,0,0,0,1,0,0,0,0,0,0,0,0,0,0,1,2,0.0,0.0,0.0,0.0,1.0,0.0,1.0,96,84,0.72,0.03,0.01,0.02,0.0,0.0,0.0,0.0,0
0,icmp,eco_i,SF,30,0,0,0,0,0,0,0,0,0,0,0,0,0,0,0,0,0,5,1,0.0,0.0,0.0,0.0,0.2,0.6,0.0,255,4,0.02,0.01,0.08,0.0,0.0,0.0,0.0,0.0,0
0,udp,domain_u,SF,44,135,0,0,0,0,0,0,0,0,0,0,0,0,0,0,0,0,45,125,0.0,0.0,0.0,0.0,1.0,0.0,0.02,255,223,0.87,0.02,0.0,0.0,0.0,0.0,0.0,0.0,0
0,tcp,http,SF,251,28066,0,0,0,0,0,1,0,0,0,0,0,0,0,0,0,0,1,1,0.0,0.0,0.0,0.0,1.0,0.0,0.0,25,255,1.0,0.0,0.04,0.05,0.0,0.0,0.0,0.0,0
0,tcp,http,SF,306,2543,0,0,0,0,0,1,0,0,0,0,0,0,0,0,0,0,12,12,0.0,0.0,0.0,0.0,1.0,0.0,0.0,255,255,1.0,0.0,0.0,0.0,0.0,0.0,0.0,0.0,0
0,udp,domain_u,SF,44,125,0,0,0,0,0,0,0,0,0,0,0,0,0,0,0,0,110,111,0.0,0.0,0.0,0.0,1.0,0.0,0.02,255,253,0.99,0.01,0.0,0.0,0.0,0.0,0.0,0.0,0
3,tcp,smtp,SF,869,329,0,0,0,0,0,1,0,0,0,0,0,0,0,0,0,0,1,3,0.0,0.0,0.0,0.0,1.0,0.0,1.0,87,147,0.6,0.06,0.01,0.01,0.0,0.0,0.0,0.0,0
0,tcp,http,SF,212,171,0,0,0,0,0,1,0,0,0,0,0,0,0,0,0,0,1,1,0.0,0.0,0.0,0.0,1.0,0.0,0.0,1,255,1.0,0.0,1.0,0.05,0.0,0.0,0.0,0.0,0
0,tcp,http,SF,201,1859,0,0,0,0,0,1,0,0,0,0,0,0,0,0,0,0,23,32,0.0,0.0,0.0,0.0,1.0,0.0,0.09,23,255,1.0,0.0,0.04,0.05,0.0,0.01,0.0,0.0,0
0,udp,domain_u,SF,45,75,0,0,0,0,0,0,0,0,0,0,0,0,0,0,0,0,285,285,0.0,0.0,0.0,0.0,1.0,0.0,0.0,255,209,0.82,0.01,0.0,0.0,0.0,0.0,0.0,0.0,0
15127,tcp,telnet,SF,1229,185137,0,0,0,0,0,1,767,1,2,857,0,0,6,0,0,0,1,1,0.0,0.0,0.0,0.0,1.0,0.0,0.0,60,9,0.15,0.07,0.02,0.0,0.0,0.0,0.0,0.0,0
0,tcp,ftp_data,SF,641,0,0,0,0,0,0,1,0,0,0,0,0,0,0,0,0,0,4,2,0.0,0.0,0.0,0.0,0.5,0.75,0.0,6,4,0.67,0.5,0.67,0.0,0.0,0.0,0.0,0.0,0
1,tcp,smtp,SF,1095,371,0,0,0,0,0,1,0,0,0,0,0,0,0,0,0,0,1,3,0.0,0.0,0.0,0.0,1.0,0.0,1.0,198,166,0.7,0.03,0.01,0.01,0.0,0.0,0.0,0.0,0
0,tcp,http,SF,320,4624,0,0,0,0,0,1,0,0,0,0,0,0,0,0,0,0,39,39,0.0,0.0,0.0,0.0,1.0,0.0,0.0,255,255,1.0,0.0,0.0,0.0,0.0,0.0,0.0,0.0,0
0,udp,domain_u,SF,44,134,0,0,0,0,0,0,0,0,0,0,0,0,0,0,0,0,64,144,0.0,0.0,0.0,0.0,1.0,0.0,0.01,255,255,1.0,0.0,0.0,0.0,0.0,0.0,0.0,0.0,0
25969,tcp,IRC,RSTR,3480,9222,0,0,0,0,0,0,0,0,0,0,0,0,0,0,0,0,1,1,0.0,0.0,1.0,1.0,1.0,0.0,0.0,38,11,0.29,0.08,0.03,0.0,0.0,0.0,0.29,1.0,0
0,udp,domain_u,SF,44,123,0,0,0,0,0,0,0,0,0,0,0,0,0,0,0,0,67,147,0.0,0.0,0.0,0.0,1.0,0.0,0.01,255,216,0.85,0.01,0.0,0.0,0.0,0.0,0.0,0.0,0
0,tcp,http,SF,238,3862,0,0,0,0,0,1,0,0,0,0,0,0,0,0,0,0,8,8,0.0,0.0,0.0,0.0,1.0,0.0,0.0,15,255,1.0,0.0,0.07,0.05,0.0,0.0,0.0,0.0,0
0,tcp,http,SF,213,2204,0,0,0,0,0,1,0,0,0,0,0,0,0,0,0,0,9,9,0.0,0.0,0.0,0.0,1.0,0.0,0.0,255,255,1.0,0.0,0.0,0.0,0.0,0.0,0.0,0.0,0
938,udp,other,SF,147,105,0,0,0,0,0,0,0,0,0,0,0,0,0,0,0,0,2,2,0.0,0.0,0.0,0.0,1.0,0.0,0.0,255,2,0.01,0.42,0.85,0.0,0.0,0.0,0.0,0.0,0
0,tcp,http,SF,220,370,0,0,0,0,0,1,0,0,0,0,0,0,0,0,0,0,10,10,0.0,0.0,0.0,0.0,1.0,0.0,0.0,255,255,1.0,0.0,0.0,0.0,0.0,0.0,0.0,0.0,0
5,tcp,telnet,SF,168,3490,0,0,0,0,0,1,0,0,0,0,0,0,0,0,0,0,1,1,0.0,0.0,0.0,0.0,1.0,0.0,0.0,237,63,0.27,0.02,0.0,0.0,0.0,0.0,0.0,0.0,0
0,tcp,http,SF,196,578,0,0,0,0,0,1,0,0,0,0,0,0,0,0,0,0,34,34,0.0,0.0,0.0,0.0,1.0,0.0,0.0,255,255,1.0,0.0,0.0,0.0,0.0,0.0,0.0,0.0,0
0,udp,domain_u,SF,43,129,0,0,0,0,0,0,0,0,0,0,0,0,0,0,0,0,184,183,0.0,0.0,0.0,0.0,0.99,0.01,0.0,73,40,0.55,0.03,0.01,0.0,0.0,0.0,0.0,0.0,0
162,tcp,telnet,SF,1567,2738,0,0,0,3,0,1,4,1,0,0,1,0,0,0,0,0,1,1,0.0,0.0,0.0,0.0,1.0,0.0,0.0,4,4,1.0,0.0,0.25,0.0,0.0,0.0,0.0,0.0,1
0,tcp,http,SF,358,3865,0,0,0,0,0,1,0,0,0,0,0,0,0,0,0,0,9,21,0.0,0.0,0.0,0.0,1.0,0.0,0.1,255,255,1.0,0.0,0.0,0.0,0.0,0.0,0.0,0.0,0
1,tcp,smtp,SF,889,337,0,0,0,0,0,1,0,0,0,0,0,0,0,0,0,0,1,3,0.0,0.0,0.0,0.0,1.0,0.0,1.0,25,199,0.84,0.12,0.04,0.01,0.0,0.0,0.0,0.0,0
0,tcp,http,SF,306,2592,0,0,0,0,0,1,0,0,0,0,0,0,0,0,0,0,8,9,0.0,0.0,0.0,0.0,1.0,0.0,0.22,9,255,1.0,0.0,0.11,0.06,0.0,0.0,0.0,0.0,0
0,tcp,ftp_data,SF,6601,0,0,0,0,0,0,0,0,0,0,0,0,0,0,0,0,0,21,21,0.0,0.0,0.0,0.0,1.0,0.0,0.0,91,50,0.55,0.03,0.55,0.0,0.0,0.0,0.0,0.0,0
0,tcp,http,SF,354,1875,0,0,0,0,0,1,0,0,0,0,0,0,0,0,0,0,3,9,0.0,0.0,0.0,0.0,1.0,0.0,0.33,247,255,1.0,0.0,0.0,0.01,0.0,0.0,0.0,0.0,0
0,tcp,http,SF,393,5643,0,0,0,0,0,1,0,0,0,0,0,0,0,0,0,0,7,14,0.0,0.0,0.0,0.0,1.0,0.0,0.21,255,255,1.0,0.0,0.0,0.0,0.0,0.0,0.0,0.0,0
98,tcp,telnet,SF,621,8356,0,0,1,1,0,1,5,1,0,14,1,0,0,0,0,0,1,1,0.0,0.0,0.0,0.0,1.0,0.0,0.0,255,4,0.02,0.02,0.0,0.0,0.0,0.0,0.0,0.0,1
0,tcp,finger,SF,10,273,0,0,0,0,0,0,0,0,0,0,0,0,0,0,0,0,1,1,0.0,0.0,0.0,0.0,1.0,0.0,0.0,34,1,0.03,0.12,0.03,0.0,0.0,0.0,0.0,0.0,0
0,tcp,http,SF,254,4903,0,0,0,0,0,1,0,0,0,0,0,0,0,0,0,0,18,18,0.0,0.0,0.0,0.0,1.0,0.0,0.0,62,255,1.0,0.0,0.02,0.07,0.0,0.01,0.0,0.0,0
0,tcp,ftp_data,SF,3775,0,0,0,0,0,0,0,0,0,0,0,0,0,0,0,0,0,21,21,0.0,0.0,0.0,0.0,1.0,0.0,0.0,27,92,1.0,0.0,1.0,0.02,0.0,0.0,0.0,0.0,0
0,tcp,http,SF,193,1044,0,0,0,0,0,1,0,0,0,0,0,0,0,0,0,0,6,6,0.0,0.0,0.0,0.0,1.0,0.0,0.0,28,255,1.0,0.0,0.04,0.01,0.0,0.0,0.0,0.0,0
0,tcp,smtp,SF,46,282,0,0,0,0,0,1,1,0,0,0,0,0,0,0,0,0,1,1,0.0,0.0,0.0,0.0,1.0,0.0,0.0,154,61,0.4,0.05,0.01,0.0,0.0,0.0,0.0,0.0,0
0,tcp,http,SF,221,337,0,0,0,0,0,1,0,0,0,0,0,0,0,0,0,0,5,7,0.0,0.0,0.0,0.0,1.0,0.0,0.43,18,255,1.0,0.0,0.06,0.04,0.0,0.0,0.0,0.0,0
0,tcp,http,SF,165,35341,0,0,0,0,0,1,0,0,0,0,0,0,0,0,0,0,1,1,0.0,0.0,0.0,0.0,1.0,0.0,0.0,129,255,1.0,0.0,0.01,0.02,0.0,0.0,0.0,0.0,0
0,tcp,http,SF,320,269,0,0,0,0,0,1,0,0,0,0,0,0,0,0,0,0,4,4,0.0,0.0,0.0,0.0,1.0,0.0,0.0,255,255,1.0,0.0,0.0,0.0,0.0,0.0,0.0,0.0,0
0,tcp,http,SF,269,7634,0,0,0,0,0,1,0,0,0,0,0,0,0,0,0,0,4,6,0.0,0.17,0.0,0.0,1.0,0.0,0.33,33,255,1.0,0.0,0.03,0.03,0.0,0.0,0.0,0.01,0
0,tcp,http,SF,273,520,0,0,0,0,0,1,0,0,0,0,0,0,0,0,0,0,29,33,0.03,0.03,0.0,0.0,1.0,0.0,0.12,255,255,1.0,0.0,0.0,0.0,0.0,0.0,0.0,0.0,0
0,tcp,http,SF,206,511,0,0,0,0,0,1,0,0,0,0,0,0,0,0,0,0,27,29,0.0,0.0,0.0,0.0,1.0,0.0,0.1,255,255,1.0,0.0,0.0,0.0,0.0,0.0,0.0,0.0,0
0,tcp,http,SF,317,2276,0,0,0,0,0,1,0,0,0,0,0,0,0,0,0,0,42,53,0.0,0.0,0.0,0.0,1.0,0.0,0.09,255,255,1.0,0.0,0.0,0.0,0.0,0.0,0.01,0.01,0
2,tcp,ftp_data,SF,2194619,0,0,0,0,0,0,1,0,0,0,0,0,0,0,0,0,0,2,2,0.0,0.0,0.0,0.0,1.0,0.0,0.0,32,58,0.19,0.09,0.19,0.05,0.0,0.0,0.0,0.0,0
0,tcp,http,SF,234,710,0,0,0,0,0,1,0,0,0,0,0,0,0,0,0,0,6,6,0.0,0.0,0.0,0.0,1.0,0.0,0.0,255,255,1.0,0.0,0.0,0.0,0.0,0.0,0.0,0.0,0
0,tcp,http,SF,221,8440,0,0,0,0,0,1,0,0,0,0,0,0,0,0,0,0,16,21,0.0,0.0,0.0,0.0,1.0,0.0,0.19,16,255,1.0,0.0,0.06,0.06,0.0,0.0,0.0,0.0,0
0,tcp,ftp_data,SF,567,0,0,0,0,0,0,1,0,0,0,6,0,0,0,0,0,0,1,1,0.0,0.0,0.0,0.0,1.0,0.0,0.0,205,53,0.26,0.03,0.26,0.0,0.0,0.0,0.0,0.0,0
0,tcp,http,SF,206,11617,0,0,0,0,0,1,0,0,0,0,0,0,0,0,0,0,1,2,0.0,0.0,0.0,0.0,1.0,0.0,1.0,37,255,1.0,0.0,0.03,0.04,0.0,0.0,0.0,0.0,0
0,tcp,http,SF,221,399,0,0,0,0,0,1,0,0,0,0,0,0,0,0,0,0,23,23,0.0,0.0,0.0,0.0,1.0,0.0,0.0,111,255,1.0,0.0,0.01,0.02,0.0,0.0,0.0,0.0,0
0,tcp,http,SF,159,14089,0,0,0,0,0,1,0,0,0,0,0,0,0,0,0,0,1,2,0.0,0.0,0.0,0.0,1.0,0.0,1.0,1,1,1.0,0.0,1.0,0.0,0.0,0.0,0.0,0.0,0
0,tcp,smtp,SF,1353,334,0,0,0,0,0,1,0,0,0,0,0,0,0,0,0,0,1,1,0.0,0.0,0.0,0.0,1.0,0.0,0.0,124,136,0.54,0.03,0.01,0.01,0.0,0.0,0.0,0.01,0
0,tcp,http,SF,301,3010,0,0,0,0,0,1,0,0,0,0,0,0,0,0,0,0,4,4,0.0,0.0,0.0,0.0,1.0,0.0,0.0,126,255,1.0,0.0,0.01,0.01,0.0,0.0,0.02,0.01,0
0,tcp,http,SF,228,2502,0,0,0,0,0,1,0,0,0,0,0,0,0,0,0,0,15,16,0.0,0.0,0.0,0.0,1.0,0.0,0.12,255,255,1.0,0.0,0.0,0.0,0.0,0.0,0.0,0.0,0
0,udp,domain_u,SF,45,134,0,0,0,0,0,0,0,0,0,0,0,0,0,0,0,0,187,186,0.0,0.0,0.0,0.0,0.99,0.01,0.0,218,185,0.85,0.01,0.0,0.0,0.0,0.0,0.0,0.0,0
0,tcp,http,SF,297,738,0,0,0,0,0,1,0,0,0,0,0,0,0,0,0,0,8,21,0.0,0.0,0.0,0.0,1.0,0.0,0.1,12,255,1.0,0.0,0.08,0.02,0.0,0.0,0.0,0.0,0
0,tcp,http,SF,182,9961,0,0,0,0,0,1,0,0,0,0,0,0,0,0,0,0,2,2,0.0,0.0,0.0,0.0,1.0,0.0,0.0,255,255,1.0,0.0,0.0,0.0,0.0,0.0,0.0,0.0,0
0,tcp,smtp,SF,914,328,0,0,0,0,0,1,0,0,0,0,0,0,0,0,0,0,1,1,0.0,0.0,0.0,0.0,1.0,0.0,0.0,134,167,0.69,0.05,0.01,0.01,0.0,0.0,0.0,0.0,0
2474,udp,other,SF,147,105,0,0,0,0,0,0,0,0,0,0,0,0,0,0,0,0,1,1,0.0,0.0,0.0,0.0,1.0,0.0,0.0,255,2,0.01,0.89,1.0,0.0,0.0,0.0,0.0,0.0,0
0,tcp,ftp_data,SF,1339,0,0,0,0,0,0,1,0,0,0,0,0,0,0,0,0,0,2,2,0.0,0.0,0.0,0.0,1.0,0.0,0.0,255,80,0.31,0.02,0.31,0.0,0.0,0.0,0.03,0.0,0
0,udp,domain_u,SF,45,131,0,0,0,0,0,0,0,0,0,0,0,0,0,0,0,0,5,46,0.0,0.0,0.0,0.0,1.0,0.0,0.04,255,254,1.0,0.01,0.0,0.0,0.0,0.0,0.0,0.0,0
0,tcp,http,SF,311,1946,0,0,0,0,0,1,0,0,0,0,0,0,0,0,0,0,5,5,0.0,0.0,0.0,0.0,1.0,0.0,0.0,164,255,1.0,0.0,0.01,0.02,0.0,0.0,0.0,0.0,0
0,tcp,http,SF,316,5626,0,0,0,0,0,1,0,0,0,0,0,0,0,0,0,0,21,25,0.0,0.0,0.0,0.0,1.0,0.0,0.08,21,255,1.0,0.0,0.05,0.05,0.0,0.02,0.0,0.0,0
3,tcp,telnet,SF,104,2253,0,0,0,0,0,1,0,0,0,0,0,0,0,0,0,0,1,1,0.0,0.0,0.0,0.0,1.0,0.0,0.0,6,5,0.17,0.5,0.17,0.4,0.0,0.0,0.0,0.0,0
0,udp,domain_u,SF,44,130,0,0,0,0,0,0,0,0,0,0,0,0,0,0,0,0,1,1,0.0,0.0,0.0,0.0,1.0,0.0,0.0,5,5,1.0,0.0,1.0,0.0,0.0,0.0,0.0,0.0,0
0,tcp,http,SF,303,4360,0,0,0,0,0,1,0,0,0,0,0,0,0,0,0,0,3,3,0.0,0.0,0.0,0.0,1.0,0.0,0.0,8,255,1.0,0.0,0.12,0.05,0.0,0.0,0.0,0.0,0
0,tcp,ftp_data,SF,748,0,0,0,0,0,0,1,0,0,0,9,0,0,0,0,0,0,1,3,0.0,0.0,0.0,0.0,1.0,0.0,0.67,45,82,0.58,0.04,0.58,0.02,0.0,0.0,0.0,0.0,0
0,udp,other,SF,4,0,0,0,0,0,0,0,0,0,0,0,0,0,0,0,0,0,2,2,0.0,0.0,0.0,0.0,1.0,0.0,0.0,2,2,1.0,0.0,0.5,0.0,0.0,0.0,0.0,0.0,1
0,tcp,http,SF,211,261,0,0,0,0,0,1,0,0,0,0,0,0,0,0,0,0,10,17,0.0,0.0,0.0,0.0,1.0,0.0,0.24,27,255,1.0,0.0,0.04,0.04,0.0,0.01,0.0,0.0,0
0,tcp,http,SF,237,2698,0,0,0,0,0,1,0,0,0,0,0,0,1,0,0,0,2,2,0.0,0.0,0.0,0.0,1.0,0.0,0.0,255,240,0.94,0.01,0.0,0.0,0.0,0.0,0.0,0.0,0
0,tcp,http,REJ,0,0,0,0,0,0,0,0,0,0,0,0,0,0,0,0,0,0,1,2,0.0,0.0,1.0,1.0,1.0,0.0,1.0,45,255,1.0,0.0,0.02,0.18,0.0,0.01,1.0,0.99,0
1,tcp,smtp,SF,3697,330,0,0,0,0,0,1,0,0,0,0,0,0,0,0,0,0,1,3,0.0,0.0,0.0,0.0,1.0,0.0,1.0,114,96,0.84,0.04,0.01,0.0,0.0,0.0,0.02,0.02,0
0,tcp,http,SF,232,10041,0,0,0,0,0,1,0,0,0,0,0,0,0,0,0,0,1,2,0.0,0.0,0.0,0.0,1.0,0.0,1.0,32,255,1.0,0.0,0.03,0.02,0.0,0.0,0.0,0.0,0
0,tcp,http,SF,220,398,0,0,0,0,0,1,0,0,0,0,0,0,0,0,0,0,21,24,0.0,0.0,0.0,0.0,1.0,0.0,0.12,255,255,1.0,0.0,0.0,0.0,0.0,0.0,0.0,0.0,0
0,tcp,http,SF,294,252,0,0,0,0,0,1,0,0,0,0,0,0,0,0,0,0,22,23,0.0,0.0,0.0,0.0,1.0,0.0,0.09,57,255,1.0,0.0,0.02,0.03,0.0,0.0,0.0,0.0,0
0,tcp,http,SF,152,39243,0,0,0,1,0,1,0,0,0,0,0,0,0,0,0,0,1,26,0.0,0.0,0.0,0.04,1.0,0.0,0.15,44,255,1.0,0.0,0.02,0.04,0.02,0.01,0.0,0.0,0
0,udp,domain_u,SF,43,127,0,0,0,0,0,0,0,0,0,0,0,0,0,0,0,0,288,288,0.0,0.0,0.0,0.0,1.0,0.0,0.0,255,251,0.98,0.01,0.0,0.0,0.0,0.0,0.0,0.0,0
0,tcp,http,SF,244,984,0,0,0,0,0,1,0,0,0,0,0,0,0,0,0,0,4,8,0.0,0.0,0.0,0.0,1.0,0.0,0.25,255,255,1.0,0.0,0.0,0.0,0.0,0.0,0.0,0.0,0
0,udp,other,SF,147,0,0,0,0,0,0,0,0,0,0,0,0,0,0,0,0,0,1,1,0.0,0.0,0.0,0.0,1.0,0.0,0.0,255,1,0.0,0.37,0.82,0.0,0.0,0.0,0.0,0.0,0
0,tcp,http,SF,379,370,0,0,0,0,0,1,0,0,0,0,0,0,0,0,0,0,21,21,0.0,0.0,0.0,0.0,1.0,0.0,0.0,255,255,1.0,0.0,0.0,0.0,0.0,0.0,0.0,0.0,0
1122,tcp,telnet,SF,1151,94982,0,0,0,1,0,1,8,0,0,6,3,0,0,0,0,0,1,1,0.0,0.0,0.0,0.0,1.0,0.0,0.0,255,11,0.04,0.67,0.0,0.0,0.67,0.18,0.0,0.0,0
0,tcp,http,SF,208,5604,0,0,0,0,0,1,0,0,0,0,0,0,0,0,0,0,2,2,0.0,0.0,0.0,0.0,1.0,0.0,0.0,67,255,1.0,0.0,0.01,0.05,0.0,0.0,0.0,0.0,0
0,udp,domain_u,SF,45,74,0,0,0,0,0,0,0,0,0,0,0,0,0,0,0,0,280,280,0.0,0.0,0.0,0.0,1.0,0.0,0.0,255,244,0.96,0.01,0.0,0.0,0.0,0.0,0.0,0.0,0
28,tcp,ftp,SF,1504,4152,0,0,0,30,0,1,0,0,0,0,0,0,0,0,0,1,1,1,0.0,0.0,0.0,0.0,1.0,0.0,0.0,255,42,0.16,0.02,0.0,0.0,0.0,0.0,0.0,0.0,0
0,udp,domain_u,SF,44,44,0,0,0,0,0,0,0,0,0,0,0,0,0,0,0,0,125,205,0.0,0.0,0.0,0.0,0.99,0.02,0.01,255,254,1.0,0.01,0.01,0.0,0.0,0.0,0.0,0.0,0
0,tcp,http,SF,201,1648,0,0,0,0,0,1,0,0,0,0,0,0,0,0,0,0,2,2,0.0,0.0,0.0,0.0,1.0,0.0,0.0,2,255,1.0,0.0,0.5,0.02,0.0,0.0,0.0,0.0,0
0,icmp,urp_i,SF,181,0,0,0,0,0,0,0,0,0,0,0,0,0,0,0,0,0,3,1,0.0,0.0,0.0,0.0,0.33,1.0,0.0,255,29,0.11,0.01,0.12,0.0,0.0,0.0,0.0,0.0,0
0,tcp,http,SF,154,5796,0,0,0,0,0,1,0,0,0,0,0,0,0,0,0,0,1,2,0.0,0.0,0.0,0.0,1.0,0.0,1.0,54,255,1.0,0.0,0.02,0.06,0.02,0.01,0.0,0.0,0
0,tcp,http,RSTO,0,0,0,0,0,0,0,1,0,0,0,0,0,0,0,0,0,0,2,2,0.0,0.0,0.5,0.5,1.0,0.0,0.0,190,255,1.0,0.0,0.01,0.03,0.0,0.0,0.02,0.01,0
0,tcp,http,REJ,0,0,0,0,0,0,0,0,0,0,0,0,0,0,0,0,0,0,1,2,0.0,0.0,1.0,1.0,1.0,0.0,1.0,106,249,1.0,0.0,0.01,0.1,0.0,0.0,0.3,0.7,0
0,tcp,http,SF,241,1331,0,0,0,0,0,1,0,0,0,0,0,0,0,0,0,0,16,17,0.0,0.0,0.0,0.0,1.0,0.0,0.12,255,255,1.0,0.0,0.0,0.0,0.0,0.0,0.0,0.0,0
0,tcp,other,SF,59,0,0,0,0,0,0,1,0,0,0,0,0,0,0,0,0,0,9,1,0.0,0.0,0.0,0.0,0.11,0.56,0.0,132,1,0.01,0.05,0.42,0.0,0.0,0.0,0.0,0.0,0
0,tcp,http,REJ,0,0,0,0,0,0,0,0,0,0,0,0,0,0,0,0,0,0,1,1,0.0,0.0,1.0,1.0,1.0,0.0,0.0,4,255,1.0,0.0,0.25,0.2,0.0,0.0,1.0,0.83,0
0,tcp,http,SF,214,5196,0,0,0,0,0,1,0,0,0,0,0,0,0,0,0,0,42,43,0.0,0.0,0.0,0.0,1.0,0.0,0.05,230,255,1.0,0.0,0.0,0.01,0.0,0.0,0.0,0.0,0
0,tcp,http,SF,352,920,0,0,0,0,0,1,0,0,0,0,0,0,0,0,0,0,3,3,0.0,0.0,0.0,0.0,1.0,0.0,0.0,140,255,1.0,0.0,0.01,0.01,0.0,0.01,0.0,0.0,0
0,tcp,http,SF,304,8497,0,0,0,0,0,1,0,0,0,0,0,0,0,0,0,0,12,25,0.0,0.0,0.0,0.0,1.0,0.0,0.12,255,255,1.0,0.0,0.0,0.0,0.0,0.0,0.0,0.0,0
2,tcp,smtp,SF,1168,329,0,0,0,0,0,1,0,0,0,0,0,0,0,0,0,0,1,2,0.0,0.0,0.0,0.0,1.0,0.0,1.0,60,145,0.43,0.05,0.02,0.01,0.0,0.0,0.0,0.0,0
0,tcp,http,SF,278,9263,0,0,0,0,0,1,0,0,0,0,0,0,0,0,0,0,1,1,0.0,0.0,0.0,0.0,1.0,0.0,0.0,35,255,1.0,0.0,0.03,0.04,0.0,0.0,0.0,0.0,0
0,tcp,http,SF,234,2229,0,0,0,0,0,1,0,0,0,0,0,0,0,0,0,0,3,6,0.0,0.0,0.0,0.0,1.0,0.0,0.5,23,23,1.0,0.0,0.04,0.0,0.0,0.0,0.0,0.0,0
0,tcp,ftp_data,SF,59,0,0,0,0,0,0,1,0,0,0,0,0,0,0,0,0,0,1,1,0.0,0.0,0.0,0.0,1.0,0.0,0.0,255,21,0.08,0.5,0.08,0.0,0.0,0.0,0.0,0.0,0
0,tcp,http,SF,249,431,0,0,0,0,0,1,0,0,0,0,0,0,0,0,0,0,8,9,0.0,0.0,0.0,0.0,1.0,0.0,0.22,255,255,1.0,0.0,0.0,0.0,0.0,0.0,0.0,0.0,0
0,udp,domain_u,SF,43,74,0,0,0,0,0,0,0,0,0,0,0,0,0,0,0,0,146,146,0.0,0.0,0.0,0.0,1.0,0.0,0.0,255,254,1.0,0.01,0.0,0.0,0.0,0.0,0.0,0.0,0
0,tcp,http,SF,255,1434,0,0,0,0,0,1,0,0,0,0,0,0,0,0,0,0,8,14,0.0,0.0,0.0,0.0,1.0,0.0,0.14,70,255,1.0,0.0,0.01,0.03,0.0,0.0,0.0,0.0,0
0,tcp,http,SF,214,306,0,0,0,0,0,1,0,0,0,0,0,0,0,0,0,0,11,25,0.0,0.0,0.0,0.04,1.0,0.0,0.28,48,255,1.0,0.0,0.02,0.03,0.0,0.0,0.0,0.0,0
0,icmp,eco_i,SF,30,0,0,0,0,0,0,0,0,0,0,0,0,0,0,0,0,0,2,1,0.0,0.0,0.0,0.0,0.5,1.0,0.0,255,2,0.01,0.01,0.03,0.0,0.0,0.0,0.0,0.0,0
0,tcp,ftp_data,SF,383,0,0,0,0,0,0,1,0,0,0,0,0,0,0,0,0,0,2,2,0.0,0.0,0.0,0.0,1.0,0.0,0.0,255,3,0.01,0.02,0.01,0.0,0.0,0.0,0.84,0.0,0
0,tcp,http,SF,198,889,0,0,0,0,0,1,0,0,0,0,0,0,0,0,0,0,8,26,0.0,0.0,0.0,0.0,1.0,0.0,0.12,8,234,1.0,0.0,0.12,0.02,0.0,0.0,0.0,0.01,0
0,tcp,http,REJ,0,0,0,0,0,0,0,0,0,0,0,0,0,0,0,0,0,0,1,2,0.0,0.0,1.0,1.0,1.0,0.0,1.0,21,255,1.0,0.0,0.05,0.06,0.0,0.0,1.0,1.0,0
0,tcp,http,SF,236,2698,0,0,0,0,0,1,0,0,0,0,0,0,1,0,0,0,2,2,0.0,0.0,0.0,0.0,1.0,0.0,0.0,255,245,0.96,0.02,0.0,0.0,0.0,0.0,0.0,0.0,0
0,tcp,http,SF,301,7184,0,0,0,0,0,1,0,0,0,0,0,0,0,0,0,0,2,2,0.0,0.0,0.0,0.0,1.0,0.0,0.0,255,255,1.0,0.0,0.0,0.0,0.0,0.0,0.0,0.0,0
0,tcp,http,SF,345,771,0,0,0,0,0,1,0,0,0,0,0,0,0,0,0,0,13,13,0.0,0.0,0.0,0.0,1.0,0.0,0.0,255,255,1.0,0.0,0.0,0.0,0.0,0.0,0.01,0.01,0
0,udp,other,SF,516,4,0,0,0,0,0,0,0,0,0,0,0,0,0,0,0,0,363,363,0.0,0.0,0.0,0.0,1.0,0.0,0.0,255,255,1.0,0.0,1.0,0.0,0.0,0.0,0.0,0.0,0
0,tcp,http,SF,289,340,0,0,0,0,0,1,0,0,0,0,0,0,0,0,0,0,2,2,0.0,0.0,0.0,0.0,1.0,0.0,0.0,2,2,1.0,0.0,0.5,0.0,0.0,0.0,0.0,0.0,0
0,tcp,http,SF,367,284,0,0,0,0,0,1,0,0,0,0,0,0,0,0,0,0,2,2,0.0,0.0,0.0,0.0,1.0,0.0,0.0,14,218,1.0,0.0,0.07,0.05,0.0,0.01,0.0,0.0,0
0,tcp,http,SF,333,14206,0,0,0,0,0,1,0,0,0,0,0,0,0,0,0,0,1,1,0.0,0.0,0.0,0.0,1.0,0.0,0.0,40,255,1.0,0.0,0.03,0.05,0.03,0.0,0.0,0.0,0
0,tcp,http,SF,211,3175,0,0,0,0,0,1,0,0,0,0,0,0,0,0,0,0,7,7,0.0,0.0,0.0,0.0,1.0,0.0,0.0,233,255,1.0,0.0,0.0,0.01,0.0,0.0,0.0,0.0,0
0,tcp,http,SF,322,93111,0,0,0,0,0,1,0,0,0,0,0,0,0,0,0,0,12,12,0.0,0.0,0.0,0.0,1.0,0.0,0.0,38,255,1.0,0.0,0.03,0.03,0.03,0.01,0.0,0.0,0
0,tcp,http,REJ,0,0,0,0,0,0,0,0,0,0,0,0,0,0,0,0,0,0,1,1,0.0,0.0,1.0,1.0,1.0,0.0,0.0,83,255,1.0,0.0,0.01,0.06,0.0,0.0,1.0,1.0,0
0,tcp,http,SF,297,616,0,0,0,0,0,1,0,0,0,0,0,0,0,0,0,0,21,40,0.0,0.0,0.0,0.0,1.0,0.0,0.08,255,255,1.0,0.0,0.0,0.0,0.0,0.0,0.0,0.0,0
0,tcp,smtp,SF,1290,366,0,0,0,0,0,1,0,0,0,0,0,0,0,0,0,0,1,1,0.0,0.0,0.0,0.0,1.0,0.0,0.0,73,142,0.33,0.03,0.01,0.01,0.0,0.0,0.0,0.0,0
0,tcp,http,REJ,0,0,0,0,0,0,0,0,0,0,0,0,0,0,0,0,0,0,1,1,0.0,0.0,1.0,1.0,1.0,0.0,0.0,6,255,1.0,0.0,0.17,0.13,0.0,0.0,1.0,0.89,0
0,tcp,http,SF,221,1212,0,0,0,0,0,1,0,0,0,0,0,0,0,0,0,0,6,7,0.0,0.0,0.0,0.0,1.0,0.0,0.29,23,255,1.0,0.0,0.04,0.02,0.0,0.0,0.0,0.0,0
0,tcp,http,SF,319,8841,0,0,0,0,0,1,0,0,0,0,0,0,0,0,0,0,16,16,0.0,0.0,0.0,0.0,1.0,0.0,0.0,205,255,1.0,0.0,0.0,0.01,0.0,0.0,0.0,0.0,0
0,tcp,http,SF,247,511,0,0,0,0,0,1,0,0,0,0,0,0,0,0,0,0,8,9,0.0,0.0,0.0,0.0,1.0,0.0,0.22,113,215,1.0,0.0,0.01,0.03,0.0,0.0,0.0,0.0,0
107,udp,domain_u,SF,89,40,0,0,0,0,0,0,0,0,0,0,0,0,0,0,0,0,2,3,0.0,0.0,0.0,0.0,1.0,0.0,0.67,52,37,0.71,0.06,0.63,0.0,0.0,0.0,0.0,0.0,0
0,tcp,http,SF,204,3502,0,0,0,0,0,1,0,0,0,0,0,0,0,0,0,0,10,11,0.0,0.0,0.0,0.0,1.0,0.0,0.18,48,255,1.0,0.0,0.02,0.05,0.0,0.0,0.0,0.0,0
0,tcp,http,SF,212,447,0,0,0,0,0,1,0,0,0,0,0,0,0,0,0,0,32,35,0.0,0.0,0.0,0.0,1.0,0.0,0.09,169,215,1.0,0.0,0.01,0.02,0.0,0.0,0.0,0.0,0
0,tcp,http,SF,291,385,0,0,0,0,0,1,0,0,0,0,0,0,0,0,0,0,41,41,0.0,0.0,0.0,0.0,1.0,0.0,0.0,41,255,1.0,0.0,0.02,0.03,0.0,0.0,0.0,0.0,0
0,tcp,http,REJ,0,0,0,0,0,0,0,0,0,0,0,0,0,0,0,0,0,0,1,2,0.0,0.0,1.0,1.0,1.0,0.0,1.0,113,181,1.0,0.0,0.01,0.1,0.0,0.0,1.0,1.0,0
0,tcp,http,SF,221,5672,0,0,0,0,0,1,0,0,0,0,0,0,0,0,0,0,2,2,0.0,0.0,0.0,0.0,1.0,0.0,0.0,65,255,1.0,0.0,0.02,0.02,0.0,0.0,0.0,0.0,0
0,icmp,urp_i,SF,78,0,0,0,0,0,0,0,0,0,0,0,0,0,0,0,0,0,8,1,0.0,0.0,0.0,0.0,0.12,0.25,0.0,255,27,0.11,0.01,0.11,0.0,0.0,0.0,0.0,0.0,0
0,tcp,smtp,SF,1304,332,0,0,0,0,0,1,0,0,0,0,0,0,0,0,0,0,1,1,0.0,0.0,0.0,0.0,1.0,0.0,0.0,52,138,0.69,0.12,0.02,0.01,0.0,0.0,0.0,0.0,0
0,tcp,ftp_data,SF,245,0,0,0,0,0,0,1,0,0,0,1,0,0,0,0,0,0,2,2,0.0,0.0,0.0,0.0,1.0,0.0,0.0,67,6,0.03,0.07,0.03,0.33,0.0,0.0,0.0,0.0,0
0,tcp,http,SF,235,2015,0,0,0,0,0,1,0,0,0,0,0,0,0,0,0,0,14,14,0.0,0.0,0.0,0.0,1.0,0.0,0.0,255,255,1.0,0.0,0.0,0.0,0.0,0.0,0.0,0.0,0
0,udp,domain_u,SF,46,117,0,0,0,0,0,0,0,0,0,0,0,0,0,0,0,0,1,2,0.0,0.0,0.0,0.0,1.0,0.0,1.0,255,234,0.92,0.01,0.0,0.0,0.0,0.0,0.02,0.0,0
11204,tcp,telnet,SF,6198,12045,0,0,0,0,0,1,0,0,0,0,25,0,0,0,0,0,1,1,0.0,0.0,0.0,0.0,1.0,0.0,0.0,255,10,0.04,0.09,0.0,0.0,0.73,0.3,0.01,0.2,0
7,tcp,smtp,SF,1247,373,0,0,0,0,0,1,0,0,0,0,0,0,0,0,0,0,1,1,0.0,0.0,0.0,0.0,1.0,0.0,0.0,76,133,0.53,0.04,0.01,0.02,0.0,0.0,0.0,0.0,0
1,tcp,smtp,SF,636,331,0,0,0,0,0,1,0,0,0,0,0,0,0,0,0,0,1,2,0.0,0.0,0.0,0.0,1.0,0.0,1.0,117,140,0.41,0.07,0.01,0.02,0.0,0.0,0.0,0.0,0
0,tcp,http,SF,205,10371,0,0,0,0,0,1,0,0,0,0,0,0,0,0,0,0,7,7,0.0,0.0,0.0,0.0,1.0,0.0,0.0,255,255,1.0,0.0,0.0,0.0,0.0,0.0,0.0,0.0,0
0,tcp,http,SF,322,9457,0,0,0,0,0,1,0,0,0,0,0,0,0,0,0,0,19,19,0.0,0.0,0.0,0.0,1.0,0.0,0.0,65,255,1.0,0.0,0.02,0.01,0.0,0.0,0.0,0.0,0
0,tcp,http,SF,230,818,0,0,0,0,0,1,0,0,0,0,0,0,0,0,0,0,8,8,0.0,0.0,0.0,0.0,1.0,0.0,0.0,194,242,1.0,0.0,0.01,0.02,0.0,0.0,0.0,0.0,0
0,tcp,http,SF,317,807,0,0,0,0,0,1,0,0,0,0,0,0,0,0,0,0,9,9,0.0,0.0,0.0,0.0,1.0,0.0,0.0,255,255,1.0,0.0,0.0,0.0,0.0,0.0,0.0,0.0,0
3,tcp,smtp,SF,1267,412,0,0,0,0,0,1,0,0,0,0,0,0,0,0,0,0,1,1,0.0,0.0,0.0,0.0,1.0,0.0,0.0,136,93,0.68,0.02,0.01,0.0,0.0,0.0,0.0,0.0,0
7,tcp,ftp,SF,226,698,0,0,0,4,0,1,0,0,0,0,4,0,0,0,0,0,1,1,0.0,0.0,0.0,0.0,1.0,0.0,0.0,1,1,1.0,0.0,1.0,0.0,0.0,0.0,0.0,0.0,1
0,tcp,http,SF,247,1035,0,0,0,0,0,1,0,0,0,0,0,0,0,0,0,0,6,6,0.0,0.0,0.0,0.0,1.0,0.0,0.0,255,255,1.0,0.0,0.0,0.0,0.0,0.0,0.0,0.0,0
0,udp,domain_u,SF,46,112,0,0,0,0,0,0,0,0,0,0,0,0,0,0,0,0,67,147,0.0,0.0,0.0,0.0,1.0,0.0,0.01,255,254,1.0,0.01,0.0,0.0,0.0,0.0,0.0,0.0,0
0,tcp,ftp_data,SF,6601,0,0,0,0,0,0,1,0,0,0,0,0,0,0,0,0,0,19,19,0.0,0.0,0.0,0.0,1.0,0.0,0.0,106,68,0.64,0.03,0.64,0.0,0.0,0.0,0.0,0.0,0
0,tcp,http,SF,305,14648,0,0,0,0,0,1,0,0,0,0,0,0,0,0,0,0,4,24,0.0,0.0,0.0,0.0,1.0,0.0,0.08,85,255,1.0,0.0,0.01,0.04,0.0,0.0,0.0,0.0,0
1,tcp,smtp,SF,1403,337,0,0,0,0,0,1,0,0,0,0,0,0,0,0,0,0,1,1,0.0,0.0,0.0,0.0,1.0,0.0,0.0,59,177,0.71,0.07,0.02,0.01,0.0,0.0,0.0,0.0,0
0,tcp,http,SF,257,3973,0,0,0,0,0,1,0,0,0,0,0,0,0,0,0,0,1,1,0.0,0.0,0.0,0.0,1.0,0.0,0.0,255,255,1.0,0.0,0.0,0.0,0.0,0.0,0.0,0.0,0
143,tcp,telnet,SF,142,324,0,0,0,0,4,0,0,0,0,0,0,0,0,0,0,0,2,1,0.5,0.0,0.0,0.0,0.5,1.0,0.0,255,30,0.12,0.38,0.0,0.0,0.38,0.1,0.0,0.03,0
0,tcp,http,SF,209,9161,0,0,0,0,0,1,0,0,0,0,0,0,0,0,0,0,1,1,0.0,0.0,0.0,0.0,1.0,0.0,0.0,162,255,1.0,0.0,0.01,0.02,0.0,0.0,0.0,0.0,0
0,udp,domain_u,SF,44,73,0,0,0,0,0,0,0,0,0,0,0,0,0,0,0,0,154,154,0.0,0.0,0.0,0.0,1.0,0.0,0.0,255,225,0.88,0.01,0.0,0.0,0.0,0.0,0.0,0.0,0
0,tcp,http,SF,247,190971,0,0,0,0,0,1,0,0,0,0,0,0,0,0,0,0,5,6,0.0,0.0,0.0,0.0,1.0,0.0,0.33,255,255,1.0,0.0,0.0,0.0,0.0,0.0,0.0,0.0,0
0,tcp,http,SF,267,606,0,0,0,0,0,1,0,0,0,0,0,0,0,0,0,0,2,3,0.5,0.33,0.0,0.0,1.0,0.0,0.67,255,255,1.0,0.0,0.0,0.0,0.0,0.0,0.0,0.0,0
0,udp,domain_u,SF,46,92,0,0,0,0,0,0,0,0,0,0,0,0,0,0,0,0,103,105,0.0,0.0,0.0,0.0,1.0,0.0,0.03,255,229,0.9,0.01,0.0,0.0,0.0,0.0,0.0,0.0,0
0,tcp,http,SF,209,1645,0,0,0,0,0,1,0,0,0,0,0,0,0,0,0,0,3,3,0.0,0.0,0.0,0.0,1.0,0.0,0.0,255,255,1.0,0.0,0.0,0.0,0.0,0.0,0.0,0.0,0
2,tcp,smtp,SF,1079,327,0,0,0,0,0,1,0,0,0,0,0,0,0,0,0,0,1,2,0.0,0.0,0.0,0.0,1.0,0.0,1.0,69,198,0.96,0.04,0.01,0.02,0.0,0.01,0.0,0.0,0
0,tcp,http,SF,274,17066,0,0,0,0,0,1,0,0,0,0,0,0,0,0,0,0,1,2,0.0,0.0,0.0,0.0,1.0,0.0,1.0,33,255,1.0,0.0,0.03,0.03,0.0,0.0,0.0,0.0,0
25,tcp,telnet,SF,269,2333,0,0,0,0,0,1,0,1,0,2,2,1,0,0,0,0,1,1,0.0,0.0,0.0,0.0,1.0,0.0,0.0,69,2,0.03,0.06,0.01,0.0,0.0,0.0,0.0,0.0,1
0,tcp,http,SF,277,1274,0,0,0,0,0,1,0,0,0,0,0,0,0,0,0,0,7,10,0.0,0.0,0.0,0.0,1.0,0.0,0.2,255,255,1.0,0.0,0.0,0.0,0.0,0.0,0.0,0.0,0
0,tcp,http,SF,214,2175,0,0,0,0,0,1,0,0,0,0,0,0,0,0,0,0,3,3,0.0,0.0,0.0,0.0,1.0,0.0,0.0,3,255,1.0,0.0,0.33,0.06,0.0,0.0,0.0,0.0,0
41,udp,domain_u,SF,29,42,0,0,0,0,0,0,0,0,0,0,0,0,0,0,0,0,1,5,0.0,0.0,0.0,0.0,1.0,0.0,0.6,246,205,0.83,0.01,0.04,0.0,0.0,0.0,0.0,0.0,0
0,tcp,http,SF,234,14602,0,0,0,0,0,1,0,0,0,0,0,0,0,0,0,0,9,9,0.0,0.0,0.0,0.0,1.0,0.0,0.0,255,255,1.0,0.0,0.0,0.0,0.0,0.0,0.0,0.0,0
0,tcp,http,S2,225,0,0,0,0,1,0,1,0,0,0,0,0,0,0,0,0,0,1,4,1.0,0.5,0.0,0.0,1.0,0.0,1.0,21,255,1.0,0.0,0.05,0.05,0.05,0.0,0.0,0.0,0
0,tcp,http,REJ,0,0,0,0,0,0,0,0,0,0,0,0,0,0,0,0,0,0,1,1,0.0,0.0,1.0,1.0,1.0,0.0,0.0,33,255,1.0,0.0,0.03,0.09,0.0,0.0,0.39,0.67,0
0,tcp,http,SF,224,852,0,0,0,0,0,1,0,0,0,0,0,0,0,0,0,0,7,16,0.0,0.0,0.0,0.0,1.0,0.0,0.12,255,255,1.0,0.0,0.0,0.0,0.01,0.01,0.0,0.0,0
0,tcp,http,S1,174,13140,0,0,0,0,0,1,0,0,0,0,0,0,0,0,0,0,1,3,1.0,0.33,0.0,0.0,1.0,0.0,1.0,255,255,1.0,0.0,0.01,0.0,0.0,0.0,0.0,0.0,0
0,tcp,http,SF,173,12382,0,0,0,0,0,1,0,0,0,0,0,0,0,0,0,0,6,6,0.0,0.0,0.0,0.0,1.0,0.0,0.0,134,138,1.0,0.0,0.01,0.01,0.0,0.0,0.0,0.0,0
0,tcp,http,SF,221,261,0,0,0,0,0,1,0,0,0,0,0,0,0,0,0,0,14,14,0.0,0.0,0.0,0.0,1.0,0.0,0.0,41,91,1.0,0.0,0.02,0.08,0.0,0.0,0.0,0.0,0
0,tcp,smtp,SF,1797,484,0,0,0,0,0,1,0,0,0,0,0,0,0,0,0,0,1,1,0.0,0.0,0.0,0.0,1.0,0.0,0.0,255,108,0.42,0.04,0.0,0.0,0.14,0.0,0.02,0.0,0
0,tcp,ftp_data,SF,16,0,0,0,0,0,0,1,0,0,0,0,0,0,0,0,0,0,2,2,0.0,0.0,0.0,0.0,1.0,0.0,0.0,255,59,0.23,0.02,0.04,0.0,0.66,0.76,0.0,0.0,0
0,tcp,http,SF,221,715,0,0,0,0,0,1,0,0,0,0,0,0,0,0,0,0,12,12,0.0,0.0,0.0,0.0,1.0,0.0,0.0,53,138,1.0,0.0,0.02,0.02,0.0,0.0,0.0,0.0,0
0,tcp,http,SF,213,1286,0,0,0,0,0,1,0,0,0,0,0,0,0,0,0,0,5,5,0.0,0.0,0.0,0.0,1.0,0.0,0.0,98,255,1.0,0.0,0.01,0.03,0.0,0.0,0.0,0.0,0
0,tcp,http,SF,205,10431,0,0,0,0,0,1,0,0,0,0,0,0,0,0,0,0,4,4,0.0,0.0,0.0,0.0,1.0,0.0,0.0,20,255,1.0,0.0,0.05,0.01,0.0,0.0,0.0,0.0,0
0,tcp,http,SF,249,6047,0,0,0,0,0,1,0,0,0,0,0,0,0,0,0,0,6,7,0.0,0.0,0.0,0.0,1.0,0.0,0.29,107,255,1.0,0.0,0.01,0.02,0.0,0.0,0.0,0.0,0
0,tcp,finger,SF,9,0,0,0,0,0,0,0,0,0,0,0,0,0,0,0,0,0,1,1,0.0,0.0,0.0,0.0,1.0,0.0,0.0,142,10,0.06,0.02,0.01,0.2,0.06,0.3,0.01,0.0,0
218,tcp,http,SF,320,270,0,0,0,0,0,1,0,0,0,0,0,0,0,0,0,0,9,9,0.0,0.0,0.0,0.0,1.0,0.0,0.0,203,194,0.96,0.02,0.0,0.0,0.0,0.0,0.0,0.0,0
0,tcp,http,SF,206,1377,0,0,0,0,0,1,0,0,0,0,0,0,0,0,0,0,6,6,0.0,0.0,0.0,0.0,1.0,0.0,0.0,6,255,1.0,0.0,0.17,0.06,0.0,0.0,0.0,0.0,0
0,tcp,ftp_data,SF,9311,0,0,0,0,0,0,1,0,0,0,0,0,0,0,0,0,0,7,7,0.0,0.0,0.0,0.0,1.0,0.0,0.0,56,37,0.66,0.05,0.66,0.0,0.0,0.0,0.0,0.0,0
0,tcp,http,SF,238,789,0,0,0,0,0,1,0,0,0,0,0,0,0,0,0,0,9,9,0.0,0.0,0.0,0.0,1.0,0.0,0.0,255,255,1.0,0.0,0.0,0.0,0.0,0.0,0.0,0.0,0
0,tcp,http,SF,320,460,0,0,0,0,0,1,0,0,0,0,0,0,0,0,0,0,4,16,0.0,0.0,0.0,0.0,1.0,0.0,0.12,88,255,1.0,0.0,0.01,0.02,0.0,0.0,0.0,0.0,0
0,tcp,http,SF,144,699,0,0,0,0,0,1,0,0,0,0,0,0,0,0,0,0,2,2,0.0,0.0,0.0,0.0,1.0,0.0,0.0,2,255,1.0,0.0,0.5,0.02,0.0,0.0,0.0,0.0,0
2,tcp,smtp,SF,840,336,0,0,0,0,0,1,0,0,0,0,0,0,0,0,0,0,1,1,0.0,0.0,0.0,0.0,1.0,0.0,0.0,215,152,0.56,0.02,0.0,0.01,0.0,0.0,0.0,0.0,0
0,tcp,http,SF,309,1528,0,0,0,0,0,1,0,0,0,0,0,0,0,0,0,0,5,5,0.0,0.0,0.0,0.0,1.0,0.0,0.0,155,255,1.0,0.0,0.01,0.01,0.0,0.0,0.01,0.0,0
14,udp,private,SF,105,145,0,0,0,0,0,0,0,0,0,0,0,0,0,0,0,0,2,2,0.0,0.0,0.0,0.0,1.0,0.0,0.0,255,215,0.84,0.01,0.01,0.0,0.0,0.0,0.0,0.0,0
0,tcp,http,SF,214,5512,0,0,0,0,0,1,0,0,0,0,0,0,0,0,0,0,25,39,0.0,0.0,0.0,0.0,1.0,0.0,0.05,25,255,1.0,0.0,0.04,0.03,0.0,0.0,0.0,0.0,0
0,udp,domain_u,SF,45,71,0,0,0,0,0,0,0,0,0,0,0,0,0,0,0,0,139,139,0.0,0.0,0.0,0.0,1.0,0.0,0.0,255,224,0.88,0.01,0.0,0.0,0.0,0.0,0.0,0.0,0
0,tcp,http,SF,198,6136,0,0,0,0,0,1,0,0,0,0,0,0,0,0,0,0,1,1,0.0,0.0,0.0,0.0,1.0,0.0,0.0,255,241,0.95,0.02,0.0,0.0,0.0,0.0,0.0,0.0,0
0,tcp,http,SF,241,835,0,0,0,0,0,1,0,0,0,0,0,0,0,0,0,0,2,2,0.0,0.0,0.0,0.0,1.0,0.0,0.0,20,255,1.0,0.0,0.05,0.03,0.0,0.0,0.0,0.0,0
3,tcp,ftp_data,SF,2194619,0,0,0,0,0,0,1,0,0,0,0,0,0,0,0,0,0,2,2,0.0,0.0,0.0,0.0,1.0,0.0,0.0,25,6,0.24,0.12,0.24,0.0,0.0,0.0,0.0,0.0,0
0,udp,domain_u,SF,45,87,0,0,0,0,0,0,0,0,0,0,0,0,0,0,0,0,203,207,0.0,0.0,0.0,0.0,1.0,0.0,0.01,255,216,0.85,0.01,0.0,0.0,0.0,0.0,0.0,0.0,0
0,tcp,http,SF,199,354,0,0,0,0,0,1,0,0,0,0,0,0,0,0,0,0,12,12,0.0,0.0,0.0,0.0,1.0,0.0,0.0,255,255,1.0,0.0,0.0,0.0,0.0,0.0,0.0,0.0,0
0,tcp,http,SF,388,6349,0,0,0,0,0,1,0,0,0,0,0,0,0,0,0,0,16,16,0.0,0.0,0.0,0.0,1.0,0.0,0.0,255,255,1.0,0.0,0.0,0.0,0.0,0.0,0.0,0.0,0
0,tcp,ftp_data,SF,960,0,0,0,0,0,0,0,0,0,0,0,0,0,0,0,0,0,2,2,0.0,0.0,0.0,0.0,1.0,0.0,0.0,40,6,0.15,0.08,0.15,0.0,0.0,0.0,0.0,0.0,0
0,tcp,http,SF,234,1065,0,0,0,0,0,1,0,0,0,0,0,0,0,0,0,0,10,54,0.0,0.0,0.0,0.0,1.0,0.0,0.07,255,255,1.0,0.0,0.0,0.0,0.0,0.0,0.0,0.0,0
0,tcp,smtp,SF,1694,325,0,0,0,0,0,1,0,0,0,0,0,0,0,0,0,0,1,26,0.0,0.96,0.0,0.0,1.0,0.0,0.08,63,187,0.73,0.05,0.02,0.01,0.0,0.0,0.0,0.0,0
0,tcp,http,SF,378,285,0,0,0,0,0,1,0,0,0,0,0,0,0,0,0,0,13,13,0.0,0.0,0.0,0.0,1.0,0.0,0.0,255,255,1.0,0.0,0.0,0.0,0.0,0.0,0.0,0.0,0
0,tcp,http,SF,233,493,0,0,0,0,0,1,0,0,0,0,0,0,0,0,0,0,3,3,0.0,0.0,0.0,0.0,1.0,0.0,0.0,20,255,1.0,0.0,0.05,0.06,0.0,0.0,0.0,0.0,0
0,tcp,http,SF,335,728,0,0,0,0,0,1,0,0,0,0,0,0,0,0,0,0,20,21,0.0,0.0,0.0,0.0,1.0,0.0,0.1,255,255,1.0,0.0,0.0,0.0,0.0,0.0,0.0,0.0,0
13500,udp,other,SF,147,105,0,0,0,0,0,0,0,0,0,0,0,0,0,0,0,0,1,1,0.0,0.0,0.0,0.0,1.0,0.0,0.0,255,2,0.01,0.53,0.91,0.0,0.0,0.0,0.0,0.0,0
0,tcp,http,SF,236,2393,0,0,0,0,0,1,0,0,0,0,0,0,0,0,0,0,2,2,0.0,0.0,0.0,0.0,1.0,0.0,0.0,26,255,1.0,0.0,0.04,0.02,0.0,0.01,0.0,0.0,0
0,tcp,http,SF,210,1792,0,0,0,0,0,1,0,0,0,0,0,0,0,0,0,0,5,5,0.0,0.0,0.0,0.0,1.0,0.0,0.0,255,255,1.0,0.0,0.0,0.0,0.0,0.0,0.0,0.0,0
9908,tcp,IRC,RSTR,2634,8611,0,0,0,0,0,1,0,0,0,0,0,0,0,0,0,0,1,1,0.0,0.0,1.0,1.0,1.0,0.0,0.0,11,4,0.36,0.18,0.09,0.0,0.0,0.0,0.36,1.0,0
0,tcp,http,SF,253,2565,0,0,0,0,0,1,0,0,0,0,0,0,0,0,0,0,18,40,0.0,0.0,0.0,0.0,1.0,0.0,0.12,255,255,1.0,0.0,0.0,0.0,0.0,0.0,0.0,0.0,0
0,udp,private,SF,105,147,0,0,0,0,0,0,0,0,0,0,0,0,0,0,0,0,6,1,0.0,0.0,0.0,0.0,0.17,0.33,0.0,255,230,0.9,0.01,0.0,0.0,0.0,0.0,0.0,0.0,0
0,tcp,http,SF,267,13750,0,0,0,0,0,1,0,0,0,0,0,0,0,0,0,0,1,2,0.0,0.0,0.0,0.0,1.0,0.0,1.0,24,255,1.0,0.0,0.04,0.03,0.0,0.0,0.0,0.0,0
0,tcp,http,SF,243,6382,0,0,0,0,0,1,0,0,0,0,0,0,0,0,0,0,9,11,0.0,0.0,0.0,0.0,1.0,0.0,0.18,42,255,1.0,0.0,0.02,0.01,0.0,0.0,0.0,0.0,0
0,tcp,http,SF,250,379,0,0,0,0,0,1,0,0,0,0,0,0,0,0,0,0,7,7,0.0,0.0,0.0,0.0,1.0,0.0,0.0,255,255,1.0,0.0,0.01,0.0,0.0,0.0,0.0,0.0,0
0,udp,domain_u,SF,45,142,0,0,0,0,0,0,0,0,0,0,0,0,0,0,0,0,234,311,0.0,0.0,0.0,0.0,1.0,0.0,0.01,159,120,0.75,0.02,0.01,0.0,0.0,0.0,0.0,0.0,0
0,tcp,http,SF,284,920,0,0,0,0,0,1,0,0,0,0,0,0,0,0,0,0,6,19,0.0,0.0,0.0,0.0,1.0,0.0,0.11,6,211,1.0,0.0,0.17,0.01,0.0,0.01,0.0,0.01,0
0,tcp,http,SF,217,292,0,0,0,0,0,1,0,0,0,0,0,0,0,0,0,0,17,28,0.0,0.0,0.0,0.0,1.0,0.0,0.14,174,255,1.0,0.0,0.01,0.02,0.0,0.0,0.0,0.0,0
0,tcp,http,REJ,0,0,0,0,0,0,0,0,0,0,0,0,0,0,0,0,0,0,1,2,0.0,0.0,1.0,0.5,1.0,0.0,1.0,3,255,1.0,0.0,0.33,0.14,0.0,0.0,1.0,1.0,0
0,tcp,http,SF,250,666,0,0,0,0,0,1,0,0,0,0,0,0,0,0,0,0,13,13,0.0,0.0,0.0,0.0,1.0,0.0,0.0,255,255,1.0,0.0,0.0,0.0,0.0,0.0,0.0,0.0,0
0,tcp,ftp_data,SF,960,0,0,0,0,0,0,0,0,0,0,0,0,0,0,0,0,0,2,2,0.0,0.0,0.0,0.0,1.0,0.0,0.0,216,80,0.37,0.03,0.37,0.0,0.01,0.0,0.0,0.0,0
0,udp,domain_u,SF,44,128,0,0,0,0,0,0,0,0,0,0,0,0,0,0,0,0,79,159,0.0,0.0,0.0,0.0,1.0,0.0,0.01,255,211,0.83,0.01,0.0,0.0,0.0,0.0,0.0,0.0,0
0,udp,other,SF,516,4,0,0,0,0,0,0,0,0,0,0,0,0,0,0,0,0,328,328,0.0,0.0,0.0,0.0,1.0,0.0,0.0,255,255,1.0,0.0,1.0,0.0,0.0,0.0,0.0,0.0,0
0,tcp,http,SF,148,432,0,0,0,0,0,1,0,0,0,0,0,0,0,0,0,0,1,1,0.0,0.0,0.0,0.0,1.0,0.0,0.0,2,255,1.0,0.0,0.5,0.05,0.0,0.0,0.0,0.0,0
0,tcp,http,SF,229,984,0,0,0,0,0,1,0,0,0,0,0,0,0,0,0,0,18,18,0.0,0.0,0.0,0.0,1.0,0.0,0.0,255,255,1.0,0.0,0.0,0.0,0.0,0.0,0.0,0.0,0
0,tcp,http,SF,214,4823,0,0,0,0,0,1,0,0,0,0,0,0,0,0,0,0,28,60,0.0,0.0,0.0,0.0,1.0,0.0,0.1,255,255,1.0,0.0,0.0,0.0,0.0,0.0,0.0,0.0,0
0,tcp,ftp_data,SF,59,0,0,0,0,0,0,1,0,0,0,0,0,0,0,0,0,0,13,14,0.0,0.0,0.0,0.0,1.0,0.0,0.14,126,129,0.42,0.05,0.42,0.02,0.0,0.01,0.0,0.0,0
0,tcp,http,SF,214,1328,0,0,0,0,0,1,0,0,0,0,0,0,0,0,0,0,36,36,0.0,0.0,0.0,0.0,1.0,0.0,0.0,255,255,1.0,0.0,0.0,0.0,0.0,0.0,0.0,0.0,0
0,tcp,http,SF,183,3948,0,0,0,0,0,1,0,0,0,0,0,0,0,0,0,0,1,2,0.0,0.0,0.0,0.0,1.0,0.0,1.0,5,255,1.0,0.0,0.2,0.02,0.0,0.0,0.0,0.0,0
0,tcp,http,SF,222,1206,0,0,0,0,0,1,0,0,0,0,0,0,0,0,0,0,26,27,0.0,0.0,0.0,0.0,1.0,0.0,0.07,26,255,1.0,0.0,0.04,0.01,0.0,0.0,0.0,0.0,0
0,tcp,ftp_data,SF,0,5020,0,0,0,0,0,1,0,0,0,0,0,0,0,0,0,0,3,3,0.0,0.0,0.0,0.0,1.0,0.0,0.0,3,83,1.0,0.0,1.0,0.02,0.0,0.0,0.0,0.0,1
0,tcp,smtp,SF,1294,385,0,0,0,0,0,1,0,0,0,0,0,0,0,0,0,0,1,1,0.0,0.0,0.0,0.0,1.0,0.0,0.0,255,122,0.48,0.02,0.0,0.0,0.51,0.58,0.0,0.0,0
0,udp,domain_u,SF,43,84,0,0,0,0,0,0,0,0,0,0,0,0,0,0,0,0,156,156,0.0,0.0,0.0,0.0,1.0,0.0,0.0,255,203,0.8,0.01,0.0,0.0,0.0,0.0,0.0,0.0,0
11,tcp,http,SF,261,7695,0,0,0,0,0,1,0,0,0,0,0,0,0,0,0,0,1,2,0.0,0.0,0.0,0.0,1.0,0.0,1.0,255,232,0.91,0.02,0.0,0.0,0.0,0.0,0.0,0.0,0
0,udp,private,SF,105,146,0,0,0,0,0,0,0,0,0,0,0,0,0,0,0,0,1,1,0.0,0.0,0.0,0.0,1.0,0.0,0.0,4,3,0.75,0.5,0.25,0.0,0.0,0.0,0.0,0.0,0
0,tcp,http,SF,227,392,0,0,0,0,0,1,0,0,0,0,0,0,0,0,0,0,6,37,0.0,0.0,0.0,0.0,1.0,0.0,0.11,99,255,1.0,0.0,0.01,0.03,0.0,0.0,0.0,0.0,0
0,icmp,ecr_i,SF,30,0,0,0,0,0,0,0,0,0,0,0,0,0,0,0,0,0,2,2,0.0,0.0,0.0,0.0,1.0,0.0,0.0,153,153,1.0,0.0,1.0,0.0,0.0,0.0,0.0,0.0,0
0,udp,domain_u,SF,31,91,0,0,0,0,0,0,0,0,0,0,0,0,0,0,0,0,1,1,0.0,0.0,0.0,0.0,1.0,0.0,0.0,162,160,0.99,0.01,0.01,0.0,0.0,0.0,0.0,0.0,0
0,udp,domain_u,SF,44,132,0,0,0,0,0,0,0,0,0,0,0,0,0,0,0,0,77,157,0.0,0.0,0.0,0.0,1.0,0.0,0.01,255,254,1.0,0.01,0.0,0.0,0.0,0.0,0.0,0.0,0
0,udp,domain_u,SF,133,42,0,0,0,0,0,0,0,0,0,0,0,0,0,0,0,0,263,262,0.0,0.0,0.0,0.0,1.0,0.01,0.0,152,119,0.78,0.01,0.3,0.0,0.0,0.0,0.0,0.0,0
0,tcp,http,SF,247,1884,0,0,0,0,0,1,0,0,0,0,0,0,0,0,0,0,6,6,0.0,0.0,0.0,0.0,1.0,0.0,0.0,23,255,1.0,0.0,0.04,0.01,0.0,0.0,0.0,0.0,0
1,tcp,smtp,SF,1458,332,0,0,0,0,0,1,0,0,0,0,0,0,0,0,0,0,1,2,0.0,0.0,0.0,0.0,1.0,0.0,1.0,189,156,0.68,0.02,0.01,0.01,0.0,0.0,0.0,0.0,0
0,udp,domain_u,SF,45,130,0,0,0,0,0,0,0,0,0,0,0,0,0,0,0,0,70,150,0.0,0.0,0.0,0.0,1.0,0.0,0.01,255,254,1.0,0.01,0.0,0.0,0.0,0.0,0.0,0.0,0
0,udp,private,SF,105,0,0,0,0,0,0,0,0,0,0,0,0,0,0,0,0,0,2,2,0.0,0.0,0.0,0.0,1.0,0.0,0.0,44,35,0.8,0.07,0.05,0.0,0.0,0.0,0.0,0.0,0
0,udp,domain_u,SF,44,121,0,0,0,0,0,0,0,0,0,0,0,0,0,0,0,0,198,198,0.0,0.0,0.0,0.0,1.0,0.0,0.0,255,255,1.0,0.0,0.0,0.0,0.0,0.0,0.0,0.0,0
0,tcp,http,SF,409,4167,0,0,0,0,0,1,0,0,0,0,0,0,0,0,0,0,13,13,0.0,0.0,0.0,0.0,1.0,0.0,0.0,57,245,1.0,0.0,0.02,0.23,0.0,0.0,0.21,0.82,0
0,tcp,http,SF,217,331,0,0,0,0,0,1,0,0,0,0,0,0,0,0,0,0,2,2,0.0,0.0,0.0,0.0,1.0,0.0,0.0,160,255,1.0,0.0,0.01,0.02,0.0,0.0,0.0,0.0,0
0,tcp,http,SF,305,2507,0,0,0,0,0,1,0,0,0,0,0,0,0,0,0,0,1,2,0.0,0.0,0.0,0.0,1.0,0.0,1.0,255,251,0.98,0.01,0.0,0.0,0.0,0.0,0.0,0.0,0
0,tcp,http,SF,226,1968,0,0,0,0,0,1,0,0,0,0,0,0,0,0,0,0,7,7,0.0,0.0,0.0,0.0,1.0,0.0,0.0,51,255,1.0,0.0,0.02,0.06,0.0,0.0,0.0,0.0,0
0,tcp,http,SF,238,930,0,0,0,0,0,1,0,0,0,0,0,0,0,0,0,0,19,19,0.0,0.0,0.0,0.0,1.0,0.0,0.0,255,255,1.0,0.0,0.0,0.0,0.0,0.0,0.0,0.0,0
0,tcp,http,SF,225,370,0,0,0,0,0,1,0,0,0,0,0,0,0,0,0,0,24,26,0.0,0.0,0.0,0.0,1.0,0.0,0.12,255,255,1.0,0.0,0.0,0.0,0.0,0.0,0.0,0.0,0
23,tcp,ftp,SF,294,903,0,0,0,5,0,1,0,0,0,0,0,0,0,0,0,1,1,1,0.0,0.0,0.0,0.0,1.0,0.0,0.0,35,6,0.17,0.06,0.03,0.0,0.0,0.0,0.0,0.0,0
0,tcp,http,SF,189,2627,0,0,0,0,0,1,0,0,0,0,0,0,0,0,0,0,11,11,0.0,0.0,0.0,0.0,1.0,0.0,0.0,83,255,1.0,0.0,0.01,0.02,0.0,0.0,0.0,0.0,0
0,tcp,http,SF,312,815,0,0,0,0,0,1,0,0,0,0,0,0,0,0,0,0,2,2,0.0,0.0,0.0,0.0,1.0,0.0,0.0,18,255,1.0,0.0,0.06,0.03,0.0,0.0,0.0,0.0,0
0,udp,domain_u,SF,42,108,0,0,0,0,0,0,0,0,0,0,0,0,0,0,0,0,1,1,0.0,0.0,0.0,0.0,1.0,0.0,0.0,232,229,0.99,0.01,0.0,0.0,0.0,0.0,0.0,0.0,0
0,tcp,http,SF,163,30113,0,0,0,0,0,1,0,0,0,0,0,0,0,0,0,0,1,5,0.0,0.0,0.0,0.0,1.0,0.0,0.4,255,255,1.0,0.0,0.0,0.0,0.01,0.01,0.0,0.0,0
0,tcp,http,SF,369,1335,0,0,0,0,0,1,0,0,0,0,0,0,0,0,0,0,8,8,0.0,0.0,0.0,0.0,1.0,0.0,0.0,208,255,1.0,0.0,0.0,0.02,0.0,0.0,0.0,0.0,0
0,tcp,http,SF,297,284,0,0,0,0,0,1,0,0,0,0,0,0,0,0,0,0,3,4,0.0,0.0,0.0,0.0,1.0,0.0,0.5,255,255,1.0,0.0,0.0,0.0,0.0,0.0,0.0,0.0,0
0,tcp,http,SF,281,1967,0,0,0,0,0,1,0,0,0,0,0,0,0,0,0,0,1,1,0.0,0.0,0.0,0.0,1.0,0.0,0.0,23,255,1.0,0.0,0.04,0.03,0.0,0.0,0.0,0.0,0
0,tcp,http,SF,349,741,0,0,0,0,0,1,0,0,0,0,0,0,0,0,0,0,5,6,0.0,0.0,0.0,0.0,1.0,0.0,0.33,227,255,1.0,0.0,0.0,0.02,0.0,0.0,0.0,0.0,0
0,tcp,ftp_data,SF,383,0,0,0,0,0,0,0,0,0,0,0,0,0,0,0,0,0,2,2,0.0,0.0,0.0,0.0,1.0,0.0,0.0,255,101,0.4,0.02,0.4,0.0,0.0,0.0,0.0,0.0,0
4852,udp,other,SF,146,105,0,0,0,0,0,0,0,0,0,0,0,0,0,0,0,0,2,2,0.0,0.0,0.0,0.0,1.0,0.0,0.0,9,2,0.22,0.67,1.0,0.0,0.0,0.0,0.0,0.0,0
0,tcp,http,SF,288,1771,0,0,0,0,0,1,0,0,0,0,0,0,0,0,0,0,23,26,0.0,0.0,0.0,0.0,1.0,0.0,0.12,229,255,1.0,0.0,0.0,0.01,0.0,0.0,0.0,0.0,0
0,udp,domain_u,SF,73,46,0,0,0,0,0,0,0,0,0,0,0,0,0,0,0,0,119,119,0.0,0.0,0.0,0.0,1.0,0.0,0.0,255,166,0.65,0.01,0.22,0.0,0.0,0.0,0.0,0.0,0
0,udp,other,SF,146,0,0,0,0,0,0,0,0,0,0,0,0,0,0,0,0,0,3,1,0.0,0.0,0.0,0.0,0.33,0.67,0.0,255,1,0.0,0.79,0.96,0.0,0.0,0.0,0.0,0.0,0
0,tcp,http,SF,235,26456,0,0,0,0,0,1,0,0,0,0,0,0,0,0,0,0,5,5,0.0,0.0,0.0,0.0,1.0,0.0,0.0,175,255,1.0,0.0,0.01,0.02,0.0,0.0,0.0,0.0,0
0,tcp,ftp_data,SF,0,5690,0,0,0,0,0,1,0,0,0,0,0,0,0,0,0,0,1,1,0.0,0.0,0.0,0.0,1.0,0.0,0.0,1,1,1.0,0.0,1.0,0.0,0.0,0.0,0.0,0.0,1
0,udp,private,SF,105,146,0,0,0,0,0,0,0,0,0,0,0,0,0,0,0,0,6,1,0.0,0.0,0.0,0.0,0.17,0.33,0.0,255,244,0.96,0.01,0.0,0.0,0.0,0.0,0.0,0.0,0
0,tcp,http,SF,300,1197,0,0,0,0,0,1,0,0,0,0,0,0,0,0,0,0,1,1,0.0,0.0,0.0,0.0,1.0,0.0,0.0,105,255,1.0,0.0,0.01,0.06,0.0,0.0,0.0,0.0,0
3029,udp,domain_u,SF,17,17,0,0,0,0,0,0,0,0,0,0,0,0,0,0,0,0,2,2,0.0,0.0,0.0,0.0,1.0,0.0,0.0,255,174,0.68,0.01,0.11,0.0,0.0,0.0,0.0,0.0,0
0,tcp,http,SF,211,1857,0,0,0,0,0,1,0,0,0,0,0,0,0,0,0,0,29,29,0.0,0.0,0.0,0.0,1.0,0.0,0.0,68,255,1.0,0.0,0.01,0.01,0.0,0.0,0.0,0.0,0
0,tcp,http,SF,222,771,0,0,0,0,0,1,0,0,0,0,0,0,0,0,0,0,8,8,0.0,0.0,0.0,0.0,1.0,0.0,0.0,45,255,1.0,0.0,0.02,0.02,0.0,0.0,0.0,0.0,0
0,udp,other,SF,146,0,0,0,0,0,0,0,0,0,0,0,0,0,0,0,0,0,1,1,0.0,0.0,0.0,0.0,1.0,0.0,0.0,255,1,0.0,0.46,0.81,0.0,0.0,0.0,0.0,0.0,0
0,tcp,http,SF,245,381,0,0,0,0,0,1,0,0,0,0,0,0,0,0,0,0,11,11,0.0,0.0,0.0,0.0,1.0,0.0,0.0,11,255,1.0,0.0,0.09,0.04,0.0,0.0,0.0,0.0,0
0,tcp,http,SF,284,6015,0,0,0,0,0,1,0,0,0,0,0,0,0,0,0,0,2,2,0.5,0.5,0.0,0.0,1.0,0.0,0.0,7,255,1.0,0.0,0.14,0.04,0.14,0.0,0.0,0.0,0
0,tcp,http,SF,329,641,0,0,0,0,0,1,0,0,0,0,0,0,0,0,0,0,5,9,0.0,0.0,0.0,0.0,1.0,0.0,0.22,147,255,1.0,0.0,0.01,0.02,0.0,0.0,0.0,0.0,0
0,tcp,http,SF,357,1266,0,0,0,0,0,1,0,0,0,0,0,0,0,0,0,0,5,7,0.0,0.0,0.0,0.0,1.0,0.0,0.29,5,255,1.0,0.0,0.2,0.04,0.0,0.0,0.0,0.0,0
0,tcp,http,SF,218,1068,0,0,0,0,0,1,0,0,0,0,0,0,0,0,0,0,10,11,0.0,0.0,0.0,0.0,1.0,0.0,0.18,95,255,1.0,0.0,0.01,0.08,0.0,0.0,0.0,0.0,0
0,tcp,http,SF,249,290,0,0,0,0,0,1,0,0,0,0,0,0,0,0,0,0,16,18,0.0,0.0,0.0,0.0,1.0,0.0,0.17,255,255,1.0,0.0,0.0,0.0,0.0,0.0,0.0,0.0,0
0,tcp,http,SF,236,1695,0,0,0,0,0,1,0,0,0,0,0,0,0,0,0,0,8,8,0.0,0.0,0.0,0.0,1.0,0.0,0.0,255,255,1.0,0.0,0.0,0.0,0.0,0.0,0.0,0.0,0
0,udp,domain_u,SF,46,129,0,0,0,0,0,0,0,0,0,0,0,0,0,0,0,0,31,59,0.0,0.0,0.0,0.0,1.0,0.0,0.03,91,210,0.85,0.02,0.85,0.01,0.0,0.0,0.12,0.0,0
0,tcp,http,SF,302,1381,0,0,0,0,0,1,0,0,0,0,0,0,0,0,0,0,4,4,0.0,0.0,0.0,0.0,1.0,0.0,0.0,77,255,1.0,0.0,0.01,0.03,0.0,0.0,0.0,0.0,0
0,tcp,smtp,SF,1004,481,0,0,0,0,0,1,0,0,0,0,0,0,0,0,0,0,1,1,0.0,0.0,0.0,0.0,1.0,0.0,0.0,255,6,0.02,0.01,0.0,0.0,0.01,0.0,0.0,0.0,0
0,tcp,http,SF,230,350,0,0,0,0,0,1,0,0,0,0,0,0,0,0,0,0,8,8,0.0,0.0,0.0,0.0,1.0,0.0,0.0,8,255,1.0,0.0,0.12,0.05,0.0,0.0,0.0,0.0,0
0,udp,private,SF,105,145,0,0,0,0,0,0,0,0,0,0,0,0,0,0,0,0,2,2,0.0,0.0,0.0,0.0,1.0,0.0,0.0,255,245,0.96,0.01,0.01,0.0,0.0,0.0,0.0,0.0,0
0,tcp,http,SF,249,128,0,0,0,0,0,1,0,0,0,0,0,0,0,0,0,0,1,1,0.0,0.0,0.0,0.0,1.0,0.0,0.0,11,255,1.0,0.0,0.09,0.02,0.0,0.0,0.0,0.0,0
9,tcp,smtp,SF,694,330,0,0,0,0,0,1,0,0,0,0,0,0,0,0,0,0,1,1,0.0,0.0,0.0,0.0,1.0,0.0,0.0,204,128,0.63,0.06,0.0,0.0,0.0,0.0,0.0,0.0,0
0,tcp,http,SF,338,11868,0,0,0,0,0,1,0,0,0,0,0,0,0,0,0,0,8,8,0.0,0.0,0.0,0.0,1.0,0.0,0.0,206,255,1.0,0.0,0.0,0.01,0.0,0.0,0.0,0.0,0
0,tcp,http,SF,345,2787,0,0,0,0,0,1,0,0,0,0,0,0,0,0,0,0,8,8,0.0,0.0,0.0,0.0,1.0,0.0,0.0,255,255,1.0,0.0,0.0,0.0,0.0,0.0,0.0,0.0,0
1754,udp,other,SF,147,105,0,0,0,0,0,0,0,0,0,0,0,0,0,0,0,0,1,1,0.0,0.0,0.0,0.0,1.0,0.0,0.0,255,1,0.0,0.61,0.88,0.0,0.0,0.0,0.0,0.0,0
0,tcp,http,SF,227,392,0,0,0,0,0,1,0,0,0,0,0,0,0,0,0,0,10,10,0.0,0.0,0.0,0.0,1.0,0.0,0.0,255,255,1.0,0.0,0.0,0.0,0.0,0.0,0.0,0.0,0
0,tcp,http,SF,295,2727,0,0,0,0,0,1,0,0,0,0,0,0,0,0,0,0,9,9,0.0,0.0,0.0,0.0,1.0,0.0,0.0,255,255,1.0,0.0,0.0,0.0,0.0,0.0,0.0,0.0,0
0,udp,domain_u,SF,45,138,0,0,0,0,0,0,0,0,0,0,0,0,0,0,0,0,13,22,0.0,0.0,0.0,0.0,1.0,0.0,0.09,255,255,1.0,0.0,0.0,0.0,0.0,0.0,0.0,0.0,0
0,tcp,http,SF,169,25256,0,0,0,0,0,1,0,0,0,0,0,0,0,0,0,0,1,1,0.0,0.0,0.0,0.0,1.0,0.0,0.0,44,255,1.0,0.0,0.02,0.01,0.0,0.0,0.0,0.0,0
0,tcp,ftp_data,SF,567,0,0,0,0,0,0,0,0,0,0,0,0,0,0,0,0,0,2,1,0.0,0.0,0.0,0.0,0.5,1.0,0.0,255,93,0.36,0.04,0.37,0.0,0.0,0.01,0.01,0.0,0
0,tcp,http,SF,269,1588,0,0,0,0,0,1,0,0,0,0,0,0,0,0,0,0,4,7,0.0,0.0,0.0,0.0,1.0,0.0,0.29,65,255,1.0,0.0,0.02,0.02,0.0,0.0,0.0,0.0,0
79,tcp,telnet,SF,281,1301,0,0,0,2,0,1,1,1,0,0,4,2,0,0,0,0,1,1,0.0,0.0,0.0,0.0,1.0,0.0,0.0,1,10,1.0,0.0,1.0,0.3,0.0,0.0,0.0,0.1,1
0,tcp,http,SF,229,3624,0,0,0,0,0,1,0,0,0,0,0,0,0,0,0,0,36,40,0.0,0.0,0.0,0.03,1.0,0.0,0.08,255,255,1.0,0.0,0.0,0.0,0.0,0.0,0.0,0.0,0
0,tcp,http,SF,231,15815,0,0,0,0,0,1,0,0,0,0,0,0,0,0,0,0,1,2,0.0,0.0,0.0,0.0,1.0,0.0,1.0,2,255,1.0,0.0,0.5,0.04,0.0,0.0,0.0,0.0,0
0,tcp,http,SF,155,5797,0,0,0,0,0,1,0,0,0,0,0,0,0,0,0,0,2,2,0.0,0.0,0.0,0.0,1.0,0.0,0.0,255,255,1.0,0.0,0.0,0.0,0.0,0.0,0.0,0.0,0
0,tcp,http,S1,235,1460,0,0,0,0,0,1,0,0,0,0,0,0,0,0,0,0,1,1,1.0,1.0,0.0,0.0,1.0,0.0,0.0,255,253,0.99,0.01,0.0,0.0,0.0,0.0,0.0,0.0,0
0,tcp,http,SF,336,361,0,0,0,0,0,1,0,0,0,0,0,0,0,0,0,0,3,8,0.0,0.0,0.0,0.0,1.0,0.0,0.25,255,255,1.0,0.0,0.0,0.0,0.0,0.0,0.0,0.0,0
0,tcp,http,SF,256,398,0,0,0,0,0,1,0,0,0,0,0,0,0,0,0,0,9,10,0.0,0.0,0.0,0.0,1.0,0.0,0.2,255,255,1.0,0.0,0.0,0.0,0.0,0.0,0.0,0.0,0
0,tcp,http,REJ,0,0,0,0,0,0,0,0,0,0,0,0,0,0,0,0,0,0,1,2,0.0,0.0,1.0,1.0,1.0,0.0,1.0,15,255,1.0,0.0,0.07,0.22,0.0,0.0,1.0,1.0,0
0,tcp,ftp_data,SF,1339,0,0,0,0,0,0,1,0,0,0,0,0,0,0,0,0,0,1,1,0.0,0.0,0.0,0.0,1.0,0.0,0.0,242,63,0.22,0.02,0.22,0.03,0.0,0.0,0.03,0.0,0
0,tcp,smtp,SF,746,332,0,0,0,0,0,1,0,0,0,0,0,0,0,0,0,0,1,1,0.0,0.0,0.0,0.0,1.0,0.0,0.0,255,121,0.47,0.02,0.01,0.0,0.0,0.01,0.0,0.0,0
0,tcp,http,SF,182,14650,0,0,0,0,0,1,0,0,0,0,0,0,0,0,0,0,5,5,0.0,0.0,0.0,0.0,1.0,0.0,0.0,27,255,1.0,0.0,0.04,0.04,0.0,0.0,0.0,0.0,0
0,tcp,http,REJ,0,0,0,0,0,0,0,0,0,0,0,0,0,0,0,0,0,0,1,1,0.0,0.0,1.0,1.0,1.0,0.0,0.0,1,255,1.0,0.0,1.0,0.09,0.0,0.0,1.0,0.82,0
0,tcp,http,SF,235,1341,0,0,0,0,0,1,0,0,0,0,0,0,0,0,0,0,2,5,0.0,0.0,0.0,0.0,1.0,0.0,0.4,255,255,1.0,0.0,0.0,0.0,0.0,0.0,0.0,0.0,0
0,tcp,http,SF,353,1525,0,0,0,0,0,1,0,0,0,0,0,0,0,0,0,0,18,18,0.0,0.0,0.0,0.0,1.0,0.0,0.0,18,255,1.0,0.0,0.06,0.04,0.0,0.0,0.0,0.0,0
0,udp,domain_u,SF,30,0,0,0,0,0,0,0,0,0,0,0,0,0,0,0,0,0,1,2,0.0,0.0,0.0,0.0,1.0,0.0,1.0,120,12,0.1,0.05,0.1,0.0,0.01,0.0,0.0,0.0,0
0,tcp,http,SF,252,6117,0,0,0,0,0,1,0,0,0,0,0,0,0,0,0,0,2,2,0.0,0.0,0.0,0.0,1.0,0.0,0.0,21,255,1.0,0.0,0.05,0.01,0.0,0.0,0.0,0.0,0
0,tcp,http,SF,324,1415,0,0,0,0,0,1,0,0,0,0,0,0,0,0,0,0,2,2,0.0,0.0,0.0,0.0,1.0,0.0,0.0,2,2,1.0,0.0,0.5,0.0,0.0,0.0,0.0,0.0,0
0,tcp,smtp,SF,1174,330,0,0,0,0,0,1,0,0,0,0,0,0,0,0,0,0,1,1,0.0,0.0,0.0,0.0,1.0,0.0,0.0,81,143,0.8,0.05,0.01,0.01,0.0,0.0,0.0,0.0,0
0,tcp,http,SF,223,1380,0,0,0,0,0,1,0,0,0,0,0,0,0,0,0,0,3,3,0.0,0.0,0.0,0.0,1.0,0.0,0.0,255,255,1.0,0.0,0.0,0.0,0.0,0.0,0.0,0.0,0
0,tcp,http,SF,237,511,0,0,0,0,0,1,0,0,0,0,0,0,0,0,0,0,1,11,0.0,0.0,0.0,0.0,1.0,0.0,0.18,3,255,1.0,0.0,0.33,0.02,0.0,0.0,0.0,0.0,0
0,tcp,http,SF,374,471,0,0,0,0,0,1,0,0,0,0,0,0,0,0,0,0,11,11,0.0,0.0,0.0,0.0,1.0,0.0,0.0,74,231,1.0,0.0,0.01,0.19,0.0,0.0,0.08,0.71,0
0,tcp,ftp_data,SF,11,0,0,0,0,0,0,0,0,0,0,0,0,0,0,0,0,0,2,3,0.0,0.0,0.0,0.0,1.0,0.0,0.67,56,4,0.07,0.11,0.07,0.0,0.04,0.0,0.05,0.0,0
0,tcp,http,SF,340,1462,0,0,0,0,0,1,0,0,0,0,0,0,0,0,0,0,3,3,0.0,0.0,0.0,0.0,1.0,0.0,0.0,255,255,1.0,0.0,0.0,0.0,0.0,0.0,0.0,0.0,0
0,tcp,http,SF,309,10223,0,0,0,0,0,1,0,0,0,0,0,0,0,0,0,0,1,23,0.0,0.0,0.0,0.0,1.0,0.0,0.22,2,255,1.0,0.0,0.5,0.04,0.0,0.0,0.0,0.0,0
0,tcp,http,SF,235,434,0,0,0,0,0,1,0,0,0,0,0,0,0,0,0,0,1,1,0.0,0.0,0.0,0.0,1.0,0.0,0.0,2,255,1.0,0.0,0.5,0.03,0.0,0.0,0.0,0.0,0
0,tcp,http,SF,197,19113,0,0,0,0,0,1,0,0,0,0,0,0,0,0,0,0,1,15,0.0,0.0,0.0,0.0,1.0,0.0,0.13,4,255,1.0,0.0,0.25,0.02,0.25,0.0,0.0,0.0,0
0,tcp,http,SF,317,7562,0,0,0,0,0,1,0,0,0,0,0,0,0,0,0,0,4,4,0.0,0.0,0.0,0.0,1.0,0.0,0.0,255,255,1.0,0.0,0.0,0.0,0.0,0.0,0.0,0.0,0
0,tcp,http,SF,192,163,0,0,0,0,0,1,0,0,0,0,0,0,0,0,0,0,1,22,0.0,0.0,0.0,0.0,1.0,0.0,0.14,5,255,1.0,0.0,0.2,0.02,0.0,0.0,0.0,0.0,0
0,udp,domain_u,SF,33,0,0,0,0,0,0,0,0,0,0,0,0,0,0,0,0,0,2,11,0.0,0.0,0.0,0.0,1.0,0.0,0.27,255,31,0.12,0.02,0.12,0.0,0.0,0.0,0.0,0.0,0
0,tcp,ftp_data,SF,6601,0,0,0,0,0,0,0,0,0,0,0,0,0,0,0,0,0,16,16,0.0,0.0,0.0,0.0,1.0,0.0,0.0,233,101,0.43,0.02,0.43,0.0,0.0,0.0,0.0,0.0,0
0,udp,other,SF,516,4,0,0,0,0,0,0,0,0,0,0,0,0,0,0,0,0,230,230,0.0,0.0,0.0,0.0,1.0,0.0,0.0,230,230,1.0,0.0,1.0,0.0,0.0,0.0,0.0,0.0,0
275,udp,other,SF,147,105,0,0,0,0,0,0,0,0,0,0,0,0,0,0,0,0,1,1,0.0,0.0,0.0,0.0,1.0,0.0,0.0,255,4,0.02,0.55,0.87,0.0,0.0,0.0,0.0,0.0,0
0,tcp,ftp_data,SF,5929,0,0,0,0,0,0,1,0,0,0,0,0,0,0,0,0,0,14,14,0.0,0.0,0.0,0.0,1.0,0.0,0.0,20,20,1.0,0.0,1.0,0.0,0.0,0.0,0.0,0.0,0
0,tcp,http,SF,201,1390,0,0,0,0,0,1,0,0,0,0,0,0,0,0,0,0,3,5,0.0,0.0,0.0,0.0,1.0,0.0,0.6,98,255,1.0,0.0,0.01,0.02,0.0,0.0,0.0,0.0,0
0,tcp,ftp_data,SF,5118,0,0,0,0,0,0,0,0,0,0,0,0,0,0,0,0,0,1,1,0.0,0.0,0.0,0.0,1.0,0.0,0.0,83,25,0.3,0.05,0.3,0.0,0.0,0.0,0.0,0.0,0
0,tcp,http,SF,305,2019,0,0,0,0,0,1,0,0,0,0,0,0,0,0,0,0,29,29,0.0,0.0,0.0,0.0,1.0,0.0,0.0,255,255,1.0,0.0,0.0,0.0,0.0,0.0,0.0,0.0,0
0,tcp,http,SF,195,319,0,0,0,0,0,1,0,0,0,0,0,0,0,0,0,0,16,16,0.0,0.0,0.0,0.0,1.0,0.0,0.0,72,255,1.0,0.0,0.01,0.02,0.0,0.0,0.0,0.0,0
0,tcp,http,REJ,0,0,0,0,0,0,0,0,0,0,0,0,0,0,0,0,0,0,1,1,0.0,0.0,1.0,1.0,1.0,0.0,0.0,5,216,1.0,0.0,0.2,0.2,0.0,0.0,1.0,0.87,0
2,tcp,smtp,SF,1092,328,0,0,0,0,0,1,0,0,0,0,0,0,0,0,0,0,1,2,0.0,0.0,0.0,0.0,1.0,0.0,1.0,38,21,0.55,0.13,0.03,0.0,0.0,0.0,0.0,0.0,0
0,tcp,http,SF,190,23086,0,0,0,0,0,1,0,0,0,0,0,0,0,0,0,0,1,1,0.0,0.0,0.0,0.0,1.0,0.0,0.0,12,255,1.0,0.0,0.08,0.04,0.08,0.0,0.0,0.0,0
0,tcp,http,SF,329,1443,0,0,0,0,0,1,0,0,0,0,0,0,0,0,0,0,25,25,0.0,0.0,0.0,0.0,1.0,0.0,0.0,47,255,1.0,0.0,0.02,0.02,0.0,0.02,0.0,0.0,0
0,udp,domain_u,SF,46,46,0,0,0,0,0,0,0,0,0,0,0,0,0,0,0,0,158,160,0.0,0.0,0.0,0.0,1.0,0.0,0.01,255,229,0.9,0.01,0.0,0.0,0.0,0.0,0.0,0.0,0
0,tcp,http,SF,239,1349,0,0,0,0,0,1,0,0,0,0,0,0,0,0,0,0,4,4,0.0,0.0,0.0,0.0,1.0,0.0,0.0,255,255,1.0,0.0,0.0,0.0,0.0,0.0,0.0,0.0,0
0,tcp,http,SF,209,626,0,0,0,0,0,1,0,0,0,0,0,0,0,0,0,0,12,13,0.0,0.0,0.0,0.0,1.0,0.0,0.15,255,255,1.0,0.0,0.01,0.0,0.0,0.0,0.0,0.0,0
0,tcp,ftp_data,SF,607,0,0,0,0,0,0,0,0,0,0,0,0,0,0,0,0,0,2,2,0.0,0.0,0.0,0.0,1.0,0.0,0.0,52,6,0.12,0.08,0.12,0.0,0.0,0.0,0.0,0.0,0
516,udp,other,SF,146,105,0,0,0,0,0,0,0,0,0,0,0,0,0,0,0,0,1,1,0.0,0.0,0.0,0.0,1.0,0.0,0.0,255,1,0.0,0.64,0.95,0.0,0.0,0.0,0.0,0.0,0
0,tcp,ftp_data,SF,567,0,0,0,0,0,0,1,0,0,0,6,0,0,0,0,0,0,1,1,0.0,0.0,0.0,0.0,1.0,0.0,0.0,8,74,0.88,0.25,0.88,0.04,0.0,0.0,0.0,0.0,0
0,tcp,http,SF,214,12523,0,0,0,0,0,1,0,0,0,0,0,0,0,0,0,0,1,10,0.0,0.0,0.0,0.0,1.0,0.0,0.4,2,255,1.0,0.0,0.5,0.01,0.0,0.0,0.0,0.0,0
0,tcp,http,SF,198,2543,0,0,0,0,0,1,0,0,0,0,0,0,0,0,0,0,28,36,0.0,0.0,0.0,0.0,1.0,0.0,0.06,93,255,1.0,0.0,0.01,0.01,0.0,0.0,0.0,0.0,0
0,udp,domain_u,SF,45,81,0,0,0,0,0,0,0,0,0,0,0,0,0,0,0,0,159,159,0.0,0.0,0.0,0.0,1.0,0.0,0.0,255,227,0.89,0.01,0.0,0.0,0.0,0.0,0.0,0.0,0
0,tcp,http,SF,291,10500,0,0,0,0,0,1,0,0,0,0,0,0,0,0,0,0,5,12,0.0,0.0,0.0,0.08,1.0,0.0,0.33,255,255,1.0,0.0,0.0,0.0,0.0,0.0,0.0,0.0,0
0,tcp,http,RSTO,0,0,0,0,0,0,0,1,0,0,0,0,0,0,0,0,0,0,2,2,0.0,0.0,0.5,0.5,1.0,0.0,0.0,255,246,0.96,0.01,0.0,0.0,0.0,0.0,0.03,0.03,0
0,tcp,smtp,SF,1500,391,0,0,0,0,0,1,0,0,0,0,0,0,0,0,0,0,1,1,0.0,0.0,0.0,0.0,1.0,0.0,0.0,255,5,0.02,0.02,0.0,0.0,0.98,0.0,0.0,0.0,0
0,tcp,http,SF,210,746,0,0,0,0,0,1,0,0,0,0,0,0,0,0,0,0,3,3,0.0,0.0,0.0,0.0,1.0,0.0,0.0,167,255,1.0,0.0,0.01,0.02,0.0,0.0,0.0,0.0,0
0,tcp,http,SF,335,263,0,0,0,0,0,1,0,0,0,0,0,0,0,0,0,0,14,31,0.0,0.0,0.0,0.0,1.0,0.0,0.1,152,255,1.0,0.0,0.01,0.02,0.0,0.01,0.0,0.0,0
0,tcp,http,SF,230,1888,0,0,0,0,0,1,0,0,0,0,0,0,0,0,0,0,1,1,0.0,0.0,0.0,0.0,1.0,0.0,0.0,124,255,1.0,0.0,0.01,0.02,0.0,0.0,0.0,0.0,0
0,udp,other,SF,516,4,0,0,0,0,0,0,0,0,0,0,0,0,0,0,0,0,205,205,0.0,0.0,0.0,0.0,1.0,0.0,0.0,205,205,1.0,0.0,1.0,0.0,0.0,0.0,0.0,0.0,0
0,udp,domain_u,SF,43,43,0,0,0,0,0,0,0,0,0,0,0,0,0,0,0,0,45,45,0.0,0.0,0.0,0.0,1.0,0.0,0.0,255,254,1.0,0.01,0.0,0.0,0.0,0.0,0.0,0.0,0
0,tcp,ftp_data,SF,12,0,0,0,0,0,0,1,0,0,0,0,0,0,0,0,0,0,2,2,0.0,0.0,0.0,0.0,1.0,0.0,0.0,187,72,0.39,0.38,0.38,0.0,0.0,0.0,0.36,0.01,0
0,tcp,http,SF,239,580,0,0,0,0,0,1,0,0,0,0,0,0,0,0,0,0,1,5,0.0,0.0,0.0,0.0,1.0,0.0,0.6,6,255,1.0,0.0,0.17,0.05,0.0,0.0,0.0,0.0,0
0,udp,domain_u,SF,43,43,0,0,0,0,0,0,0,0,0,0,0,0,0,0,0,0,174,174,0.0,0.0,0.0,0.0,1.0,0.0,0.0,255,255,1.0,0.0,0.0,0.0,0.0,0.0,0.0,0.0,0
0,tcp,http,SF,219,1920,0,0,0,0,0,1,0,0,0,0,0,0,0,0,0,0,5,5,0.0,0.0,0.0,0.0,1.0,0.0,0.0,81,255,1.0,0.0,0.01,0.03,0.0,0.0,0.0,0.0,0
0,tcp,http,SF,217,931,0,0,0,0,0,1,0,0,0,0,0,0,0,0,0,0,18,18,0.0,0.0,0.0,0.0,1.0,0.0,0.0,25,255,1.0,0.0,0.04,0.03,0.0,0.0,0.0,0.0,0
0,tcp,smtp,SF,124,241,0,0,0,0,0,1,0,0,0,0,0,0,0,0,0,0,1,1,0.0,0.0,0.0,0.0,1.0,0.0,0.0,106,61,0.11,0.67,0.01,0.03,0.0,0.0,0.62,0.0,0
31,tcp,telnet,SF,137,1351,0,0,0,0,0,1,0,0,0,0,1,0,0,0,0,0,1,1,0.0,0.0,0.0,0.0,1.0,0.0,0.0,2,2,1.0,0.0,0.5,0.0,0.0,0.0,0.0,0.0,1
0,tcp,http,SF,191,484,0,0,0,0,0,1,0,0,0,0,0,0,0,0,0,0,3,9,0.0,0.22,0.0,0.0,1.0,0.0,0.33,118,255,1.0,0.0,0.01,0.02,0.0,0.0,0.01,0.0,0
0,tcp,http,SF,224,774,0,0,0,0,0,1,0,0,0,0,0,0,0,0,0,0,10,10,0.0,0.0,0.0,0.0,1.0,0.0,0.0,121,255,1.0,0.0,0.01,0.05,0.0,0.0,0.0,0.0,0
0,udp,domain_u,SF,44,110,0,0,0,0,0,0,0,0,0,0,0,0,0,0,0,0,97,177,0.0,0.0,0.0,0.0,1.0,0.0,0.01,255,255,1.0,0.0,0.0,0.0,0.0,0.0,0.0,0.0,0
65,tcp,telnet,SF,189,25322,0,0,0,0,0,1,0,0,0,0,0,0,0,0,0,0,1,1,0.0,0.0,0.0,0.0,1.0,0.0,0.0,23,4,0.04,0.13,0.04,0.5,0.0,0.25,0.0,0.0,0
0,tcp,smtp,SF,1640,326,0,0,0,0,0,1,0,0,0,0,0,0,0,0,0,0,1,1,0.0,0.0,0.0,0.0,1.0,0.0,0.0,194,121,0.62,0.06,0.01,0.0,0.01,0.01,0.0,0.0,0
0,tcp,http,SF,284,5989,0,0,0,0,0,1,0,0,0,0,0,0,0,0,0,0,6,14,0.0,0.0,0.0,0.0,1.0,0.0,0.21,255,255,1.0,0.0,0.0,0.0,0.0,0.0,0.0,0.0,0
0,tcp,smtp,SF,1189,331,0,0,0,0,0,1,0,0,0,0,0,0,0,0,0,0,1,1,0.0,0.0,0.0,0.0,1.0,0.0,0.0,255,2,0.01,0.91,0.0,0.0,0.0,0.0,0.0,0.0,0
708,tcp,telnet,SF,1727,24080,0,0,0,0,0,1,6,0,0,7,0,0,0,0,0,0,1,1,0.0,0.0,0.0,0.0,1.0,0.0,0.0,255,3,0.01,0.02,0.0,0.0,0.0,0.0,0.0,0.0,1
0,tcp,http,SF,274,346,0,0,0,0,0,1,0,0,0,0,0,0,0,0,0,0,4,13,0.0,0.0,0.0,0.0,1.0,0.0,0.15,23,255,1.0,0.0,0.04,0.02,0.0,0.0,0.0,0.0,0
0,tcp,http,SF,287,788,0,0,0,0,0,1,0,0,0,0,0,0,0,0,0,0,22,32,0.0,0.0,0.0,0.0,1.0,0.0,0.06,250,255,1.0,0.0,0.0,0.02,0.0,0.0,0.0,0.0,0
1,tcp,smtp,SF,1083,336,0,0,0,0,0,1,0,0,0,0,0,0,0,0,0,0,1,3,0.0,0.0,0.0,0.0,1.0,0.0,1.0,50,174,0.68,0.08,0.02,0.01,0.0,0.0,0.0,0.0,0
0,udp,other,SF,516,4,0,0,0,0,0,0,0,0,0,0,0,0,0,0,0,0,497,497,0.0,0.0,0.0,0.0,1.0,0.0,0.0,255,255,1.0,0.0,1.0,0.0,0.0,0.0,0.0,0.0,0
0,tcp,smtp,SF,1648,340,0,0,0,0,0,1,0,0,0,0,0,0,0,0,0,0,1,1,0.0,0.0,0.0,0.0,1.0,0.0,0.0,221,171,0.65,0.06,0.0,0.01,0.0,0.0,0.0,0.0,0
0,tcp,ftp_data,SF,37,0,0,0,0,0,0,0,0,0,0,0,0,0,0,0,0,0,2,2,0.0,0.0,0.0,0.0,1.0,0.0,0.0,187,49,0.26,0.03,0.26,0.0,0.02,0.0,0.09,0.0,0
0,tcp,http,SF,222,6499,0,0,0,0,0,1,0,0,0,0,0,0,0,0,0,0,5,5,0.0,0.0,0.0,0.0,1.0,0.0,0.0,5,255,1.0,0.0,0.2,0.03,0.0,0.0,0.0,0.0,0
0,tcp,http,SF,319,3112,0,0,0,0,0,1,0,0,0,0,0,0,0,0,0,0,3,14,0.0,0.0,0.0,0.0,1.0,0.0,0.21,211,255,1.0,0.0,0.0,0.03,0.0,0.0,0.0,0.0,0
0,tcp,http,SF,259,6891,0,0,0,0,0,1,0,0,0,0,0,0,0,0,0,0,11,11,0.0,0.0,0.0,0.0,1.0,0.0,0.0,69,255,1.0,0.0,0.01,0.03,0.01,0.01,0.01,0.01,0
0,tcp,ftp_data,SF,641,0,0,0,0,0,0,1,0,0,0,0,0,0,0,0,0,0,2,2,0.0,0.0,0.0,0.0,1.0,0.0,0.0,11,32,0.45,0.18,0.45,0.09,0.0,0.0,0.0,0.0,0
0,udp,domain_u,SF,45,45,0,0,0,0,0,0,0,0,0,0,0,0,0,0,0,0,64,146,0.0,0.0,0.0,0.0,1.0,0.0,0.03,255,254,1.0,0.01,0.01,0.0,0.0,0.0,0.0,0.0,0
0,tcp,http,SF,215,177,0,0,0,0,0,1,0,0,0,0,0,0,0,0,0,0,32,32,0.0,0.0,0.0,0.0,1.0,0.0,0.0,32,255,1.0,0.0,0.03,0.01,0.0,0.0,0.0,0.0,0
0,tcp,ftp_data,SF,567,0,0,0,0,0,0,1,0,0,0,6,0,0,0,0,0,0,1,1,0.0,0.0,0.0,0.0,1.0,0.0,0.0,73,25,0.21,0.07,0.21,0.08,0.0,0.0,0.0,0.0,0
0,tcp,http,SF,200,4324,0,0,0,0,0,1,0,0,0,0,0,0,0,0,0,0,6,20,0.0,0.0,0.0,0.0,1.0,0.0,0.15,181,255,1.0,0.0,0.01,0.01,0.0,0.0,0.0,0.0,0
0,tcp,http,SF,232,2334,0,0,0,0,0,1,0,0,0,0,0,0,0,0,0,0,16,18,0.0,0.0,0.0,0.06,1.0,0.0,0.11,255,255,1.0,0.0,0.0,0.0,0.0,0.0,0.0,0.0,0
0,tcp,ftp_data,SF,167,0,0,0,0,0,0,1,0,0,0,0,0,0,0,0,0,0,2,2,0.0,0.0,0.0,0.0,1.0,0.0,0.0,85,15,0.08,0.07,0.08,0.13,0.01,0.0,0.08,0.0,0
0,tcp,ftp_data,SF,1363,0,0,0,0,0,0,1,0,0,0,0,0,0,0,0,0,0,10,12,0.0,0.0,0.0,0.0,1.0,0.0,0.17,140,112,0.36,0.03,0.36,0.03,0.0,0.0,0.0,0.0,0
0,tcp,http,SF,339,4268,0,0,0,0,0,1,0,0,0,0,0,0,0,0,0,0,2,2,0.0,0.0,0.0,0.0,1.0,0.0,0.0,255,255,1.0,0.0,0.0,0.0,0.0,0.0,0.0,0.0,0
290,tcp,telnet,SF,415,70529,0,0,0,3,0,1,4,0,0,4,4,0,0,0,0,0,1,1,0.0,0.0,0.0,0.0,1.0,0.0,0.0,1,1,1.0,0.0,1.0,0.0,0.0,0.0,0.0,0.0,1
0,tcp,http,SF,203,914,0,0,0,0,0,1,0,0,0,0,0,0,0,0,0,0,11,11,0.0,0.0,0.0,0.0,1.0,0.0,0.0,24,255,1.0,0.0,0.04,0.09,0.0,0.0,0.0,0.0,0
0,tcp,http,REJ,0,0,0,0,0,0,0,0,0,0,0,0,0,0,0,0,0,0,1,1,0.0,0.0,1.0,1.0,1.0,0.0,0.0,45,253,1.0,0.0,0.02,0.19,0.0,0.0,1.0,1.0,0
0,tcp,http,SF,287,2233,0,0,0,0,0,1,0,0,0,0,0,0,0,0,0,0,5,5,0.0,0.0,0.0,0.0,1.0,0.0,0.0,5,255,1.0,0.0,0.2,0.01,0.0,0.0,0.0,0.0,0
0,tcp,http,SF,257,290,0,0,0,0,0,1,0,0,0,0,0,0,0,0,0,0,17,33,0.0,0.0,0.0,0.0,1.0,0.0,0.06,255,255,1.0,0.0,0.01,0.0,0.0,0.0,0.0,0.0,0
28,udp,domain_u,SF,44,44,0,0,0,0,0,0,0,0,0,0,0,0,0,0,0,0,3,11,0.0,0.0,0.0,0.0,0.33,0.67,0.27,139,133,0.96,0.02,0.01,0.0,0.0,0.0,0.0,0.0,0
1,tcp,smtp,SF,2704,331,0,0,0,0,0,1,0,0,0,0,0,0,0,0,0,0,1,3,0.0,0.0,0.0,0.0,1.0,0.0,1.0,227,115,0.47,0.03,0.0,0.02,0.01,0.01,0.0,0.0,0
0,tcp,http,SF,320,26597,0,0,0,0,0,1,0,0,0,0,0,0,0,0,0,0,2,2,0.0,0.0,0.0,0.0,1.0,0.0,0.0,2,255,1.0,0.0,0.5,0.05,0.0,0.0,0.0,0.0,0
0,tcp,http,SF,256,4486,0,0,0,0,0,1,0,0,0,0,0,0,0,0,0,0,1,1,0.0,0.0,0.0,0.0,1.0,0.0,0.0,255,250,0.98,0.01,0.0,0.0,0.0,0.0,0.01,0.01,0
0,tcp,http,SF,267,1419,0,0,0,0,0,1,0,0,0,0,0,0,0,0,0,0,16,16,0.0,0.0,0.0,0.0,1.0,0.0,0.0,255,255,1.0,0.0,0.0,0.0,0.0,0.0,0.0,0.0,0
0,tcp,http,SF,230,613,0,0,0,0,0,1,0,0,0,0,0,0,0,0,0,0,11,13,0.0,0.0,0.0,0.0,1.0,0.0,0.15,161,255,1.0,0.0,0.01,0.02,0.0,0.0,0.0,0.0,0
0,tcp,http,SF,241,285,0,0,0,0,0,1,0,0,0,0,0,0,0,0,0,0,1,1,0.0,0.0,0.0,0.0,1.0,0.0,0.0,255,255,1.0,0.0,0.0,0.0,0.0,0.0,0.0,0.0,0
0,tcp,http,SF,274,3189,0,0,0,0,0,1,0,0,0,0,0,0,0,0,0,0,2,2,0.0,0.0,0.0,0.0,1.0,0.0,0.0,2,252,1.0,0.0,0.5,0.06,0.0,0.01,0.0,0.0,0
321,tcp,telnet,RSTO,1506,1887,0,0,0,0,0,1,0,0,0,0,1,0,0,0,0,0,151,1,0.99,0.0,0.01,1.0,0.01,0.06,0.0,6,6,1.0,0.0,0.17,0.0,0.0,0.0,0.17,0.17,1
0,tcp,http,SF,230,27305,0,0,0,0,0,1,0,0,0,0,0,0,0,0,0,0,19,19,0.0,0.0,0.0,0.0,1.0,0.0,0.0,55,255,1.0,0.0,0.02,0.02,0.0,0.0,0.0,0.0,0
47,tcp,telnet,SF,2402,3816,0,0,0,3,0,1,2,1,0,0,0,0,0,0,0,0,1,1,0.0,0.0,0.0,0.0,1.0,0.0,0.0,10,10,1.0,0.0,0.1,0.0,0.0,0.0,0.1,0.1,1
1,tcp,smtp,SF,667,333,0,0,0,0,0,1,0,0,0,0,0,0,0,0,0,0,1,3,0.0,0.0,0.0,0.0,1.0,0.0,1.0,195,97,0.5,0.02,0.01,0.0,0.0,0.0,0.0,0.0,0
1,tcp,smtp,SF,1461,365,0,0,0,0,0,1,0,0,0,0,0,0,0,0,0,0,1,3,0.0,0.0,0.0,0.0,1.0,0.0,1.0,245,168,0.65,0.03,0.0,0.01,0.0,0.01,0.0,0.0,0
0,udp,domain_u,SF,42,108,0,0,0,0,0,0,0,0,0,0,0,0,0,0,0,0,1,1,0.0,0.0,0.0,0.0,1.0,0.0,0.0,54,209,0.69,0.06,0.69,0.01,0.0,0.0,0.19,0.0,0
0,tcp,http,SF,299,1427,0,0,0,0,0,1,0,0,0,0,0,0,0,0,0,0,5,5,0.0,0.0,0.0,0.0,1.0,0.0,0.0,51,255,1.0,0.0,0.02,0.03,0.0,0.0,0.0,0.0,0
0,tcp,http,SF,206,842,0,0,0,0,0,1,0,0,0,0,0,0,0,0,0,0,2,2,0.0,0.0,0.0,0.0,1.0,0.0,0.0,42,255,1.0,0.0,0.02,0.04,0.0,0.0,0.0,0.0,0
0,tcp,auth,SF,10,37,0,0,0,0,0,0,0,0,0,0,0,0,0,0,0,0,2,1,0.0,0.0,0.0,0.0,0.5,1.0,0.0,255,2,0.01,0.03,0.0,0.0,0.0,0.0,0.0,0.0,0
0,udp,domain_u,SF,45,45,0,0,0,0,0,0,0,0,0,0,0,0,0,0,0,0,165,167,0.0,0.0,0.0,0.0,1.0,0.0,0.01,255,229,0.9,0.01,0.01,0.0,0.0,0.0,0.0,0.0,0
20,tcp,telnet,SF,115,12486,0,0,0,0,0,1,0,0,0,0,0,0,0,0,0,0,1,1,0.0,0.0,0.0,0.0,1.0,0.0,0.0,63,3,0.02,0.11,0.02,0.67,0.0,0.0,0.0,0.0,0
0,tcp,http,SF,210,2833,0,0,0,0,0,1,0,0,0,0,0,0,0,0,0,0,12,12,0.0,0.0,0.0,0.0,1.0,0.0,0.0,255,255,1.0,0.0,0.0,0.0,0.0,0.0,0.0,0.0,0
0,tcp,smtp,SF,801,329,0,0,0,0,0,1,0,0,0,0,0,0,0,0,0,0,1,1,0.0,0.0,0.0,0.0,1.0,0.0,0.0,255,7,0.03,0.67,0.0,0.0,0.0,0.0,0.0,0.0,0
0,tcp,http,SF,251,327,0,0,0,0,0,1,0,0,0,0,0,0,0,0,0,0,3,16,0.0,0.06,0.0,0.0,1.0,0.0,0.25,113,255,1.0,0.0,0.01,0.01,0.0,0.0,0.01,0.0,0
0,tcp,http,SF,280,16574,0,0,0,0,0,1,0,0,0,0,0,0,0,0,0,0,9,9,0.0,0.0,0.0,0.0,1.0,0.0,0.0,9,255,1.0,0.0,0.11,0.07,0.0,0.01,0.0,0.0,0
0,tcp,http,SF,161,68935,0,0,0,0,0,1,0,0,0,0,0,0,0,0,0,0,1,5,0.0,0.0,0.0,0.0,1.0,0.0,0.6,53,255,1.0,0.0,0.02,0.02,0.0,0.0,0.0,0.0,0
0,tcp,http,SF,246,789,0,0,0,0,0,1,0,0,0,0,0,0,0,0,0,0,2,24,0.0,0.0,0.0,0.0,1.0,0.0,0.08,14,255,1.0,0.0,0.07,0.02,0.0,0.0,0.0,0.0,0
0,tcp,ftp_data,SF,12,0,0,0,0,0,0,1,0,0,0,0,0,0,0,0,0,0,1,1,0.0,0.0,0.0,0.0,1.0,0.0,0.0,97,33,0.11,0.04,0.11,0.06,0.0,0.0,0.0,0.0,0
0,tcp,http,SF,300,1290,0,0,0,0,0,1,0,0,0,0,0,0,0,0,0,0,7,7,0.0,0.0,0.0,0.0,1.0,0.0,0.0,7,255,1.0,0.0,0.14,0.03,0.0,0.0,0.0,0.01,0
0,udp,domain_u,SF,45,89,0,0,0,0,0,0,0,0,0,0,0,0,0,0,0,0,139,139,0.0,0.0,0.0,0.0,1.0,0.0,0.0,255,185,0.73,0.01,0.0,0.0,0.0,0.0,0.0,0.0,0
0,tcp,smtp,SF,2917,328,0,0,0,0,0,1,0,0,0,0,0,0,0,0,0,0,1,1,0.0,0.0,0.0,0.0,1.0,0.0,0.0,255,183,0.72,0.02,0.0,0.0,0.0,0.0,0.0,0.0,0
0,tcp,smtp,SF,794,330,0,0,0,0,0,1,0,0,0,0,0,0,0,0,0,0,1,1,0.0,0.0,0.0,0.0,1.0,0.0,0.0,166,105,0.56,0.04,0.01,0.02,0.01,0.0,0.01,0.0,0
0,tcp,http,REJ,0,0,0,0,0,0,0,0,0,0,0,0,0,0,0,0,0,0,1,1,0.0,0.0,1.0,1.0,1.0,0.0,0.0,71,255,1.0,0.0,0.01,0.2,0.0,0.0,1.0,0.99,0
0,tcp,http,SF,244,263,0,0,0,0,0,1,0,0,0,0,0,0,0,0,0,0,10,10,0.0,0.0,0.0,0.0,1.0,0.0,0.0,255,255,1.0,0.0,0.0,0.0,0.0,0.0,0.01,0.01,0
10,tcp,smtp,SF,1039,333,0,0,0,0,0,1,0,0,0,0,0,0,0,0,0,0,1,1,0.0,0.0,0.0,0.0,1.0,0.0,0.0,255,167,0.65,0.06,0.0,0.0,0.0,0.0,0.0,0.0,0
0,tcp,http,SF,235,3796,0,0,0,0,0,1,0,0,0,0,0,0,0,0,0,0,27,29,0.0,0.0,0.0,0.0,1.0,0.0,0.07,96,255,1.0,0.0,0.01,0.03,0.0,0.0,0.0,0.0,0
0,tcp,http,SF,248,285,0,0,0,0,0,1,0,0,0,0,0,0,0,0,0,0,22,22,0.0,0.0,0.0,0.0,1.0,0.0,0.0,255,255,1.0,0.0,0.0,0.0,0.0,0.0,0.0,0.0,0
0,tcp,http,SF,198,189,0,0,0,0,0,1,0,0,0,0,0,0,0,0,0,0,6,6,0.0,0.0,0.0,0.0,1.0,0.0,0.0,6,255,1.0,0.0,0.17,0.04,0.0,0.0,0.0,0.0,0
0,tcp,http,SF,213,315,0,0,0,0,0,1,0,0,0,0,0,0,0,0,0,0,40,62,0.0,0.0,0.0,0.0,1.0,0.0,0.05,250,255,1.0,0.0,0.0,0.01,0.0,0.0,0.0,0.0,0
0,udp,other,SF,32,0,0,0,0,0,0,0,0,0,0,0,0,0,0,0,0,0,1,1,0.0,0.0,0.0,0.0,1.0,0.0,0.0,255,1,0.0,0.02,0.0,0.0,0.0,0.0,0.0,0.0,1
0,tcp,http,SF,193,758,0,0,0,0,0,1,0,0,0,0,0,0,0,0,0,0,1,10,0.0,0.0,0.0,0.0,1.0,0.0,0.2,18,255,1.0,0.0,0.06,0.02,0.0,0.0,0.0,0.0,0
0,tcp,other,SF,63,0,0,0,0,0,0,1,0,0,0,0,0,0,0,0,0,0,1,1,0.0,0.0,0.0,0.0,1.0,0.0,0.0,255,1,0.0,0.07,0.06,0.0,0.92,0.0,0.01,0.0,0
0,tcp,http,REJ,0,0,0,0,0,0,0,0,0,0,0,0,0,0,0,0,0,0,1,2,0.0,0.0,1.0,1.0,1.0,0.0,1.0,25,159,1.0,0.0,0.04,0.03,0.0,0.0,1.0,1.0,0
0,tcp,ftp_data,SF,252,0,0,0,0,0,0,0,0,0,0,0,0,0,0,0,0,0,2,2,0.0,0.0,0.0,0.0,1.0,0.0,0.0,255,123,0.48,0.02,0.48,0.0,0.0,0.0,0.0,0.0,0
0,tcp,http,SF,294,22996,0,0,0,0,0,1,0,0,0,0,0,0,0,0,0,0,32,40,0.0,0.0,0.0,0.0,1.0,0.0,0.08,255,255,1.0,0.0,0.0,0.0,0.0,0.0,0.0,0.0,0
0,tcp,ftp_data,SF,641,0,0,0,0,0,0,0,0,0,0,0,0,0,0,0,0,0,1,1,0.0,0.0,0.0,0.0,1.0,0.0,0.0,14,5,0.36,0.14,0.36,0.0,0.0,0.0,0.0,0.0,0
0,tcp,http,SF,323,6015,0,0,0,0,0,1,0,0,0,0,0,0,0,0,0,0,1,12,0.0,0.0,0.0,0.0,1.0,0.0,0.17,21,255,1.0,0.0,0.05,0.01,0.0,0.0,0.0,0.0,0
0,tcp,ftp_data,SF,319,0,0,0,0,0,0,1,0,0,0,1,0,0,0,0,0,0,2,2,0.0,0.0,0.0,0.0,1.0,0.0,0.0,2,67,1.0,0.0,1.0,0.03,0.0,0.0,0.0,0.0,0
0,tcp,http,SF,231,1683,0,0,0,0,0,1,0,0,0,0,0,0,0,0,0,0,9,10,0.0,0.0,0.0,0.0,1.0,0.0,0.2,255,255,1.0,0.0,0.0,0.0,0.0,0.0,0.0,0.0,0
0,tcp,ftp_data,SF,383,0,0,0,0,0,0,0,0,0,0,0,0,0,0,0,0,0,2,2,0.0,0.0,0.0,0.0,1.0,0.0,0.0,189,44,0.13,0.03,0.13,0.05,0.0,0.0,0.0,0.0,0
0,tcp,ftp_data,SF,748,0,0,0,0,0,0,1,0,0,0,9,0,0,0,0,0,0,1,1,0.0,0.0,0.0,0.0,1.0,0.0,0.0,184,78,0.4,0.02,0.4,0.03,0.0,0.0,0.0,0.0,0
0,tcp,ftp_data,SF,4316,0,0,0,0,0,0,1,0,0,0,0,0,1,0,0,0,0,7,7,0.0,0.0,0.0,0.0,1.0,0.0,0.0,249,63,0.24,0.02,0.24,0.03,0.0,0.0,0.03,0.0,0
0,tcp,http,SF,241,1302,0,0,0,0,0,1,0,0,0,0,0,0,0,0,0,0,9,9,0.0,0.0,0.0,0.0,1.0,0.0,0.0,74,255,1.0,0.0,0.01,0.03,0.0,0.0,0.0,0.0,0
0,udp,domain_u,SF,44,113,0,0,0,0,0,0,0,0,0,0,0,0,0,0,0,0,1,2,0.0,0.0,0.0,0.0,1.0,0.0,1.0,255,236,0.93,0.01,0.0,0.0,0.0,0.0,0.02,0.0,0
0,tcp,http,SF,178,6654,0,0,0,0,0,1,0,0,0,0,0,0,0,0,0,0,1,2,0.0,0.0,0.0,0.0,1.0,0.0,1.0,1,255,1.0,0.0,1.0,0.02,0.0,0.0,0.0,0.0,0
0,tcp,http,SF,247,365,0,0,0,0,0,1,0,0,0,0,0,0,0,0,0,0,2,2,0.0,0.0,0.0,0.0,1.0,0.0,0.0,255,255,1.0,0.0,0.0,0.0,0.0,0.0,0.0,0.0,0
0,tcp,http,REJ,0,0,0,0,0,0,0,0,0,0,0,0,0,0,0,0,0,0,1,1,0.0,0.0,1.0,1.0,1.0,0.0,0.0,38,120,1.0,0.0,0.03,0.22,0.0,0.0,1.0,1.0,0
2309,udp,other,SF,145,105,0,0,0,0,0,0,0,0,0,0,0,0,0,0,0,0,1,1,0.0,0.0,0.0,0.0,1.0,0.0,0.0,255,2,0.01,0.64,0.87,0.0,0.0,0.0,0.0,0.0,0
0,tcp,http,SF,312,2251,0,0,0,0,0,1,0,0,0,0,0,0,0,0,0,0,31,43,0.0,0.0,0.0,0.0,1.0,0.0,0.09,255,255,1.0,0.0,0.0,0.0,0.0,0.0,0.0,0.0,0
5821,udp,other,SF,147,105,0,0,0,0,0,0,0,0,0,0,0,0,0,0,0,0,4,2,0.0,0.0,0.0,0.0,0.5,0.5,0.0,255,2,0.01,0.71,0.96,0.0,0.0,0.0,0.0,0.0,0
0,tcp,http,SF,231,265,0,0,0,0,0,1,0,0,0,0,0,0,0,0,0,0,1,17,0.0,0.0,0.0,0.0,1.0,0.0,0.18,101,255,1.0,0.0,0.01,0.03,0.0,0.0,0.0,0.0,0
0,tcp,http,SF,211,82751,0,0,0,0,0,1,0,0,0,0,0,0,0,0,0,0,9,9,0.0,0.0,0.0,0.0,1.0,0.0,0.0,60,255,1.0,0.0,0.02,0.04,0.0,0.0,0.0,0.0,0
0,tcp,smtp,SF,1058,333,0,0,0,0,0,1,0,0,0,0,0,0,0,0,0,0,1,1,0.0,0.0,0.0,0.0,1.0,0.0,0.0,97,231,0.98,0.02,0.01,0.01,0.0,0.0,0.0,0.0,0
0,tcp,http,SF,280,604,0,0,0,0,0,1,0,0,0,0,0,0,0,0,0,0,19,20,0.0,0.0,0.0,0.0,1.0,0.0,0.1,19,255,1.0,0.0,0.05,0.04,0.0,0.0,0.0,0.0,0
58,tcp,telnet,SF,835,1639484,0,0,0,0,0,1,0,0,0,0,0,0,0,0,0,0,1,1,0.0,0.0,0.0,0.0,1.0,0.0,0.0,47,4,0.09,0.06,0.02,0.0,0.0,0.0,0.0,0.0,0
3,tcp,smtp,SF,785,330,0,0,0,0,0,1,0,0,0,0,0,0,0,0,0,0,1,2,0.0,0.0,0.0,0.0,1.0,0.0,1.0,110,170,0.58,0.05,0.01,0.01,0.0,0.0,0.0,0.0,0
0,tcp,http,SF,351,3675,0,0,0,0,0,1,0,0,0,0,0,0,0,0,0,0,18,32,0.0,0.0,0.0,0.0,1.0,0.0,0.06,255,255,1.0,0.0,0.0,0.0,0.0,0.0,0.0,0.0,0
61,tcp,telnet,SF,294,3929,0,0,0,0,0,1,0,1,0,4,1,0,0,0,0,0,1,1,0.0,0.0,0.0,0.0,1.0,0.0,0.0,255,4,0.02,0.02,0.0,0.0,0.0,0.25,0.73,0.25,1
0,tcp,http,SF,253,745,0,0,0,0,0,1,0,0,0,0,0,0,0,0,0,0,2,11,0.0,0.0,0.0,0.0,1.0,0.0,0.27,215,255,1.0,0.0,0.0,0.01,0.0,0.0,0.0,0.0,0
27,tcp,ftp,SF,1221,3380,0,0,0,24,0,1,0,0,0,0,0,0,0,0,0,1,1,1,0.0,0.0,0.0,0.0,1.0,0.0,0.0,255,68,0.27,0.02,0.0,0.0,0.0,0.0,0.0,0.0,0
0,tcp,http,SF,220,619,0,0,0,0,0,1,0,0,0,0,0,0,0,0,0,0,6,7,0.0,0.0,0.0,0.0,1.0,0.0,0.29,255,255,1.0,0.0,0.0,0.0,0.0,0.0,0.0,0.0,0
0,udp,other,SF,147,0,0,0,0,0,0,0,0,0,0,0,0,0,0,0,0,0,1,1,0.0,0.0,0.0,0.0,1.0,0.0,0.0,255,2,0.01,0.57,0.86,0.0,0.0,0.0,0.0,0.0,0
0,tcp,http,SF,152,5778,0,0,0,0,0,1,0,0,0,0,0,0,0,0,0,0,1,7,0.0,0.0,0.0,0.0,1.0,0.0,0.29,25,255,1.0,0.0,0.04,0.03,0.0,0.0,0.0,0.0,0
0,tcp,http,SF,210,392,0,0,0,0,0,1,0,0,0,0,0,0,0,0,0,0,5,5,0.0,0.0,0.0,0.0,1.0,0.0,0.0,137,255,1.0,0.0,0.01,0.04,0.0,0.0,0.0,0.01,0
0,tcp,http,SF,201,864,0,0,0,0,0,1,0,0,0,0,0,0,0,0,0,0,4,4,0.0,0.0,0.0,0.0,1.0,0.0,0.0,128,255,1.0,0.0,0.01,0.04,0.0,0.0,0.0,0.0,0
0,icmp,eco_i,SF,30,0,0,0,0,0,0,0,0,0,0,0,0,0,0,0,0,0,8,1,0.0,0.0,0.0,0.0,0.12,0.38,0.0,255,4,0.02,0.01,0.08,0.0,0.0,0.0,0.0,0.0,0
0,tcp,http,SF,327,2245,0,0,0,0,0,1,0,0,0,0,0,0,0,0,0,0,7,12,0.0,0.0,0.0,0.0,1.0,0.0,0.17,255,255,1.0,0.0,0.0,0.0,0.0,0.0,0.0,0.0,0
0,tcp,http,SF,230,391,0,0,0,0,0,1,0,0,0,0,0,0,0,0,0,0,1,1,0.0,0.0,0.0,0.0,1.0,0.0,0.0,1,255,1.0,0.0,1.0,0.02,0.0,0.0,0.0,0.0,0
0,tcp,http,SF,331,5283,0,0,0,1,0,1,0,1,0,0,0,0,0,0,0,0,21,21,0.0,0.0,0.0,0.0,1.0,0.0,0.0,49,255,1.0,0.0,0.02,0.03,0.0,0.0,0.0,0.0,0
0,tcp,http,S0,0,0,0,0,0,0,0,0,0,0,0,0,0,0,0,0,0,0,2,2,0.5,0.5,0.0,0.0,1.0,0.0,0.0,7,255,1.0,0.0,0.29,0.01,0.14,0.0,0.0,0.0,0
0,tcp,ftp_data,SF,8766,0,0,0,0,0,0,1,0,0,0,0,0,0,0,0,0,0,154,4,0.97,0.0,0.0,0.0,0.03,0.06,0.0,255,10,0.04,0.06,0.04,0.0,0.96,0.0,0.0,0.0,0
0,udp,domain_u,SF,44,79,0,0,0,0,0,0,0,0,0,0,0,0,0,0,0,0,248,248,0.0,0.0,0.0,0.0,1.0,0.01,0.01,255,255,1.0,0.0,0.0,0.0,0.0,0.0,0.0,0.0,0
0,tcp,http,SF,233,2698,0,0,0,0,0,1,0,0,0,0,0,0,1,0,0,0,2,2,0.0,0.0,0.0,0.0,1.0,0.0,0.0,255,249,0.98,0.01,0.0,0.0,0.0,0.0,0.0,0.0,0
0,tcp,http,SF,317,656,0,0,0,0,0,1,0,0,0,0,0,0,0,0,0,0,13,13,0.0,0.0,0.0,0.0,1.0,0.0,0.0,134,255,1.0,0.0,0.01,0.06,0.0,0.0,0.0,0.0,0
0,tcp,http,SF,302,4213,0,0,0,0,0,1,0,0,0,0,0,0,0,0,0,0,7,9,0.0,0.0,0.0,0.0,1.0,0.0,0.22,255,255,1.0,0.0,0.0,0.0,0.0,0.0,0.0,0.0,0
61,tcp,telnet,SF,2336,4194,0,0,0,3,0,1,1,1,0,0,0,0,0,0,0,0,1,1,0.0,0.0,0.0,0.0,1.0,0.0,0.0,9,9,1.0,0.0,0.11,0.0,0.0,0.0,0.11,0.11,1
0,tcp,http,SF,236,690,0,0,0,0,0,1,0,0,0,0,0,0,0,0,0,0,10,11,0.0,0.0,0.0,0.0,1.0,0.0,0.18,255,255,1.0,0.0,0.0,0.0,0.0,0.0,0.0,0.0,0
0,tcp,http,SF,237,1481,0,0,0,0,0,1,0,0,0,0,0,0,0,0,0,0,14,14,0.0,0.0,0.0,0.0,1.0,0.0,0.0,182,255,1.0,0.0,0.01,0.01,0.0,0.0,0.0,0.0,0
0,udp,domain_u,SF,45,70,0,0,0,0,0,0,0,0,0,0,0,0,0,0,0,0,84,84,0.0,0.0,0.0,0.0,1.0,0.0,0.0,255,254,1.0,0.01,0.0,0.0,0.0,0.0,0.0,0.0,0
3,tcp,smtp,SF,1688,331,0,0,0,0,0,1,0,0,0,0,0,0,0,0,0,0,1,2,0.0,0.0,0.0,0.0,1.0,0.0,1.0,79,176,0.68,0.04,0.01,0.01,0.0,0.0,0.0,0.0,0
1,tcp,smtp,SF,2175,378,0,0,0,0,0,1,0,0,0,0,0,0,0,0,0,0,1,2,0.0,0.0,0.0,0.0,1.0,0.0,1.0,1,179,1.0,0.0,1.0,0.01,0.0,0.0,0.0,0.0,0
31,tcp,telnet,SF,2402,3814,0,0,0,3,0,1,2,1,0,0,0,0,0,0,0,0,1,1,0.0,0.0,0.0,0.0,1.0,0.0,0.0,2,2,1.0,0.0,0.5,0.0,0.0,0.0,0.0,0.0,1
0,tcp,smtp,SF,894,477,0,0,0,0,0,1,0,0,0,0,0,0,0,0,0,0,1,3,0.0,0.0,0.0,0.0,1.0,0.0,1.0,168,129,0.39,0.02,0.01,0.02,0.01,0.0,0.29,0.0,0
0,tcp,http,SF,251,4482,0,0,0,0,0,1,0,0,0,0,0,0,0,0,0,0,12,12,0.0,0.0,0.0,0.0,1.0,0.0,0.0,68,255,1.0,0.0,0.01,0.05,0.0,0.0,0.0,0.0,0
0,udp,domain_u,SF,45,45,0,0,0,0,0,0,0,0,0,0,0,0,0,0,0,0,118,118,0.0,0.0,0.0,0.0,1.0,0.0,0.0,255,203,0.8,0.01,0.01,0.0,0.0,0.0,0.0,0.0,0
0,tcp,http,REJ,0,0,0,0,0,0,0,0,0,0,0,0,0,0,0,0,0,0,1,1,0.0,0.0,1.0,1.0,1.0,0.0,0.0,90,194,1.0,0.0,0.01,0.03,0.0,0.0,1.0,1.0,0
0,tcp,http,SF,219,631,0,0,0,0,0,1,0,0,0,0,0,0,0,0,0,0,1,1,0.0,0.0,0.0,0.0,1.0,0.0,0.0,24,43,1.0,0.0,0.04,0.07,0.0,0.0,0.0,0.0,0
0,tcp,http,REJ,0,0,0,0,0,0,0,0,0,0,0,0,0,0,0,0,0,0,1,1,0.0,0.0,1.0,1.0,1.0,0.0,0.0,33,255,1.0,0.0,0.06,0.08,0.0,0.0,0.94,0.84,0
0,tcp,http,REJ,0,0,0,0,0,0,0,0,0,0,0,0,0,0,0,0,0,0,1,1,0.0,0.0,1.0,1.0,1.0,0.0,0.0,7,255,1.0,0.0,0.14,0.02,0.0,0.0,1.0,0.39,0
0,udp,other,SF,516,4,0,0,0,0,0,0,0,0,0,0,0,0,0,0,0,0,495,495,0.0,0.0,0.0,0.0,1.0,0.0,0.0,255,255,1.0,0.0,1.0,0.0,0.0,0.0,0.0,0.0,0
0,tcp,http,REJ,0,0,0,0,0,0,0,0,0,0,0,0,0,0,0,0,0,0,1,1,0.0,0.0,1.0,1.0,1.0,0.0,0.0,94,255,1.0,0.0,0.01,0.07,0.0,0.0,1.0,1.0,0
0,tcp,http,SF,296,290,0,0,0,0,0,1,0,0,0,0,0,0,0,0,0,0,9,9,0.0,0.0,0.0,0.0,1.0,0.0,0.0,255,255,1.0,0.0,0.0,0.0,0.0,0.0,0.0,0.0,0
0,tcp,http,S0,0,0,0,0,0,0,0,0,0,0,0,0,0,0,0,0,0,0,2,6,0.5,0.33,0.0,0.0,1.0,0.0,0.5,255,255,1.0,0.0,0.01,0.0,0.0,0.0,0.0,0.0,0
0,tcp,http,SF,242,1020,0,0,0,0,0,1,0,0,0,0,0,0,0,0,0,0,32,50,0.0,0.0,0.0,0.0,1.0,0.0,0.06,255,255,1.0,0.0,0.0,0.0,0.0,0.0,0.0,0.0,0
0,tcp,smtp,SF,1300,329,0,0,0,0,0,1,0,0,0,0,0,0,0,0,0,0,1,2,0.0,0.0,0.0,0.0,1.0,0.0,1.0,97,152,0.65,0.05,0.01,0.01,0.0,0.0,0.0,0.0,0
0,tcp,http,SF,264,5170,0,0,0,0,0,1,0,0,0,0,0,0,0,0,0,0,2,2,0.0,0.0,0.0,0.0,1.0,0.0,0.0,15,255,1.0,0.0,0.07,0.03,0.0,0.0,0.0,0.0,0
0,tcp,http,SF,307,3731,0,0,0,0,0,1,0,0,0,0,0,0,0,0,0,0,5,5,0.0,0.0,0.0,0.0,1.0,0.0,0.0,61,255,1.0,0.0,0.02,0.03,0.0,0.0,0.0,0.0,0
0,tcp,http,SF,216,1709,0,0,0,0,0,1,0,0,0,0,0,0,0,0,0,0,3,3,0.0,0.0,0.0,0.0,1.0,0.0,0.0,3,255,1.0,0.0,0.33,0.05,0.0,0.0,0.0,0.0,0
0,udp,domain_u,SF,35,0,0,0,0,0,0,0,0,0,0,0,0,0,0,0,0,0,1,2,0.0,0.0,0.0,0.0,1.0,0.0,1.0,180,24,0.06,0.03,0.06,0.08,0.0,0.0,0.0,0.0,0
0,udp,domain_u,SF,45,129,0,0,0,0,0,0,0,0,0,0,0,0,0,0,0,0,190,190,0.0,0.0,0.0,0.0,1.0,0.0,0.0,115,76,0.66,0.03,0.01,0.0,0.0,0.0,0.0,0.0,0
0,udp,private,SF,105,147,0,0,0,0,0,0,0,0,0,0,0,0,0,0,0,0,3,1,0.0,0.0,0.0,0.0,0.33,1.0,0.0,255,242,0.95,0.01,0.0,0.0,0.0,0.0,0.0,0.0,0
0,udp,domain_u,SF,45,75,0,0,0,0,0,0,0,0,0,0,0,0,0,0,0,0,115,115,0.0,0.0,0.0,0.0,1.0,0.0,0.0,255,224,0.88,0.01,0.0,0.0,0.0,0.0,0.0,0.0,0
0,tcp,http,SF,197,296,0,0,0,0,0,1,0,0,0,0,0,0,0,0,0,0,14,18,0.0,0.0,0.0,0.0,1.0,0.0,0.11,255,255,1.0,0.0,0.0,0.0,0.0,0.0,0.0,0.0,0
4,tcp,smtp,SF,1583,333,0,0,0,0,0,1,0,0,0,0,0,0,0,0,0,0,1,3,0.0,0.0,0.0,0.0,1.0,0.0,1.0,90,166,0.58,0.04,0.01,0.02,0.0,0.0,0.0,0.0,0
0,tcp,http,SF,247,1047,0,0,0,0,0,1,0,0,0,0,0,0,0,0,0,0,5,5,0.0,0.0,0.0,0.0,1.0,0.0,0.0,92,255,1.0,0.0,0.01,0.04,0.0,0.0,0.0,0.0,0
0,tcp,http,REJ,0,0,0,0,0,0,0,0,0,0,0,0,0,0,0,0,0,0,1,3,0.0,0.0,1.0,1.0,1.0,0.0,1.0,1,207,1.0,0.0,1.0,0.19,0.0,0.0,1.0,1.0,0
0,tcp,http,SF,223,362,0,0,0,0,0,1,0,0,0,0,0,0,0,0,0,0,11,37,0.0,0.0,0.0,0.0,1.0,0.0,0.16,255,255,1.0,0.0,0.0,0.0,0.0,0.0,0.0,0.0,0
0,tcp,ftp_data,SF,71,0,0,0,0,0,0,0,0,0,0,0,0,0,0,0,0,0,1,1,0.0,0.0,0.0,0.0,1.0,0.0,0.0,8,17,0.12,0.38,0.12,0.12,0.0,0.0,0.0,0.0,0
0,tcp,http,SF,254,26928,0,0,0,0,0,1,0,0,0,0,0,0,0,0,0,0,1,25,0.0,0.0,0.0,0.0,1.0,0.0,0.16,255,255,1.0,0.0,0.0,0.0,0.0,0.0,0.0,0.0,0
0,udp,domain_u,SF,43,96,0,0,0,0,0,0,0,0,0,0,0,0,0,0,0,0,200,200,0.0,0.0,0.0,0.0,1.0,0.01,0.01,255,254,1.0,0.01,0.0,0.0,0.0,0.0,0.0,0.0,0
2,tcp,smtp,SF,12816,1460,0,0,0,0,0,1,0,0,0,0,0,0,0,0,0,0,1,3,0.0,0.0,0.0,0.0,1.0,0.0,1.0,180,122,0.41,0.02,0.01,0.02,0.0,0.0,0.0,0.0,0
0,udp,domain_u,SF,46,117,0,0,0,0,0,0,0,0,0,0,0,0,0,0,0,0,5,21,0.0,0.0,0.0,0.0,1.0,0.0,0.1,255,250,0.98,0.01,0.0,0.0,0.0,0.0,0.0,0.0,0
0,tcp,http,REJ,0,0,0,0,0,0,0,0,0,0,0,0,0,0,0,0,0,0,13,13,0.0,0.0,0.69,0.69,1.0,0.0,0.0,31,111,1.0,0.0,0.03,0.18,0.0,0.0,0.87,0.96,0
46,udp,domain_u,SF,42,44,0,0,0,0,0,0,0,0,0,0,0,0,0,0,0,0,13,13,0.0,0.0,0.0,0.0,1.0,0.0,0.0,114,82,0.72,0.02,0.68,0.0,0.0,0.0,0.0,0.0,0
0,tcp,http,SF,345,6052,0,0,0,0,0,1,0,0,0,0,0,0,0,0,0,0,9,9,0.0,0.0,0.0,0.0,1.0,0.0,0.0,43,255,1.0,0.0,0.02,0.04,0.0,0.0,0.0,0.0,0
0,udp,domain_u,SF,45,110,0,0,0,0,0,0,0,0,0,0,0,0,0,0,0,0,1,2,0.0,0.0,0.0,0.0,1.0,0.0,1.0,255,235,0.92,0.01,0.01,0.0,0.0,0.0,0.02,0.0,0
0,tcp,http,SF,214,1863,0,0,0,0,0,1,0,0,0,0,0,0,0,0,0,0,3,14,0.0,0.0,0.0,0.0,1.0,0.0,0.29,255,255,1.0,0.0,0.0,0.0,0.0,0.0,0.0,0.0,0
0,tcp,smtp,SF,1785,388,0,0,0,0,0,1,0,0,0,0,0,0,0,0,0,0,1,1,0.0,0.0,0.0,0.0,1.0,0.0,0.0,255,127,0.5,0.02,0.0,0.0,0.44,0.47,0.0,0.0,0
0,udp,domain_u,SF,42,120,0,0,0,0,0,0,0,0,0,0,0,0,0,0,0,0,180,179,0.0,0.0,0.0,0.0,0.99,0.01,0.0,69,36,0.52,0.03,0.01,0.0,0.0,0.0,0.0,0.0,0
0,udp,domain_u,SF,44,93,0,0,0,0,0,0,0,0,0,0,0,0,0,0,0,0,166,166,0.0,0.0,0.0,0.0,1.0,0.0,0.0,255,204,0.8,0.01,0.0,0.0,0.0,0.0,0.0,0.0,0
0,tcp,http,REJ,0,0,0,0,0,0,0,0,0,0,0,0,0,0,0,0,0,0,1,3,0.0,0.0,1.0,0.33,1.0,0.0,0.67,16,255,1.0,0.0,0.06,0.15,0.0,0.0,1.0,0.79,0
0,tcp,IRC,S1,37681,40396,0,0,0,0,0,1,0,0,0,0,0,0,0,0,0,0,1,1,1.0,1.0,0.0,0.0,1.0,0.0,0.0,88,16,0.18,0.02,0.01,0.0,0.16,0.88,0.0,0.0,0
0,udp,private,SF,105,146,0,0,0,0,0,0,0,0,0,0,0,0,0,0,0,0,7,1,0.0,0.0,0.0,0.0,0.14,0.29,0.0,255,235,0.92,0.01,0.0,0.0,0.0,0.0,0.0,0.0,0
0,tcp,http,SF,297,498,0,0,0,0,0,1,0,0,0,0,0,0,0,0,0,0,12,13,0.0,0.0,0.0,0.0,1.0,0.0,0.15,255,255,1.0,0.0,0.0,0.0,0.0,0.0,0.0,0.0,0
0,tcp,http,SF,223,1040,0,0,0,0,0,1,0,0,0,0,0,0,0,0,0,0,10,55,0.0,0.0,0.0,0.0,1.0,0.0,0.18,27,255,1.0,0.0,0.04,0.03,0.0,0.0,0.0,0.0,0
0,tcp,http,SF,233,1076,0,0,0,0,0,1,0,0,0,0,0,0,0,0,0,0,4,4,0.25,0.25,0.0,0.0,1.0,0.0,0.0,9,255,1.0,0.0,0.11,0.04,0.11,0.01,0.0,0.0,0
0,tcp,http,SF,209,412,0,0,0,0,0,1,0,0,0,0,0,0,0,0,0,0,13,13,0.0,0.0,0.0,0.0,1.0,0.0,0.0,255,255,1.0,0.0,0.0,0.0,0.0,0.0,0.0,0.0,0
0,tcp,smtp,SF,830,335,0,0,0,0,0,1,0,0,0,0,0,0,0,0,0,0,1,1,0.0,0.0,0.0,0.0,1.0,0.0,0.0,241,107,0.42,0.03,0.0,0.02,0.0,0.0,0.0,0.0,0
1,tcp,smtp,SF,770,367,0,0,0,0,0,1,0,0,0,0,0,0,0,0,0,0,1,2,0.0,0.0,0.0,0.0,1.0,0.0,1.0,255,162,0.64,0.02,0.0,0.0,0.0,0.0,0.0,0.0,0
0,tcp,http,SF,322,22273,0,0,0,0,0,1,0,0,0,0,0,0,0,0,0,0,3,7,0.0,0.0,0.0,0.0,1.0,0.0,0.43,67,255,1.0,0.0,0.01,0.03,0.0,0.0,0.0,0.0,0
0,tcp,ftp_data,SF,9,0,0,0,0,0,0,1,0,0,0,0,0,0,0,0,0,0,1,1,0.0,0.0,0.0,0.0,1.0,0.0,0.0,7,87,0.29,0.29,0.29,0.03,0.0,0.0,0.0,0.0,0
53,tcp,telnet,SF,2628,3860,0,0,0,3,0,1,1,1,0,0,0,0,0,0,0,0,1,1,0.0,0.0,0.0,0.0,1.0,0.0,0.0,2,2,1.0,0.0,0.5,0.0,0.0,0.0,0.0,0.0,1
0,tcp,http,REJ,0,0,0,0,0,0,0,0,0,0,0,0,0,0,0,0,0,0,1,1,0.0,0.0,1.0,1.0,1.0,0.0,0.0,7,255,1.0,0.0,0.14,0.04,0.0,0.0,0.29,0.02,0
63,udp,ntp_u,SF,48,48,0,0,0,0,0,0,0,0,0,0,0,0,0,0,0,0,1,1,0.0,0.0,0.0,0.0,1.0,0.0,0.0,3,4,1.0,0.0,1.0,0.5,0.0,0.0,0.0,0.0,0
0,tcp,http,SF,244,15334,0,0,0,0,0,1,0,0,0,0,0,0,0,0,0,0,9,9,0.0,0.0,0.0,0.0,1.0,0.0,0.0,166,255,1.0,0.0,0.01,0.02,0.0,0.0,0.0,0.0,0
0,tcp,http,SF,331,685,0,0,0,0,0,1,0,0,0,0,0,0,0,0,0,0,4,4,0.0,0.0,0.0,0.0,1.0,0.0,0.0,40,255,1.0,0.0,0.03,0.04,0.03,0.0,0.0,0.0,0
0,tcp,http,SF,206,383,0,0,0,0,0,1,0,0,0,0,0,0,0,0,0,0,9,9,0.0,0.0,0.0,0.0,1.0,0.0,0.0,231,255,1.0,0.0,0.0,0.01,0.0,0.0,0.0,0.0,0
0,tcp,http,SF,235,1380,0,0,0,0,0,1,0,0,0,0,0,0,0,0,0,0,4,4,0.0,0.0,0.0,0.0,1.0,0.0,0.0,255,250,0.98,0.01,0.0,0.0,0.0,0.0,0.0,0.0,0
0,tcp,http,SF,189,308,0,0,0,0,0,1,0,0,0,0,0,0,0,0,0,0,8,11,0.0,0.0,0.0,0.0,1.0,0.0,0.18,255,255,1.0,0.0,0.0,0.0,0.0,0.0,0.0,0.0,0
0,udp,other,SF,516,4,0,0,0,0,0,0,0,0,0,0,0,0,0,0,0,0,471,471,0.0,0.0,0.0,0.0,1.0,0.0,0.0,255,255,1.0,0.0,1.0,0.0,0.0,0.0,0.0,0.0,0
0,tcp,ftp_data,SF,12241,0,0,0,0,0,0,1,0,0,0,0,0,0,0,0,0,0,8,8,0.0,0.0,0.0,0.0,1.0,0.0,0.0,88,54,0.2,0.07,0.2,0.04,0.0,0.0,0.0,0.0,0
8,tcp,smtp,SF,1830,376,0,0,0,0,0,1,0,0,0,0,0,0,0,0,0,0,1,2,0.0,0.0,0.0,0.0,1.0,0.0,1.0,255,172,0.67,0.02,0.0,0.0,0.0,0.0,0.0,0.0,0
0,udp,domain_u,SF,42,42,0,0,0,0,0,0,0,0,0,0,0,0,0,0,0,0,3,5,0.0,0.0,0.0,0.0,1.0,0.0,0.4,255,237,0.93,0.01,0.0,0.0,0.0,0.0,0.0,0.0,0
0,tcp,smtp,SF,1374,327,0,0,0,0,0,1,0,0,0,0,0,0,0,0,0,0,1,1,0.0,0.0,0.0,0.0,1.0,0.0,0.0,132,135,0.64,0.03,0.01,0.02,0.0,0.0,0.0,0.0,0
0,tcp,http,SF,207,626,0,0,0,0,0,1,0,0,0,0,0,0,0,0,0,0,16,17,0.0,0.0,0.0,0.0,1.0,0.0,0.12,255,255,1.0,0.0,0.0,0.0,0.0,0.0,0.0,0.0,0
0,tcp,http,SF,298,188,0,0,0,0,0,1,0,0,0,0,0,0,0,0,0,0,1,3,0.0,0.0,0.0,0.0,1.0,0.0,1.0,42,255,1.0,0.0,0.02,0.03,0.0,0.0,0.0,0.0,0
0,tcp,http,SF,479,9142,0,0,0,0,0,1,0,0,0,0,0,0,0,0,0,0,7,7,0.0,0.0,0.0,0.0,1.0,0.0,0.0,98,255,1.0,0.0,0.01,0.04,0.0,0.01,0.0,0.0,0
0,tcp,http,SF,210,4995,0,0,0,0,0,1,0,0,0,0,0,0,0,0,0,0,8,8,0.0,0.0,0.0,0.0,1.0,0.0,0.0,85,255,1.0,0.0,0.01,0.04,0.0,0.0,0.0,0.0,0
0,tcp,http,S0,0,0,0,0,0,0,0,0,0,0,0,0,0,0,0,0,0,0,3,4,0.33,0.25,0.0,0.0,1.0,0.0,0.5,255,255,1.0,0.0,0.01,0.0,0.0,0.0,0.0,0.0,0
0,tcp,http,SF,254,2650,0,0,0,0,0,1,0,0,0,0,0,0,0,0,0,0,4,4,0.0,0.0,0.0,0.0,1.0,0.0,0.0,255,255,1.0,0.0,0.0,0.0,0.0,0.0,0.0,0.0,0
0,tcp,ftp_data,SF,5558,0,0,0,0,0,0,1,0,0,0,0,0,0,0,0,0,0,12,12,0.0,0.0,0.0,0.0,1.0,0.0,0.0,255,103,0.4,0.02,0.4,0.0,0.0,0.0,0.0,0.0,0
0,tcp,http,SF,202,454,0,0,0,0,0,1,0,0,0,0,0,0,0,0,0,0,11,11,0.0,0.0,0.0,0.0,1.0,0.0,0.0,255,255,1.0,0.0,0.0,0.0,0.0,0.0,0.0,0.0,0
0,tcp,http,SF,226,3556,0,0,0,0,0,1,0,0,0,0,0,0,0,0,0,0,10,10,0.0,0.0,0.0,0.0,1.0,0.0,0.0,138,138,1.0,0.0,0.01,0.0,0.0,0.0,0.0,0.0,0
0,tcp,http,REJ,0,0,0,0,0,0,0,0,0,0,0,0,0,0,0,0,0,0,20,1,0.0,0.0,0.05,1.0,0.05,0.1,0.0,33,29,0.88,0.09,0.03,0.0,0.0,0.0,0.88,1.0,0
0,udp,domain_u,SF,42,108,0,0,0,0,0,0,0,0,0,0,0,0,0,0,0,0,1,1,0.0,0.0,0.0,0.0,1.0,0.0,0.0,1,224,1.0,0.0,1.0,0.01,0.0,0.0,0.0,0.0,0
0,tcp,http,SF,229,1660,0,0,0,0,0,1,0,0,0,0,0,0,0,0,0,0,8,10,0.0,0.0,0.0,0.0,1.0,0.0,0.3,57,255,1.0,0.0,0.02,0.01,0.0,0.0,0.0,0.0,0
0,tcp,http,SF,289,1255,0,0,0,0,0,1,0,0,0,0,0,0,0,0,0,0,18,19,0.0,0.0,0.0,0.0,1.0,0.0,0.11,134,255,1.0,0.0,0.01,0.01,0.0,0.0,0.0,0.0,0
1114,udp,other,SF,147,105,0,0,0,0,0,0,0,0,0,0,0,0,0,0,0,0,1,1,0.0,0.0,0.0,0.0,1.0,0.0,0.0,255,1,0.0,0.84,1.0,0.0,0.0,0.0,0.0,0.0,0
0,udp,domain_u,SF,42,75,0,0,0,0,0,0,0,0,0,0,0,0,0,0,0,0,152,154,0.0,0.0,0.0,0.0,1.0,0.0,0.01,255,225,0.88,0.01,0.0,0.0,0.0,0.0,0.0,0.0,0
0,tcp,http,SF,321,1628,0,0,0,0,0,1,0,0,0,0,0,0,0,0,0,0,11,11,0.0,0.0,0.0,0.0,1.0,0.0,0.0,123,255,1.0,0.0,0.01,0.04,0.0,0.0,0.0,0.0,0
0,tcp,ftp_data,SF,194,0,0,0,0,0,0,0,0,0,0,0,0,0,0,0,0,0,2,2,0.0,0.0,0.0,0.0,1.0,0.0,0.0,255,102,0.4,0.02,0.4,0.0,0.0,0.0,0.0,0.0,0
0,tcp,finger,SF,6,135,0,0,0,0,0,0,0,0,0,0,0,0,0,0,0,0,1,1,0.0,0.0,0.0,0.0,1.0,0.0,0.0,6,6,0.33,0.33,0.17,0.33,0.0,0.0,0.0,0.0,0
5628,tcp,IRC,RSTR,1573,5844,0,0,0,0,0,1,0,0,0,0,0,0,0,0,0,0,1,1,0.0,0.0,1.0,1.0,1.0,0.0,0.0,2,2,1.0,0.0,0.5,0.0,0.5,0.5,0.5,0.5,0
0,tcp,finger,SF,6,140,0,0,0,0,0,0,0,0,0,0,0,0,0,0,0,0,1,1,0.0,0.0,0.0,0.0,1.0,0.0,0.0,85,6,0.07,0.07,0.01,0.0,0.0,0.0,0.0,0.0,0
0,tcp,http,SF,211,3141,0,0,0,0,0,1,0,0,0,0,0,0,0,0,0,0,4,6,0.0,0.0,0.0,0.0,1.0,0.0,0.33,42,255,1.0,0.0,0.02,0.01,0.0,0.0,0.0,0.0,0
0,udp,private,SF,105,146,0,0,0,0,0,0,0,0,0,0,0,0,0,0,0,0,7,1,0.0,0.0,0.0,0.0,0.14,0.29,0.0,255,239,0.94,0.01,0.01,0.0,0.0,0.0,0.0,0.0,0
0,udp,domain_u,SF,44,69,0,0,0,0,0,0,0,0,0,0,0,0,0,0,0,0,202,202,0.0,0.0,0.0,0.0,1.0,0.0,0.0,255,255,1.0,0.0,0.01,0.0,0.0,0.0,0.0,0.0,0
0,tcp,http,SF,335,20,0,0,0,0,0,1,0,0,0,0,0,0,0,0,0,0,42,42,0.0,0.0,0.0,0.0,1.0,0.0,0.0,255,255,1.0,0.0,0.0,0.0,0.01,0.01,0.0,0.0,0
0,tcp,http,SF,204,791,0,0,0,0,0,1,0,0,0,0,0,0,0,0,0,0,8,8,0.0,0.0,0.0,0.0,1.0,0.0,0.0,8,255,1.0,0.0,0.12,0.06,0.0,0.0,0.0,0.0,0
0,tcp,smtp,SF,1104,330,0,0,0,0,0,1,0,0,0,0,0,0,0,0,0,0,1,1,0.0,0.0,0.0,0.0,1.0,0.0,0.0,255,5,0.02,0.56,0.0,0.0,0.0,0.0,0.0,0.0,0
0,tcp,http,SF,228,354,0,0,0,0,0,1,0,0,0,0,0,0,0,0,0,0,12,21,0.0,0.0,0.0,0.0,1.0,0.0,0.14,255,255,1.0,0.0,0.0,0.0,0.0,0.0,0.0,0.0,0
0,udp,other,SF,146,0,0,0,0,0,0,0,0,0,0,0,0,0,0,0,0,0,3,1,0.0,0.0,0.0,0.0,0.33,1.0,0.0,255,3,0.01,0.53,0.94,0.0,0.0,0.0,0.0,0.0,0
0,tcp,ftp_data,SF,95,0,0,0,0,0,0,1,0,0,0,0,0,0,0,0,0,0,8,8,0.0,0.0,0.0,0.0,1.0,0.0,0.0,255,44,0.17,0.03,0.17,0.0,0.0,0.0,0.0,0.0,0
0,tcp,http,SF,211,622,0,0,0,0,0,1,0,0,0,0,0,0,0,0,0,0,1,1,0.0,0.0,0.0,0.0,1.0,0.0,0.0,255,255,1.0,0.0,0.0,0.0,0.0,0.0,0.0,0.0,0
0,tcp,http,SF,290,3142,0,0,0,0,0,1,0,0,0,0,0,0,0,0,0,0,1,2,0.0,0.0,0.0,0.0,1.0,0.0,1.0,2,255,1.0,0.0,0.5,0.03,0.0,0.0,0.0,0.0,0
0,tcp,http,SF,283,2531,0,0,0,0,0,1,0,0,0,0,0,0,0,0,0,0,5,5,0.0,0.0,0.0,0.0,1.0,0.0,0.0,255,255,1.0,0.0,0.0,0.0,0.01,0.01,0.0,0.0,0
0,tcp,http,SF,297,2507,0,0,0,0,0,1,0,0,0,0,0,0,0,0,0,0,3,4,0.0,0.0,0.0,0.25,1.0,0.0,0.5,255,255,1.0,0.0,0.0,0.0,0.0,0.0,0.0,0.0,0
0,tcp,http,SF,232,25392,0,0,0,0,0,1,0,0,0,0,0,0,0,0,0,0,1,1,0.0,0.0,0.0,0.0,1.0,0.0,0.0,10,84,1.0,0.0,0.1,0.1,0.1,0.01,0.0,0.0,0
0,tcp,http,SF,228,947,0,0,0,0,0,1,0,0,0,0,0,0,0,0,0,0,17,17,0.0,0.0,0.0,0.0,1.0,0.0,0.0,44,255,1.0,0.0,0.02,0.04,0.0,0.0,0.0,0.0,0
0,tcp,http,S0,0,0,0,0,0,0,0,0,0,0,0,0,0,0,0,0,0,0,2,7,0.5,0.14,0.0,0.14,1.0,0.0,0.29,117,255,1.0,0.0,0.02,0.02,0.01,0.01,0.0,0.0,0
1,tcp,smtp,SF,1828,376,0,0,0,0,0,1,0,0,0,0,0,0,0,0,0,0,1,2,0.0,0.0,0.0,0.0,1.0,0.0,1.0,255,163,0.64,0.02,0.0,0.0,0.0,0.0,0.0,0.0,0
21,tcp,ftp,SF,249,775,0,0,0,4,0,1,0,0,0,0,0,0,0,0,0,1,1,1,0.0,0.0,0.0,0.0,1.0,0.0,0.0,18,1,0.06,0.22,0.06,0.0,0.0,0.0,0.0,0.0,0
0,tcp,http,SF,258,2833,0,0,0,0,0,1,0,0,0,0,0,0,0,0,0,0,1,6,0.0,0.0,0.0,0.0,1.0,0.0,0.33,3,255,1.0,0.0,0.33,0.02,0.0,0.0,0.0,0.0,0
0,tcp,http,SF,248,9986,0,0,0,0,0,1,0,0,0,0,0,0,0,0,0,0,10,10,0.0,0.0,0.0,0.0,1.0,0.0,0.0,255,255,1.0,0.0,0.0,0.0,0.0,0.0,0.0,0.0,0
0,udp,other,SF,146,0,0,0,0,0,0,0,0,0,0,0,0,0,0,0,0,0,2,1,0.0,0.0,0.0,0.0,0.5,1.0,0.0,255,2,0.01,0.64,0.97,0.0,0.0,0.0,0.0,0.0,0
0,tcp,http,SF,207,480,0,0,0,0,0,1,0,0,0,0,0,0,0,0,0,0,13,33,0.0,0.0,0.0,0.0,1.0,0.0,0.06,253,255,1.0,0.0,0.0,0.01,0.0,0.0,0.0,0.0,0
0,icmp,eco_i,SF,30,0,0,0,0,0,0,0,0,0,0,0,0,0,0,0,0,0,2,1,0.0,0.0,0.0,0.0,0.5,1.0,0.0,255,2,0.01,0.01,0.02,0.0,0.0,0.0,0.0,0.0,0
0,tcp,http,SF,335,20816,0,0,0,0,0,1,0,0,0,0,0,0,0,0,0,0,1,6,0.0,0.0,0.0,0.0,1.0,0.0,0.5,3,255,1.0,0.0,0.33,0.04,0.0,0.01,0.0,0.0,0
0,udp,private,SF,105,146,0,0,0,0,0,0,0,0,0,0,0,0,0,0,0,0,1,1,0.0,0.0,0.0,0.0,1.0,0.0,0.0,21,18,0.86,0.14,0.05,0.0,0.0,0.0,0.0,0.0,0
0,udp,domain_u,SF,43,43,0,0,0,0,0,0,0,0,0,0,0,0,0,0,0,0,167,167,0.0,0.0,0.0,0.0,1.0,0.0,0.0,255,255,1.0,0.0,0.0,0.0,0.0,0.0,0.0,0.0,0
0,tcp,http,SF,229,19395,0,0,0,0,0,1,0,0,0,0,0,0,0,0,0,0,5,5,0.0,0.0,0.0,0.0,1.0,0.0,0.0,50,255,1.0,0.0,0.02,0.06,0.0,0.0,0.0,0.0,0
0,tcp,http,SF,201,17733,0,0,0,0,0,1,0,0,0,0,0,0,0,0,0,0,39,47,0.0,0.0,0.0,0.0,1.0,0.0,0.11,255,255,1.0,0.0,0.0,0.0,0.0,0.0,0.0,0.0,0
0,udp,domain_u,SF,46,46,0,0,0,0,0,0,0,0,0,0,0,0,0,0,0,0,19,24,0.0,0.0,0.0,0.0,1.0,0.0,0.08,255,255,1.0,0.0,0.0,0.0,0.0,0.0,0.0,0.0,0
0,tcp,http,S1,211,1460,0,0,0,0,0,1,0,0,0,0,0,0,0,0,0,0,3,4,0.33,0.25,0.0,0.0,1.0,0.0,0.5,21,255,1.0,0.0,0.05,0.02,0.05,0.0,0.0,0.01,0
0,udp,domain_u,SF,29,89,0,0,0,0,0,0,0,0,0,0,0,0,0,0,0,0,1,1,0.0,0.0,0.0,0.0,1.0,0.0,0.0,219,216,0.99,0.01,0.0,0.0,0.0,0.0,0.0,0.0,0
0,tcp,http,SF,235,2698,0,0,0,0,0,1,0,0,0,0,0,0,1,0,0,0,3,4,0.0,0.0,0.0,0.25,1.0,0.0,0.5,255,239,0.94,0.02,0.0,0.0,0.0,0.0,0.0,0.0,0
0,udp,other,SF,516,4,0,0,0,0,0,0,0,0,0,0,0,0,0,0,0,0,298,298,0.0,0.0,0.0,0.0,1.0,0.0,0.0,255,255,1.0,0.0,1.0,0.0,0.0,0.0,0.0,0.0,0
0,tcp,http,SF,236,1112,0,0,0,0,0,1,0,0,0,0,0,0,0,0,0,0,8,8,0.0,0.0,0.0,0.0,1.0,0.0,0.0,255,255,1.0,0.0,0.0,0.0,0.0,0.0,0.0,0.0,0
0,udp,domain_u,SF,45,134,0,0,0,0,0,0,0,0,0,0,0,0,0,0,0,0,10,10,0.0,0.0,0.0,0.0,1.0,0.0,0.0,148,85,0.57,0.03,0.01,0.0,0.0,0.0,0.0,0.0,0
5,tcp,smtp,SF,2632,336,0,0,0,0,0,1,0,0,0,0,0,0,0,0,0,0,2,2,0.0,0.0,0.0,0.0,0.5,1.0,1.0,123,134,0.59,0.03,0.01,0.01,0.0,0.0,0.01,0.07,0
0,tcp,ftp_data,SF,2881,0,0,0,0,0,0,1,0,0,0,0,0,0,0,0,0,0,156,6,0.96,0.0,0.0,0.0,0.04,0.06,0.0,255,12,0.05,0.06,0.05,0.0,0.95,0.0,0.0,0.0,0
0,tcp,http,SF,221,431,0,0,0,0,0,1,0,0,0,0,0,0,0,0,0,0,3,3,0.0,0.0,0.0,0.0,1.0,0.0,0.0,110,255,1.0,0.0,0.01,0.07,0.01,0.01,0.0,0.0,0
0,tcp,http,SF,211,2625,0,0,0,0,0,1,0,0,0,0,0,0,0,0,0,0,4,4,0.0,0.0,0.0,0.0,1.0,0.0,0.0,50,255,1.0,0.0,0.02,0.07,0.0,0.0,0.0,0.0,0
0,tcp,http,SF,198,5989,0,0,0,0,0,1,0,0,0,0,0,0,0,0,0,0,7,25,0.14,0.08,0.0,0.0,1.0,0.0,0.12,29,40,1.0,0.0,0.03,0.15,0.03,0.03,0.76,0.8,0
0,udp,domain_u,SF,43,43,0,0,0,0,0,0,0,0,0,0,0,0,0,0,0,0,94,94,0.0,0.0,0.0,0.0,1.0,0.0,0.0,255,255,1.0,0.0,0.0,0.0,0.0,0.0,0.0,0.0,0
0,tcp,http,SF,281,757,0,0,0,0,0,1,0,0,0,0,0,0,0,0,0,0,1,8,0.0,0.0,0.0,0.0,1.0,0.0,0.25,35,255,1.0,0.0,0.03,0.05,0.0,0.0,0.0,0.0,0
26,tcp,ftp,SF,1074,3081,0,0,0,22,0,1,0,0,0,0,0,0,0,0,0,1,1,1,0.0,0.0,0.0,0.0,1.0,0.0,0.0,4,4,1.0,0.0,0.25,0.0,0.0,0.0,0.0,0.0,0
0,tcp,http,SF,200,267,0,0,0,0,0,1,0,0,0,0,0,0,0,0,0,0,8,8,0.0,0.0,0.0,0.0,1.0,0.0,0.0,107,255,1.0,0.0,0.01,0.05,0.0,0.0,0.0,0.0,0
0,tcp,http,SF,316,1054,0,0,0,0,0,1,0,0,0,0,0,0,0,0,0,0,5,5,0.0,0.0,0.0,0.0,1.0,0.0,0.0,169,255,1.0,0.0,0.01,0.01,0.0,0.0,0.0,0.0,0
0,tcp,ftp_data,SF,0,5696,0,0,0,0,0,1,0,0,0,0,0,0,0,0,0,0,1,1,0.0,0.0,0.0,0.0,1.0,0.0,0.0,1,81,1.0,0.0,1.0,0.02,0.0,0.0,0.0,0.0,1
0,tcp,http,SF,215,421,0,0,0,0,0,1,0,0,0,0,0,0,0,0,0,0,15,31,0.0,0.0,0.0,0.0,1.0,0.0,0.1,255,255,1.0,0.0,0.0,0.0,0.0,0.0,0.0,0.0,0
0,tcp,ftp_data,SF,10073,0,0,0,0,0,0,0,0,0,0,0,0,0,0,0,0,0,22,22,0.0,0.0,0.0,0.0,1.0,0.0,0.0,193,74,0.38,0.03,0.38,0.0,0.0,0.0,0.0,0.0,0
0,tcp,http,SF,278,450,0,0,0,0,0,1,0,0,0,0,0,0,0,0,0,0,3,10,0.0,0.0,0.0,0.0,1.0,0.0,0.5,45,249,1.0,0.0,0.02,0.05,0.0,0.0,0.29,0.56,0
0,udp,domain_u,SF,45,133,0,0,0,0,0,0,0,0,0,0,0,0,0,0,0,0,318,317,0.0,0.0,0.0,0.0,1.0,0.01,0.0,207,174,0.84,0.01,0.0,0.0,0.0,0.0,0.0,0.0,0
5,tcp,IRC,SF,77,17,0,0,0,0,0,0,0,0,0,0,0,0,0,0,0,0,1,1,0.0,0.0,0.0,0.0,1.0,0.0,0.0,128,23,0.18,0.02,0.01,0.0,0.0,0.0,0.11,0.61,0
0,tcp,http,SF,215,434,0,0,0,0,0,1,0,0,0,0,0,0,0,0,0,0,25,26,0.0,0.0,0.0,0.0,1.0,0.0,0.08,255,255,1.0,0.0,0.0,0.0,0.0,0.0,0.0,0.0,0
0,tcp,ftp_data,SF,0,5928,0,0,0,0,0,1,0,0,0,0,0,0,0,0,0,0,1,1,0.0,0.0,0.0,0.0,1.0,0.0,0.0,2,40,1.0,0.0,1.0,0.05,0.0,0.0,0.0,0.0,0
0,icmp,urp_i,SF,181,0,0,0,0,0,0,0,0,0,0,0,0,0,0,0,0,0,3,1,0.0,0.0,0.0,0.0,0.33,1.0,0.0,255,19,0.07,0.01,0.09,0.0,0.0,0.0,0.0,0.0,0
16,tcp,smtp,SF,1530,330,0,0,0,0,0,1,0,0,0,0,0,0,0,0,0,0,1,2,0.0,0.0,0.0,0.0,1.0,0.0,1.0,183,143,0.78,0.02,0.01,0.0,0.0,0.0,0.0,0.0,0
0,tcp,http,SF,221,5674,0,0,0,0,0,1,0,0,0,0,0,0,0,0,0,0,15,15,0.0,0.0,0.0,0.0,1.0,0.0,0.0,15,255,1.0,0.0,0.07,0.04,0.0,0.0,0.0,0.0,0
0,udp,domain_u,SF,45,167,0,0,0,0,0,0,0,0,0,0,0,0,0,0,0,0,31,97,0.0,0.0,0.0,0.0,1.0,0.0,0.02,255,254,1.0,0.01,0.0,0.0,0.0,0.0,0.0,0.0,0
0,tcp,http,SF,295,2888,0,0,0,0,0,1,0,0,0,0,0,0,0,0,0,0,32,32,0.0,0.0,0.0,0.0,1.0,0.0,0.0,73,255,1.0,0.0,0.01,0.04,0.0,0.01,0.0,0.0,0
0,tcp,http,SF,258,255,0,0,0,0,0,1,0,0,0,0,0,0,0,0,0,0,6,6,0.0,0.0,0.0,0.0,1.0,0.0,0.0,243,255,1.0,0.0,0.0,0.01,0.01,0.01,0.0,0.0,0
0,tcp,http,SF,487,7477,0,0,0,0,0,1,0,0,0,0,0,0,0,0,0,0,14,14,0.0,0.0,0.0,0.0,1.0,0.0,0.0,100,255,1.0,0.0,0.01,0.05,0.0,0.0,0.0,0.0,0
0,tcp,http,SF,347,6239,0,0,0,0,0,1,0,0,0,0,0,0,0,0,0,0,7,7,0.0,0.0,0.0,0.0,1.0,0.0,0.0,7,255,1.0,0.0,0.14,0.04,0.0,0.0,0.0,0.0,0
0,tcp,http,SF,291,20075,0,0,0,0,0,1,0,0,0,0,0,0,0,0,0,0,1,1,0.0,0.0,0.0,0.0,1.0,0.0,0.0,255,255,1.0,0.0,0.0,0.0,0.0,0.0,0.0,0.0,0
0,udp,domain_u,SF,43,43,0,0,0,0,0,0,0,0,0,0,0,0,0,0,0,0,120,200,0.0,0.0,0.0,0.0,1.0,0.0,0.01,255,255,1.0,0.0,0.01,0.0,0.0,0.0,0.0,0.0,0
0,tcp,http,SF,324,1227,0,0,0,0,0,1,0,0,0,0,0,0,0,0,0,0,10,10,0.0,0.0,0.0,0.0,1.0,0.0,0.0,10,10,1.0,0.0,0.1,0.0,0.0,0.0,0.0,0.0,0
0,tcp,http,REJ,0,0,0,0,0,0,0,0,0,0,0,0,0,0,0,0,0,0,1,1,0.0,0.0,1.0,1.0,1.0,0.0,0.0,43,255,1.0,0.0,0.02,0.13,0.0,0.0,1.0,0.92,0
0,tcp,smtp,SF,2797,363,0,0,0,0,0,1,0,0,0,0,0,0,0,0,0,0,1,4,0.0,0.0,0.0,0.0,1.0,0.0,1.0,158,201,0.87,0.03,0.01,0.01,0.0,0.0,0.0,0.0,0
0,tcp,ftp_data,SF,3468,0,0,0,0,0,0,1,0,0,0,0,0,0,0,0,0,0,23,23,0.0,0.0,0.0,0.0,1.0,0.0,0.0,255,78,0.31,0.02,0.15,0.0,0.63,0.51,0.0,0.0,0
0,tcp,http,SF,291,4858,0,0,0,0,0,1,0,0,0,0,0,0,0,0,0,0,41,41,0.0,0.0,0.0,0.0,1.0,0.0,0.0,255,255,1.0,0.0,0.0,0.0,0.0,0.0,0.0,0.0,0
0,tcp,http,SF,175,501,0,0,0,0,0,1,0,0,0,0,0,0,0,0,0,0,4,22,0.0,0.0,0.0,0.0,1.0,0.0,0.09,4,255,1.0,0.0,0.25,0.01,0.0,0.0,0.0,0.0,0
0,tcp,ftp_data,SF,740,0,0,0,0,0,0,1,0,0,0,9,0,0,0,0,0,0,2,2,0.0,0.0,0.0,0.0,1.0,0.0,0.0,28,54,0.07,0.11,0.07,0.06,0.0,0.0,0.0,0.0,0
0,tcp,http,S2,197,19238,0,0,0,0,0,1,0,0,0,0,0,0,0,0,0,0,1,2,1.0,0.5,0.0,0.0,1.0,0.0,1.0,255,255,1.0,0.0,0.0,0.0,0.0,0.0,0.0,0.0,0
0,tcp,http,SF,194,1423,0,0,0,0,0,1,0,0,0,0,0,0,0,0,0,0,1,3,0.0,0.0,0.0,0.67,1.0,0.0,1.0,121,121,1.0,0.0,0.01,0.0,0.0,0.0,0.0,0.0,0
0,tcp,http,SF,199,788,0,0,0,0,0,1,0,0,0,0,0,0,0,0,0,0,39,39,0.0,0.0,0.0,0.0,1.0,0.0,0.0,222,255,1.0,0.0,0.0,0.01,0.0,0.0,0.0,0.0,0
0,tcp,ftp_data,SF,192,0,0,0,0,0,0,1,0,0,0,0,0,0,0,0,0,0,2,2,0.0,0.0,0.0,0.0,1.0,0.0,0.0,49,111,0.16,0.1,0.16,0.02,0.0,0.0,0.0,0.0,0
0,tcp,http,SF,156,21113,0,0,0,0,0,1,0,0,0,0,0,0,0,0,0,0,9,24,0.0,0.0,0.0,0.0,1.0,0.0,0.08,148,255,1.0,0.0,0.01,0.04,0.0,0.0,0.0,0.0,0
0,tcp,http,SF,301,1380,0,0,0,0,0,1,0,0,0,0,0,0,0,0,0,0,5,5,0.0,0.0,0.0,0.0,1.0,0.0,0.0,255,247,0.97,0.01,0.0,0.0,0.0,0.0,0.0,0.0,0
0,tcp,http,SF,158,2024,0,0,0,0,0,1,0,0,0,0,0,0,0,0,0,0,2,12,0.0,0.0,0.0,0.0,1.0,0.0,0.17,24,255,1.0,0.0,0.04,0.06,0.0,0.0,0.0,0.0,0
0,tcp,http,SF,398,1550,0,0,0,0,0,1,0,0,0,0,0,0,0,0,0,0,15,27,0.0,0.0,0.0,0.0,1.0,0.0,0.07,255,255,1.0,0.0,0.0,0.0,0.0,0.0,0.0,0.0,0
0,tcp,ftp_data,SF,201,0,0,0,0,0,0,1,0,0,0,0,0,0,0,0,0,0,14,14,0.0,0.0,0.0,0.0,1.0,0.0,0.0,255,104,0.41,0.01,0.41,0.0,0.0,0.0,0.0,0.0,0
0,tcp,http,SF,322,2999,0,0,0,0,0,1,0,0,0,0,0,0,0,0,0,0,1,2,0.0,0.0,0.0,0.0,1.0,0.0,1.0,157,255,1.0,0.0,0.01,0.04,0.0,0.0,0.0,0.0,0
10,tcp,http,SF,266,2424,0,0,0,1,0,1,0,0,0,0,0,0,0,0,0,0,1,1,0.0,0.0,0.0,0.0,1.0,0.0,0.0,255,253,0.99,0.01,0.0,0.0,0.0,0.0,0.0,0.0,0
0,tcp,smtp,SF,682,334,0,0,0,0,0,1,0,0,0,0,0,0,0,0,0,0,1,1,0.0,0.0,0.0,0.0,1.0,0.0,0.0,47,114,0.38,0.06,0.02,0.02,0.0,0.18,0.0,0.0,0
0,tcp,http,REJ,0,0,0,0,0,0,0,0,0,0,0,0,0,0,0,0,0,0,1,1,0.0,0.0,1.0,1.0,1.0,0.0,0.0,7,43,1.0,0.0,0.14,0.12,0.0,0.0,1.0,1.0,0
0,tcp,http,SF,263,2787,0,0,0,0,0,1,0,0,0,0,0,0,0,0,0,0,28,28,0.0,0.0,0.0,0.0,1.0,0.0,0.0,255,255,1.0,0.0,0.0,0.0,0.0,0.0,0.0,0.0,0
0,tcp,http,SF,230,10131,0,0,0,0,0,1,0,0,0,0,0,0,0,0,0,0,5,20,0.0,0.0,0.0,0.0,1.0,0.0,0.1,18,255,1.0,0.0,0.06,0.07,0.0,0.0,0.0,0.0,0
0,icmp,eco_i,SF,30,0,0,0,0,0,0,0,0,0,0,0,0,0,0,0,0,0,1,1,0.0,0.0,0.0,0.0,1.0,0.0,0.0,243,243,1.0,0.0,1.0,0.0,0.0,0.0,0.0,0.0,0
0,udp,domain_u,SF,41,127,0,0,0,0,0,0,0,0,0,0,0,0,0,0,0,0,282,282,0.0,0.0,0.0,0.0,1.0,0.0,0.0,255,251,0.98,0.01,0.0,0.0,0.0,0.0,0.0,0.0,0
0,tcp,smtp,SF,1596,333,0,0,0,0,0,1,0,0,0,1,0,0,0,0,0,0,1,2,0.0,0.0,0.0,0.0,1.0,0.0,1.0,15,192,1.0,0.0,0.07,0.02,0.0,0.0,0.0,0.0,0
1531,udp,other,SF,146,105,0,0,0,0,0,0,0,0,0,0,0,0,0,0,0,0,2,2,0.0,0.0,0.0,0.0,1.0,0.0,0.0,255,2,0.01,0.41,0.73,0.0,0.0,0.0,0.0,0.0,0
0,tcp,http,REJ,0,0,0,0,0,0,0,0,0,0,0,0,0,0,0,0,0,0,1,1,0.0,0.0,1.0,1.0,1.0,0.0,0.0,6,22,1.0,0.0,0.17,0.09,0.0,0.09,1.0,0.32,0
0,udp,domain_u,SF,34,87,0,0,0,0,0,0,0,0,0,0,0,0,0,0,0,0,7,16,0.0,0.0,0.0,0.0,0.57,0.29,0.12,13,5,0.38,0.23,0.08,0.0,0.0,0.0,0.0,0.0,0
0,tcp,http,SF,287,13410,0,0,0,0,0,1,0,0,0,0,0,0,0,0,0,0,7,7,0.0,0.0,0.0,0.0,1.0,0.0,0.0,7,255,1.0,0.0,0.14,0.04,0.0,0.0,0.0,0.0,0
0,tcp,http,REJ,0,0,0,0,0,0,0,0,0,0,0,0,0,0,0,0,0,0,1,2,0.0,0.0,1.0,1.0,1.0,0.0,1.0,6,255,1.0,0.0,0.17,0.12,0.0,0.0,1.0,0.78,0
0,udp,domain_u,SF,34,87,0,0,0,0,0,0,0,0,0,0,0,0,0,0,0,0,2,8,0.0,0.0,0.0,0.0,0.5,1.0,0.38,30,13,0.43,0.1,0.03,0.0,0.0,0.0,0.0,0.0,0
0,tcp,smtp,SF,655,334,0,0,0,0,0,1,0,0,0,0,0,0,0,0,0,0,1,2,0.0,0.0,0.0,0.0,1.0,0.0,1.0,133,83,0.62,0.1,0.01,0.0,0.01,0.0,0.0,0.0,0
0,tcp,http,SF,303,3629,0,0,0,0,0,1,0,0,0,0,0,0,0,0,0,0,4,4,0.0,0.0,0.0,0.0,1.0,0.0,0.0,231,231,1.0,0.0,0.0,0.0,0.0,0.0,0.0,0.0,0
0,tcp,http,REJ,0,0,0,0,0,0,0,0,0,0,0,0,0,0,0,0,0,0,1,2,0.0,0.0,1.0,1.0,1.0,0.0,1.0,7,255,1.0,0.0,0.14,0.23,0.0,0.0,1.0,0.93,0
0,tcp,http,SF,309,2698,0,0,0,0,0,1,0,0,0,0,0,0,1,0,0,0,6,6,0.0,0.0,0.0,0.0,1.0,0.0,0.0,255,253,0.99,0.01,0.0,0.0,0.0,0.0,0.0,0.0,0
0,udp,domain_u,SF,86,0,0,0,0,0,0,0,0,0,0,0,0,0,0,0,0,0,1,3,0.0,0.0,0.0,0.0,1.0,0.0,1.0,103,103,1.0,0.0,0.7,0.0,0.0,0.0,0.0,0.0,0
0,tcp,http,SF,197,1279,0,0,0,0,0,1,0,0,0,0,0,0,0,0,0,0,12,13,0.0,0.0,0.0,0.0,1.0,0.0,0.15,32,255,1.0,0.0,0.03,0.04,0.0,0.0,0.0,0.0,0
0,tcp,http,SF,219,259,0,0,0,0,0,1,0,0,0,0,0,0,0,0,0,0,1,1,0.0,0.0,0.0,0.0,1.0,0.0,0.0,252,255,1.0,0.0,0.0,0.01,0.0,0.0,0.0,0.0,0
0,tcp,http,SF,332,771,0,0,0,0,0,1,0,0,0,0,0,0,0,0,0,0,13,18,0.0,0.0,0.0,0.0,1.0,0.0,0.17,133,255,1.0,0.0,0.01,0.09,0.01,0.0,0.23,0.59,0
0,tcp,http,SF,289,8052,0,0,0,0,0,1,0,0,0,0,0,0,0,0,0,0,11,11,0.0,0.0,0.0,0.0,1.0,0.0,0.0,11,255,1.0,0.0,0.09,0.02,0.0,0.01,0.0,0.01,0
0,udp,domain_u,SF,42,73,0,0,0,0,0,0,0,0,0,0,0,0,0,0,0,0,183,183,0.0,0.0,0.0,0.0,1.0,0.0,0.0,255,255,1.0,0.0,0.0,0.0,0.0,0.0,0.0,0.0,0
0,tcp,http,SF,155,443,0,0,0,0,0,1,0,0,0,0,0,0,0,0,0,0,1,6,0.0,0.17,0.0,0.0,1.0,0.0,0.5,137,137,1.0,0.0,0.01,0.0,0.01,0.01,0.01,0.01,0
0,icmp,urp_i,SF,78,0,0,0,0,0,0,0,0,0,0,0,0,0,0,0,0,0,15,1,0.0,0.0,0.0,0.0,0.07,0.13,0.0,255,10,0.04,0.01,0.04,0.0,0.0,0.0,0.0,0.0,0
0,tcp,http,SF,337,1528,0,0,0,0,0,1,0,0,0,0,0,0,0,0,0,0,1,1,0.0,0.0,0.0,0.0,1.0,0.0,0.0,70,255,1.0,0.0,0.01,0.02,0.0,0.0,0.0,0.0,0
0,udp,domain_u,SF,46,77,0,0,0,0,0,0,0,0,0,0,0,0,0,0,0,0,188,188,0.0,0.0,0.0,0.0,1.0,0.0,0.0,255,255,1.0,0.0,0.01,0.0,0.0,0.0,0.0,0.0,0
0,udp,domain_u,SF,45,137,0,0,0,0,0,0,0,0,0,0,0,0,0,0,0,0,75,155,0.0,0.0,0.0,0.0,1.0,0.0,0.01,255,255,1.0,0.0,0.0,0.0,0.0,0.0,0.0,0.0,0
0,tcp,smtp,SF,659,322,0,0,0,0,0,1,0,0,0,0,0,0,0,0,0,0,1,1,0.0,0.0,0.0,0.0,1.0,0.0,0.0,180,113,0.63,0.03,0.01,0.0,0.0,0.0,0.0,0.0,0
0,tcp,http,SF,217,253,0,0,0,0,0,1,0,0,0,0,0,0,0,0,0,0,1,4,0.0,0.0,0.0,0.0,1.0,0.0,0.5,1,255,1.0,0.0,1.0,0.05,0.0,0.0,0.0,0.0,0
0,tcp,http,SF,289,11944,0,0,0,0,0,1,0,0,0,0,0,0,0,0,0,0,9,9,0.0,0.0,0.0,0.0,1.0,0.0,0.0,255,255,1.0,0.0,0.0,0.0,0.0,0.0,0.0,0.0,0
0,tcp,http,SF,297,1645,0,0,0,0,0,1,0,0,0,0,0,0,0,0,0,0,4,4,0.0,0.0,0.0,0.0,1.0,0.0,0.0,15,255,1.0,0.0,0.07,0.01,0.0,0.0,0.47,0.03,0
0,tcp,smtp,S0,0,0,0,0,0,0,0,0,0,0,0,0,0,0,0,0,0,0,2,3,0.5,0.33,0.0,0.0,1.0,0.0,0.67,204,152,0.58,0.02,0.01,0.01,0.0,0.02,0.0,0.0,0
0,tcp,ftp_data,SF,88382,0,0,0,0,0,0,0,0,0,0,0,0,0,0,0,0,0,16,16,0.0,0.0,0.0,0.0,1.0,0.0,0.0,86,45,0.52,0.03,0.52,0.0,0.0,0.0,0.0,0.0,0
0,tcp,http,REJ,0,0,0,0,0,0,0,0,0,0,0,0,0,0,0,0,0,0,1,3,0.0,0.0,1.0,1.0,1.0,0.0,1.0,5,255,1.0,0.0,0.2,0.21,0.0,0.0,1.0,1.0,0
0,icmp,urp_i,SF,129,0,0,0,0,0,0,0,0,0,0,0,0,0,0,0,0,0,8,2,0.0,0.0,0.0,0.0,0.25,0.25,0.0,255,17,0.07,0.01,0.07,0.0,0.0,0.0,0.0,0.0,0
0,tcp,http,SF,244,27000,0,0,0,0,0,1,0,0,0,0,0,0,0,0,0,0,3,3,0.0,0.0,0.0,0.0,1.0,0.0,0.0,53,255,1.0,0.0,0.02,0.05,0.0,0.0,0.0,0.0,0
0,tcp,http,SF,213,24572,0,0,0,0,0,1,0,0,0,0,0,0,0,0,0,0,4,4,0.0,0.0,0.0,0.0,1.0,0.0,0.0,55,255,1.0,0.0,0.02,0.02,0.0,0.0,0.0,0.0,0
0,tcp,ftp_data,SF,567,0,0,0,0,0,0,0,0,0,0,0,0,0,0,0,0,0,1,1,0.0,0.0,0.0,0.0,1.0,0.0,0.0,34,29,0.18,0.18,0.18,0.07,0.0,0.0,0.0,0.0,0
0,tcp,http,SF,318,798,0,0,0,0,0,1,0,0,0,0,0,0,0,0,0,0,8,9,0.0,0.0,0.0,0.0,1.0,0.0,0.22,25,255,1.0,0.0,0.04,0.05,0.0,0.0,0.0,0.0,0
0,udp,domain_u,SF,46,46,0,0,0,0,0,0,0,0,0,0,0,0,0,0,0,0,108,108,0.0,0.0,0.0,0.0,1.0,0.0,0.0,255,201,0.79,0.01,0.01,0.0,0.0,0.0,0.0,0.0,0
0,tcp,finger,SF,8,147,0,0,0,0,0,0,0,0,0,0,0,0,0,0,0,0,1,1,0.0,0.0,0.0,0.0,1.0,0.0,0.0,93,3,0.03,0.06,0.01,0.0,0.02,0.33,0.04,0.0,0
0,tcp,http,SF,145,11974,0,0,0,0,0,1,0,0,0,0,0,0,0,0,0,0,1,1,0.0,0.0,0.0,0.0,1.0,0.0,0.0,237,255,1.0,0.0,0.0,0.01,0.0,0.0,0.0,0.0,0
1,tcp,smtp,SF,1560,372,0,0,0,0,0,1,0,0,0,0,0,0,0,0,0,0,1,2,0.0,0.0,0.0,0.0,1.0,0.0,1.0,7,170,1.0,0.0,0.14,0.01,0.0,0.0,0.0,0.0,0
0,tcp,http,SF,300,1075,0,0,0,0,0,1,0,0,0,0,0,0,0,0,0,0,22,4,0.0,0.0,0.0,0.0,0.18,0.09,0.0,255,228,0.89,0.01,0.0,0.0,0.0,0.0,0.0,0.0,0
0,udp,domain_u,SF,44,110,0,0,0,0,0,0,0,0,0,0,0,0,0,0,0,0,218,294,0.0,0.0,0.0,0.0,1.0,0.0,0.01,255,253,0.99,0.01,0.0,0.0,0.0,0.0,0.0,0.0,0
0,udp,private,SF,105,146,0,0,0,0,0,0,0,0,0,0,0,0,0,0,0,0,4,1,0.0,0.0,0.0,0.0,0.25,0.5,0.0,255,234,0.92,0.01,0.0,0.0,0.0,0.0,0.0,0.0,0
0,tcp,ftp_data,SF,1199,0,0,0,0,0,0,1,0,0,0,0,0,0,0,0,0,0,16,16,0.0,0.0,0.0,0.0,1.0,0.0,0.0,255,155,0.61,0.03,0.62,0.0,0.0,0.01,0.0,0.0,0
0,tcp,http,SF,252,273544,0,0,0,0,0,1,0,0,0,0,0,0,0,0,0,0,1,1,0.0,0.0,0.0,0.0,1.0,0.0,0.0,255,247,0.97,0.01,0.0,0.0,0.0,0.0,0.0,0.0,0
0,tcp,ftp_data,SF,12286,0,0,0,0,0,0,1,0,0,0,0,0,0,0,0,0,0,3,5,0.0,0.0,0.0,0.0,1.0,0.0,0.4,80,44,0.32,0.06,0.32,0.05,0.0,0.0,0.0,0.0,0
0,udp,other,SF,113,0,0,0,0,0,0,0,0,0,0,0,0,0,0,0,0,0,31,30,0.0,0.0,0.0,0.0,0.97,0.06,0.0,255,30,0.12,0.53,0.12,0.0,0.0,0.0,0.0,0.0,0
0,tcp,http,RSTO,0,0,0,0,0,0,0,1,0,0,0,0,0,0,0,0,0,0,1,1,0.0,0.0,1.0,1.0,1.0,0.0,0.0,255,245,0.96,0.01,0.0,0.0,0.0,0.0,0.04,0.04,0
0,tcp,http,SF,310,8222,0,0,0,0,0,1,0,0,0,0,0,0,0,0,0,0,1,1,0.0,0.0,0.0,0.0,1.0,0.0,0.0,119,255,1.0,0.0,0.01,0.05,0.0,0.0,0.0,0.0,0
0,tcp,http,SF,312,1559,0,0,0,0,0,1,0,0,0,0,0,0,0,0,0,0,5,5,0.0,0.0,0.0,0.0,1.0,0.0,0.0,5,255,1.0,0.0,0.2,0.05,0.0,0.0,0.0,0.0,0
0,udp,private,SF,105,146,0,0,0,0,0,0,0,0,0,0,0,0,0,0,0,0,1,1,0.0,0.0,0.0,0.0,1.0,0.0,0.0,253,185,0.73,0.01,0.0,0.0,0.0,0.0,0.0,0.0,0
0,tcp,http,SF,226,1719,0,0,0,0,0,1,0,0,0,0,0,0,0,0,0,0,24,24,0.0,0.0,0.0,0.0,1.0,0.0,0.0,24,255,1.0,0.0,0.04,0.05,0.0,0.0,0.0,0.0,0
0,tcp,http,SF,187,5420,0,0,0,0,0,1,0,0,0,0,0,0,0,0,0,0,21,21,0.0,0.0,0.0,0.0,1.0,0.0,0.0,21,255,1.0,0.0,0.05,0.07,0.0,0.0,0.0,0.0,0
0,tcp,http,REJ,0,0,0,0,0,0,0,0,0,0,0,0,0,0,0,0,0,0,1,2,0.0,0.0,1.0,1.0,1.0,0.0,1.0,1,81,1.0,0.0,1.0,0.21,0.0,0.0,1.0,1.0,0
0,tcp,smtp,S0,0,0,0,0,0,0,0,0,0,0,0,0,0,0,0,0,0,0,2,2,0.5,0.5,0.0,0.0,1.0,0.0,0.0,30,25,0.83,0.13,0.07,0.0,0.03,0.04,0.0,0.0,0
0,tcp,http,SF,219,2816,0,0,0,0,0,1,0,0,0,0,0,0,0,0,0,0,1,5,0.0,0.0,0.0,0.0,1.0,0.0,0.4,255,255,1.0,0.0,0.0,0.0,0.0,0.0,0.0,0.0,0
4,tcp,smtp,SF,1722,438,0,0,0,0,0,1,0,0,0,0,0,0,0,0,0,0,1,2,0.0,0.0,0.0,0.0,1.0,0.0,1.0,255,33,0.13,0.06,0.0,0.0,0.0,0.0,0.84,0.0,0
0,udp,domain_u,SF,43,88,0,0,0,0,0,0,0,0,0,0,0,0,0,0,0,0,253,258,0.0,0.0,0.0,0.0,1.0,0.0,0.01,255,254,1.0,0.01,0.0,0.0,0.0,0.0,0.0,0.0,0
5,tcp,smtp,SF,1034,331,0,0,0,0,0,1,0,0,0,0,0,0,0,0,0,0,1,1,0.0,0.0,0.0,0.0,1.0,0.0,0.0,145,164,0.63,0.04,0.01,0.01,0.0,0.0,0.0,0.0,0
0,udp,domain_u,SF,44,110,0,0,0,0,0,0,0,0,0,0,0,0,0,0,0,0,41,171,0.0,0.0,0.0,0.0,1.0,0.0,0.01,99,223,0.86,0.02,0.86,0.01,0.0,0.0,0.08,0.0,0
0,tcp,http,SF,235,283,0,0,0,0,0,1,0,0,0,0,0,0,0,0,0,0,46,52,0.0,0.0,0.0,0.0,1.0,0.0,0.04,255,255,1.0,0.0,0.0,0.0,0.0,0.0,0.0,0.0,0
0,tcp,http,REJ,0,0,0,0,0,0,0,0,0,0,0,0,0,0,0,0,0,0,1,1,0.0,0.0,1.0,1.0,1.0,0.0,0.0,24,255,1.0,0.0,0.04,0.16,0.0,0.0,0.38,0.75,0
1,tcp,ftp,SF,63,189,0,0,0,0,1,0,0,0,0,0,0,0,0,0,0,0,1,1,0.0,0.0,0.0,0.0,1.0,0.0,0.0,64,26,0.41,0.09,0.02,0.0,0.0,0.0,0.0,0.0,0
0,tcp,http,SF,207,1382,0,0,0,0,0,1,0,0,0,0,0,0,0,0,0,0,9,12,0.0,0.0,0.0,0.0,1.0,0.0,0.17,71,255,1.0,0.0,0.01,0.03,0.0,0.0,0.0,0.0,0
28,udp,domain_u,SF,46,46,0,0,0,0,0,0,0,0,0,0,0,0,0,0,0,0,9,11,0.0,0.0,0.0,0.0,0.22,0.22,0.18,115,110,0.96,0.02,0.01,0.0,0.0,0.0,0.0,0.0,0
0,tcp,http,REJ,0,0,0,0,0,0,0,0,0,0,0,0,0,0,0,0,0,0,1,1,0.0,0.0,1.0,1.0,1.0,0.0,0.0,255,212,0.83,0.02,0.01,0.0,0.0,0.0,0.83,1.0,0
1,tcp,smtp,SF,1478,334,0,0,0,0,0,1,0,0,0,0,0,0,0,0,0,0,1,3,0.0,0.0,0.0,0.0,1.0,0.0,1.0,158,149,0.72,0.03,0.01,0.01,0.0,0.0,0.0,0.0,0
0,tcp,http,SF,235,1480,0,0,0,0,0,1,0,0,0,0,0,0,0,0,0,0,14,16,0.0,0.0,0.0,0.0,1.0,0.0,0.12,71,255,1.0,0.0,0.01,0.02,0.0,0.0,0.07,0.03,0
0,udp,domain_u,SF,44,74,0,0,0,0,0,0,0,0,0,0,0,0,0,0,0,0,3,3,0.0,0.0,0.0,0.0,1.0,0.0,0.0,255,251,0.98,0.01,0.0,0.0,0.0,0.0,0.0,0.0,0
0,udp,private,SF,105,146,0,0,0,0,0,0,0,0,0,0,0,0,0,0,0,0,1,1,0.0,0.0,0.0,0.0,1.0,0.0,0.0,27,23,0.85,0.07,0.04,0.0,0.0,0.0,0.0,0.0,0
0,tcp,http,SF,278,2444,0,0,0,0,0,1,0,0,0,0,0,0,0,0,0,0,3,16,0.0,0.06,0.0,0.0,1.0,0.0,0.38,7,255,1.0,0.0,0.14,0.02,0.0,0.0,0.0,0.0,0
0,tcp,http,SF,405,1985,0,0,0,0,0,1,0,0,0,0,0,0,0,0,0,0,8,8,0.0,0.0,0.0,0.0,1.0,0.0,0.0,63,255,1.0,0.0,0.02,0.05,0.0,0.0,0.0,0.0,0
0,udp,domain_u,SF,46,46,0,0,0,0,0,0,0,0,0,0,0,0,0,0,0,0,213,214,0.0,0.0,0.0,0.0,1.0,0.0,0.01,255,170,0.67,0.01,0.0,0.0,0.0,0.0,0.0,0.0,0
0,tcp,http,SF,257,617,0,0,0,0,0,1,0,0,0,0,0,0,0,0,0,0,20,20,0.0,0.0,0.0,0.0,1.0,0.0,0.0,255,255,1.0,0.0,0.0,0.0,0.01,0.01,0.0,0.0,0
0,tcp,http,SF,276,8497,0,0,0,0,0,1,0,0,0,0,0,0,0,0,0,0,25,30,0.0,0.0,0.0,0.0,1.0,0.0,0.1,255,255,1.0,0.0,0.0,0.0,0.0,0.0,0.0,0.0,0
0,icmp,urp_i,SF,89,0,0,0,0,0,0,0,0,0,0,0,0,0,0,0,0,0,4,1,0.0,0.0,0.0,0.0,0.25,0.5,0.0,255,18,0.07,0.01,0.07,0.0,0.0,0.0,0.0,0.0,0
0,udp,domain_u,SF,46,139,0,0,0,0,0,0,0,0,0,0,0,0,0,0,0,0,314,314,0.0,0.0,0.0,0.0,1.0,0.0,0.0,255,251,0.98,0.01,0.0,0.0,0.0,0.0,0.0,0.0,0
0,tcp,http,SF,345,713,0,0,0,0,0,1,0,0,0,0,0,0,0,0,0,0,2,2,0.0,0.0,0.0,0.0,1.0,0.0,0.0,34,205,1.0,0.0,0.03,0.08,0.0,0.0,0.0,0.0,0
0,tcp,auth,SF,10,38,0,0,0,0,0,1,0,0,0,0,0,0,0,0,0,0,1,1,0.0,0.0,0.0,0.0,1.0,0.0,0.0,2,2,0.5,1.0,0.5,1.0,0.0,0.0,0.0,0.0,0
0,tcp,http,SF,217,1893,0,0,0,0,0,1,0,0,0,0,0,0,0,0,0,0,12,12,0.0,0.0,0.0,0.0,1.0,0.0,0.0,12,255,1.0,0.0,0.08,0.03,0.0,0.0,0.0,0.0,0
33,tcp,telnet,SF,2402,3815,0,0,0,3,0,1,2,1,0,0,0,0,0,0,0,0,1,1,0.0,0.0,0.0,0.0,1.0,0.0,0.0,3,3,1.0,0.0,0.33,0.0,0.0,0.0,0.0,0.0,1
0,tcp,smtp,SF,1787,327,0,0,0,0,0,1,0,0,0,0,0,0,0,0,0,0,1,1,0.0,0.0,0.0,0.0,1.0,0.0,0.0,182,170,0.66,0.03,0.01,0.01,0.0,0.0,0.0,0.0,0
0,udp,domain_u,SF,33,88,0,0,0,0,0,0,0,0,0,0,0,0,0,0,0,0,1,5,0.0,0.0,0.0,0.0,1.0,0.0,0.8,73,48,0.66,0.04,0.01,0.0,0.0,0.0,0.0,0.0,0
0,tcp,http,SF,214,3184,0,0,0,0,0,1,0,0,0,0,0,0,0,0,0,0,2,2,0.5,0.5,0.0,0.0,1.0,0.0,0.0,2,88,1.0,0.0,0.5,0.12,0.5,0.01,0.0,0.0,0
0,tcp,ftp_data,SF,1342,0,0,0,0,0,0,1,0,0,0,0,0,0,0,0,0,0,2,2,0.0,0.0,0.0,0.0,1.0,0.0,0.0,255,155,0.61,0.03,0.62,0.0,0.0,0.01,0.0,0.0,0
0,tcp,http,SF,232,580,0,0,0,0,0,1,0,0,0,0,0,0,0,0,0,0,5,6,0.0,0.0,0.0,0.0,1.0,0.0,0.33,20,255,1.0,0.0,0.05,0.03,0.0,0.0,0.0,0.0,0
0,udp,domain_u,SF,45,81,0,0,0,0,0,0,0,0,0,0,0,0,0,0,0,0,121,121,0.0,0.0,0.0,0.0,1.0,0.0,0.0,255,255,1.0,0.0,0.01,0.0,0.0,0.0,0.0,0.0,0
0,tcp,http,SF,192,2071,0,0,0,0,0,1,0,0,0,0,0,0,0,0,0,0,8,11,0.0,0.0,0.0,0.0,1.0,0.0,0.18,95,255,1.0,0.0,0.01,0.01,0.0,0.0,0.0,0.0,0
0,tcp,http,SF,239,1588,0,0,0,0,0,1,0,0,0,0,0,0,0,0,0,0,10,10,0.0,0.0,0.0,0.0,1.0,0.0,0.0,255,255,1.0,0.0,0.0,0.0,0.0,0.0,0.0,0.0,0
0,tcp,http,SF,278,2655,0,0,0,0,0,1,0,0,0,0,0,0,0,0,0,0,7,7,0.0,0.0,0.0,0.0,1.0,0.0,0.0,112,255,1.0,0.0,0.01,0.04,0.0,0.0,0.0,0.0,0
0,tcp,http,SF,223,1187,0,0,0,0,0,1,0,0,0,0,0,0,0,0,0,0,16,17,0.0,0.0,0.0,0.0,1.0,0.0,0.12,255,255,1.0,0.0,0.0,0.0,0.0,0.0,0.0,0.0,0
0,tcp,finger,SF,10,277,0,0,0,0,0,0,0,0,0,0,0,0,0,0,0,0,1,1,0.0,0.0,0.0,0.0,1.0,0.0,0.0,82,13,0.04,0.05,0.01,0.15,0.0,0.0,0.0,0.0,0
0,tcp,smtp,SF,865,327,0,0,0,0,0,1,0,0,0,0,0,0,0,0,0,0,1,2,0.0,0.0,0.0,0.0,1.0,0.0,1.0,232,166,0.72,0.02,0.0,0.0,0.0,0.0,0.0,0.0,0
0,tcp,http,SF,223,1053,0,0,0,0,0,1,0,0,0,0,0,0,0,0,0,0,27,29,0.0,0.0,0.0,0.0,1.0,0.0,0.07,255,255,1.0,0.0,0.0,0.0,0.0,0.0,0.0,0.0,0
0,udp,domain_u,SF,45,74,0,0,0,0,0,0,0,0,0,0,0,0,0,0,0,0,263,263,0.0,0.0,0.0,0.0,1.0,0.0,0.0,255,254,1.0,0.01,0.0,0.0,0.0,0.0,0.0,0.0,0
0,udp,private,SF,105,145,0,0,0,0,0,0,0,0,0,0,0,0,0,0,0,0,7,1,0.0,0.0,0.0,0.0,0.14,0.29,0.0,255,216,0.85,0.01,0.0,0.0,0.0,0.0,0.0,0.0,0
0,tcp,ftp_data,SF,11,0,0,0,0,0,0,1,0,0,0,0,0,0,0,0,0,0,1,2,0.0,0.0,0.0,0.0,1.0,0.0,1.0,60,28,0.47,0.08,0.47,0.0,0.0,0.0,0.03,0.0,0
5,tcp,smtp,SF,664,332,0,0,0,0,0,1,0,0,0,0,0,0,0,0,0,0,1,1,0.0,0.0,0.0,0.0,1.0,0.0,0.0,204,124,0.54,0.02,0.0,0.02,0.0,0.0,0.03,0.05,0
0,tcp,http,SF,217,2654,0,0,0,0,0,1,0,0,0,0,0,0,0,0,0,0,9,10,0.0,0.0,0.0,0.0,1.0,0.0,0.2,170,255,1.0,0.0,0.01,0.01,0.0,0.0,0.0,0.0,0
0,tcp,http,SF,257,397,0,0,0,0,0,1,0,0,0,0,0,0,0,0,0,0,16,17,0.0,0.0,0.0,0.0,1.0,0.0,0.12,65,255,1.0,0.0,0.02,0.02,0.02,0.0,0.0,0.01,0
0,udp,domain_u,SF,46,80,0,0,0,0,0,0,0,0,0,0,0,0,0,0,0,0,250,250,0.0,0.0,0.0,0.0,1.0,0.0,0.0,255,254,1.0,0.01,0.0,0.0,0.0,0.0,0.0,0.0,0
0,tcp,http,SF,289,468,0,0,0,0,0,1,0,0,0,0,0,0,0,0,0,0,3,4,0.33,0.25,0.0,0.0,1.0,0.0,0.5,58,255,1.0,0.0,0.02,0.02,0.03,0.02,0.0,0.0,0
0,tcp,http,REJ,0,0,0,0,0,0,0,0,0,0,0,0,0,0,0,0,0,0,1,2,0.0,0.0,1.0,1.0,1.0,0.0,1.0,1,14,1.0,0.0,1.0,0.5,0.0,0.0,1.0,1.0,0
176,tcp,telnet,SF,1559,2732,0,0,0,3,0,1,4,1,0,0,1,0,0,0,0,0,1,1,0.0,0.0,0.0,0.0,1.0,0.0,0.0,8,8,1.0,0.0,0.12,0.0,0.0,0.0,0.12,0.12,1
0,tcp,finger,SF,8,364,0,0,0,0,0,0,0,0,0,0,0,0,0,0,0,0,2,1,0.0,0.0,0.0,0.0,0.5,1.0,0.0,94,3,0.01,0.05,0.02,0.67,0.0,0.0,0.0,0.0,0
0,tcp,ftp_data,SF,74,0,0,0,0,0,0,0,0,0,0,0,0,0,0,0,0,0,2,2,0.0,0.0,0.0,0.0,1.0,0.0,0.0,255,5,0.02,0.07,0.02,0.0,0.92,0.0,0.0,0.0,0
5,tcp,smtp,SF,798,332,0,0,0,0,0,1,0,0,0,0,2,0,0,0,0,0,1,1,0.0,0.0,0.0,0.0,1.0,0.0,0.0,189,108,0.57,0.02,0.01,0.0,0.0,0.0,0.0,0.0,0
0,tcp,http,SF,299,392,0,0,0,0,0,1,0,0,0,0,0,0,0,0,0,0,9,9,0.0,0.0,0.0,0.0,1.0,0.0,0.0,102,255,1.0,0.0,0.01,0.03,0.0,0.0,0.0,0.0,0
0,tcp,http,SF,262,6604,0,0,0,0,0,1,0,0,0,0,0,0,0,0,0,0,2,2,0.0,0.0,0.0,0.0,1.0,0.0,0.0,255,255,1.0,0.0,0.0,0.0,0.0,0.0,0.0,0.0,0
0,udp,domain_u,SF,43,75,0,0,0,0,0,0,0,0,0,0,0,0,0,0,0,0,133,138,0.0,0.0,0.0,0.0,1.0,0.0,0.01,255,254,1.0,0.01,0.0,0.0,0.0,0.0,0.0,0.0,0
0,tcp,http,SF,158,2340,0,0,0,0,0,1,0,0,0,0,0,0,0,0,0,0,2,2,0.0,0.0,0.0,0.0,1.0,0.0,0.0,2,255,1.0,0.0,0.5,0.04,0.0,0.0,0.0,0.0,0
0,tcp,http,SF,307,4988,0,0,0,0,0,1,0,0,0,0,0,0,0,0,0,0,4,17,0.0,0.0,0.0,0.06,1.0,0.0,0.35,255,255,1.0,0.0,0.0,0.0,0.0,0.0,0.0,0.0,0
4,tcp,smtp,SF,1606,340,0,0,0,0,0,1,0,0,0,0,0,0,0,0,0,0,1,2,0.0,0.0,0.0,0.0,1.0,0.0,1.0,156,203,0.82,0.03,0.01,0.01,0.0,0.0,0.0,0.0,0
0,tcp,http,SF,289,2416,0,0,0,0,0,1,0,0,0,0,0,0,0,0,0,0,2,2,0.0,0.0,0.0,0.0,1.0,0.0,0.0,12,20,1.0,0.0,0.08,0.15,0.0,0.0,0.0,0.0,0
0,tcp,http,SF,157,20974,0,0,0,0,0,1,0,0,0,0,0,0,0,0,0,0,2,2,0.0,0.0,0.0,0.0,1.0,0.0,0.0,44,255,1.0,0.0,0.02,0.01,0.02,0.0,0.0,0.0,0
0,tcp,http,SF,195,7730,0,0,0,0,0,1,0,0,0,0,0,0,0,0,0,0,1,1,0.0,0.0,0.0,0.0,1.0,0.0,0.0,1,255,1.0,0.0,1.0,0.09,0.0,0.0,0.0,0.99,0
0,tcp,http,SF,272,60397,0,0,0,1,0,1,0,1,0,0,0,0,0,0,0,0,19,19,0.0,0.0,0.0,0.0,1.0,0.0,0.0,19,255,1.0,0.0,0.05,0.01,0.0,0.0,0.0,0.0,0
0,tcp,http,SF,207,15768,0,0,0,0,0,1,0,0,0,0,0,0,0,0,0,0,4,4,0.0,0.0,0.0,0.0,1.0,0.0,0.0,16,255,1.0,0.0,0.06,0.02,0.0,0.0,0.0,0.0,0
0,tcp,ftp_data,SF,35,0,0,0,0,0,0,1,0,0,0,0,0,0,0,0,0,0,2,11,0.0,0.09,0.0,0.0,1.0,0.0,0.27,255,2,0.01,0.07,0.01,0.0,0.93,0.0,0.0,0.0,0
0,udp,other,SF,516,4,0,0,0,0,0,0,0,0,0,0,0,0,0,0,0,0,132,132,0.0,0.0,0.0,0.0,1.0,0.0,0.0,132,132,1.0,0.0,1.0,0.0,0.0,0.0,0.0,0.0,0
0,tcp,smtp,SF,766,286,0,0,0,0,0,1,0,0,0,0,0,0,0,0,0,0,1,1,0.0,0.0,0.0,0.0,1.0,0.0,0.0,1,145,1.0,0.0,1.0,0.01,0.0,0.01,0.0,0.0,0
0,tcp,http,REJ,0,0,0,0,0,0,0,0,0,0,0,0,0,0,0,0,0,0,1,1,0.0,0.0,1.0,1.0,1.0,0.0,0.0,20,251,1.0,0.0,0.05,0.06,0.0,0.0,1.0,1.0,0
0,tcp,http,SF,269,3372,0,0,0,0,0,1,0,0,0,0,0,0,0,0,0,0,4,4,0.0,0.0,0.0,0.0,1.0,0.0,0.0,34,71,1.0,0.0,0.03,0.03,0.0,0.0,0.0,0.0,0
0,tcp,http,SF,230,2181,0,0,0,0,0,1,0,0,0,0,0,0,0,0,0,0,4,4,0.0,0.0,0.0,0.0,1.0,0.0,0.0,27,255,1.0,0.0,0.04,0.02,0.0,0.0,0.0,0.0,0
0,tcp,http,SF,342,11471,0,0,0,0,0,1,0,0,0,0,0,0,0,0,0,0,3,4,0.0,0.0,0.0,0.0,1.0,0.0,0.5,13,255,1.0,0.0,0.08,0.04,0.0,0.0,0.0,0.0,0
0,tcp,http,SF,232,961,0,0,0,0,0,1,0,0,0,0,0,0,0,0,0,0,7,7,0.0,0.0,0.0,0.0,1.0,0.0,0.0,10,255,1.0,0.0,0.1,0.01,0.0,0.0,0.0,0.01,0
0,tcp,finger,SF,12,368,0,0,0,0,0,0,0,0,0,0,0,0,0,0,0,0,1,1,0.0,0.0,0.0,0.0,1.0,0.0,0.0,2,18,0.5,1.0,0.5,0.39,0.0,0.0,0.0,0.0,0
0,tcp,http,SF,241,849,0,0,0,0,0,1,0,0,0,0,0,0,0,0,0,0,14,14,0.0,0.0,0.0,0.0,1.0,0.0,0.0,191,255,1.0,0.0,0.01,0.01,0.0,0.0,0.0,0.0,0
0,tcp,http,SF,211,263,0,0,0,0,0,1,0,0,0,0,0,0,0,0,0,0,8,8,0.0,0.0,0.0,0.0,1.0,0.0,0.0,255,255,1.0,0.0,0.0,0.0,0.0,0.0,0.0,0.0,0
0,tcp,http,SF,210,1933,0,0,0,0,0,1,0,0,0,0,0,0,0,0,0,0,8,8,0.0,0.0,0.0,0.0,1.0,0.0,0.0,44,255,1.0,0.0,0.02,0.05,0.0,0.0,0.0,0.0,0
0,tcp,http,SF,217,389,0,0,0,0,0,1,0,0,0,0,0,0,0,0,0,0,24,27,0.0,0.0,0.0,0.0,1.0,0.0,0.07,183,255,1.0,0.0,0.01,0.01,0.0,0.0,0.0,0.0,0
3,tcp,smtp,SF,1237,335,0,0,0,0,0,1,0,0,0,0,0,0,0,0,0,0,1,3,0.0,0.0,0.0,0.0,1.0,0.0,1.0,203,142,0.54,0.01,0.0,0.01,0.0,0.0,0.0,0.0,0
597,tcp,telnet,SF,453,14539,0,0,0,0,0,1,3,0,0,0,0,0,0,0,0,0,1,1,0.0,0.0,0.0,0.0,1.0,0.0,0.0,255,34,0.13,0.06,0.0,0.0,0.64,0.35,0.03,0.12,0
0,tcp,ftp_data,S3,88383,0,0,0,0,0,0,1,0,0,0,1,0,0,0,0,0,0,18,18,0.06,0.06,0.0,0.0,1.0,0.0,0.0,50,83,0.48,0.06,0.48,0.02,0.02,0.02,0.0,0.0,0
0,tcp,http,SF,233,13110,0,0,0,0,0,1,0,0,0,0,0,0,0,0,0,0,1,2,0.0,0.0,0.0,0.0,1.0,0.0,1.0,3,255,1.0,0.0,0.33,0.08,0.0,0.0,0.0,0.0,0
8886,udp,other,SF,146,105,0,0,0,0,0,0,0,0,0,0,0,0,0,0,0,0,1,1,0.0,0.0,0.0,0.0,1.0,0.0,0.0,255,1,0.0,0.54,0.94,0.0,0.0,0.0,0.0,0.0,0
0,tcp,http,SF,213,7609,0,0,0,0,0,1,0,0,0,0,0,0,0,0,0,0,19,20,0.0,0.0,0.0,0.0,1.0,0.0,0.1,45,255,1.0,0.0,0.02,0.05,0.0,0.0,0.0,0.0,0
0,tcp,ftp_data,SF,567,0,0,0,0,0,0,0,0,0,0,0,0,0,0,0,0,0,2,1,0.0,0.0,0.0,0.0,0.5,1.0,0.0,255,48,0.19,0.03,0.19,0.0,0.0,0.0,0.0,0.0,0
0,udp,domain_u,SF,45,81,0,0,0,0,0,0,0,0,0,0,0,0,0,0,0,0,222,222,0.0,0.0,0.0,0.0,1.0,0.0,0.0,255,255,1.0,0.0,0.01,0.0,0.0,0.0,0.0,0.0,0
0,tcp,http,SF,218,280,0,0,0,0,0,1,0,0,0,0,0,0,0,0,0,0,5,5,0.0,0.0,0.0,0.0,1.0,0.0,0.0,255,255,1.0,0.0,0.0,0.0,0.0,0.0,0.0,0.0,0
0,tcp,http,SF,221,9534,0,0,0,0,0,1,0,0,0,0,0,0,0,0,0,0,1,2,0.0,0.0,0.0,0.0,1.0,0.0,1.0,47,255,1.0,0.0,0.02,0.02,0.0,0.0,0.0,0.0,0
0,tcp,http,SF,318,9271,0,0,0,0,0,1,0,0,0,0,0,0,0,0,0,0,20,20,0.0,0.0,0.0,0.0,1.0,0.0,0.0,20,255,1.0,0.0,0.05,0.05,0.0,0.0,0.0,0.0,0
0,tcp,smtp,SF,2826,330,0,0,0,0,0,1,0,0,0,0,0,0,0,0,0,0,1,1,0.0,0.0,0.0,0.0,1.0,0.0,0.0,255,116,0.45,0.03,0.0,0.0,0.01,0.01,0.0,0.0,0
0,tcp,ftp_data,SF,1766,0,0,0,0,0,0,0,0,0,0,0,0,0,0,0,0,0,2,2,0.0,0.0,0.0,0.0,1.0,0.0,0.0,172,58,0.34,0.02,0.34,0.0,0.0,0.0,0.0,0.0,0
0,tcp,http,SF,224,1783,0,0,0,0,0,1,0,0,0,0,0,0,0,0,0,0,2,2,0.0,0.0,0.0,0.0,1.0,0.0,0.0,22,255,1.0,0.0,0.05,0.05,0.0,0.0,0.0,0.0,0
0,tcp,http,SF,227,1528,0,0,0,0,0,1,0,0,0,0,0,0,0,0,0,0,3,3,0.33,0.33,0.0,0.0,1.0,0.0,0.0,210,239,1.0,0.0,0.0,0.01,0.0,0.01,0.01,0.03,0
0,tcp,http,SF,197,2531,0,0,0,0,0,1,0,0,0,0,0,0,0,0,0,0,3,7,0.0,0.0,0.0,0.0,1.0,0.0,0.43,25,25,1.0,0.0,0.04,0.0,0.0,0.0,0.0,0.0,0
1,tcp,smtp,SF,941,327,0,0,0,0,0,1,0,0,0,0,0,0,0,0,0,0,3,3,0.33,0.33,0.0,0.0,1.0,0.0,0.0,91,136,0.48,0.07,0.01,0.01,0.03,0.02,0.0,0.0,0
0,udp,domain_u,SF,46,134,0,0,0,0,0,0,0,0,0,0,0,0,0,0,0,0,31,31,0.0,0.0,0.0,0.0,1.0,0.0,0.0,152,98,0.64,0.02,0.01,0.0,0.0,0.0,0.0,0.0,0
0,tcp,ftp_data,SF,4763,0,0,0,0,0,0,0,0,0,0,0,0,0,0,0,0,0,11,11,0.0,0.0,0.0,0.0,1.0,0.0,0.0,161,33,0.17,0.02,0.17,0.06,0.0,0.0,0.0,0.0,0
0,udp,other,SF,4,4,0,0,0,0,0,0,0,0,0,0,0,0,0,0,0,0,1,1,0.0,0.0,0.0,0.0,1.0,0.0,0.0,1,1,1.0,0.0,1.0,0.0,0.0,0.0,0.0,0.0,1
0,udp,other,SF,516,4,0,0,0,0,0,0,0,0,0,0,0,0,0,0,0,0,386,386,0.0,0.0,0.0,0.0,1.0,0.0,0.0,255,255,1.0,0.0,1.0,0.0,0.0,0.0,0.0,0.0,0
0,tcp,http,SF,231,636,0,0,0,0,0,1,0,0,0,0,0,0,0,0,0,0,3,4,0.0,0.0,0.0,0.0,1.0,0.0,0.5,11,255,1.0,0.0,0.09,0.02,0.0,0.01,0.0,0.0,0
0,udp,domain_u,SF,41,57,0,0,0,0,0,0,0,0,0,0,0,0,0,0,0,0,3,5,0.0,0.0,0.0,0.0,1.0,0.0,0.4,255,255,1.0,0.0,0.01,0.0,0.0,0.0,0.0,0.0,0
0,tcp,http,SF,292,331,0,0,0,0,0,1,0,0,0,0,0,0,0,0,0,0,15,15,0.0,0.0,0.0,0.0,1.0,0.0,0.0,15,255,1.0,0.0,0.07,0.04,0.0,0.0,0.0,0.0,0
0,tcp,http,SF,352,5381,0,0,0,0,0,1,0,0,0,0,0,0,0,0,0,0,4,4,0.0,0.0,0.0,0.0,1.0,0.0,0.0,255,255,1.0,0.0,0.0,0.0,0.0,0.0,0.0,0.0,0
0,tcp,http,SF,239,8412,0,0,0,0,0,1,0,0,0,0,0,0,0,0,0,0,15,15,0.0,0.0,0.0,0.0,1.0,0.0,0.0,255,255,1.0,0.0,0.0,0.0,0.0,0.0,0.0,0.0,0
0,tcp,http,SF,211,23473,0,0,0,0,0,1,0,0,0,0,0,0,0,0,0,0,12,12,0.0,0.0,0.0,0.0,1.0,0.0,0.0,126,255,1.0,0.0,0.01,0.02,0.01,0.0,0.0,0.0,0
0,udp,domain_u,SF,46,46,0,0,0,0,0,0,0,0,0,0,0,0,0,0,0,0,175,175,0.0,0.0,0.0,0.0,1.0,0.0,0.0,255,255,1.0,0.0,0.01,0.0,0.0,0.0,0.0,0.0,0
0,udp,other,SF,147,0,0,0,0,0,0,0,0,0,0,0,0,0,0,0,0,0,5,1,0.0,0.0,0.0,0.0,0.2,0.6,0.0,255,2,0.01,0.48,0.95,0.0,0.0,0.0,0.0,0.0,0
0,tcp,smtp,SF,1113,334,0,0,0,0,0,1,0,0,0,0,0,0,1,0,0,0,1,1,0.0,0.0,0.0,0.0,1.0,0.0,0.0,129,187,0.71,0.09,0.01,0.01,0.01,0.01,0.0,0.0,0
0,udp,domain_u,SF,42,121,0,0,0,0,0,0,0,0,0,0,0,0,0,0,0,0,9,89,0.0,0.0,0.0,0.0,1.0,0.0,0.02,123,92,0.75,0.02,0.01,0.0,0.0,0.0,0.0,0.0,0
0,udp,domain_u,SF,42,70,0,0,0,0,0,0,0,0,0,0,0,0,0,0,0,0,137,139,0.0,0.0,0.0,0.0,1.0,0.0,0.02,255,230,0.9,0.01,0.0,0.0,0.0,0.0,0.0,0.0,0
0,tcp,other,SF,5336,0,0,0,0,0,0,1,0,0,0,0,0,0,0,0,0,0,12,1,0.0,0.0,0.0,0.0,0.08,0.25,0.0,82,1,0.01,0.07,0.22,0.0,0.0,0.0,0.0,0.0,0
5,tcp,http,SF,268,279,0,0,0,1,0,1,0,0,0,0,0,0,0,0,0,0,1,3,0.0,0.0,0.0,0.0,1.0,0.0,0.67,106,102,0.96,0.02,0.01,0.0,0.0,0.0,0.0,0.0,0
0,tcp,ftp_data,SF,0,2072,0,0,0,1,0,1,0,1,0,0,0,0,0,0,0,0,3,3,0.0,0.0,0.0,0.0,1.0,0.0,0.0,4,4,1.0,0.0,1.0,0.0,0.0,0.0,0.0,0.0,1
0,udp,domain_u,SF,46,46,0,0,0,0,0,0,0,0,0,0,0,0,0,0,0,0,138,138,0.0,0.0,0.0,0.0,1.0,0.0,0.0,255,247,0.97,0.01,0.01,0.0,0.0,0.0,0.0,0.0,0
7,tcp,telnet,SF,103,999,0,0,0,0,0,1,0,0,0,0,0,0,0,0,0,0,1,1,0.0,0.0,0.0,0.0,1.0,0.0,0.0,171,2,0.01,0.03,0.01,1.0,0.0,0.0,0.0,0.0,0
0,tcp,http,SF,301,7177,0,0,0,0,0,1,0,0,0,0,0,0,0,0,0,0,10,14,0.0,0.0,0.0,0.0,1.0,0.0,0.21,52,255,1.0,0.0,0.02,0.02,0.0,0.01,0.06,0.01,0
0,tcp,http,SF,403,4438,0,0,0,0,0,1,0,0,0,0,0,0,0,0,0,0,7,7,0.0,0.0,0.0,0.0,1.0,0.0,0.0,133,247,1.0,0.0,0.01,0.13,0.0,0.0,0.09,0.51,0
0,tcp,http,SF,224,12987,0,0,0,0,0,1,0,0,0,0,0,0,0,0,0,0,1,1,0.0,0.0,0.0,0.0,1.0,0.0,0.0,5,255,1.0,0.0,0.2,0.05,0.0,0.0,0.0,0.0,0
0,tcp,ftp_data,SF,9178,0,0,0,0,0,0,1,0,0,0,0,0,0,0,0,0,0,17,17,0.0,0.0,0.0,0.0,1.0,0.0,0.0,79,125,0.49,0.05,0.49,0.02,0.0,0.01,0.0,0.0,0
60,tcp,telnet,SF,90,233,0,0,0,0,0,0,0,0,0,0,0,0,0,0,0,0,1,1,0.0,0.0,0.0,0.0,1.0,0.0,0.0,255,2,0.01,0.02,0.0,0.0,0.0,0.0,0.0,0.0,1
0,tcp,http,SF,287,2418,0,0,0,0,0,1,0,0,0,0,0,0,0,0,0,0,7,7,0.0,0.0,0.0,0.0,1.0,0.0,0.0,7,255,1.0,0.0,0.14,0.08,0.0,0.0,0.0,0.0,0
0,tcp,ftp_data,SF,6062,0,0,0,0,0,0,1,0,0,0,0,0,0,0,0,0,0,18,18,0.0,0.0,0.0,0.0,1.0,0.0,0.0,242,114,0.47,0.02,0.47,0.0,0.0,0.0,0.0,0.0,0
6,tcp,smtp,SF,766,323,0,0,0,0,0,1,0,0,0,0,0,0,0,0,0,0,1,1,0.0,0.0,0.0,0.0,1.0,0.0,0.0,67,150,0.54,0.06,0.01,0.01,0.0,0.0,0.0,0.0,0
0,tcp,http,SF,221,599,0,0,0,0,0,1,0,0,0,0,0,0,0,0,0,0,9,9,0.0,0.0,0.0,0.0,1.0,0.0,0.0,255,255,1.0,0.0,0.0,0.0,0.0,0.0,0.0,0.0,0
0,tcp,http,SF,223,3810,0,0,0,0,0,1,0,0,0,0,0,0,0,0,0,0,6,8,0.0,0.12,0.0,0.0,1.0,0.0,0.25,255,255,1.0,0.0,0.0,0.0,0.0,0.0,0.0,0.0,0
0,tcp,http,SF,203,622,0,0,0,0,0,1,0,0,0,0,0,0,0,0,0,0,5,5,0.0,0.0,0.0,0.0,1.0,0.0,0.0,113,255,1.0,0.0,0.01,0.04,0.0,0.0,0.0,0.0,0
0,tcp,smtp,SF,2912,367,0,0,0,0,0,1,0,0,0,0,0,0,0,0,0,0,1,4,0.0,0.0,0.0,0.0,1.0,0.0,1.0,88,13,0.15,0.81,0.01,0.0,0.0,0.0,0.74,0.0,0
0,tcp,http,SF,286,2835,0,0,0,0,0,1,0,0,0,0,0,0,0,0,0,0,1,1,0.0,0.0,0.0,0.0,1.0,0.0,0.0,1,255,1.0,0.0,1.0,0.04,0.0,0.0,0.0,0.0,0
0,tcp,http,SF,210,4046,0,0,0,0,0,1,0,0,0,0,0,0,0,0,0,0,2,9,0.0,0.0,0.0,0.0,1.0,0.0,0.22,2,255,1.0,0.0,0.5,0.03,0.0,0.02,0.0,0.02,0
0,tcp,ftp_data,SF,7012,0,0,0,0,0,0,1,0,0,0,0,0,0,0,0,0,0,5,5,0.0,0.0,0.0,0.0,1.0,0.0,0.0,11,11,1.0,0.0,1.0,0.0,0.0,0.0,0.0,0.0,0
0,tcp,http,SF,253,346,0,0,0,0,0,1,0,0,0,0,0,0,0,0,0,0,7,8,0.0,0.0,0.0,0.0,1.0,0.0,0.25,51,255,1.0,0.0,0.02,0.01,0.0,0.0,0.0,0.0,0
0,udp,domain_u,SF,17,73,0,0,0,0,0,0,0,0,0,0,0,0,0,0,0,0,1,3,0.0,0.0,0.0,0.0,1.0,0.0,1.0,255,234,0.92,0.01,0.0,0.0,0.0,0.0,0.0,0.0,0
0,icmp,urp_i,SF,181,0,0,0,0,0,0,0,0,0,0,0,0,0,0,0,0,0,2,1,0.0,0.0,0.0,0.0,0.5,1.0,0.0,255,113,0.44,0.01,0.55,0.0,0.0,0.0,0.0,0.0,0
10946,tcp,telnet,SF,109,3245,0,0,0,0,0,1,0,0,0,0,0,0,0,0,0,0,1,1,0.0,0.0,0.0,0.0,1.0,0.0,0.0,27,8,0.3,0.15,0.04,0.0,0.04,0.12,0.0,0.0,0
31,tcp,http,SF,259,5228,0,0,0,0,0,1,0,0,0,0,0,0,0,0,0,0,1,1,0.0,0.0,0.0,0.0,1.0,0.0,0.0,127,255,1.0,0.0,0.01,0.01,0.01,0.0,0.0,0.0,0
0,tcp,http,SF,311,4768,0,0,0,0,0,1,0,0,0,0,0,0,0,0,0,0,15,17,0.0,0.0,0.0,0.0,1.0,0.0,0.12,114,255,1.0,0.0,0.01,0.01,0.0,0.01,0.0,0.0,0
0,tcp,http,SF,239,6224,0,0,0,0,0,1,0,0,0,0,0,0,0,0,0,0,10,26,0.0,0.0,0.0,0.0,1.0,0.0,0.08,29,255,1.0,0.0,0.03,0.01,0.0,0.0,0.0,0.0,0
0,tcp,http,SF,324,183,0,0,0,0,0,1,0,0,0,0,0,0,0,0,0,0,2,2,0.0,0.0,0.0,0.0,1.0,0.0,0.0,255,255,1.0,0.0,0.0,0.0,0.0,0.0,0.0,0.0,0
0,tcp,http,SF,203,25948,0,0,0,0,0,1,0,0,0,0,0,0,0,0,0,0,12,12,0.0,0.0,0.0,0.0,1.0,0.0,0.0,72,255,1.0,0.0,0.01,0.01,0.0,0.0,0.0,0.0,0
0,udp,domain_u,SF,29,45,0,0,0,0,0,0,0,0,0,0,0,0,0,0,0,0,4,7,0.0,0.0,0.0,0.0,1.0,0.0,0.29,255,240,0.94,0.01,0.0,0.0,0.0,0.0,0.0,0.0,0
0,tcp,ftp_data,SF,63,0,0,0,0,0,0,0,0,0,0,0,0,0,0,0,0,0,2,2,0.0,0.0,0.0,0.0,1.0,0.0,0.0,255,23,0.09,0.01,0.09,0.0,0.69,0.0,0.0,0.0,0
0,tcp,ftp_data,SF,15377,0,0,0,0,0,0,0,0,0,0,0,0,0,0,0,0,0,19,19,0.0,0.0,0.0,0.0,1.0,0.0,0.0,25,90,1.0,0.0,1.0,0.02,0.0,0.0,0.0,0.0,0
0,tcp,http,SF,260,26088,0,0,0,0,0,1,0,0,0,0,0,0,0,0,0,0,2,2,0.0,0.0,0.0,0.0,1.0,0.0,0.0,255,255,1.0,0.0,0.0,0.0,0.0,0.0,0.0,0.0,0
4,tcp,smtp,SF,517,282,0,0,0,0,0,1,0,0,0,0,0,0,0,0,0,0,1,1,0.0,0.0,0.0,0.0,1.0,0.0,0.0,110,98,0.46,0.06,0.01,0.02,0.0,0.0,0.0,0.0,0
0,tcp,http,SF,315,9998,0,0,0,0,0,1,0,0,0,0,0,0,0,0,0,0,2,2,0.0,0.0,0.0,0.0,1.0,0.0,0.0,6,255,1.0,0.0,0.17,0.02,0.0,0.0,0.0,0.0,0
0,tcp,http,SF,299,392,0,0,0,0,0,1,0,0,0,0,0,0,0,0,0,0,9,18,0.0,0.0,0.0,0.0,1.0,0.0,0.11,255,255,1.0,0.0,0.0,0.0,0.0,0.0,0.0,0.0,0
184,tcp,telnet,SF,1511,2957,0,0,0,3,0,1,2,1,0,0,1,0,0,0,0,0,1,1,0.0,0.0,0.0,0.0,1.0,0.0,0.0,1,3,1.0,0.0,1.0,0.67,0.0,0.0,0.0,0.0,1
0,tcp,http,SF,149,597,0,0,0,0,0,1,0,0,0,0,0,0,0,0,0,0,3,6,0.0,0.0,0.0,0.0,1.0,0.0,0.5,3,255,1.0,0.0,0.33,0.03,0.0,0.0,0.0,0.01,0
0,udp,domain_u,SF,44,127,0,0,0,0,0,0,0,0,0,0,0,0,0,0,0,0,285,284,0.0,0.0,0.0,0.0,1.0,0.01,0.0,250,215,0.86,0.01,0.0,0.0,0.0,0.0,0.0,0.0,0
0,tcp,http,SF,308,5467,0,0,0,0,0,1,0,0,0,0,0,0,0,0,0,0,8,8,0.0,0.0,0.0,0.0,1.0,0.0,0.0,133,255,1.0,0.0,0.01,0.04,0.0,0.0,0.0,0.0,0
0,tcp,ftp_data,SF,7940,0,0,0,0,0,0,1,0,0,0,0,2,0,0,0,0,0,9,9,0.0,0.0,0.0,0.0,1.0,0.0,0.0,188,53,0.25,0.02,0.25,0.04,0.0,0.0,0.0,0.0,0
0,tcp,http,REJ,0,0,0,0,0,0,0,0,0,0,0,0,0,0,0,0,0,0,2,2,0.0,0.0,1.0,1.0,1.0,0.0,0.0,128,255,1.0,0.0,0.01,0.09,0.0,0.0,1.0,1.0,0
0,tcp,http,SF,158,43464,0,0,0,2,0,1,0,0,0,0,0,0,0,0,0,0,1,2,0.0,0.0,0.0,0.0,1.0,0.0,1.0,255,255,1.0,0.0,0.0,0.0,0.0,0.0,0.0,0.0,0
5,tcp,smtp,SF,914,370,0,0,0,0,0,1,0,0,0,0,0,0,0,0,0,0,1,2,0.0,0.0,0.0,0.0,1.0,0.0,1.0,5,141,0.8,0.4,0.2,0.01,0.0,0.0,0.0,0.0,0
0,udp,domain_u,SF,45,88,0,0,0,0,0,0,0,0,0,0,0,0,0,0,0,0,12,12,0.0,0.0,0.0,0.0,1.0,0.0,0.0,75,57,0.76,0.03,0.01,0.0,0.0,0.0,0.0,0.0,0
0,udp,domain_u,SF,43,131,0,0,0,0,0,0,0,0,0,0,0,0,0,0,0,0,264,264,0.0,0.0,0.0,0.0,1.0,0.0,0.0,255,251,0.98,0.01,0.0,0.0,0.0,0.0,0.0,0.0,0
0,tcp,http,SF,300,1841,0,0,0,0,0,1,0,0,0,0,0,0,0,0,0,0,43,43,0.0,0.0,0.0,0.0,1.0,0.0,0.0,43,255,1.0,0.0,0.02,0.02,0.0,0.0,0.0,0.0,0
0,tcp,http,SF,297,324,0,0,0,0,0,1,0,0,0,0,0,0,0,0,0,0,10,23,0.0,0.0,0.0,0.0,1.0,0.0,0.09,49,255,1.0,0.0,0.02,0.02,0.0,0.0,0.0,0.0,0
0,tcp,smtp,SF,2217,326,0,0,0,0,0,1,0,0,0,0,0,0,0,0,0,0,1,1,0.0,0.0,0.0,0.0,1.0,0.0,0.0,54,52,0.96,0.04,0.02,0.0,0.0,0.0,0.0,0.0,0
0,tcp,http,SF,242,561,0,0,0,0,0,1,0,0,0,0,0,0,0,0,0,0,2,5,0.0,0.0,0.0,0.0,1.0,0.0,0.4,2,255,1.0,0.0,0.5,0.04,0.0,0.0,0.0,0.0,0
0,tcp,http,SF,315,6428,0,0,0,0,0,1,0,0,0,0,0,0,0,0,0,0,2,2,0.0,0.0,0.0,0.0,1.0,0.0,0.0,5,255,1.0,0.0,0.2,0.03,0.0,0.0,0.0,0.0,0
6111,udp,other,SF,147,105,0,0,0,0,0,0,0,0,0,0,0,0,0,0,0,0,1,1,0.0,0.0,0.0,0.0,1.0,0.0,0.0,255,1,0.0,0.56,0.88,0.0,0.0,0.0,0.0,0.0,0
0,tcp,smtp,SF,1577,330,0,0,0,0,0,1,0,0,0,0,0,0,0,0,0,0,1,1,0.0,0.0,0.0,0.0,1.0,0.0,0.0,184,132,0.72,0.02,0.01,0.0,0.0,0.0,0.0,0.0,0
0,tcp,smtp,SF,848,332,0,0,0,0,0,1,0,0,0,0,0,0,0,0,0,0,1,3,0.0,0.0,0.0,0.0,1.0,0.0,1.0,113,171,0.62,0.05,0.01,0.01,0.0,0.0,0.0,0.0,0
0,tcp,http,SF,333,280,0,0,0,0,0,1,0,0,0,0,0,0,0,0,0,0,12,13,0.0,0.0,0.0,0.0,1.0,0.0,0.15,118,255,1.0,0.0,0.02,0.02,0.0,0.0,0.0,0.0,0
0,tcp,finger,SF,7,225,0,0,0,0,0,0,0,0,0,0,0,0,0,0,0,0,1,1,0.0,0.0,0.0,0.0,1.0,0.0,0.0,255,7,0.03,0.06,0.0,0.0,0.02,0.0,0.0,0.0,0
0,tcp,ftp_data,SF,1470,0,0,0,0,0,0,0,0,0,0,0,0,0,0,0,0,0,8,8,0.0,0.0,0.0,0.0,1.0,0.0,0.0,28,20,0.71,0.07,0.71,0.0,0.0,0.0,0.0,0.0,0
0,udp,ntp_u,SF,48,48,0,0,0,0,0,0,0,0,0,0,0,0,0,0,0,0,1,1,0.0,0.0,0.0,0.0,1.0,0.0,0.0,249,16,0.06,0.01,0.06,0.0,0.0,0.0,0.02,0.0,0
0,tcp,http,SF,319,583,0,0,0,0,0,1,0,0,0,0,0,0,0,0,0,0,9,23,0.0,0.0,0.0,0.0,1.0,0.0,0.09,28,255,1.0,0.0,0.04,0.03,0.0,0.0,0.0,0.0,0
0,tcp,http,SF,342,1555,0,0,0,0,0,1,0,0,0,0,0,0,0,0,0,0,21,22,0.05,0.05,0.0,0.0,1.0,0.0,0.09,255,255,1.0,0.0,0.0,0.0,0.0,0.0,0.0,0.0,0
0,tcp,http,SF,232,12605,0,0,0,0,0,1,0,0,0,0,0,0,0,0,0,0,12,12,0.0,0.0,0.0,0.0,1.0,0.0,0.0,255,255,1.0,0.0,0.0,0.0,0.0,0.0,0.0,0.0,0
0,tcp,http,SF,204,882,0,0,0,0,0,1,0,0,0,0,0,0,0,0,0,0,3,3,0.0,0.0,0.0,0.0,1.0,0.0,0.0,255,255,1.0,0.0,0.0,0.0,0.0,0.0,0.0,0.0,0
27,tcp,ftp,SF,874,2586,0,0,0,18,0,1,0,0,0,0,0,0,0,0,0,1,1,1,0.0,0.0,0.0,0.0,1.0,0.0,0.0,208,37,0.18,0.04,0.0,0.0,0.0,0.0,0.01,0.05,0
0,tcp,ftp_data,SF,201,0,0,0,0,0,0,1,0,0,0,0,0,0,0,0,0,0,5,5,0.0,0.0,0.0,0.0,1.0,0.0,0.0,255,114,0.45,0.02,0.45,0.0,0.0,0.0,0.0,0.0,0
0,tcp,ftp_data,SF,259,0,0,0,0,0,0,0,0,0,0,0,0,0,0,0,0,0,1,1,0.0,0.0,0.0,0.0,1.0,0.0,0.0,112,34,0.14,0.04,0.14,0.06,0.0,0.0,0.0,0.0,0
0,tcp,smtp,SF,1829,393,0,0,0,0,0,1,0,0,0,0,0,0,0,0,0,0,1,1,0.0,0.0,0.0,0.0,1.0,0.0,0.0,56,118,0.75,0.05,0.02,0.03,0.04,0.0,0.0,0.0,0
0,tcp,http,SF,212,525,0,0,0,0,0,1,0,0,0,0,0,0,0,0,0,0,6,6,0.0,0.0,0.0,0.0,1.0,0.0,0.0,6,255,1.0,0.0,0.17,0.02,0.0,0.0,0.0,0.0,0
0,tcp,ftp_data,SF,607,0,0,0,0,0,0,1,0,0,0,0,0,0,0,0,0,0,2,2,0.0,0.0,0.0,0.0,1.0,0.0,0.0,154,39,0.25,0.05,0.25,0.0,0.0,0.0,0.0,0.0,0
0,tcp,http,SF,239,1645,0,0,0,0,0,1,0,0,0,0,0,0,0,0,0,0,8,9,0.0,0.0,0.0,0.0,1.0,0.0,0.22,71,255,1.0,0.0,0.01,0.01,0.0,0.0,0.1,0.03,0
