duration,protocol_type,service,flag,src_bytes,dst_bytes,land,wrong_fragment,urgent,hot,num_failed_logins,logged_in,num_compromised,root_shell,su_attempted,num_root,num_file_creations,num_shells,num_access_files,num_outbound_cmds,is_host_login,is_guest_login,count,srv_count,serror_rate,srv_serror_rate,rerror_rate,srv_rerror_rate,same_srv_rate,diff_srv_rate,srv_diff_host_rate,dst_host_count,dst_host_srv_count,dst_host_same_srv_rate,dst_host_diff_srv_rate,dst_host_same_src_port_rate,dst_host_srv_diff_host_rate,dst_host_serror_rate,dst_host_srv_serror_rate,dst_host_rerror_rate,dst_host_srv_rerror_rate,label
1842,udp,other,SF,146,105,0,0,0,0,0,0,0,0,0,0,0,0,0,0,0,0,1,1,0.0,0.0,0.0,0.0,1.0,0.0,0.0,169,3,0.02,0.5,0.84,0.0,0.0,0.0,0.0,0.0,0
10132,tcp,ftp,SF,1023,2197,0,0,0,19,0,1,0,0,0,0,0,0,0,0,0,1,1,1,0.0,0.0,0.0,0.0,1.0,0.0,0.0,255,10,0.04,0.02,0.0,0.0,0.18,0.0,0.0,0.0,1
0,tcp,http,SF,280,88287,0,0,0,0,0,1,0,0,0,0,0,0,0,0,0,0,7,7,0.0,0.0,0.0,0.0,1.0,0.0,0.0,7,15,1.0,0.0,0.14,0.2,0.0,0.0,0.0,0.0,0
0,tcp,http,RSTO,0,0,0,0,0,0,0,1,0,0,0,0,0,0,0,0,0,0,1,1,0.0,0.0,1.0,1.0,1.0,0.0,0.0,255,246,0.96,0.01,0.0,0.0,0.0,0.0,0.03,0.03,0
0,tcp,http,SF,222,278,0,0,0,0,0,1,0,0,0,0,0,0,0,0,0,0,17,21,0.0,0.0,0.0,0.0,1.0,0.0,0.24,38,255,1.0,0.0,0.03,0.02,0.0,0.01,0.05,0.03,0
0,udp,domain_u,SF,46,128,0,0,0,0,0,0,0,0,0,0,0,0,0,0,0,0,70,150,0.0,0.0,0.0,0.0,0.99,0.03,0.01,255,236,0.93,0.01,0.0,0.0,0.0,0.0,0.0,0.0,0
0,udp,domain_u,SF,42,108,0,0,0,0,0,0,0,0,0,0,0,0,0,0,0,0,1,1,0.0,0.0,0.0,0.0,1.0,0.0,0.0,11,183,0.55,0.18,0.55,0.01,0.0,0.0,0.45,0.0,0
0,tcp,http,SF,239,10330,0,0,0,0,0,1,0,0,0,0,0,0,0,0,0,0,3,3,0.0,0.0,0.0,0.0,1.0,0.0,0.0,79,255,1.0,0.0,0.01,0.01,0.0,0.0,0.0,0.0,0
0,tcp,ftp_data,SF,334,0,0,0,0,0,0,1,0,0,0,0,0,0,0,0,0,0,2,2,0.0,0.0,0.0,0.0,1.0,0.0,0.0,2,26,1.0,0.0,1.0,0.15,0.0,0.0,0.0,0.0,1
0,tcp,smtp,SF,2493,388,0,0,0,0,0,1,0,0,0,0,1,0,0,0,0,0,1,1,0.0,0.0,0.0,0.0,1.0,0.0,0.0,255,24,0.09,0.07,0.0,0.0,0.83,0.0,0.01,0.0,0
0,udp,domain_u,SF,43,126,0,0,0,0,0,0,0,0,0,0,0,0,0,0,0,0,217,216,0.0,0.0,0.0,0.0,1.0,0.01,0.0,106,73,0.69,0.02,0.01,0.0,0.0,0.0,0.0,0.0,0
5056,tcp,ftp_data,SF,5135678,0,0,0,0,1,0,1,0,0,0,0,0,0,0,0,0,0,1,2,0.0,0.0,0.0,0.0,1.0,0.0,1.0,1,27,1.0,0.0,1.0,0.22,0.0,0.04,0.0,0.0,1
6,tcp,smtp,SF,1322,334,0,0,0,0,0,1,0,0,0,0,0,0,0,0,0,0,1,1,0.0,0.0,0.0,0.0,1.0,0.0,0.0,71,54,0.76,0.04,0.01,0.0,0.0,0.0,0.0,0.0,0
0,udp,domain_u,SF,45,45,0,0,0,0,0,0,0,0,0,0,0,0,0,0,0,0,68,148,0.0,0.0,0.0,0.0,1.0,0.0,0.01,255,255,1.0,0.0,0.01,0.0,0.0,0.0,0.0,0.0,0
0,tcp,ftp,SF,1181,2447,0,0,0,10,0,1,0,0,0,0,0,0,0,0,0,1,1,1,0.0,0.0,0.0,0.0,1.0,0.0,0.0,255,27,0.11,0.02,0.0,0.0,0.11,0.0,0.0,0.0,1
0,tcp,http,SF,284,3792,0,0,0,0,0,1,0,0,0,0,0,0,0,0,0,0,13,13,0.0,0.0,0.0,0.0,1.0,0.0,0.0,151,255,1.0,0.0,0.01,0.01,0.0,0.0,0.0,0.0,0
0,udp,domain_u,SF,130,45,0,0,0,0,0,0,0,0,0,0,0,0,0,0,0,0,296,295,0.0,0.0,0.0,0.0,1.0,0.01,0.0,185,152,0.82,0.01,0.42,0.0,0.0,0.0,0.0,0.0,0
0,tcp,ftp_data,SF,1874,0,0,0,0,0,0,0,0,0,0,0,0,0,0,0,0,0,15,15,0.0,0.0,0.0,0.0,1.0,0.0,0.0,255,115,0.45,0.02,0.45,0.0,0.0,0.0,0.0,0.0,0
0,udp,private,SF,105,145,0,0,0,0,0,0,0,0,0,0,0,0,0,0,0,0,6,1,0.0,0.0,0.0,0.0,0.17,0.33,0.0,255,220,0.86,0.01,0.01,0.0,0.0,0.0,0.0,0.0,0
0,tcp,http,SF,305,3222,0,0,0,0,0,1,0,0,0,0,0,0,0,0,0,0,3,4,0.0,0.0,0.0,0.25,1.0,0.0,0.5,255,247,0.97,0.01,0.0,0.0,0.0,0.0,0.02,0.02,0
0,icmp,eco_i,SF,30,0,0,0,0,0,0,0,0,0,0,0,0,0,0,0,0,0,8,1,0.0,0.0,0.0,0.0,0.12,0.38,0.0,255,7,0.03,0.01,0.09,0.0,0.0,0.0,0.0,0.0,0
0,tcp,http,SF,210,274,0,0,0,0,0,1,0,0,0,0,0,0,0,0,0,0,42,42,0.0,0.0,0.0,0.0,1.0,0.0,0.0,255,255,1.0,0.0,0.0,0.0,0.0,0.0,0.0,0.0,0
4,tcp,ftp_data,SF,832,0,0,0,0,0,0,1,0,0,0,0,0,0,0,0,0,0,1,1,0.0,0.0,0.0,0.0,1.0,0.0,0.0,255,64,0.25,0.13,0.35,0.0,0.02,0.02,0.0,0.0,1
0,tcp,http,SF,201,4841,0,0,0,0,0,1,0,0,0,0,0,0,0,0,0,0,3,12,0.0,0.0,0.0,0.0,1.0,0.0,0.33,42,255,1.0,0.0,0.02,0.04,0.0,0.0,0.0,0.0,0
0,tcp,http,SF,277,308,0,0,0,0,0,1,0,0,0,0,0,0,0,0,0,0,9,13,0.0,0.0,0.0,0.0,1.0,0.0,0.23,255,255,1.0,0.0,0.0,0.0,0.0,0.0,0.0,0.0,0
0,tcp,ftp_data,SF,334,0,0,0,0,0,0,1,0,0,0,0,0,0,0,0,0,0,1,1,0.0,0.0,0.0,0.0,1.0,0.0,0.0,6,40,1.0,0.0,1.0,0.15,0.0,0.03,0.0,0.0,1
0,udp,domain_u,SF,46,129,0,0,0,0,0,0,0,0,0,0,0,0,0,0,0,0,70,148,0.0,0.0,0.0,0.0,1.0,0.0,0.01,255,174,0.68,0.02,0.0,0.0,0.0,0.0,0.0,0.0,0
0,tcp,ftp_data,SF,334,0,0,0,0,0,0,1,0,0,0,0,0,0,0,0,0,0,1,1,0.0,0.0,0.0,0.0,1.0,0.0,0.0,9,17,1.0,0.0,1.0,0.18,0.0,0.0,0.0,0.0,1
0,udp,other,SF,516,4,0,0,0,0,0,0,0,0,0,0,0,0,0,0,0,0,349,349,0.0,0.0,0.0,0.0,1.0,0.0,0.0,255,255,1.0,0.0,1.0,0.0,0.0,0.0,0.0,0.0,0
0,tcp,http,SF,232,406,0,0,0,0,0,1,0,0,0,0,0,0,0,0,0,0,50,50,0.0,0.0,0.0,0.0,1.0,0.0,0.0,255,255,1.0,0.0,0.0,0.0,0.0,0.0,0.0,0.0,0
0,tcp,http,SF,328,616,0,0,0,0,0,1,0,0,0,0,0,0,0,0,0,0,2,2,0.0,0.0,0.0,0.0,1.0,0.0,0.0,78,255,1.0,0.0,0.01,0.02,0.0,0.0,0.0,0.0,0
0,tcp,http,SF,224,318,0,0,0,0,0,1,0,0,0,0,0,0,0,0,0,0,10,16,0.0,0.0,0.0,0.0,1.0,0.0,0.19,208,255,1.0,0.0,0.0,0.02,0.0,0.0,0.0,0.0,0
0,tcp,http,SF,223,925,0,0,0,0,0,1,0,0,0,0,0,0,0,0,0,0,10,24,0.0,0.0,0.0,0.0,1.0,0.0,0.08,203,255,1.0,0.0,0.0,0.02,0.0,0.0,0.0,0.0,0
1,tcp,smtp,SF,1478,324,0,0,0,0,0,1,0,0,0,0,0,0,0,0,0,0,1,1,0.0,0.0,0.0,0.0,1.0,0.0,0.0,222,153,0.62,0.02,0.0,0.01,0.0,0.01,0.0,0.0,0
5066,tcp,ftp_data,SF,5133876,0,0,0,0,2,0,1,0,0,0,0,0,0,0,0,0,0,1,1,0.0,0.0,0.0,0.0,1.0,0.0,0.0,5,38,1.0,0.0,1.0,0.13,0.0,0.0,0.0,0.0,1
0,tcp,http,REJ,0,0,0,0,0,0,0,0,0,0,0,0,0,0,0,0,0,0,1,1,0.0,0.0,1.0,1.0,1.0,0.0,0.0,48,124,1.0,0.0,0.02,0.04,0.0,0.0,1.0,0.78,0
0,tcp,http,SF,187,784,0,0,0,0,0,1,0,0,0,0,0,0,0,0,0,0,4,12,0.0,0.0,0.0,0.0,1.0,0.0,0.25,218,255,1.0,0.0,0.0,0.01,0.0,0.0,0.0,0.0,0
0,tcp,smtp,S1,23,85,0,0,0,0,0,1,0,0,0,0,0,0,0,0,0,0,1,1,1.0,1.0,0.0,0.0,1.0,0.0,0.0,229,182,0.69,0.01,0.0,0.01,0.0,0.01,0.0,0.0,0
0,tcp,http,SF,256,18247,0,0,0,0,0,1,0,0,0,0,0,0,0,0,0,0,15,15,0.0,0.0,0.0,0.0,1.0,0.0,0.0,226,255,1.0,0.0,0.0,0.01,0.0,0.0,0.0,0.0,0
3465,udp,other,SF,147,105,0,0,0,0,0,0,0,0,0,0,0,0,0,0,0,0,2,2,0.0,0.0,0.0,0.0,1.0,0.0,0.0,255,2,0.01,0.57,0.85,0.0,0.0,0.0,0.0,0.0,0
0,tcp,http,SF,214,2251,0,0,0,0,0,1,0,0,0,0,0,0,0,0,0,0,6,21,0.0,0.0,0.0,0.0,1.0,0.0,0.33,255,255,1.0,0.0,0.01,0.0,0.0,0.0,0.0,0.0,0
5041,tcp,other,SF,5135678,0,0,0,0,3,0,1,0,0,0,0,0,0,0,0,0,0,1,1,0.0,0.0,0.0,0.0,1.0,0.0,0.0,255,1,0.0,0.08,0.32,0.0,0.01,0.0,0.0,0.0,1
0,tcp,http,SF,217,2887,0,0,0,0,0,1,0,0,0,0,0,0,0,0,0,0,10,10,0.0,0.0,0.0,0.0,1.0,0.0,0.0,255,255,1.0,0.0,0.0,0.0,0.0,0.0,0.0,0.0,0
0,tcp,smtp,SF,2744,329,0,0,0,0,0,1,0,0,0,0,0,0,0,0,0,0,1,1,0.0,0.0,0.0,0.0,1.0,0.0,0.0,213,160,0.75,0.02,0.0,0.0,0.0,0.0,0.0,0.0,0
0,udp,domain_u,SF,45,131,0,0,0,0,0,0,0,0,0,0,0,0,0,0,0,0,1,1,0.0,0.0,0.0,0.0,1.0,0.0,0.0,109,78,0.72,0.04,0.72,0.0,0.0,0.0,0.0,0.0,0
0,udp,domain_u,SF,41,131,0,0,0,0,0,0,0,0,0,0,0,0,0,0,0,0,76,157,0.0,0.0,0.0,0.0,1.0,0.0,0.01,255,217,0.85,0.02,0.0,0.0,0.0,0.0,0.0,0.0,0
5208,tcp,telnet,SF,248,40076,0,0,0,0,0,1,5,0,0,1,0,0,0,0,0,0,1,1,0.0,0.0,0.0,0.0,1.0,0.0,0.0,143,24,0.17,0.03,0.01,0.0,0.0,0.0,0.01,0.04,0
0,tcp,http,SF,222,1179,0,0,0,0,0,1,0,0,0,0,0,0,0,0,0,0,4,16,0.0,0.0,0.0,0.0,1.0,0.0,0.19,34,255,1.0,0.0,0.03,0.05,0.0,0.0,0.09,0.03,0
0,tcp,http,SF,316,844,0,0,0,0,0,1,0,0,0,0,0,0,0,0,0,0,14,54,0.0,0.0,0.0,0.0,1.0,0.0,0.13,86,255,1.0,0.0,0.01,0.01,0.0,0.0,0.0,0.0,0
0,tcp,http,SF,155,1032,0,0,0,0,0,1,0,0,0,0,0,0,0,0,0,0,1,2,0.0,0.0,0.0,0.0,1.0,0.0,1.0,8,8,1.0,0.0,0.12,0.0,0.0,0.0,0.0,0.0,0
0,tcp,ftp_data,SF,201,0,0,0,0,0,0,1,0,0,0,0,0,0,0,0,0,0,4,4,0.0,0.0,0.0,0.0,1.0,0.0,0.0,23,15,0.43,0.09,0.43,0.13,0.0,0.0,0.0,0.0,0
0,tcp,http,SF,355,1320,0,0,0,0,0,1,0,0,0,0,0,0,0,0,0,0,9,10,0.0,0.0,0.0,0.0,1.0,0.0,0.2,255,255,1.0,0.0,0.0,0.0,0.0,0.0,0.0,0.0,0
0,udp,domain_u,SF,43,74,0,0,0,0,0,0,0,0,0,0,0,0,0,0,0,0,108,108,0.0,0.0,0.0,0.0,1.0,0.0,0.0,255,255,1.0,0.0,0.01,0.0,0.0,0.0,0.0,0.0,0
0,udp,domain_u,SF,45,74,0,0,0,0,0,0,0,0,0,0,0,0,0,0,0,0,289,289,0.0,0.0,0.0,0.0,1.0,0.0,0.0,255,254,1.0,0.01,0.0,0.0,0.0,0.0,0.0,0.0,0
0,tcp,ftp_data,SF,334,0,0,0,0,0,0,1,0,0,0,0,0,0,0,0,0,0,2,2,0.0,0.0,0.0,0.0,1.0,0.0,0.0,2,5,1.0,0.0,1.0,0.6,0.0,0.0,0.0,0.0,1
0,tcp,http,SF,324,3180,0,0,0,0,0,1,0,0,0,0,0,0,0,0,0,0,20,21,0.0,0.0,0.0,0.0,1.0,0.0,0.1,255,255,1.0,0.0,0.0,0.0,0.0,0.0,0.0,0.0,0
4686,udp,other,SF,146,105,0,0,0,0,0,0,0,0,0,0,0,0,0,0,0,0,2,2,0.0,0.0,0.0,0.0,1.0,0.0,0.0,255,2,0.01,0.84,0.99,0.0,0.0,0.0,0.0,0.0,0
0,tcp,http,SF,209,16423,0,0,0,0,0,1,0,0,0,0,0,0,0,0,0,0,4,8,0.0,0.0,0.0,0.0,1.0,0.0,0.38,151,255,1.0,0.0,0.01,0.01,0.0,0.0,0.0,0.0,0
0,tcp,ftp_data,SF,854,0,0,0,0,0,0,1,0,0,0,0,0,0,0,0,0,0,4,4,0.0,0.0,0.0,0.0,1.0,0.0,0.0,11,10,0.91,0.18,0.91,0.0,0.0,0.0,0.0,0.0,0
0,tcp,http,SF,212,308,0,0,0,0,0,1,0,0,0,0,0,0,0,0,0,0,2,16,0.0,0.0,0.0,0.0,1.0,0.0,0.25,255,255,1.0,0.0,0.0,0.0,0.0,0.0,0.0,0.0,0
0,tcp,ftp_data,SF,334,0,0,0,0,0,0,1,0,0,0,0,0,0,0,0,0,0,2,2,0.0,0.0,0.0,0.0,1.0,0.0,0.0,2,6,1.0,0.0,1.0,0.33,0.0,0.0,0.0,0.0,1
0,udp,domain_u,SF,42,143,0,0,0,0,0,0,0,0,0,0,0,0,0,0,0,0,115,195,0.0,0.0,0.0,0.0,1.0,0.0,0.01,255,255,1.0,0.0,0.0,0.0,0.0,0.0,0.0,0.0,0
0,udp,domain_u,SF,46,76,0,0,0,0,0,0,0,0,0,0,0,0,0,0,0,0,238,238,0.0,0.0,0.0,0.0,1.0,0.01,0.01,255,254,1.0,0.01,0.0,0.0,0.0,0.0,0.0,0.0,0
0,tcp,ftp_data,SF,334,0,0,0,0,0,0,1,0,0,0,0,0,0,0,0,0,0,1,1,0.0,0.0,0.0,0.0,1.0,0.0,0.0,10,47,1.0,0.0,1.0,0.11,0.0,0.0,0.0,0.0,1
0,tcp,http,SF,308,1461,0,0,0,0,0,1,0,0,0,0,0,0,0,0,0,0,10,10,0.0,0.0,0.0,0.0,1.0,0.0,0.0,255,255,1.0,0.0,0.0,0.0,0.0,0.0,0.0,0.0,0
0,tcp,http,SF,214,2028,0,0,0,0,0,1,0,0,0,0,0,0,0,0,0,0,7,7,0.0,0.0,0.0,0.0,1.0,0.0,0.0,255,255,1.0,0.0,0.0,0.0,0.0,0.0,0.0,0.0,0
0,tcp,smtp,SF,1830,332,0,0,0,0,0,1,0,0,0,0,0,0,0,0,0,0,1,1,0.0,0.0,0.0,0.0,1.0,0.0,0.0,148,103,0.64,0.03,0.01,0.02,0.0,0.0,0.0,0.0,0
0,tcp,smtp,SF,1282,287,0,0,0,0,0,1,0,0,0,0,0,0,0,0,0,0,1,1,0.0,0.0,0.0,0.0,1.0,0.0,0.0,93,173,0.63,0.04,0.01,0.01,0.0,0.01,0.0,0.0,0
0,tcp,http,SF,339,286,0,0,0,0,0,1,0,0,0,0,0,0,0,0,0,0,2,3,0.0,0.0,0.0,0.33,1.0,0.0,0.67,255,237,0.93,0.02,0.0,0.0,0.0,0.0,0.0,0.0,0
0,tcp,http,SF,225,2924,0,0,0,0,0,1,0,0,0,0,0,0,0,0,0,0,3,3,0.0,0.0,0.0,0.0,1.0,0.0,0.0,211,255,1.0,0.0,0.0,0.03,0.0,0.0,0.0,0.0,0
0,udp,domain_u,SF,17,0,0,0,0,0,0,0,0,0,0,0,0,0,0,0,0,0,1,1,0.0,0.0,0.0,0.0,1.0,0.0,0.0,255,237,0.93,0.01,0.0,0.0,0.0,0.0,0.0,0.0,0
0,tcp,http,SF,330,2445,0,0,0,0,0,1,0,0,0,0,0,0,0,0,0,0,5,5,0.0,0.0,0.0,0.0,1.0,0.0,0.0,33,254,1.0,0.0,0.03,0.08,0.0,0.0,0.0,0.0,0
0,tcp,http,SF,311,1302,0,0,0,0,0,1,0,0,0,0,0,0,0,0,0,0,2,2,0.0,0.0,0.0,0.0,1.0,0.0,0.0,30,255,1.0,0.0,0.03,0.05,0.0,0.0,0.0,0.0,0
0,tcp,http,SF,234,1380,0,0,0,0,0,1,0,0,0,0,0,0,0,0,0,0,3,3,0.0,0.0,0.0,0.0,1.0,0.0,0.0,255,238,0.93,0.02,0.0,0.0,0.0,0.0,0.0,0.0,0
0,tcp,http,SF,198,715,0,0,0,0,0,1,0,0,0,0,0,0,0,0,0,0,1,1,0.0,0.0,0.0,0.0,1.0,0.0,0.0,185,185,1.0,0.0,0.01,0.0,0.0,0.0,0.0,0.0,0
0,icmp,urp_i,SF,181,0,0,0,0,0,0,0,0,0,0,0,0,0,0,0,0,0,2,1,0.0,0.0,0.0,0.0,0.5,1.0,0.0,255,93,0.36,0.01,0.46,0.0,0.0,0.0,0.0,0.0,0
44,tcp,http,SF,339,467,0,0,0,0,0,1,0,0,0,0,0,0,0,0,0,0,6,7,0.33,0.29,0.0,0.0,1.0,0.0,0.29,255,255,1.0,0.0,0.0,0.0,0.01,0.01,0.0,0.0,0
0,tcp,ftp_data,SF,334,0,0,0,0,0,0,1,0,0,0,0,0,0,0,0,0,0,2,2,0.0,0.0,0.0,0.0,1.0,0.0,0.0,4,57,1.0,0.0,1.0,0.12,0.0,0.02,0.0,0.0,1
21,tcp,ftp,SF,231,770,0,0,0,4,0,1,0,0,0,0,0,0,0,0,0,1,1,1,0.0,0.0,0.0,0.0,1.0,0.0,0.0,104,13,0.12,0.68,0.01,0.15,0.0,0.0,0.62,0.15,0
2,tcp,ftp,SF,1227,2449,0,0,0,28,0,1,0,0,0,0,0,0,0,0,0,1,1,1,0.0,0.0,0.0,0.0,1.0,0.0,0.0,255,60,0.24,0.02,0.0,0.0,0.0,0.0,0.0,0.0,1
0,udp,domain_u,SF,43,125,0,0,0,0,0,0,0,0,0,0,0,0,0,0,0,0,249,249,0.0,0.0,0.0,0.0,1.0,0.0,0.0,255,252,0.99,0.01,0.0,0.0,0.0,0.0,0.0,0.0,0
0,tcp,http,REJ,0,0,0,0,0,0,0,0,0,0,0,0,0,0,0,0,0,0,1,1,0.0,0.0,1.0,1.0,1.0,0.0,0.0,67,255,1.0,0.0,0.01,0.27,0.0,0.0,1.0,1.0,0
0,tcp,ftp_data,SF,12983,0,0,0,0,0,0,0,0,0,0,0,0,0,0,0,0,0,2,2,0.0,0.0,0.0,0.0,1.0,0.0,0.0,255,111,0.44,0.02,0.44,0.0,0.0,0.0,0.0,0.0,0
0,tcp,http,SF,200,483,0,0,0,0,0,1,0,0,0,0,0,0,0,0,0,0,7,12,0.0,0.0,0.0,0.0,1.0,0.0,0.25,255,255,1.0,0.0,0.0,0.0,0.0,0.0,0.0,0.0,0
0,tcp,http,SF,230,660,0,0,0,0,0,1,0,0,0,0,0,0,0,0,0,0,14,14,0.0,0.0,0.0,0.0,1.0,0.0,0.0,56,255,1.0,0.0,0.02,0.02,0.0,0.0,0.0,0.0,0
1,tcp,ftp,SF,1170,2447,0,0,0,28,0,1,0,0,0,0,0,0,0,0,0,1,1,1,0.0,0.0,0.0,0.0,1.0,0.0,0.0,120,18,0.15,0.05,0.01,0.0,0.02,0.0,0.07,0.0,1
0,tcp,http,SF,322,2015,0,0,0,0,0,1,0,0,0,0,0,0,0,0,0,0,22,29,0.0,0.0,0.0,0.0,1.0,0.0,0.07,255,255,1.0,0.0,0.0,0.0,0.0,0.0,0.0,0.0,0
0,tcp,http,SF,285,17602,0,0,0,0,0,1,0,0,0,0,0,0,0,0,0,0,24,24,0.0,0.0,0.0,0.0,1.0,0.0,0.0,255,255,1.0,0.0,0.0,0.0,0.0,0.0,0.0,0.0,0
0,tcp,http,SF,319,1262,0,0,0,0,0,1,0,0,0,0,0,0,0,0,0,0,12,22,0.0,0.0,0.0,0.0,1.0,0.0,0.09,105,255,1.0,0.0,0.01,0.02,0.0,0.0,0.0,0.0,0
0,udp,domain_u,SF,45,73,0,0,0,0,0,0,0,0,0,0,0,0,0,0,0,0,296,296,0.0,0.0,0.0,0.0,1.0,0.0,0.0,255,254,1.0,0.01,0.0,0.0,0.0,0.0,0.0,0.0,0
0,tcp,http,SF,271,10462,0,0,0,0,0,1,0,0,0,0,0,0,0,0,0,0,5,7,0.0,0.0,0.0,0.0,1.0,0.0,0.43,208,255,1.0,0.0,0.0,0.02,0.0,0.01,0.0,0.0,0
10125,tcp,ftp,SF,1012,2201,0,0,0,19,0,1,0,0,0,0,0,0,0,0,0,1,1,1,0.0,0.0,0.0,0.0,1.0,0.0,0.0,255,14,0.05,0.02,0.0,0.0,0.16,0.0,0.0,0.0,1
0,tcp,http,SF,245,9131,0,0,0,0,0,1,0,0,0,0,0,0,0,0,0,0,1,1,0.0,0.0,0.0,0.0,1.0,0.0,0.0,8,255,1.0,0.0,0.12,0.06,0.0,0.0,0.0,0.0,0
0,tcp,http,SF,279,2141,0,0,0,0,0,1,0,0,0,0,0,0,0,0,0,0,12,12,0.0,0.0,0.0,0.0,1.0,0.0,0.0,35,255,1.0,0.0,0.03,0.03,0.0,0.0,0.0,0.0,0
0,tcp,ftp_data,SF,748,0,0,0,0,0,0,1,0,0,0,9,0,0,0,0,0,0,1,1,0.0,0.0,0.0,0.0,1.0,0.0,0.0,255,103,0.4,0.02,0.4,0.0,0.0,0.0,0.0,0.0,0
0,tcp,http,SF,309,435,0,0,0,0,0,1,0,0,0,0,0,0,0,0,0,0,16,16,0.12,0.12,0.0,0.0,1.0,0.0,0.0,62,255,1.0,0.0,0.02,0.03,0.02,0.0,0.0,0.0,0
0,tcp,http,SF,329,248,0,0,0,0,0,1,0,0,0,0,0,0,0,0,0,0,3,6,0.0,0.0,0.0,0.0,1.0,0.0,0.33,47,254,1.0,0.0,0.02,0.02,0.0,0.0,0.0,0.0,0
0,tcp,http,SF,231,3222,0,0,0,0,0,1,0,0,0,0,0,0,0,0,0,0,7,6,0.0,0.0,0.14,0.0,0.86,0.29,0.0,255,249,0.98,0.01,0.0,0.0,0.0,0.0,0.0,0.0,0
0,udp,domain_u,SF,38,54,0,0,0,0,0,0,0,0,0,0,0,0,0,0,0,0,2,4,0.0,0.0,0.0,0.0,1.0,0.0,0.75,84,83,0.99,0.02,0.02,0.0,0.0,0.0,0.0,0.0,0
0,udp,domain_u,SF,44,127,0,0,0,0,0,0,0,0,0,0,0,0,0,0,0,0,72,151,0.0,0.0,0.0,0.0,1.0,0.0,0.01,255,255,1.0,0.0,0.0,0.0,0.0,0.0,0.0,0.0,0
0,tcp,http,SF,310,8222,0,0,0,0,0,1,0,0,0,0,0,0,0,0,0,0,1,3,0.0,0.0,0.0,0.0,1.0,0.0,1.0,59,255,1.0,0.0,0.02,0.03,0.0,0.01,0.0,0.0,0
0,tcp,http,SF,359,269,0,0,0,0,0,1,0,0,0,0,0,0,0,0,0,0,8,8,0.0,0.0,0.0,0.0,1.0,0.0,0.0,255,255,1.0,0.0,0.0,0.0,0.0,0.0,0.0,0.0,0
12,tcp,ftp_data,SF,7045,0,0,0,0,0,0,1,0,0,0,0,0,0,0,0,0,0,2,2,0.0,0.0,0.0,0.0,1.0,0.0,0.0,2,29,1.0,0.0,1.0,0.14,0.0,0.0,0.0,0.0,1
0,tcp,http,SF,190,6315,0,0,0,0,0,1,0,0,0,0,0,0,0,0,0,0,1,1,0.0,0.0,0.0,0.0,1.0,0.0,0.0,57,255,1.0,0.0,0.02,0.05,0.0,0.0,0.0,0.0,0
1,tcp,ftp,SF,1266,2451,0,0,0,28,0,1,0,0,0,0,0,0,0,0,0,1,1,1,0.0,0.0,0.0,0.0,1.0,0.0,0.0,124,22,0.18,0.05,0.01,0.0,0.02,0.0,0.06,0.0,1
0,tcp,ftp_data,SF,334,0,0,0,0,0,0,1,0,0,0,0,0,0,0,0,0,0,1,1,0.0,0.0,0.0,0.0,1.0,0.0,0.0,6,43,1.0,0.0,1.0,0.07,0.0,0.02,0.0,0.0,1
0,tcp,http,SF,261,4916,0,0,0,0,0,1,0,0,0,0,0,0,0,0,0,0,1,1,0.0,0.0,0.0,0.0,1.0,0.0,0.0,1,86,1.0,0.0,1.0,0.07,0.0,0.0,0.0,0.0,0
0,tcp,http,SF,240,5294,0,0,0,0,0,1,0,0,0,0,0,0,0,0,0,0,1,1,0.0,0.0,0.0,0.0,1.0,0.0,0.0,25,255,1.0,0.0,0.04,0.03,0.0,0.0,0.0,0.0,0
0,tcp,http,SF,347,3200,0,0,0,0,0,1,0,0,0,0,0,0,0,0,0,0,10,23,0.0,0.0,0.0,0.0,1.0,0.0,0.09,255,255,1.0,0.0,0.0,0.0,0.0,0.0,0.0,0.0,0
0,udp,domain_u,SF,44,77,0,0,0,0,0,0,0,0,0,0,0,0,0,0,0,0,216,216,0.0,0.0,0.0,0.0,1.0,0.0,0.0,255,255,1.0,0.0,0.01,0.0,0.0,0.0,0.0,0.0,0
0,tcp,http,SF,275,1330,0,0,0,0,0,1,0,0,0,0,0,0,0,0,0,0,15,15,0.07,0.07,0.0,0.0,1.0,0.0,0.0,15,255,1.0,0.0,0.07,0.08,0.07,0.0,0.0,0.0,0
0,udp,domain_u,SF,46,73,0,0,0,0,0,0,0,0,0,0,0,0,0,0,0,0,78,158,0.0,0.0,0.0,0.0,1.0,0.0,0.01,255,254,1.0,0.01,0.0,0.0,0.0,0.0,0.0,0.0,0
0,tcp,ftp_data,SF,334,0,0,0,0,0,0,1,0,0,0,0,0,0,0,0,0,0,2,2,0.0,0.0,0.0,0.0,1.0,0.0,0.0,253,103,0.41,0.02,0.41,0.0,0.0,0.0,0.0,0.0,1
0,tcp,ftp_data,SF,334,0,0,0,0,0,0,1,0,0,0,0,0,0,0,0,0,0,2,2,0.0,0.0,0.0,0.0,1.0,0.0,0.0,10,18,1.0,0.0,1.0,0.17,0.0,0.0,0.0,0.0,1
0,tcp,smtp,SF,833,499,0,0,0,0,0,1,0,0,0,0,0,0,0,0,0,0,1,1,0.0,0.0,0.0,0.0,1.0,0.0,0.0,37,243,0.97,0.05,0.03,0.01,0.0,0.0,0.0,0.0,0
5062,tcp,ftp_data,SF,5133876,0,0,0,0,3,0,1,0,0,0,0,0,0,0,0,0,0,1,1,0.0,0.0,0.0,0.0,1.0,0.0,0.0,255,69,0.27,0.08,0.32,0.0,0.01,0.01,0.0,0.0,1
0,tcp,ftp,SF,1224,2451,0,0,0,28,0,1,0,0,0,0,0,0,0,0,0,1,1,1,0.0,0.0,0.0,0.0,1.0,0.0,0.0,255,90,0.35,0.02,0.0,0.0,0.0,0.0,0.0,0.0,1
0,tcp,telnet,RSTO,126,179,0,0,0,1,1,0,0,0,0,0,0,0,0,0,0,0,1,1,0.0,0.0,1.0,1.0,1.0,0.0,0.0,32,32,1.0,0.0,0.03,0.0,0.06,0.06,0.94,0.94,1
0,tcp,http,SF,193,14806,0,0,0,0,0,1,0,0,0,0,0,0,0,0,0,0,1,2,0.0,0.0,0.0,0.0,1.0,0.0,1.0,3,255,1.0,0.0,0.33,0.05,0.0,0.0,0.0,0.0,0
0,tcp,finger,SF,9,137,0,0,0,0,0,0,0,0,0,0,0,0,0,0,0,0,1,1,0.0,0.0,0.0,0.0,1.0,0.0,0.0,40,5,0.03,0.05,0.03,0.8,0.0,0.0,0.0,0.0,0
0,tcp,http,SF,273,2098,0,0,0,0,0,1,0,0,0,0,0,0,0,0,0,0,9,9,0.0,0.0,0.0,0.0,1.0,0.0,0.0,46,255,1.0,0.0,0.02,0.01,0.0,0.0,0.0,0.0,0
0,tcp,smtp,SF,3242,365,0,0,0,0,0,1,0,0,0,0,0,0,0,0,0,0,1,1,0.0,0.0,0.0,0.0,1.0,0.0,0.0,46,152,0.89,0.11,0.02,0.01,0.0,0.0,0.0,0.0,0
0,tcp,ftp_data,SF,334,0,0,0,0,0,0,1,0,0,0,0,0,0,0,0,0,0,2,2,0.0,0.0,0.0,0.0,1.0,0.0,0.0,4,8,1.0,0.0,1.0,0.38,0.0,0.0,0.0,0.0,1
0,icmp,eco_i,SF,30,0,0,0,0,0,0,0,0,0,0,0,0,0,0,0,0,0,1,1,0.0,0.0,0.0,0.0,1.0,0.0,0.0,192,192,1.0,0.0,1.0,0.0,0.0,0.0,0.0,0.0,0
2,tcp,ftp,SF,1225,2449,0,0,0,28,0,1,0,0,0,0,0,0,0,0,0,1,1,1,0.0,0.0,0.0,0.0,1.0,0.0,0.0,255,130,0.51,0.02,0.0,0.0,0.0,0.0,0.0,0.0,1
1,tcp,ftp,SF,1297,2453,0,0,0,28,0,1,0,0,0,0,0,0,0,0,0,1,1,1,0.0,0.0,0.0,0.0,1.0,0.0,0.0,255,38,0.15,0.02,0.0,0.0,0.07,0.0,0.0,0.0,1
0,tcp,http,RSTO,282,2920,0,0,0,0,0,1,0,0,0,0,0,0,0,0,0,0,4,4,0.0,0.0,0.5,0.5,1.0,0.0,0.0,125,255,1.0,0.0,0.01,0.02,0.0,0.0,0.02,0.01,0
4,tcp,http,REJ,0,0,0,0,0,0,0,0,0,0,0,0,0,0,0,0,0,0,1,1,0.0,0.0,1.0,1.0,1.0,0.0,0.0,159,138,0.87,0.03,0.01,0.0,0.0,0.0,0.87,1.0,0
0,udp,domain_u,SF,45,130,0,0,0,0,0,0,0,0,0,0,0,0,0,0,0,0,79,157,0.0,0.0,0.0,0.0,1.0,0.0,0.01,255,135,0.53,0.02,0.0,0.0,0.0,0.0,0.0,0.0,0
0,tcp,telnet,RSTO,126,179,0,0,0,1,1,0,0,0,0,0,0,0,0,0,0,0,1,1,0.0,0.0,1.0,1.0,1.0,0.0,0.0,15,15,1.0,0.0,0.07,0.0,0.07,0.07,0.93,0.93,1
0,udp,domain_u,SF,43,71,0,0,0,0,0,0,0,0,0,0,0,0,0,0,0,0,124,124,0.0,0.0,0.0,0.0,1.0,0.0,0.0,255,224,0.88,0.01,0.0,0.0,0.0,0.0,0.0,0.0,0
0,tcp,http,REJ,0,0,0,0,0,0,0,0,0,0,0,0,0,0,0,0,0,0,1,2,0.0,0.0,1.0,1.0,1.0,0.0,1.0,3,227,1.0,0.0,0.33,0.15,0.0,0.0,1.0,0.72,0
0,tcp,http,SF,144,9534,0,0,0,0,0,1,0,0,0,0,0,0,0,0,0,0,1,1,0.0,0.0,0.0,0.0,1.0,0.0,0.0,116,255,1.0,0.0,0.01,0.01,0.0,0.0,0.0,0.0,0
0,tcp,other,SF,3468,0,0,0,0,0,0,1,0,0,0,0,0,0,0,0,0,0,23,1,0.04,0.0,0.0,0.0,0.04,0.09,0.0,202,1,0.0,0.03,0.39,0.0,0.0,0.0,0.0,0.0,0
7,tcp,telnet,SF,105,2138,0,0,0,0,0,1,0,0,0,0,0,0,0,0,0,0,1,1,0.0,0.0,0.0,0.0,1.0,0.0,0.0,44,1,0.02,0.11,0.02,0.0,0.0,0.0,0.0,0.0,0
4,tcp,smtp,SF,697,334,0,0,0,0,0,1,0,0,0,0,0,0,0,0,0,0,1,5,0.0,0.0,0.0,0.0,1.0,0.0,1.0,11,143,0.64,0.27,0.09,0.01,0.0,0.01,0.0,0.0,0
0,tcp,http,SF,205,1581,0,0,0,0,0,1,0,0,0,0,0,0,0,0,0,0,4,4,0.0,0.0,0.0,0.0,1.0,0.0,0.0,38,255,1.0,0.0,0.03,0.05,0.0,0.0,0.0,0.0,0
0,tcp,http,SF,210,1000,0,0,0,0,0,1,0,0,0,0,0,0,0,0,0,0,7,7,0.0,0.0,0.0,0.0,1.0,0.0,0.0,25,255,1.0,0.0,0.04,0.04,0.0,0.0,0.0,0.0,0
0,udp,domain_u,SF,43,127,0,0,0,0,0,0,0,0,0,0,0,0,0,0,0,0,70,150,0.0,0.0,0.0,0.0,1.0,0.0,0.01,255,253,0.99,0.01,0.0,0.0,0.0,0.0,0.0,0.0,0
0,udp,domain_u,SF,45,45,0,0,0,0,0,0,0,0,0,0,0,0,0,0,0,0,151,151,0.0,0.0,0.0,0.0,1.0,0.0,0.0,255,254,1.0,0.01,0.0,0.0,0.0,0.0,0.0,0.0,0
0,tcp,http,REJ,0,0,0,0,0,0,0,0,0,0,0,0,0,0,0,0,0,0,1,2,0.0,0.0,1.0,1.0,1.0,0.0,1.0,2,229,1.0,0.0,0.5,0.2,0.0,0.0,1.0,0.96,0
0,tcp,http,SF,190,4868,0,0,0,0,0,1,0,0,0,0,0,0,0,0,0,0,1,1,0.0,0.0,0.0,0.0,1.0,0.0,0.0,255,251,0.98,0.01,0.0,0.0,0.0,0.0,0.0,0.0,0
0,tcp,http,SF,289,2949,0,0,0,0,0,1,0,0,0,0,0,0,0,0,0,0,5,5,0.0,0.0,0.0,0.0,1.0,0.0,0.0,5,255,1.0,0.0,0.2,0.02,0.0,0.0,0.0,0.0,0
0,tcp,http,SF,221,1483,0,0,0,0,0,1,0,0,0,0,0,0,0,0,0,0,4,6,0.0,0.0,0.0,0.0,1.0,0.0,0.33,101,255,1.0,0.0,0.01,0.02,0.0,0.0,0.0,0.0,0
0,tcp,ftp_data,SF,245,0,0,0,0,0,0,1,0,0,0,1,0,0,0,0,0,0,2,2,0.0,0.0,0.0,0.0,1.0,0.0,0.0,120,58,0.2,0.05,0.2,0.03,0.0,0.0,0.0,0.0,0
4,tcp,smtp,SF,1620,332,0,0,0,0,0,1,0,0,0,0,0,0,0,0,0,0,1,1,0.0,0.0,0.0,0.0,1.0,0.0,0.0,86,52,0.6,0.05,0.01,0.0,0.0,0.0,0.0,0.0,0
0,tcp,http,SF,282,10853,0,0,0,0,0,1,0,0,0,0,0,0,0,0,0,0,7,10,0.0,0.0,0.0,0.0,1.0,0.0,0.2,7,255,1.0,0.0,0.14,0.02,0.0,0.0,0.0,0.0,0
0,tcp,http,SF,204,1757,0,0,0,0,0,1,0,0,0,0,0,0,0,0,0,0,33,37,0.0,0.0,0.0,0.0,1.0,0.0,0.05,255,255,1.0,0.0,0.0,0.0,0.0,0.0,0.0,0.0,0
27,tcp,ftp,SF,940,2720,0,0,0,19,0,1,0,0,0,0,0,0,0,0,0,1,2,1,0.0,0.0,0.0,0.0,0.5,1.0,0.0,25,2,0.08,0.16,0.04,0.0,0.0,0.0,0.0,0.0,0
0,udp,domain_u,SF,44,138,0,0,0,0,0,0,0,0,0,0,0,0,0,0,0,0,51,116,0.0,0.0,0.0,0.0,1.0,0.0,0.02,255,254,1.0,0.01,0.0,0.0,0.0,0.0,0.0,0.0,0
0,tcp,http,SF,506,10848,0,0,0,0,0,1,0,0,0,0,0,0,0,0,0,0,13,13,0.0,0.0,0.0,0.0,1.0,0.0,0.0,255,255,1.0,0.0,0.0,0.0,0.01,0.01,0.0,0.0,0
0,tcp,http,SF,194,1912,0,0,0,0,0,1,0,0,0,0,0,0,0,0,0,0,17,17,0.0,0.0,0.0,0.0,1.0,0.0,0.0,255,255,1.0,0.0,0.0,0.0,0.0,0.0,0.0,0.0,0
0,tcp,http,SF,292,246,0,0,0,0,0,1,0,0,0,0,0,0,0,0,0,0,12,12,0.0,0.0,0.0,0.0,1.0,0.0,0.0,142,255,1.0,0.0,0.01,0.04,0.0,0.0,0.0,0.0,0
0,tcp,http,SF,353,7659,0,0,0,0,0,1,0,0,0,0,0,0,0,0,0,0,12,12,0.0,0.0,0.0,0.0,1.0,0.0,0.0,255,255,1.0,0.0,0.0,0.0,0.0,0.0,0.0,0.0,0
0,tcp,ftp_data,SF,334,0,0,0,0,0,0,1,0,0,0,0,0,0,0,0,0,0,2,2,0.0,0.0,0.0,0.0,1.0,0.0,0.0,16,49,1.0,0.0,1.0,0.14,0.0,0.0,0.0,0.0,1
0,tcp,ftp_data,SF,334,0,0,0,0,0,0,1,0,0,0,0,0,0,0,0,0,0,2,2,0.0,0.0,0.0,0.0,1.0,0.0,0.0,12,41,0.83,0.17,0.83,0.12,0.0,0.0,0.0,0.0,1
0,tcp,telnet,S1,299,77053,0,0,0,0,0,1,0,0,0,0,0,0,0,0,0,0,1,1,1.0,1.0,0.0,0.0,1.0,0.0,0.0,25,6,0.24,0.16,0.04,0.0,0.04,0.17,0.0,0.0,0
0,tcp,http,SF,259,4635,0,0,0,0,0,1,0,0,0,0,0,0,0,0,0,0,2,23,0.0,0.0,0.0,0.0,1.0,0.0,0.22,255,255,1.0,0.0,0.0,0.0,0.0,0.0,0.0,0.0,0
0,tcp,ftp,SF,1205,2447,0,0,0,28,0,1,0,0,0,0,0,0,0,0,0,1,1,1,0.0,0.0,0.0,0.0,1.0,0.0,0.0,255,94,0.37,0.02,0.0,0.0,0.0,0.0,0.01,0.0,1
5044,tcp,ftp_data,SF,5131424,0,0,0,0,3,0,1,0,0,0,0,0,0,0,0,0,0,1,1,0.0,0.0,0.0,0.0,1.0,0.0,0.0,11,39,1.0,0.0,1.0,0.13,0.0,0.0,0.0,0.0,1
0,tcp,http,SF,307,20165,0,0,0,0,0,1,0,0,0,0,0,0,0,0,0,0,2,2,0.0,0.0,0.0,0.0,1.0,0.0,0.0,48,255,1.0,0.0,0.02,0.03,0.0,0.0,0.0,0.0,0
0,tcp,http,SF,244,10757,0,0,0,0,0,1,0,0,0,0,0,0,0,0,0,0,1,17,0.0,0.0,0.0,0.0,1.0,0.0,0.18,27,255,1.0,0.0,0.04,0.04,0.0,0.0,0.0,0.0,0
0,tcp,finger,SF,7,138,0,0,0,0,0,0,0,0,0,0,0,0,0,0,0,0,1,1,0.0,0.0,0.0,0.0,1.0,0.0,0.0,144,10,0.03,0.03,0.01,0.2,0.0,0.0,0.0,0.0,0
0,tcp,http,SF,300,329,0,0,0,0,0,1,0,0,0,0,0,0,0,0,0,0,9,15,0.0,0.0,0.0,0.0,1.0,0.0,0.2,9,255,1.0,0.0,0.11,0.03,0.0,0.01,0.0,0.0,0
15,udp,domain_u,SF,112,43,0,0,0,0,0,0,0,0,0,0,0,0,0,0,0,0,1,1,0.0,0.0,0.0,0.0,1.0,0.0,0.0,26,14,0.54,0.08,0.54,0.0,0.0,0.0,0.0,0.0,0
0,tcp,http,SF,215,1722,0,0,0,0,0,1,0,0,0,0,0,0,0,0,0,0,15,25,0.0,0.0,0.0,0.0,1.0,0.0,0.08,15,255,1.0,0.0,0.07,0.03,0.0,0.0,0.0,0.0,0
0,tcp,ftp_data,SF,30,0,0,0,0,0,0,1,0,0,0,0,0,0,0,0,0,0,1,1,0.0,0.0,0.0,0.0,1.0,0.0,0.0,9,17,1.0,0.0,1.0,0.12,0.0,0.0,0.0,0.0,1
0,tcp,http,SF,292,5916,0,0,0,0,0,1,0,0,0,0,0,0,0,0,0,0,1,2,0.0,0.0,0.0,0.0,1.0,0.0,1.0,185,255,1.0,0.0,0.01,0.02,0.0,0.0,0.0,0.0,0
0,tcp,http,SF,249,272,0,0,0,0,0,1,0,0,0,0,0,0,0,0,0,0,1,2,0.0,0.0,0.0,0.5,1.0,0.0,1.0,255,254,1.0,0.01,0.0,0.0,0.0,0.0,0.0,0.0,0
0,tcp,smtp,SF,1061,363,0,0,0,0,0,1,0,0,0,0,0,0,0,0,0,0,1,1,0.0,0.0,0.0,0.0,1.0,0.0,0.0,35,4,0.11,0.69,0.03,0.0,0.0,0.0,0.0,0.0,0
0,tcp,ftp_data,SF,334,0,0,0,0,0,0,1,0,0,0,0,0,0,0,0,0,0,2,2,0.0,0.0,0.0,0.0,1.0,0.0,0.0,2,36,1.0,0.0,1.0,0.06,0.0,0.0,0.0,0.0,1
3025,udp,other,SF,145,105,0,0,0,0,0,0,0,0,0,0,0,0,0,0,0,0,1,1,0.0,0.0,0.0,0.0,1.0,0.0,0.0,255,4,0.02,0.66,0.93,0.0,0.0,0.0,0.0,0.0,0
0,tcp,http,SF,278,3468,0,0,0,0,0,1,0,0,0,0,0,0,0,0,0,0,11,11,0.0,0.0,0.0,0.0,1.0,0.0,0.0,255,255,1.0,0.0,0.0,0.0,0.0,0.0,0.0,0.0,0
0,tcp,http,SF,329,716,0,0,0,0,0,1,0,0,0,0,0,0,0,0,0,0,16,16,0.0,0.0,0.0,0.0,1.0,0.0,0.0,255,255,1.0,0.0,0.0,0.0,0.0,0.0,0.0,0.0,0
0,tcp,http,SF,213,350,0,0,0,0,0,1,0,0,0,0,0,0,0,0,0,0,3,3,0.33,0.33,0.0,0.0,1.0,0.0,0.0,28,255,1.0,0.0,0.04,0.04,0.04,0.01,0.0,0.01,0
0,tcp,http,SF,260,821,0,0,0,0,0,1,0,0,0,0,0,0,0,0,0,0,14,14,0.0,0.0,0.0,0.0,1.0,0.0,0.0,255,255,1.0,0.0,0.0,0.0,0.0,0.0,0.0,0.0,0
0,tcp,smtp,SF,1012,331,0,0,0,0,0,1,0,0,0,0,0,0,0,0,0,0,1,1,0.0,0.0,0.0,0.0,1.0,0.0,0.0,23,21,0.91,0.13,0.04,0.0,0.0,0.0,0.0,0.0,0
0,tcp,ftp_data,SF,334,0,0,0,0,0,0,1,0,0,0,0,0,0,0,0,0,0,2,2,0.0,0.0,0.0,0.0,1.0,0.0,0.0,4,30,1.0,0.0,1.0,0.13,0.0,0.0,0.0,0.0,1
0,udp,domain_u,SF,43,76,0,0,0,0,0,0,0,0,0,0,0,0,0,0,0,0,75,153,0.0,0.0,0.0,0.0,1.0,0.0,0.01,255,212,0.83,0.01,0.0,0.0,0.0,0.0,0.0,0.0,0
0,tcp,http,SF,223,608,0,0,0,0,0,1,0,0,0,0,0,0,0,0,0,0,20,29,0.0,0.0,0.0,0.0,1.0,0.0,0.07,255,255,1.0,0.0,0.0,0.0,0.0,0.0,0.0,0.0,0
0,tcp,ftp_data,SF,334,0,0,0,0,0,0,1,0,0,0,0,0,0,0,0,0,0,1,1,0.0,0.0,0.0,0.0,1.0,0.0,0.0,7,7,1.0,0.0,1.0,0.0,0.0,0.0,0.0,0.0,1
0,tcp,http,SF,144,31603,0,0,0,0,0,1,0,0,0,0,0,0,0,0,0,0,1,1,0.0,0.0,0.0,0.0,1.0,0.0,0.0,67,255,1.0,0.0,0.01,0.04,0.0,0.0,0.0,0.0,0
25,tcp,telnet,SF,756,164112,0,0,0,0,0,1,0,0,0,0,0,0,0,0,0,0,1,1,0.0,0.0,0.0,0.0,1.0,0.0,0.0,168,35,0.21,0.42,0.01,0.0,0.1,0.49,0.39,0.03,0
0,tcp,ftp_data,SF,334,0,0,0,0,0,0,1,0,0,0,0,0,0,0,0,0,0,2,2,0.0,0.0,0.0,0.0,1.0,0.0,0.0,2,32,1.0,0.0,1.0,0.19,0.0,0.0,0.0,0.0,1
0,tcp,http,SF,285,2956,0,0,0,0,0,1,0,0,0,0,0,0,0,0,0,0,11,11,0.0,0.0,0.0,0.0,1.0,0.0,0.0,19,255,1.0,0.0,0.05,0.06,0.0,0.0,0.0,0.0,0
0,tcp,smtp,SF,1371,331,0,0,0,0,0,1,0,0,0,0,0,0,0,0,0,0,1,2,0.0,0.0,0.0,0.0,1.0,0.0,1.0,76,152,0.99,0.03,0.01,0.01,0.0,0.0,0.0,0.0,0
0,tcp,telnet,RSTO,125,179,0,0,0,1,1,0,0,0,0,0,0,0,0,0,0,0,2,2,0.0,0.0,1.0,1.0,1.0,0.0,0.0,9,9,1.0,0.0,0.11,0.0,0.11,0.11,0.89,0.89,1
0,tcp,ftp_data,SF,4539,0,0,0,0,0,0,0,0,0,0,0,0,0,0,0,0,0,17,17,0.0,0.0,0.0,0.0,1.0,0.0,0.0,23,88,1.0,0.0,1.0,0.02,0.0,0.0,0.0,0.0,0
0,tcp,ftp_data,SF,641,0,0,0,0,0,0,1,0,0,0,0,0,0,0,0,0,0,2,2,0.0,0.0,0.0,0.0,1.0,0.0,0.0,255,63,0.25,0.02,0.25,0.0,0.0,0.0,0.0,0.0,0
0,tcp,http,SF,316,3452,0,0,0,0,0,1,0,0,0,0,0,0,0,0,0,0,11,11,0.0,0.0,0.0,0.0,1.0,0.0,0.0,255,255,1.0,0.0,0.0,0.0,0.0,0.0,0.0,0.0,0
0,tcp,http,SF,322,679,0,0,0,0,0,1,0,0,0,0,0,0,0,0,0,0,4,10,0.0,0.0,0.0,0.0,1.0,0.0,0.2,4,255,1.0,0.0,0.25,0.05,0.0,0.0,0.0,0.0,0
0,tcp,http,SF,295,11111,0,0,0,0,0,1,0,0,0,0,0,0,0,0,0,0,11,12,0.0,0.0,0.0,0.0,1.0,0.0,0.17,255,255,1.0,0.0,0.0,0.0,0.01,0.01,0.0,0.0,0
0,tcp,http,SF,218,264,0,0,0,0,0,1,0,0,0,0,0,0,0,0,0,0,15,49,0.0,0.0,0.0,0.0,1.0,0.0,0.08,171,255,1.0,0.0,0.01,0.01,0.0,0.0,0.0,0.0,0
0,tcp,http,SF,261,2010,0,0,0,0,0,1,0,0,0,0,0,0,0,0,0,0,2,2,0.0,0.0,0.0,0.0,1.0,0.0,0.0,45,255,1.0,0.0,0.02,0.03,0.0,0.0,0.0,0.0,0
0,tcp,http,SF,320,520,0,0,0,0,0,1,0,0,0,0,0,0,0,0,0,0,23,43,0.0,0.0,0.0,0.0,1.0,0.0,0.12,255,255,1.0,0.0,0.0,0.0,0.0,0.0,0.0,0.0,0
0,tcp,http,SF,207,2446,0,0,0,0,0,1,0,0,0,0,0,0,0,0,0,0,5,8,0.0,0.0,0.0,0.0,1.0,0.0,0.25,255,255,1.0,0.0,0.0,0.0,0.0,0.0,0.0,0.0,0
0,tcp,http,SF,254,18849,0,0,0,0,0,1,0,0,0,0,0,0,0,0,0,0,1,10,0.0,0.0,0.0,0.0,1.0,0.0,0.3,144,255,1.0,0.0,0.01,0.01,0.0,0.0,0.0,0.0,0
1,tcp,ftp,SF,1200,2447,0,0,0,28,0,1,0,0,0,0,0,0,0,0,0,1,1,1,0.0,0.0,0.0,0.0,1.0,0.0,0.0,255,69,0.27,0.02,0.0,0.0,0.0,0.0,0.0,0.0,1
0,tcp,ftp_data,SF,1470,0,0,0,0,0,0,1,0,0,0,0,0,0,0,0,0,0,19,19,0.0,0.0,0.0,0.0,1.0,0.0,0.0,255,103,0.4,0.03,0.4,0.0,0.0,0.0,0.0,0.0,0
0,tcp,http,SF,317,264,0,0,0,0,0,1,0,0,0,0,0,0,0,0,0,0,12,31,0.0,0.0,0.0,0.0,1.0,0.0,0.16,38,255,1.0,0.0,0.03,0.01,0.0,0.0,0.03,0.01,0
0,tcp,http,SF,223,1623,0,0,0,0,0,1,0,0,0,0,0,0,0,0,0,0,12,12,0.0,0.0,0.0,0.0,1.0,0.0,0.0,47,255,1.0,0.0,0.02,0.07,0.0,0.0,0.0,0.0,0
0,tcp,http,REJ,0,0,0,0,0,0,0,0,0,0,0,0,0,0,0,0,0,0,1,1,0.0,0.0,1.0,1.0,1.0,0.0,0.0,7,243,1.0,0.0,0.14,0.21,0.0,0.0,1.0,0.96,0
0,tcp,http,SF,394,5902,0,0,0,0,0,1,0,0,0,0,0,0,0,0,0,0,8,8,0.0,0.0,0.0,0.0,1.0,0.0,0.0,255,255,1.0,0.0,0.0,0.0,0.0,0.0,0.0,0.0,0
0,tcp,http,SF,286,315,0,0,0,0,0,1,0,0,0,0,0,0,0,0,0,0,39,39,0.0,0.0,0.0,0.0,1.0,0.0,0.0,174,255,1.0,0.0,0.01,0.02,0.0,0.0,0.0,0.0,0
0,tcp,http,SF,330,930,0,0,0,0,0,1,0,0,0,0,0,0,0,0,0,0,28,29,0.0,0.0,0.0,0.0,1.0,0.0,0.07,255,255,1.0,0.0,0.0,0.0,0.0,0.0,0.0,0.0,0
0,icmp,eco_i,SF,30,0,0,0,0,0,0,0,0,0,0,0,0,0,0,0,0,0,1,1,0.0,0.0,0.0,0.0,1.0,0.0,0.0,23,91,1.0,0.0,1.0,0.38,0.0,0.0,0.0,0.0,0
0,tcp,http,SF,249,548,0,0,0,0,0,1,0,0,0,0,0,0,0,0,0,0,23,27,0.0,0.0,0.0,0.0,1.0,0.0,0.11,255,255,1.0,0.0,0.0,0.0,0.0,0.0,0.0,0.0,0
12278,tcp,telnet,SF,107,4148,0,0,0,0,0,1,0,0,0,0,0,0,0,0,0,0,1,1,0.0,0.0,0.0,0.0,1.0,0.0,0.0,255,10,0.04,0.06,0.0,0.0,0.89,0.0,0.01,0.2,0
0,tcp,http,SF,216,5491,0,0,0,0,0,1,0,0,0,0,0,0,0,0,0,0,2,2,0.0,0.0,0.0,0.0,1.0,0.0,0.0,36,251,1.0,0.0,0.03,0.05,0.0,0.0,0.0,0.0,0
0,tcp,http,SF,216,16904,0,0,0,0,0,1,0,0,0,0,0,0,0,0,0,0,6,6,0.0,0.0,0.0,0.0,1.0,0.0,0.0,72,255,1.0,0.0,0.01,0.05,0.0,0.0,0.0,0.0,0
0,tcp,telnet,RSTO,126,179,0,0,0,1,1,0,0,0,0,0,0,0,0,0,0,0,1,1,0.0,0.0,1.0,1.0,1.0,0.0,0.0,25,25,1.0,0.0,0.04,0.0,0.08,0.08,0.92,0.92,1
0,tcp,http,SF,327,1660,0,0,0,0,0,1,0,0,0,0,0,0,0,0,0,0,6,6,0.0,0.0,0.0,0.0,1.0,0.0,0.0,255,255,1.0,0.0,0.0,0.0,0.0,0.0,0.0,0.0,0
0,tcp,http,SF,304,1384,0,0,0,0,0,1,0,0,0,0,0,0,0,0,0,0,3,3,0.0,0.0,0.0,0.0,1.0,0.0,0.0,11,140,1.0,0.0,0.09,0.1,0.0,0.0,0.0,0.0,0
0,tcp,shell,S1,38,1,0,0,0,0,0,0,0,0,0,0,0,0,0,0,0,0,1,1,1.0,1.0,0.0,0.0,1.0,0.0,0.0,1,1,1.0,0.0,1.0,0.0,1.0,1.0,0.0,0.0,0
0,tcp,http,SF,323,3337,0,0,0,0,0,1,0,0,0,0,0,0,0,0,0,0,8,8,0.0,0.0,0.0,0.0,1.0,0.0,0.0,117,255,1.0,0.0,0.01,0.07,0.0,0.0,0.0,0.0,0
0,tcp,http,SF,313,2043,0,0,0,0,0,1,0,0,0,0,0,0,0,0,0,0,17,31,0.0,0.0,0.0,0.0,1.0,0.0,0.1,204,255,1.0,0.0,0.0,0.01,0.0,0.0,0.0,0.0,0
0,tcp,http,SF,331,8541,0,0,0,0,0,1,0,0,0,0,0,0,0,0,0,0,1,31,0.0,0.0,0.0,0.0,1.0,0.0,0.1,14,255,1.0,0.0,0.07,0.03,0.0,0.0,0.0,0.0,0
1,tcp,ftp,SF,1224,2449,0,0,0,28,0,1,0,0,0,0,0,0,0,0,0,1,1,1,0.0,0.0,0.0,0.0,1.0,0.0,0.0,255,62,0.24,0.02,0.0,0.0,0.0,0.0,0.0,0.0,1
0,udp,domain_u,SF,134,45,0,0,0,0,0,0,0,0,0,0,0,0,0,0,0,0,301,300,0.0,0.0,0.0,0.0,1.0,0.01,0.0,190,157,0.83,0.01,0.44,0.0,0.0,0.0,0.0,0.0,0
0,tcp,http,SF,249,1092,0,0,0,0,0,1,0,0,0,0,0,0,0,0,0,0,11,11,0.0,0.0,0.0,0.0,1.0,0.0,0.0,255,255,1.0,0.0,0.0,0.0,0.0,0.0,0.0,0.0,0
0,tcp,ftp_data,SF,246,0,0,0,0,0,0,1,0,0,0,0,0,0,0,0,0,0,1,1,0.0,0.0,0.0,0.0,1.0,0.0,0.0,8,43,1.0,0.0,1.0,0.14,0.0,0.02,0.0,0.0,1
0,tcp,http,SF,297,53306,0,0,0,0,0,1,0,0,0,0,0,0,0,0,0,0,17,43,0.0,0.0,0.0,0.0,1.0,0.0,0.07,67,255,1.0,0.0,0.01,0.03,0.0,0.0,0.0,0.0,0
0,tcp,http,SF,224,1973,0,0,0,0,0,1,0,0,0,0,0,0,0,0,0,0,52,58,0.0,0.0,0.0,0.0,1.0,0.0,0.03,255,255,1.0,0.0,0.0,0.0,0.0,0.0,0.0,0.0,0
0,tcp,http,SF,316,4675,0,0,0,0,0,1,0,0,0,0,0,0,0,0,0,0,6,21,0.0,0.0,0.0,0.0,1.0,0.0,0.14,10,255,1.0,0.0,0.1,0.03,0.0,0.0,0.0,0.0,0
0,tcp,telnet,RSTO,126,179,0,0,0,1,1,0,0,0,0,0,0,0,0,0,0,0,1,1,0.0,0.0,1.0,1.0,1.0,0.0,0.0,44,44,1.0,0.0,0.02,0.0,0.05,0.05,0.95,0.95,1
0,tcp,http,SF,188,1291,0,0,0,0,0,1,0,0,0,0,0,0,0,0,0,0,15,16,0.07,0.06,0.0,0.0,1.0,0.0,0.12,15,255,1.0,0.0,0.07,0.03,0.07,0.01,0.0,0.0,0
0,tcp,ftp,SF,1143,2445,0,0,0,28,0,1,0,0,0,0,0,0,0,0,0,1,1,1,0.0,0.0,0.0,0.0,1.0,0.0,0.0,255,48,0.19,0.02,0.0,0.0,0.03,0.0,0.0,0.0,1
0,tcp,http,SF,294,13752,0,0,0,0,0,1,0,0,0,0,0,0,0,0,0,0,9,13,0.0,0.0,0.0,0.0,1.0,0.0,0.23,20,255,1.0,0.0,0.05,0.09,0.0,0.01,0.0,0.01,0
0,tcp,http,SF,231,3222,0,0,0,0,0,1,0,0,0,0,0,0,0,0,0,0,3,3,0.0,0.0,0.0,0.0,1.0,0.0,0.0,255,245,0.96,0.01,0.0,0.0,0.0,0.0,0.0,0.0,0
0,tcp,smtp,SF,768,336,0,0,0,0,0,1,0,0,0,0,0,0,0,0,0,0,1,1,0.0,0.0,0.0,0.0,1.0,0.0,0.0,212,159,0.75,0.02,0.0,0.0,0.0,0.0,0.0,0.0,0
0,tcp,http,SF,319,12573,0,0,0,0,0,1,0,0,0,0,0,0,0,0,0,0,2,3,0.0,0.0,0.0,0.0,1.0,0.0,0.67,84,255,1.0,0.0,0.02,0.01,0.0,0.0,0.0,0.0,0
0,tcp,http,SF,332,312,0,0,0,0,0,1,0,0,0,0,0,0,0,0,0,0,4,4,0.0,0.0,0.0,0.0,1.0,0.0,0.0,13,255,1.0,0.0,0.08,0.02,0.0,0.0,0.0,0.0,0
0,tcp,ftp_data,SF,334,0,0,0,0,0,0,1,0,0,0,0,0,0,0,0,0,0,1,1,0.0,0.0,0.0,0.0,1.0,0.0,0.0,1,9,1.0,0.0,1.0,0.33,0.0,0.0,0.0,0.0,1
12988,tcp,telnet,SF,825,100118,0,0,0,0,0,1,568,1,2,626,0,0,4,0,0,0,1,1,0.0,0.0,0.0,0.0,1.0,0.0,0.0,31,8,0.26,0.13,0.03,0.0,0.0,0.0,0.0,0.0,0
15,tcp,smtp,SF,1338,326,0,0,0,0,0,1,0,0,0,0,0,0,0,0,0,0,1,2,0.0,0.0,0.0,0.0,1.0,0.0,1.0,222,148,0.57,0.02,0.0,0.01,0.0,0.0,0.0,0.0,0
0,tcp,ftp_data,SF,334,0,0,0,0,0,0,1,0,0,0,0,0,0,0,0,0,0,2,2,0.0,0.0,0.0,0.0,1.0,0.0,0.0,12,22,1.0,0.0,1.0,0.14,0.0,0.0,0.0,0.0,1
0,tcp,ftp_data,SF,3468,0,0,0,0,0,0,0,0,0,0,0,0,0,0,0,0,0,23,23,0.0,0.0,0.0,0.0,1.0,0.0,0.0,29,94,1.0,0.0,1.0,0.02,0.0,0.0,0.0,0.0,0
0,tcp,ftp_data,S2,246,0,0,0,0,0,0,1,0,0,0,0,0,0,0,0,0,0,1,1,1.0,1.0,0.0,0.0,1.0,0.0,0.0,1,57,1.0,0.0,1.0,0.12,1.0,0.02,0.0,0.0,1
0,tcp,ftp_data,SF,334,0,0,0,0,0,0,1,0,0,0,0,0,0,0,0,0,0,1,1,0.0,0.0,0.0,0.0,1.0,0.0,0.0,7,27,1.0,0.0,1.0,0.11,0.0,0.0,0.0,0.0,1
0,udp,domain_u,SF,46,83,0,0,0,0,0,0,0,0,0,0,0,0,0,0,0,0,264,264,0.0,0.0,0.0,0.0,1.0,0.0,0.0,255,202,0.79,0.01,0.0,0.0,0.0,0.0,0.0,0.0,0
0,tcp,http,SF,230,334,0,0,0,0,0,1,0,0,0,0,0,0,0,0,0,0,12,14,0.0,0.0,0.0,0.0,1.0,0.0,0.14,255,255,1.0,0.0,0.0,0.0,0.0,0.0,0.0,0.0,0
0,tcp,http,SF,421,667,0,0,0,0,0,1,0,0,0,0,0,0,0,0,0,0,24,27,0.0,0.0,0.0,0.0,1.0,0.0,0.07,255,255,1.0,0.0,0.0,0.0,0.0,0.0,0.0,0.0,0
5032,tcp,ftp_data,SF,5131424,0,0,0,0,2,0,1,0,0,0,0,0,0,0,0,0,0,1,2,0.0,0.0,0.0,0.0,1.0,0.0,1.0,6,33,1.0,0.0,1.0,0.12,0.0,0.0,0.0,0.0,1
0,tcp,http,SF,309,3393,0,0,0,0,0,1,0,0,0,0,0,0,0,0,0,0,20,21,0.0,0.0,0.0,0.0,1.0,0.0,0.1,196,255,1.0,0.0,0.01,0.02,0.0,0.0,0.0,0.0,0
0,tcp,http,SF,240,8156,0,0,0,0,0,1,0,0,0,0,0,0,0,0,0,0,2,2,0.0,0.0,0.0,0.0,1.0,0.0,0.0,255,255,1.0,0.0,0.0,0.0,0.0,0.0,0.0,0.0,0
0,tcp,http,SF,235,425,0,0,0,0,0,1,0,0,0,0,0,0,0,0,0,0,1,12,0.0,0.0,0.0,0.0,1.0,0.0,0.17,255,255,1.0,0.0,0.0,0.0,0.0,0.0,0.0,0.0,0
0,tcp,http,SF,216,594,0,0,0,0,0,1,0,0,0,0,0,0,0,0,0,0,5,5,0.0,0.0,0.0,0.0,1.0,0.0,0.0,255,255,1.0,0.0,0.0,0.0,0.0,0.0,0.0,0.0,0
0,tcp,http,SF,203,1896,0,0,0,0,0,1,0,0,0,0,0,0,0,0,0,0,4,4,0.25,0.25,0.0,0.0,1.0,0.0,0.0,255,255,1.0,0.0,0.0,0.0,0.0,0.0,0.0,0.0,0
0,udp,domain_u,SF,44,131,0,0,0,0,0,0,0,0,0,0,0,0,0,0,0,0,139,139,0.0,0.0,0.0,0.0,1.0,0.0,0.0,255,254,1.0,0.01,0.0,0.0,0.0,0.0,0.0,0.0,0
1,tcp,ftp,SF,1168,2445,0,0,0,28,0,1,0,0,0,0,0,0,0,0,0,1,1,1,0.0,0.0,0.0,0.0,1.0,0.0,0.0,182,10,0.05,0.03,0.01,0.0,0.01,0.0,0.01,0.0,1
0,tcp,http,SF,352,6207,0,0,0,0,0,1,0,0,0,0,0,0,0,0,0,0,7,7,0.0,0.0,0.0,0.0,1.0,0.0,0.0,255,255,1.0,0.0,0.0,0.0,0.0,0.0,0.0,0.0,0
0,udp,other,SF,147,0,0,0,0,0,0,0,0,0,0,0,0,0,0,0,0,0,5,1,0.0,0.0,0.0,0.0,0.2,0.6,0.0,255,1,0.0,0.35,0.75,0.0,0.0,0.0,0.0,0.0,0
0,tcp,http,SF,203,2557,0,0,0,0,0,1,0,0,0,0,0,0,0,0,0,0,16,30,0.0,0.0,0.0,0.0,1.0,0.0,0.13,85,255,1.0,0.0,0.01,0.01,0.0,0.0,0.0,0.0,0
2,tcp,smtp,SF,3049,375,0,0,0,0,0,1,0,0,0,0,0,0,0,0,0,0,1,1,0.0,0.0,0.0,0.0,1.0,0.0,0.0,89,170,0.69,0.04,0.01,0.01,0.0,0.0,0.0,0.0,0
0,udp,domain_u,SF,46,129,0,0,0,0,0,0,0,0,0,0,0,0,0,0,0,0,158,158,0.0,0.0,0.0,0.0,1.0,0.0,0.0,83,44,0.53,0.04,0.01,0.0,0.0,0.0,0.0,0.0,0
0,tcp,ftp_data,SF,194,0,0,0,0,0,0,0,0,0,0,0,0,0,0,0,0,0,2,2,0.0,0.0,0.0,0.0,1.0,0.0,0.0,5,4,0.8,0.4,0.8,0.0,0.0,0.0,0.0,0.0,0
0,tcp,http,SF,296,1999,0,0,0,0,0,1,0,0,0,0,0,0,0,0,0,0,16,18,0.0,0.0,0.0,0.0,1.0,0.0,0.17,255,255,1.0,0.0,0.0,0.0,0.0,0.0,0.0,0.0,0
0,tcp,http,SF,368,9864,0,0,0,0,0,1,0,0,0,0,0,0,0,0,0,0,8,25,0.0,0.0,0.0,0.0,1.0,0.0,0.2,191,255,1.0,0.0,0.01,0.02,0.01,0.0,0.0,0.0,0
0,tcp,http,SF,294,1158,0,0,0,0,0,1,0,0,0,0,0,0,0,0,0,0,28,30,0.0,0.0,0.0,0.0,1.0,0.0,0.1,255,255,1.0,0.0,0.0,0.0,0.0,0.0,0.0,0.0,0
0,tcp,http,SF,194,484,0,0,0,0,0,1,0,0,0,0,0,0,0,0,0,0,17,20,0.0,0.0,0.0,0.0,1.0,0.0,0.15,17,255,1.0,0.0,0.06,0.03,0.0,0.0,0.0,0.01,0
3484,udp,other,SF,147,105,0,0,0,0,0,0,0,0,0,0,0,0,0,0,0,0,1,1,0.0,0.0,0.0,0.0,1.0,0.0,0.0,208,3,0.01,0.63,0.91,0.0,0.0,0.0,0.0,0.0,0
33,tcp,ftp,SF,1450,4152,0,0,0,30,0,1,0,0,0,0,0,0,0,0,0,1,1,1,0.0,0.0,0.0,0.0,1.0,0.0,0.0,205,53,0.26,0.02,0.0,0.0,0.0,0.02,0.0,0.0,0
0,tcp,http,SF,220,5167,0,0,0,0,0,1,0,0,0,0,0,0,0,0,0,0,8,9,0.0,0.0,0.0,0.0,1.0,0.0,0.22,25,255,1.0,0.0,0.04,0.02,0.0,0.0,0.0,0.0,0
0,tcp,http,SF,295,6120,0,0,0,0,0,1,0,0,0,0,0,0,0,0,0,0,8,30,0.0,0.0,0.0,0.0,1.0,0.0,0.07,8,255,1.0,0.0,0.12,0.04,0.0,0.0,0.0,0.0,0
0,udp,domain_u,SF,42,120,0,0,0,0,0,0,0,0,0,0,0,0,0,0,0,0,180,179,0.0,0.0,0.0,0.0,0.99,0.01,0.0,69,36,0.52,0.03,0.01,0.0,0.0,0.0,0.0,0.0,0
0,udp,ntp_u,SF,48,48,0,0,0,0,0,0,0,0,0,0,0,0,0,0,0,0,1,1,0.0,0.0,0.0,0.0,1.0,0.0,0.0,50,29,0.58,0.04,0.58,0.0,0.0,0.0,0.0,0.0,0
0,tcp,http,SF,212,835,0,0,0,0,0,1,0,0,0,0,0,0,0,0,0,0,17,17,0.0,0.0,0.0,0.0,1.0,0.0,0.0,17,255,1.0,0.0,0.06,0.02,0.0,0.0,0.0,0.0,0
0,tcp,ftp,SF,1143,2445,0,0,0,28,0,1,0,0,0,0,0,0,0,0,0,1,1,1,0.0,0.0,0.0,0.0,1.0,0.0,0.0,255,128,0.5,0.02,0.0,0.0,0.0,0.0,0.01,0.0,1
0,tcp,http,SF,321,361,0,0,0,0,0,1,0,0,0,0,0,0,0,0,0,0,1,3,0.0,0.0,0.0,0.0,1.0,0.0,0.67,1,255,1.0,0.0,1.0,0.02,0.0,0.0,0.0,0.0,0
0,tcp,http,SF,325,12884,0,0,0,0,0,1,0,0,0,0,0,0,0,0,0,0,5,9,0.0,0.0,0.0,0.0,1.0,0.0,0.22,72,72,1.0,0.0,0.01,0.0,0.0,0.0,0.0,0.0,0
0,tcp,smtp,SF,1625,329,0,0,0,0,0,1,0,0,0,0,0,0,0,0,0,0,1,1,0.0,0.0,0.0,0.0,1.0,0.0,0.0,93,114,0.59,0.08,0.01,0.02,0.0,0.0,0.0,0.0,0
0,tcp,http,SF,200,286,0,0,0,0,0,1,0,0,0,0,0,0,0,0,0,0,13,21,0.0,0.0,0.0,0.0,1.0,0.0,0.1,60,255,1.0,0.0,0.02,0.05,0.0,0.0,0.0,0.0,0
0,tcp,ftp_data,SF,192,0,0,0,0,0,0,1,0,0,0,0,0,0,0,0,0,0,2,3,0.0,0.0,0.0,0.0,1.0,0.0,0.67,28,70,0.14,0.11,0.14,0.03,0.0,0.0,0.07,0.0,0
0,tcp,http,SF,208,421,0,0,0,0,0,1,0,0,0,0,0,0,0,0,0,0,1,59,0.0,0.0,0.0,0.0,1.0,0.0,0.12,255,255,1.0,0.0,0.0,0.0,0.0,0.0,0.0,0.0,0
0,tcp,http,SF,222,1471,0,0,0,0,0,1,0,0,0,0,0,0,0,0,0,0,7,7,0.0,0.0,0.0,0.0,1.0,0.0,0.0,35,255,1.0,0.0,0.03,0.02,0.0,0.0,0.0,0.0,0
0,tcp,http,SF,185,1233,0,0,0,0,0,1,0,0,0,0,0,0,0,0,0,0,16,21,0.0,0.0,0.0,0.0,1.0,0.0,0.14,255,255,1.0,0.0,0.0,0.0,0.0,0.0,0.0,0.0,0
0,tcp,http,SF,291,342,0,0,0,0,0,1,0,0,0,0,0,0,0,0,0,0,15,15,0.0,0.0,0.0,0.0,1.0,0.0,0.0,255,255,1.0,0.0,0.0,0.0,0.0,0.0,0.0,0.0,0
0,tcp,ftp_data,SF,6062,0,0,0,0,0,0,1,0,0,0,0,0,0,0,0,0,0,13,13,0.0,0.0,0.0,0.0,1.0,0.0,0.0,237,50,0.21,0.03,0.21,0.0,0.0,0.0,0.0,0.0,0
0,tcp,ftp_data,SF,334,0,0,0,0,0,0,1,0,0,0,0,0,0,0,0,0,0,1,1,0.0,0.0,0.0,0.0,1.0,0.0,0.0,255,51,0.2,0.03,0.2,0.0,0.0,0.0,0.0,0.0,1
0,tcp,http,SF,224,3629,0,0,0,0,0,1,0,0,0,0,0,0,0,0,0,0,2,25,0.0,0.0,0.0,0.0,1.0,0.0,0.2,255,255,1.0,0.0,0.0,0.0,0.0,0.0,0.0,0.0,0
0,tcp,ftp_data,SF,334,0,0,0,0,0,0,1,0,0,0,0,0,0,0,0,0,0,2,2,0.0,0.0,0.0,0.0,1.0,0.0,0.0,4,30,1.0,0.0,1.0,0.17,0.0,0.0,0.0,0.0,1
32,tcp,telnet,SF,724,160618,0,0,0,0,0,1,0,0,0,0,0,0,0,0,0,0,1,1,0.0,0.0,0.0,0.0,1.0,0.0,0.0,124,38,0.31,0.03,0.01,0.0,0.0,0.0,0.0,0.0,0
0,tcp,other,SF,4763,0,0,0,0,0,0,1,0,0,0,0,0,0,0,0,0,0,10,1,0.1,0.0,0.0,0.0,0.1,0.8,0.0,104,1,0.01,0.11,0.44,0.0,0.01,0.0,0.01,0.0,0
28,tcp,ftp,SF,1492,4152,0,0,0,30,0,1,0,0,0,0,0,0,0,0,0,1,1,1,0.0,0.0,0.0,0.0,1.0,0.0,0.0,41,28,0.68,0.05,0.02,0.0,0.0,0.0,0.0,0.0,0
0,tcp,smtp,SF,895,314,0,0,0,0,0,1,0,0,0,0,0,0,0,0,0,0,1,1,0.0,0.0,0.0,0.0,1.0,0.0,0.0,29,159,0.9,0.14,0.03,0.01,0.0,0.0,0.0,0.0,0
0,tcp,ftp_data,SF,245,0,0,0,0,0,0,1,0,0,0,1,0,0,0,0,0,0,3,2,0.0,0.0,0.0,0.0,0.67,0.67,0.0,27,131,0.89,0.11,0.89,0.02,0.0,0.0,0.0,0.0,0
0,tcp,http,SF,193,375,0,0,0,0,0,1,0,0,0,0,0,0,0,0,0,0,23,23,0.0,0.0,0.0,0.0,1.0,0.0,0.0,207,255,1.0,0.0,0.0,0.01,0.0,0.0,0.0,0.0,0
0,tcp,ftp_data,SF,37,0,0,0,0,0,0,1,0,0,0,0,0,0,0,0,0,0,1,1,0.0,0.0,0.0,0.0,1.0,0.0,0.0,255,58,0.23,0.02,0.05,0.0,0.62,0.67,0.0,0.0,0
0,tcp,http,SF,316,1382,0,0,0,0,0,1,0,0,0,0,0,0,0,0,0,0,16,16,0.0,0.0,0.0,0.0,1.0,0.0,0.0,29,255,1.0,0.0,0.03,0.03,0.0,0.0,0.0,0.0,0
0,tcp,ftp_data,SF,749,0,0,0,0,0,0,1,0,0,0,0,0,0,0,0,0,0,2,2,0.0,0.0,0.0,0.0,1.0,0.0,0.0,255,102,0.4,0.08,0.45,0.0,0.01,0.02,0.0,0.0,0
0,tcp,http,REJ,0,0,0,0,0,0,0,0,0,0,0,0,0,0,0,0,0,0,1,2,0.0,0.0,1.0,1.0,1.0,0.0,1.0,2,40,1.0,0.0,0.5,0.38,0.0,0.0,1.0,1.0,0
0,tcp,http,REJ,0,0,0,0,0,0,0,0,0,0,0,0,0,0,0,0,0,0,1,1,0.0,0.0,1.0,1.0,1.0,0.0,0.0,1,253,1.0,0.0,1.0,0.14,0.0,0.0,1.0,0.88,0
71,tcp,telnet,SF,135,15993,0,0,0,0,0,1,0,0,0,0,0,0,0,0,0,0,1,1,0.0,0.0,0.0,0.0,1.0,0.0,0.0,179,3,0.02,0.11,0.01,0.0,0.01,0.33,0.0,0.0,0
0,tcp,http,SF,238,6406,0,0,0,0,0,1,0,0,0,0,0,0,0,0,0,0,5,5,0.0,0.0,0.0,0.0,1.0,0.0,0.0,116,255,1.0,0.0,0.01,0.02,0.0,0.0,0.0,0.0,0
0,tcp,http,SF,342,382,0,0,0,0,0,1,0,0,0,0,0,0,0,0,0,0,9,9,0.0,0.0,0.0,0.0,1.0,0.0,0.0,255,255,1.0,0.0,0.0,0.0,0.0,0.0,0.0,0.0,0
0,tcp,http,SF,290,1148,0,0,0,0,0,1,0,0,0,0,0,0,0,0,0,0,15,26,0.0,0.0,0.0,0.0,1.0,0.0,0.15,36,90,1.0,0.0,0.03,0.04,0.0,0.0,0.0,0.0,0
0,udp,domain_u,SF,44,130,0,0,0,0,0,0,0,0,0,0,0,0,0,0,0,0,65,145,0.0,0.0,0.0,0.0,1.0,0.0,0.01,255,196,0.77,0.01,0.0,0.0,0.0,0.0,0.0,0.0,0
0,udp,domain_u,SF,45,77,0,0,0,0,0,0,0,0,0,0,0,0,0,0,0,0,202,202,0.0,0.0,0.0,0.0,1.0,0.01,0.01,255,254,1.0,0.01,0.0,0.0,0.0,0.0,0.0,0.0,0
12,tcp,ftp_data,SF,7045,0,0,0,0,0,0,1,0,0,0,0,0,0,0,0,0,0,2,2,0.0,0.0,0.0,0.0,1.0,0.0,0.0,2,27,1.0,0.0,1.0,0.19,0.0,0.0,0.0,0.0,1
0,tcp,http,REJ,0,0,0,0,0,0,0,0,0,0,0,0,0,0,0,0,0,0,1,1,0.0,0.0,1.0,1.0,1.0,0.0,0.0,73,54,0.74,0.03,0.01,0.0,0.0,0.0,0.74,1.0,0
0,tcp,http,SF,228,1380,0,0,0,0,0,1,0,0,0,0,0,0,0,0,0,0,7,34,0.0,0.0,0.0,0.0,1.0,0.0,0.06,255,244,0.96,0.02,0.0,0.0,0.0,0.0,0.0,0.0,0
0,tcp,http,SF,312,1529,0,0,0,0,0,1,0,0,0,0,0,0,0,0,0,0,11,11,0.0,0.0,0.0,0.0,1.0,0.0,0.0,255,255,1.0,0.0,0.0,0.0,0.0,0.0,0.01,0.01,0
0,tcp,http,SF,346,269,0,0,0,0,0,1,0,0,0,0,0,0,0,0,0,0,18,62,0.0,0.02,0.0,0.02,1.0,0.0,0.16,255,255,1.0,0.0,0.0,0.0,0.0,0.0,0.0,0.0,0
0,tcp,ftp_data,SF,245,0,0,0,0,0,0,0,0,0,0,0,0,0,0,0,0,0,2,2,0.0,0.0,0.0,0.0,1.0,0.0,0.0,3,2,0.67,0.67,0.67,0.0,0.0,0.0,0.0,0.0,0
0,tcp,http,SF,335,2140,0,0,0,0,0,1,0,0,0,0,0,0,0,0,0,0,4,4,0.0,0.0,0.0,0.0,1.0,0.0,0.0,255,255,1.0,0.0,0.0,0.0,0.0,0.0,0.0,0.0,0
0,tcp,ftp_data,SF,59,0,0,0,0,0,0,1,0,0,0,0,0,0,0,0,0,0,7,20,0.0,0.0,0.0,0.0,0.86,0.29,0.1,255,51,0.2,0.03,0.2,0.0,0.0,0.0,0.0,0.0,0
0,tcp,http,SF,244,2688,0,0,0,0,0,1,0,0,0,0,0,0,0,0,0,0,13,13,0.0,0.0,0.0,0.0,1.0,0.0,0.0,255,255,1.0,0.0,0.0,0.0,0.0,0.0,0.0,0.0,0
0,tcp,http,SF,302,5293,0,0,0,0,0,1,0,0,0,0,0,0,0,0,0,0,17,17,0.0,0.0,0.0,0.0,1.0,0.0,0.0,37,255,1.0,0.0,0.03,0.02,0.0,0.0,0.0,0.0,0
0,udp,domain_u,SF,44,126,0,0,0,0,0,0,0,0,0,0,0,0,0,0,0,0,13,13,0.0,0.0,0.0,0.0,1.0,0.0,0.0,255,254,1.0,0.01,0.0,0.0,0.0,0.0,0.0,0.0,0
0,tcp,http,SF,226,1512,0,0,0,0,0,1,0,0,0,0,0,0,0,0,0,0,17,18,0.0,0.0,0.0,0.0,1.0,0.0,0.11,132,255,1.0,0.0,0.01,0.02,0.01,0.0,0.0,0.0,0
0,tcp,http,SF,288,3921,0,0,0,0,0,1,0,0,0,0,0,0,0,0,0,0,24,26,0.0,0.0,0.0,0.0,1.0,0.0,0.12,64,255,1.0,0.0,0.02,0.02,0.0,0.0,0.0,0.0,0
0,udp,domain_u,SF,42,42,0,0,0,0,0,0,0,0,0,0,0,0,0,0,0,0,3,5,0.0,0.0,0.0,0.0,1.0,0.0,0.6,72,68,0.94,0.04,0.01,0.0,0.0,0.0,0.0,0.0,0
0,tcp,ftp_data,SF,676,0,0,0,0,0,0,0,0,0,0,0,0,0,0,0,0,0,1,1,0.0,0.0,0.0,0.0,1.0,0.0,0.0,1,4,1.0,0.0,1.0,0.5,0.0,0.0,0.0,0.0,1
0,tcp,http,SF,361,370,0,0,0,0,0,1,0,0,0,0,0,0,0,0,0,0,4,4,0.0,0.0,0.0,0.0,1.0,0.0,0.0,26,255,1.0,0.0,0.04,0.01,0.0,0.0,0.0,0.0,0
0,tcp,ftp_data,SF,1830,0,0,0,0,0,0,0,0,0,0,0,0,0,0,0,0,0,5,5,0.0,0.0,0.0,0.0,1.0,0.0,0.0,109,103,0.49,0.04,0.49,0.02,0.0,0.0,0.0,0.0,0
0,tcp,http,SF,200,4167,0,0,0,0,0,1,0,0,0,0,0,0,0,0,0,0,18,18,0.0,0.0,0.0,0.0,1.0,0.0,0.0,18,255,1.0,0.0,0.06,0.03,0.0,0.0,0.0,0.0,0
0,tcp,http,SF,243,281,0,0,0,0,0,1,0,0,0,0,0,0,0,0,0,0,4,16,0.0,0.0,0.0,0.0,1.0,0.0,0.19,67,255,1.0,0.0,0.01,0.01,0.0,0.0,0.0,0.0,0
2,tcp,ftp,SF,1231,2451,0,0,0,28,0,1,0,0,0,0,0,0,0,0,0,1,1,1,0.0,0.0,0.0,0.0,1.0,0.0,0.0,210,38,0.18,0.02,0.0,0.0,0.0,0.0,0.01,0.0,1
17,tcp,smtp,SF,966,334,0,0,0,0,0,1,0,0,0,0,0,0,0,0,0,0,1,1,0.0,0.0,0.0,0.0,1.0,0.0,0.0,220,157,0.69,0.03,0.0,0.01,0.0,0.0,0.0,0.0,0
0,tcp,http,SF,208,947,0,0,0,0,0,1,0,0,0,0,0,0,0,0,0,0,1,1,0.0,0.0,0.0,0.0,1.0,0.0,0.0,1,255,1.0,0.0,1.0,0.03,0.0,0.0,0.0,0.0,0
1,tcp,ftp,SF,1225,2451,0,0,0,28,0,1,0,0,0,0,0,0,0,0,0,1,1,1,0.0,0.0,0.0,0.0,1.0,0.0,0.0,255,127,0.5,0.02,0.0,0.0,0.0,0.0,0.0,0.0,1
0,tcp,http,SF,210,15014,0,0,0,0,0,1,0,0,0,0,0,0,0,0,0,0,9,9,0.0,0.0,0.0,0.0,1.0,0.0,0.0,9,255,1.0,0.0,0.11,0.01,0.0,0.0,0.0,0.0,0
0,tcp,http,SF,250,707,0,0,0,0,0,1,0,0,0,0,0,0,0,0,0,0,19,25,0.0,0.0,0.0,0.0,1.0,0.0,0.12,255,255,1.0,0.0,0.0,0.0,0.0,0.0,0.0,0.0,0
1,tcp,pop_3,SF,52,1565,0,0,0,0,0,1,0,0,0,0,0,0,0,0,0,0,1,1,0.0,0.0,0.0,0.0,1.0,0.0,0.0,72,3,0.03,0.08,0.01,0.67,0.01,0.0,0.01,0.0,0
0,tcp,ftp,SF,1244,2449,0,0,0,28,0,1,0,0,0,0,0,0,0,0,0,1,1,1,0.0,0.0,0.0,0.0,1.0,0.0,0.0,255,77,0.3,0.02,0.0,0.0,0.0,0.0,0.0,0.0,1
0,tcp,http,SF,216,2332,0,0,0,0,0,1,0,0,0,0,0,0,0,0,0,0,22,23,0.0,0.0,0.0,0.0,1.0,0.0,0.09,165,255,1.0,0.0,0.01,0.01,0.0,0.0,0.0,0.0,0
0,tcp,http,SF,148,35147,0,0,0,0,0,1,0,0,0,0,0,0,0,0,0,0,1,1,0.0,0.0,0.0,0.0,1.0,0.0,0.0,86,255,1.0,0.0,0.01,0.04,0.0,0.0,0.0,0.0,0
0,tcp,http,SF,321,21953,0,0,0,0,0,1,0,0,0,0,0,0,0,0,0,0,12,12,0.0,0.0,0.0,0.0,1.0,0.0,0.0,255,255,1.0,0.0,0.0,0.0,0.0,0.0,0.0,0.0,0
0,tcp,pop_3,SF,35,130,0,0,0,0,0,1,0,0,0,0,0,0,0,0,0,0,1,1,0.0,0.0,0.0,0.0,1.0,0.0,0.0,136,5,0.04,0.04,0.01,0.0,0.0,0.0,0.0,0.0,0
0,udp,domain_u,SF,45,111,0,0,0,0,0,0,0,0,0,0,0,0,0,0,0,0,246,246,0.0,0.0,0.0,0.0,1.0,0.0,0.0,255,251,0.98,0.01,0.0,0.0,0.0,0.0,0.0,0.0,0
1,tcp,smtp,SF,1705,329,0,0,0,0,0,1,0,0,0,0,0,0,2,0,0,0,1,2,0.0,0.0,0.0,0.0,1.0,0.0,1.0,17,200,1.0,0.0,0.06,0.01,0.0,0.0,0.0,0.0,0
0,tcp,http,SF,233,6104,0,0,0,0,0,1,0,0,0,0,0,0,0,0,0,0,18,18,0.0,0.0,0.0,0.0,1.0,0.0,0.0,119,255,1.0,0.0,0.01,0.03,0.0,0.0,0.0,0.0,0
0,udp,other,SF,146,0,0,0,0,0,0,0,0,0,0,0,0,0,0,0,0,0,1,1,0.0,0.0,0.0,0.0,1.0,0.0,0.0,255,2,0.01,0.65,0.96,0.0,0.0,0.0,0.0,0.0,0
0,tcp,http,SF,328,4185,0,0,0,0,0,1,0,0,0,0,0,0,0,0,0,0,17,17,0.0,0.0,0.0,0.0,1.0,0.0,0.0,17,255,1.0,0.0,0.06,0.01,0.0,0.0,0.0,0.0,0
0,tcp,http,SF,239,516,0,0,0,0,0,1,0,0,0,0,0,0,0,0,0,0,8,13,0.0,0.0,0.0,0.0,1.0,0.0,0.23,255,255,1.0,0.0,0.0,0.0,0.0,0.0,0.0,0.0,0
16,tcp,smtp,SF,1429,364,0,0,0,0,0,1,0,0,0,0,0,0,0,0,0,0,1,1,0.0,0.0,0.0,0.0,1.0,0.0,0.0,111,89,0.8,0.03,0.01,0.0,0.0,0.0,0.0,0.0,0
2,tcp,ftp_data,SF,2194619,0,0,0,0,0,0,1,0,0,0,0,0,0,0,0,0,0,1,1,0.0,0.0,0.0,0.0,1.0,0.0,0.0,139,56,0.19,0.03,0.19,0.04,0.0,0.0,0.0,0.0,0
0,udp,domain_u,SF,45,70,0,0,0,0,0,0,0,0,0,0,0,0,0,0,0,0,71,151,0.0,0.0,0.0,0.0,1.0,0.0,0.01,255,254,1.0,0.01,0.0,0.0,0.0,0.0,0.0,0.0,0
0,tcp,http,SF,301,5831,0,0,0,0,0,1,0,0,0,0,0,0,0,0,0,0,2,2,0.0,0.0,0.0,0.0,1.0,0.0,0.0,2,255,1.0,0.0,0.5,0.01,0.0,0.0,0.0,0.0,0
0,tcp,ftp,SF,1195,2449,0,0,0,28,0,1,0,0,0,0,0,0,0,0,0,1,1,1,0.0,0.0,0.0,0.0,1.0,0.0,0.0,116,14,0.12,0.05,0.01,0.0,0.02,0.0,0.07,0.0,1
0,tcp,http,S2,225,0,0,0,0,1,0,1,0,0,0,0,0,0,0,0,0,0,1,4,1.0,0.5,0.0,0.0,1.0,0.0,1.0,21,255,1.0,0.0,0.05,0.05,0.05,0.0,0.0,0.0,0
1,tcp,smtp,SF,36040,340,0,0,0,0,0,1,0,0,0,0,0,0,0,0,0,0,1,2,0.0,0.0,0.0,0.0,1.0,0.0,1.0,227,182,0.71,0.02,0.0,0.01,0.0,0.0,0.0,0.0,0
0,tcp,http,SF,226,6265,0,0,0,0,0,1,0,0,0,0,0,0,0,0,0,0,1,5,0.0,0.0,0.0,0.0,1.0,0.0,0.4,65,255,1.0,0.0,0.02,0.02,0.0,0.0,0.0,0.0,0
0,udp,private,SF,105,0,0,0,0,0,0,0,0,0,0,0,0,0,0,0,0,0,2,2,0.0,0.0,0.0,0.0,1.0,0.0,0.0,186,177,0.95,0.02,0.01,0.0,0.0,0.0,0.0,0.0,0
0,tcp,ftp_data,SF,6601,0,0,0,0,0,0,0,0,0,0,0,0,0,0,0,0,0,19,19,0.0,0.0,0.0,0.0,1.0,0.0,0.0,31,107,0.81,0.13,0.81,0.02,0.0,0.0,0.0,0.0,0
0,tcp,ftp_data,SF,246,0,0,0,0,0,0,1,0,0,0,0,0,0,0,0,0,0,1,1,0.0,0.0,0.0,0.0,1.0,0.0,0.0,1,26,1.0,0.0,1.0,0.19,0.0,0.0,0.0,0.0,1
0,tcp,http,SF,292,2537,0,0,0,0,0,1,0,0,0,0,0,0,0,0,0,0,12,12,0.0,0.0,0.0,0.0,1.0,0.0,0.0,70,255,1.0,0.0,0.01,0.06,0.0,0.0,0.0,0.0,0
0,tcp,http,SF,234,540,0,0,0,0,0,1,0,0,0,0,0,0,0,0,0,0,11,11,0.0,0.0,0.0,0.0,1.0,0.0,0.0,231,255,1.0,0.0,0.0,0.01,0.0,0.0,0.0,0.0,0
1,tcp,ftp,SF,1248,2451,0,0,0,28,0,1,0,0,0,0,0,0,0,0,0,1,1,1,0.0,0.0,0.0,0.0,1.0,0.0,0.0,255,114,0.45,0.02,0.0,0.0,0.0,0.0,0.01,0.0,1
0,tcp,http,SF,289,7384,0,0,0,0,0,1,0,0,0,0,0,0,0,0,0,0,29,29,0.0,0.0,0.0,0.0,1.0,0.0,0.0,255,255,1.0,0.0,0.0,0.0,0.0,0.0,0.0,0.0,0
0,udp,domain_u,SF,42,42,0,0,0,0,0,0,0,0,0,0,0,0,0,0,0,0,12,21,0.0,0.0,0.0,0.0,1.0,0.0,0.24,255,255,1.0,0.0,0.0,0.0,0.0,0.0,0.0,0.0,0
0,tcp,http,SF,330,713,0,0,0,0,0,1,0,0,0,0,0,0,0,0,0,0,7,19,0.0,0.0,0.0,0.0,1.0,0.0,0.11,250,255,1.0,0.0,0.0,0.01,0.0,0.0,0.0,0.0,0
0,tcp,http,SF,300,2507,0,0,0,0,0,1,0,0,0,0,0,0,0,0,0,0,5,5,0.0,0.0,0.0,0.0,1.0,0.0,0.0,29,22,0.76,0.07,0.03,0.0,0.03,0.05,0.0,0.0,0
0,tcp,finger,SF,8,223,0,0,0,0,0,0,0,0,0,0,0,0,0,0,0,0,1,1,0.0,0.0,0.0,0.0,1.0,0.0,0.0,178,8,0.04,0.09,0.01,0.25,0.01,0.0,0.0,0.0,0
0,tcp,ftp_data,SF,334,0,0,0,0,0,0,1,0,0,0,0,0,0,0,0,0,0,2,2,0.0,0.0,0.0,0.0,1.0,0.0,0.0,16,27,1.0,0.0,1.0,0.07,0.0,0.0,0.0,0.0,1
0,tcp,http,SF,318,2435,0,0,0,0,0,1,0,0,0,0,0,0,0,0,0,0,47,72,0.0,0.0,0.0,0.0,1.0,0.0,0.08,255,255,1.0,0.0,0.0,0.0,0.0,0.0,0.0,0.0,0
0,tcp,ftp_data,SF,246,0,0,0,0,0,0,1,0,0,0,0,0,0,0,0,0,0,2,2,0.0,0.0,0.0,0.0,1.0,0.0,0.0,6,36,1.0,0.0,1.0,0.14,0.0,0.0,0.0,0.0,1
0,tcp,ftp,RSTO,0,0,0,0,0,0,0,0,0,0,0,0,0,0,0,0,0,0,1,1,0.0,0.0,1.0,1.0,1.0,0.0,0.0,47,13,0.28,0.09,0.02,0.0,0.0,0.0,0.02,0.08,0
0,tcp,ftp_data,SF,6601,0,0,0,0,0,0,1,0,0,0,0,0,0,0,0,0,0,18,18,0.0,0.0,0.0,0.0,1.0,0.0,0.0,178,87,0.35,0.03,0.35,0.02,0.0,0.0,0.02,0.0,0
0,udp,other,SF,147,0,0,0,0,0,0,0,0,0,0,0,0,0,0,0,0,0,1,1,0.0,0.0,0.0,0.0,1.0,0.0,0.0,255,1,0.0,0.53,0.85,0.0,0.0,0.0,0.0,0.0,0
0,tcp,http,S0,0,0,0,0,0,0,0,0,0,0,0,0,0,0,0,0,0,0,1,1,1.0,1.0,0.0,0.0,1.0,0.0,0.0,32,232,1.0,0.0,0.03,0.17,0.03,0.0,0.97,0.91,0
4,tcp,ftp_data,SF,832,0,0,0,0,0,0,1,0,0,0,0,0,0,0,0,0,0,1,1,0.0,0.0,0.0,0.0,1.0,0.0,0.0,3,22,1.0,0.0,1.0,0.14,0.0,0.0,0.0,0.0,1
0,tcp,ftp_data,SF,30,0,0,0,0,0,0,1,0,0,0,0,0,0,0,0,0,0,1,1,0.0,0.0,0.0,0.0,1.0,0.0,0.0,5,39,1.0,0.0,1.0,0.15,0.0,0.03,0.0,0.0,1
0,tcp,http,SF,322,1564,0,0,0,0,0,1,0,0,0,0,0,0,0,0,0,0,18,18,0.0,0.0,0.0,0.0,1.0,0.0,0.0,214,255,1.0,0.0,0.0,0.01,0.0,0.0,0.0,0.0,0
0,tcp,http,SF,189,525,0,0,0,0,0,1,0,0,0,0,0,0,0,0,0,0,2,5,0.0,0.0,0.0,0.0,1.0,0.0,0.4,112,255,1.0,0.0,0.01,0.03,0.0,0.0,0.0,0.0,0
0,udp,domain_u,SF,45,82,0,0,0,0,0,0,0,0,0,0,0,0,0,0,0,0,279,278,0.0,0.0,0.0,0.0,1.0,0.01,0.0,255,254,1.0,0.01,0.0,0.0,0.0,0.0,0.0,0.0,0
2,tcp,smtp,SF,936,336,0,0,0,0,0,1,0,0,0,0,0,0,0,0,0,0,1,3,0.0,0.0,0.0,0.0,1.0,0.0,1.0,157,133,0.55,0.06,0.01,0.02,0.01,0.0,0.0,0.0,0
0,tcp,http,SF,307,5669,0,0,0,0,0,1,0,0,0,0,0,0,0,0,0,0,4,4,0.0,0.0,0.0,0.0,1.0,0.0,0.0,30,255,1.0,0.0,0.03,0.01,0.0,0.0,0.13,0.02,0
0,udp,domain_u,SF,45,124,0,0,0,0,0,0,0,0,0,0,0,0,0,0,0,0,67,145,0.0,0.0,0.0,0.0,1.0,0.0,0.01,243,123,0.51,0.02,0.0,0.0,0.0,0.0,0.0,0.0,0
0,tcp,ftp_data,SF,88382,0,0,0,0,0,0,0,0,0,0,0,0,0,0,0,0,0,14,14,0.0,0.0,0.0,0.0,1.0,0.0,0.0,125,96,0.59,0.02,0.59,0.02,0.0,0.0,0.0,0.0,0
6636,udp,other,SF,146,105,0,0,0,0,0,0,0,0,0,0,0,0,0,0,0,0,3,2,0.0,0.0,0.0,0.0,0.67,0.67,0.0,255,2,0.01,0.86,1.0,0.0,0.0,0.0,0.0,0.0,0
0,tcp,http,SF,337,4819,0,0,0,0,0,1,0,0,0,0,0,0,0,0,0,0,6,6,0.17,0.17,0.0,0.0,1.0,0.0,0.0,231,255,1.0,0.0,0.0,0.01,0.01,0.01,0.0,0.0,0
0,tcp,http,REJ,0,0,0,0,0,0,0,0,0,0,0,0,0,0,0,0,0,0,1,1,0.0,0.0,1.0,1.0,1.0,0.0,0.0,3,255,1.0,0.0,0.33,0.14,0.0,0.0,1.0,0.56,0
0,tcp,ftp_data,SF,567,0,0,0,0,0,0,0,0,0,0,0,0,0,0,0,0,0,1,1,0.0,0.0,0.0,0.0,1.0,0.0,0.0,197,1,0.01,0.04,0.01,0.0,0.0,0.0,0.0,0.0,0
0,tcp,http,SF,222,2707,0,0,0,0,0,1,0,0,0,0,0,0,0,0,0,0,5,21,0.0,0.0,0.0,0.0,1.0,0.0,0.19,146,255,1.0,0.0,0.01,0.02,0.0,0.0,0.0,0.0,0
0,tcp,ftp_data,SF,172,0,0,0,0,0,0,0,0,0,0,0,0,0,0,0,0,0,1,1,0.0,0.0,0.0,0.0,1.0,0.0,0.0,155,39,0.25,0.03,0.25,0.0,0.0,0.0,0.0,0.0,0
0,icmp,ecr_i,SF,30,0,0,0,0,0,0,0,0,0,0,0,0,0,0,0,0,0,1,1,0.0,0.0,0.0,0.0,1.0,0.0,0.0,152,152,1.0,0.0,1.0,0.0,0.0,0.0,0.0,0.0,0
0,tcp,http,SF,153,1572,0,0,0,0,0,1,0,0,0,0,0,0,0,0,0,0,8,8,0.0,0.0,0.0,0.0,1.0,0.0,0.0,8,255,1.0,0.0,0.12,0.05,0.0,0.02,0.0,0.0,0
0,tcp,http,SF,244,1841,0,0,0,0,0,1,0,0,0,0,0,0,0,0,0,0,6,6,0.0,0.0,0.0,0.0,1.0,0.0,0.0,6,197,1.0,0.0,0.17,0.03,0.0,0.0,0.0,0.0,0
0,tcp,http,SF,343,3062,0,0,0,0,0,1,0,0,0,0,0,0,0,0,0,0,23,23,0.0,0.0,0.0,0.0,1.0,0.0,0.0,255,255,1.0,0.0,0.0,0.0,0.0,0.0,0.0,0.0,0
0,tcp,ftp_data,SF,334,0,0,0,0,0,0,1,0,0,0,0,0,0,0,0,0,0,2,2,0.0,0.0,0.0,0.0,1.0,0.0,0.0,2,16,1.0,0.0,1.0,0.19,0.0,0.0,0.0,0.0,1
0,tcp,http,SF,307,2360,0,0,0,0,0,1,0,0,0,0,0,0,0,0,0,0,2,40,0.0,0.0,0.0,0.0,1.0,0.0,0.05,2,143,1.0,0.0,0.5,0.2,0.0,0.0,0.0,0.65,0
0,tcp,ftp_data,SF,334,0,0,0,0,0,0,1,0,0,0,0,0,0,0,0,0,0,1,1,0.0,0.0,0.0,0.0,1.0,0.0,0.0,255,68,0.27,0.08,0.32,0.0,0.01,0.01,0.0,0.0,1
0,udp,private,SF,105,145,0,0,0,0,0,0,0,0,0,0,0,0,0,0,0,0,1,1,0.0,0.0,0.0,0.0,1.0,0.0,0.0,8,8,1.0,0.0,0.12,0.0,0.0,0.0,0.0,0.0,0
0,tcp,smtp,SF,1357,328,0,0,0,0,0,1,0,0,0,0,0,0,0,0,0,0,1,2,0.0,0.0,0.0,0.0,1.0,0.0,1.0,144,88,0.61,0.03,0.01,0.0,0.0,0.0,0.0,0.0,0
0,tcp,ftp_data,SF,8737,0,0,0,0,0,0,1,0,0,0,0,0,0,0,0,0,0,15,15,0.0,0.0,0.0,0.0,1.0,0.0,0.0,255,27,0.11,0.49,0.11,0.0,0.0,0.0,0.0,0.0,0
0,udp,domain_u,SF,102,0,0,0,0,0,0,0,0,0,0,0,0,0,0,0,0,0,1,2,0.0,0.0,0.0,0.0,1.0,0.0,1.0,186,120,0.65,0.02,0.62,0.0,0.0,0.0,0.0,0.0,0
0,tcp,smtp,SF,1029,386,0,0,0,0,0,1,0,0,0,0,0,0,0,0,0,0,1,1,0.0,0.0,0.0,0.0,1.0,0.0,0.0,255,99,0.39,0.24,0.0,0.0,0.24,0.0,0.0,0.0,0
0,tcp,http,SF,286,588,0,0,0,0,0,1,0,0,0,0,0,0,0,0,0,0,3,3,0.0,0.0,0.0,0.0,1.0,0.0,0.0,255,255,1.0,0.0,0.0,0.0,0.0,0.0,0.0,0.0,0
0,tcp,http,SF,300,2698,0,0,0,0,0,1,0,0,0,0,0,0,1,0,0,0,3,4,0.0,0.0,0.0,0.25,1.0,0.0,0.5,255,255,1.0,0.0,0.0,0.0,0.0,0.0,0.0,0.0,0
0,tcp,http,SF,209,477,0,0,0,0,0,1,0,0,0,0,0,0,0,0,0,0,24,26,0.0,0.0,0.0,0.0,1.0,0.0,0.12,52,255,1.0,0.0,0.02,0.04,0.0,0.0,0.0,0.0,0
0,udp,other,SF,516,4,0,0,0,0,0,0,0,0,0,0,0,0,0,0,0,0,399,399,0.0,0.0,0.0,0.0,1.0,0.0,0.0,255,255,1.0,0.0,1.0,0.0,0.0,0.0,0.0,0.0,0
0,tcp,http,SF,223,740,0,0,0,0,0,1,0,0,0,0,0,0,0,0,0,0,11,14,0.0,0.0,0.0,0.0,1.0,0.0,0.29,41,255,1.0,0.0,0.02,0.03,0.0,0.0,0.0,0.0,0
0,tcp,http,SF,209,2311,0,0,0,0,0,1,0,0,0,0,0,0,0,0,0,0,1,3,0.0,0.0,0.0,0.0,1.0,0.0,0.67,14,255,1.0,0.0,0.07,0.02,0.0,0.0,0.0,0.0,0
0,tcp,http,SF,219,1109,0,0,0,0,0,1,0,0,0,0,0,0,0,0,0,0,4,4,0.0,0.0,0.0,0.0,1.0,0.0,0.0,4,255,1.0,0.0,0.25,0.06,0.0,0.0,0.0,0.0,0
0,tcp,http,SF,293,4321,0,0,0,0,0,1,0,0,0,0,0,0,0,0,0,0,18,18,0.0,0.0,0.0,0.0,1.0,0.0,0.0,72,255,1.0,0.0,0.01,0.01,0.0,0.0,0.0,0.0,0
0,tcp,ftp_data,SF,334,0,0,0,0,0,0,1,0,0,0,0,0,0,0,0,0,0,1,1,0.0,0.0,0.0,0.0,1.0,0.0,0.0,1,19,1.0,0.0,1.0,0.21,0.0,0.0,0.0,0.0,1
0,tcp,http,SF,240,1065,0,0,0,0,0,1,0,0,0,0,0,0,0,0,0,0,29,30,0.0,0.0,0.0,0.0,1.0,0.0,0.07,255,255,1.0,0.0,0.0,0.0,0.0,0.0,0.0,0.0,0
3,tcp,smtp,SF,1315,331,0,0,0,0,0,1,0,0,0,0,0,0,0,0,0,0,1,1,0.0,0.0,0.0,0.0,1.0,0.0,0.0,232,198,0.75,0.02,0.0,0.01,0.0,0.0,0.0,0.0,0
1,tcp,ftp,SF,1269,2453,0,0,0,28,0,1,0,0,0,0,0,0,0,0,0,1,1,1,0.0,0.0,0.0,0.0,1.0,0.0,0.0,255,96,0.38,0.02,0.0,0.0,0.0,0.0,0.0,0.0,1
0,udp,private,SF,105,146,0,0,0,0,0,0,0,0,0,0,0,0,0,0,0,0,1,1,0.0,0.0,0.0,0.0,1.0,0.0,0.0,18,15,0.83,0.11,0.06,0.0,0.0,0.0,0.0,0.0,0
0,tcp,ftp_data,SF,10261,0,0,0,0,0,0,0,0,0,0,0,0,0,0,0,0,0,6,6,0.0,0.0,0.0,0.0,1.0,0.0,0.0,28,68,0.43,0.14,0.43,0.03,0.0,0.0,0.0,0.0,0
0,tcp,ftp_data,SF,334,0,0,0,0,0,0,1,0,0,0,0,0,0,0,0,0,0,2,2,0.0,0.0,0.0,0.0,1.0,0.0,0.0,255,69,0.27,0.13,0.37,0.0,0.02,0.01,0.0,0.0,1
0,tcp,http,REJ,0,0,0,0,0,0,0,0,0,0,0,0,0,0,0,0,0,0,1,1,0.0,0.0,1.0,1.0,1.0,0.0,0.0,8,255,1.0,0.0,0.12,0.12,0.0,0.0,1.0,0.82,0
0,tcp,ftp_data,SF,7280,0,0,0,0,0,0,1,0,0,0,0,0,0,0,0,0,0,3,3,0.0,0.0,0.0,0.0,1.0,0.0,0.0,221,71,0.32,0.03,0.32,0.0,0.02,0.03,0.0,0.0,0
0,udp,domain_u,SF,46,46,0,0,0,0,0,0,0,0,0,0,0,0,0,0,0,0,172,174,0.0,0.0,0.0,0.0,1.0,0.0,0.01,255,229,0.9,0.01,0.0,0.0,0.0,0.0,0.0,0.0,0
0,udp,domain_u,SF,44,131,0,0,0,0,0,0,0,0,0,0,0,0,0,0,0,0,68,148,0.0,0.0,0.0,0.0,1.0,0.0,0.01,255,234,0.92,0.01,0.0,0.0,0.0,0.0,0.0,0.0,0
4,tcp,pop_3,SF,35,130,0,0,0,0,0,1,0,0,0,0,0,0,0,0,0,0,1,1,0.0,0.0,0.0,0.0,1.0,0.0,0.0,224,2,0.01,0.03,0.0,0.0,0.0,0.0,0.0,0.0,0
1,tcp,ftp,SF,1233,2451,0,0,0,28,0,1,0,0,0,0,0,0,0,0,0,1,1,1,0.0,0.0,0.0,0.0,1.0,0.0,0.0,114,12,0.11,0.05,0.01,0.0,0.02,0.0,0.07,0.0,1
0,tcp,ftp_data,SF,334,0,0,0,0,0,0,1,0,0,0,0,0,0,0,0,0,0,1,1,0.0,0.0,0.0,0.0,1.0,0.0,0.0,7,38,0.71,0.29,0.71,0.16,0.0,0.0,0.0,0.0,1
1,tcp,smtp,SF,1132,331,0,0,0,0,0,1,0,0,0,0,0,0,0,0,0,0,1,1,0.0,0.0,0.0,0.0,1.0,0.0,0.0,64,206,0.86,0.06,0.02,0.01,0.0,0.0,0.02,0.05,0
618,tcp,telnet,SF,497,2342,0,0,0,0,0,1,12,0,0,0,0,0,0,0,0,0,1,1,0.0,0.0,0.0,0.0,1.0,0.0,0.0,196,19,0.1,0.05,0.01,0.0,0.03,0.26,0.0,0.0,0
0,tcp,ftp_data,SF,334,0,0,0,0,0,0,1,0,0,0,0,0,0,0,0,0,0,2,2,0.0,0.0,0.0,0.0,1.0,0.0,0.0,4,34,1.0,0.0,1.0,0.15,0.0,0.0,0.0,0.0,1
0,udp,domain_u,SF,45,114,0,0,0,0,0,0,0,0,0,0,0,0,0,0,0,0,2,8,0.0,0.0,0.0,0.0,1.0,0.0,0.25,27,12,0.44,0.11,0.04,0.0,0.0,0.0,0.0,0.0,0
0,tcp,http,SF,210,14424,0,0,0,0,0,1,0,0,0,0,0,0,0,0,0,0,2,3,0.0,0.0,0.0,0.0,1.0,0.0,0.67,24,255,1.0,0.0,0.04,0.04,0.0,0.01,0.0,0.0,0
0,tcp,http,SF,353,1764,0,0,0,0,0,1,0,0,0,0,0,0,0,0,0,0,4,5,0.0,0.0,0.0,0.0,1.0,0.0,0.4,122,255,1.0,0.0,0.01,0.05,0.0,0.0,0.0,0.0,0
0,udp,domain_u,SF,34,34,0,0,0,0,0,0,0,0,0,0,0,0,0,0,0,0,1,5,0.0,0.0,0.0,0.0,1.0,0.0,0.8,179,144,0.8,0.02,0.01,0.0,0.0,0.0,0.0,0.0,0
0,tcp,http,SF,304,1075,0,0,0,0,0,1,0,0,0,0,0,0,0,0,0,0,7,8,0.0,0.0,0.0,0.12,1.0,0.0,0.25,255,248,0.97,0.01,0.0,0.0,0.0,0.0,0.0,0.0,0
0,tcp,http,SF,275,3917,0,0,0,0,0,1,0,0,0,0,0,0,0,0,0,0,14,14,0.0,0.0,0.0,0.0,1.0,0.0,0.0,35,255,1.0,0.0,0.03,0.05,0.0,0.0,0.0,0.0,0
0,tcp,http,SF,245,1107,0,0,0,0,0,1,0,0,0,0,0,0,0,0,0,0,8,8,0.0,0.0,0.0,0.0,1.0,0.0,0.0,255,255,1.0,0.0,0.0,0.0,0.0,0.0,0.0,0.0,0
0,tcp,http,SF,348,14642,0,0,0,0,0,1,0,0,0,0,0,0,0,0,0,0,28,28,0.0,0.0,0.0,0.0,1.0,0.0,0.0,237,255,1.0,0.0,0.0,0.01,0.0,0.0,0.0,0.0,0
0,tcp,http,SF,232,2140,0,0,0,0,0,1,0,0,0,0,0,0,0,0,0,0,12,12,0.0,0.0,0.0,0.0,1.0,0.0,0.0,12,255,1.0,0.0,0.08,0.04,0.0,0.0,0.0,0.0,0
0,tcp,http,SF,294,2099,0,0,0,0,0,1,0,0,0,0,0,0,0,0,0,0,12,12,0.0,0.0,0.0,0.0,1.0,0.0,0.0,14,255,1.0,0.0,0.07,0.02,0.0,0.0,0.0,0.0,0
0,tcp,http,REJ,0,0,0,0,0,0,0,0,0,0,0,0,0,0,0,0,0,0,1,1,0.0,0.0,1.0,1.0,1.0,0.0,0.0,50,255,1.0,0.0,0.02,0.04,0.0,0.0,0.32,0.07,0
0,udp,domain_u,SF,44,133,0,0,0,0,0,0,0,0,0,0,0,0,0,0,0,0,38,106,0.0,0.0,0.0,0.0,1.0,0.0,0.02,194,144,0.74,0.01,0.01,0.0,0.0,0.0,0.0,0.0,0
5051,tcp,ftp_data,SF,5135678,0,0,0,0,4,0,1,0,0,0,0,0,0,0,0,0,0,1,1,0.0,0.0,0.0,0.0,1.0,0.0,0.0,5,30,1.0,0.0,1.0,0.17,0.0,0.0,0.0,0.0,1
0,udp,domain_u,SF,45,92,0,0,0,0,0,0,0,0,0,0,0,0,0,0,0,0,228,233,0.0,0.0,0.0,0.0,1.0,0.0,0.01,255,254,1.0,0.01,0.0,0.0,0.0,0.0,0.0,0.0,0
0,tcp,http,SF,303,990,0,0,0,0,0,1,0,0,0,0,0,0,0,0,0,0,1,1,0.0,0.0,0.0,0.0,1.0,0.0,0.0,1,255,1.0,0.0,1.0,0.03,0.0,0.0,0.0,0.0,0
0,tcp,ftp_data,SF,1690,0,0,0,0,0,0,1,0,0,0,0,0,0,0,0,0,0,6,6,0.0,0.0,0.0,0.0,1.0,0.0,0.0,63,12,0.19,0.1,0.19,0.0,0.0,0.0,0.0,0.0,0
0,tcp,http,SF,316,13357,0,0,0,0,0,1,0,0,0,0,0,0,0,0,0,0,1,2,0.0,0.0,0.0,0.0,1.0,0.0,1.0,65,255,1.0,0.0,0.02,0.05,0.0,0.0,0.0,0.0,0
1729,udp,other,SF,146,105,0,0,0,0,0,0,0,0,0,0,0,0,0,0,0,0,1,1,0.0,0.0,0.0,0.0,1.0,0.0,0.0,255,1,0.0,0.51,0.84,0.0,0.0,0.0,0.0,0.0,0
0,tcp,http,SF,308,7889,0,0,0,0,0,1,0,0,0,0,0,0,0,0,0,0,1,1,0.0,0.0,0.0,0.0,1.0,0.0,0.0,1,255,1.0,0.0,1.0,0.02,0.0,0.0,0.0,0.0,0
0,tcp,http,SF,219,11394,0,0,0,0,0,1,0,0,0,0,0,0,0,0,0,0,21,28,0.0,0.0,0.0,0.0,1.0,0.0,0.11,87,255,1.0,0.0,0.01,0.03,0.0,0.0,0.14,0.06,0
0,tcp,ftp_data,SF,383,0,0,0,0,0,0,1,0,0,0,0,0,0,0,0,0,0,1,1,0.0,0.0,0.0,0.0,1.0,0.0,0.0,17,41,0.47,0.12,0.47,0.05,0.0,0.0,0.0,0.0,0
0,tcp,ftp_data,SF,334,0,0,0,0,0,0,1,0,0,0,0,0,0,0,0,0,0,2,2,0.0,0.0,0.0,0.0,1.0,0.0,0.0,2,39,1.0,0.0,1.0,0.15,0.0,0.0,0.0,0.0,1
0,tcp,http,SF,248,12922,0,0,0,0,0,1,0,0,0,0,0,0,0,0,0,0,11,11,0.0,0.0,0.0,0.0,1.0,0.0,0.0,251,255,1.0,0.0,0.0,0.01,0.0,0.0,0.0,0.0,0
0,tcp,http,SF,303,2011,0,0,0,0,0,1,0,0,0,0,0,0,0,0,0,0,3,3,0.0,0.0,0.0,0.0,1.0,0.0,0.0,255,255,1.0,0.0,0.0,0.0,0.0,0.0,0.0,0.0,0
0,tcp,ftp_data,SF,334,0,0,0,0,0,0,1,0,0,0,0,0,0,0,0,0,0,2,2,0.0,0.0,0.0,0.0,1.0,0.0,0.0,6,20,1.0,0.0,1.0,0.15,0.0,0.0,0.0,0.0,1
0,tcp,http,SF,296,706,0,0,0,0,0,1,0,0,0,0,0,0,0,0,0,0,2,3,0.5,0.33,0.0,0.33,1.0,0.0,0.67,255,255,1.0,0.0,0.0,0.0,0.0,0.0,0.0,0.0,0
0,tcp,ftp_data,SF,334,0,0,0,0,0,0,1,0,0,0,0,0,0,0,0,0,0,2,2,0.0,0.0,0.0,0.0,1.0,0.0,0.0,4,10,1.0,0.0,1.0,0.4,0.0,0.0,0.0,0.0,1
0,tcp,ftp_data,SF,607,0,0,0,0,0,0,0,0,0,0,0,0,0,0,0,0,0,2,2,0.0,0.0,0.0,0.0,1.0,0.0,0.0,223,68,0.3,0.02,0.3,0.0,0.0,0.0,0.04,0.0,0
0,udp,domain_u,SF,91,0,0,0,0,0,0,0,0,0,0,0,0,0,0,0,0,0,2,2,0.0,0.0,0.0,0.0,1.0,0.0,0.0,71,45,0.63,0.03,0.63,0.0,0.0,0.0,0.0,0.0,0
9,udp,private,SF,105,146,0,0,0,0,0,0,0,0,0,0,0,0,0,0,0,0,2,2,0.0,0.0,0.0,0.0,1.0,0.0,0.0,255,241,0.95,0.01,0.01,0.0,0.0,0.0,0.0,0.0,0
0,tcp,ftp_data,SF,7280,0,0,0,0,0,0,0,0,0,0,0,0,0,0,0,0,0,11,11,0.0,0.0,0.0,0.0,1.0,0.0,0.0,17,82,1.0,0.0,1.0,0.02,0.0,0.0,0.0,0.0,0
0,tcp,ftp_data,SF,1153,0,0,0,0,0,0,1,0,0,0,0,0,0,0,0,0,0,1,21,0.0,0.95,0.0,0.0,1.0,0.0,0.1,79,87,0.2,0.08,0.2,0.03,0.0,0.0,0.0,0.0,0
12,tcp,ftp_data,SF,7045,0,0,0,0,0,0,1,0,0,0,0,0,0,0,0,0,0,2,2,0.0,0.0,0.0,0.0,1.0,0.0,0.0,2,14,1.0,0.0,1.0,0.29,0.0,0.0,0.0,0.0,1
0,tcp,ftp_data,SF,59,0,0,0,0,0,0,1,0,0,0,0,0,0,0,0,0,0,22,22,0.0,0.0,0.0,0.0,1.0,0.0,0.0,255,77,0.3,0.02,0.15,0.0,0.63,0.52,0.0,0.0,0
0,tcp,ftp_data,SF,12,0,0,0,0,0,0,1,0,0,0,0,0,0,0,0,0,0,1,1,0.0,0.0,0.0,0.0,1.0,0.0,0.0,228,59,0.26,0.02,0.26,0.0,0.0,0.0,0.0,0.0,0
1,tcp,smtp,SF,1219,365,0,0,0,0,0,1,0,0,0,0,0,0,0,0,0,0,1,4,0.0,0.0,0.0,0.0,1.0,0.0,1.0,4,152,1.0,0.0,0.25,0.02,0.0,0.0,0.0,0.0,0
0,tcp,http,SF,333,1642,0,0,0,0,0,1,0,0,0,0,0,0,0,0,0,0,6,6,0.0,0.0,0.0,0.0,1.0,0.0,0.0,104,255,1.0,0.0,0.01,0.02,0.0,0.0,0.0,0.0,0
0,tcp,smtp,SF,1329,330,0,0,0,0,0,1,0,0,0,0,0,0,0,0,0,0,1,1,0.0,0.0,0.0,0.0,1.0,0.0,0.0,110,177,0.69,0.04,0.01,0.01,0.0,0.0,0.0,0.0,0
4,tcp,other,SF,1470,0,0,0,0,0,0,0,0,0,0,0,0,0,0,0,0,0,2,1,0.0,0.0,0.0,0.0,0.5,1.0,0.0,54,1,0.02,0.2,0.41,0.0,0.0,0.0,0.0,0.0,0
0,tcp,smtp,SF,1116,324,0,0,0,0,0,1,0,0,0,0,0,0,0,0,0,0,1,1,0.0,0.0,0.0,0.0,1.0,0.0,0.0,199,149,0.58,0.02,0.01,0.01,0.0,0.01,0.0,0.0,0
0,tcp,http,SF,342,449,0,0,0,0,0,1,0,0,0,0,0,0,0,0,0,0,27,31,0.0,0.0,0.0,0.0,1.0,0.0,0.1,255,255,1.0,0.0,0.0,0.0,0.0,0.0,0.0,0.0,0
12431,udp,other,SF,147,105,0,0,0,0,0,0,0,0,0,0,0,0,0,0,0,0,1,1,0.0,0.0,0.0,0.0,1.0,0.0,0.0,255,1,0.0,0.65,0.95,0.0,0.0,0.0,0.0,0.0,0
0,udp,domain_u,SF,29,29,0,0,0,0,0,0,0,0,0,0,0,0,0,0,0,0,1,3,0.0,0.0,0.0,0.0,1.0,0.0,1.0,4,3,0.75,0.5,0.25,0.0,0.0,0.0,0.0,0.0,0
1,tcp,smtp,SF,659,326,0,0,0,0,0,1,0,0,0,0,0,0,0,0,0,0,1,4,0.0,0.0,0.0,0.0,1.0,0.0,1.0,197,174,0.6,0.03,0.01,0.01,0.01,0.01,0.0,0.0,0
0,tcp,http,SF,297,1645,0,0,0,0,0,1,0,0,0,0,0,0,0,0,0,0,1,1,0.0,0.0,0.0,0.0,1.0,0.0,0.0,255,255,1.0,0.0,0.0,0.0,0.0,0.0,0.0,0.0,0
0,tcp,http,SF,205,3254,0,0,0,0,0,1,0,0,0,0,0,0,0,0,0,0,9,12,0.0,0.0,0.0,0.0,1.0,0.0,0.17,57,255,1.0,0.0,0.02,0.03,0.02,0.01,0.0,0.0,0
0,udp,domain_u,SF,42,42,0,0,0,0,0,0,0,0,0,0,0,0,0,0,0,0,14,23,0.0,0.0,0.0,0.0,1.0,0.0,0.13,255,250,0.98,0.01,0.0,0.0,0.0,0.0,0.0,0.0,0
2,tcp,smtp,SF,3286,332,0,0,0,0,0,1,0,0,0,0,0,0,0,0,0,0,1,1,0.0,0.0,0.0,0.0,1.0,0.0,0.0,235,103,0.42,0.03,0.0,0.02,0.0,0.0,0.0,0.0,0
0,tcp,ftp_data,SF,14052,0,0,0,0,0,0,1,0,0,0,0,0,0,0,0,0,0,2,2,0.0,0.0,0.0,0.0,1.0,0.0,0.0,255,81,0.32,0.02,0.32,0.0,0.0,0.0,0.03,0.0,0
0,tcp,http,SF,342,9542,0,0,0,0,0,1,0,0,0,0,0,0,0,0,0,0,1,4,0.0,0.0,0.0,0.0,1.0,0.0,0.5,24,255,1.0,0.0,0.04,0.04,0.0,0.0,0.0,0.0,0
0,tcp,smtp,RSTO,0,0,0,0,0,0,0,0,0,0,0,0,0,0,0,0,0,0,1,1,0.0,0.0,1.0,1.0,1.0,0.0,0.0,255,5,0.02,0.01,0.0,0.0,0.0,0.0,0.0,0.2,0
0,tcp,http,SF,292,269,0,0,0,0,0,1,0,0,0,0,0,0,0,0,0,0,17,19,0.0,0.0,0.0,0.0,1.0,0.0,0.16,255,255,1.0,0.0,0.0,0.0,0.0,0.0,0.0,0.0,0
0,tcp,ftp_data,SF,172,0,0,0,0,0,0,0,0,0,0,0,0,0,0,0,0,0,9,9,0.0,0.0,0.0,0.0,1.0,0.0,0.0,191,66,0.35,0.03,0.35,0.0,0.0,0.0,0.0,0.0,0
0,udp,domain_u,SF,46,82,0,0,0,0,0,0,0,0,0,0,0,0,0,0,0,0,184,185,0.0,0.0,0.0,0.0,0.99,0.01,0.01,255,242,0.95,0.01,0.0,0.0,0.0,0.0,0.0,0.0,0
93,tcp,smtp,SF,1357,330,0,0,0,0,0,1,0,0,0,0,0,0,0,0,0,0,1,1,0.0,0.0,0.0,0.0,1.0,0.0,0.0,146,86,0.36,0.49,0.01,0.02,0.0,0.0,0.46,0.01,0
0,tcp,http,SF,320,392,0,0,0,0,0,1,0,0,0,0,0,0,0,0,0,0,4,5,0.0,0.0,0.0,0.0,1.0,0.0,0.4,255,255,1.0,0.0,0.0,0.0,0.0,0.0,0.0,0.0,0
0,tcp,ftp_data,SF,59,0,0,0,0,0,0,1,0,0,0,0,0,0,0,0,0,0,13,13,0.0,0.0,0.0,0.0,1.0,0.0,0.0,255,107,0.42,0.02,0.42,0.0,0.0,0.0,0.0,0.0,0
0,tcp,finger,SF,9,223,0,0,0,0,0,0,0,0,0,0,0,0,0,0,0,0,1,1,0.0,0.0,0.0,0.0,1.0,0.0,0.0,130,11,0.08,0.02,0.01,0.0,0.0,0.0,0.0,0.0,0
0,tcp,ftp_data,SF,334,0,0,0,0,0,0,1,0,0,0,0,0,0,0,0,0,0,1,1,0.0,0.0,0.0,0.0,1.0,0.0,0.0,12,24,1.0,0.0,1.0,0.17,0.0,0.0,0.0,0.0,1
0,tcp,http,REJ,0,0,0,0,0,0,0,0,0,0,0,0,0,0,0,0,0,0,11,11,0.0,0.0,0.73,0.73,1.0,0.0,0.0,44,130,1.0,0.0,0.02,0.15,0.0,0.01,0.93,0.87,0
0,tcp,http,SF,175,4437,0,0,0,0,0,1,0,0,0,0,0,0,0,0,0,0,31,32,0.0,0.0,0.0,0.0,1.0,0.0,0.06,175,255,1.0,0.0,0.01,0.02,0.0,0.0,0.0,0.0,0
0,tcp,http,REJ,0,0,0,0,0,0,0,0,0,0,0,0,0,0,0,0,0,0,1,1,0.0,0.0,1.0,1.0,1.0,0.0,0.0,8,255,1.0,0.0,0.12,0.22,0.0,0.0,1.0,0.94,0
0,tcp,http,SF,299,2662,0,0,0,0,0,1,0,0,0,0,0,0,0,0,0,0,4,4,0.0,0.0,0.0,0.0,1.0,0.0,0.0,255,255,1.0,0.0,0.0,0.0,0.0,0.0,0.0,0.0,0
0,tcp,http,SF,215,940,0,0,0,0,0,1,0,0,0,0,0,0,0,0,0,0,13,16,0.0,0.0,0.0,0.0,1.0,0.0,0.12,255,255,1.0,0.0,0.0,0.0,0.0,0.0,0.0,0.0,0
0,tcp,http,SF,284,9418,0,0,0,0,0,1,0,0,0,0,0,0,0,0,0,0,11,11,0.0,0.0,0.0,0.0,1.0,0.0,0.0,199,255,1.0,0.0,0.01,0.01,0.0,0.0,0.0,0.0,0
1,tcp,smtp,SF,668,334,0,0,0,0,0,1,0,0,0,0,0,0,0,0,0,0,1,2,0.0,0.0,0.0,0.0,1.0,0.0,1.0,165,96,0.58,0.07,0.01,0.0,0.01,0.01,0.0,0.0,0
0,tcp,http,SF,305,2239,0,0,0,0,0,1,0,0,0,0,0,0,0,0,0,0,5,5,0.0,0.0,0.0,0.0,1.0,0.0,0.0,255,255,1.0,0.0,0.0,0.0,0.0,0.0,0.0,0.0,0
0,tcp,http,SF,154,10873,0,0,0,0,0,1,0,0,0,0,0,0,0,0,0,0,4,4,0.0,0.0,0.0,0.0,1.0,0.0,0.0,255,255,1.0,0.0,0.0,0.0,0.0,0.0,0.0,0.0,0
0,tcp,http,SF,147,4843,0,0,0,0,0,1,0,0,0,0,0,0,0,0,0,0,1,3,0.0,0.33,0.0,0.0,1.0,0.0,0.67,23,255,1.0,0.0,0.04,0.04,0.0,0.0,0.0,0.0,0
0,tcp,ftp,SF,1250,2451,0,0,0,28,0,1,0,0,0,0,0,0,0,0,0,1,1,1,0.0,0.0,0.0,0.0,1.0,0.0,0.0,237,65,0.27,0.02,0.0,0.0,0.0,0.0,0.01,0.0,1
0,tcp,http,SF,319,547,0,0,0,0,0,1,0,0,0,0,0,0,0,0,0,0,12,17,0.0,0.0,0.0,0.0,1.0,0.0,0.24,12,255,1.0,0.0,0.08,0.03,0.0,0.0,0.0,0.0,0
0,tcp,http,SF,325,2358,0,0,0,0,0,1,0,0,0,0,0,0,0,0,0,0,26,27,0.0,0.0,0.0,0.0,1.0,0.0,0.07,74,255,1.0,0.0,0.01,0.03,0.0,0.0,0.0,0.0,0
0,tcp,smtp,SF,779,326,0,0,0,0,0,1,0,0,0,0,0,0,0,0,0,0,1,2,0.0,0.0,0.0,0.0,1.0,0.0,1.0,34,184,0.79,0.09,0.03,0.03,0.0,0.0,0.0,0.0,0
0,tcp,smtp,SF,781,337,0,0,0,0,0,1,0,0,0,0,0,0,0,0,0,0,1,1,0.0,0.0,0.0,0.0,1.0,0.0,0.0,60,148,0.8,0.05,0.02,0.01,0.0,0.0,0.0,0.0,0
0,tcp,smtp,SF,742,333,0,0,0,0,0,1,0,0,0,0,0,0,0,0,0,0,2,2,0.0,0.0,0.0,0.0,1.0,0.0,0.0,255,172,0.67,0.02,0.0,0.0,0.0,0.0,0.0,0.0,0
0,tcp,http,SF,217,1497,0,0,0,0,0,1,0,0,0,0,0,0,0,0,0,0,1,1,0.0,0.0,0.0,0.0,1.0,0.0,0.0,3,255,1.0,0.0,0.33,0.03,0.0,0.0,0.0,0.0,0
1,tcp,ftp,SF,1276,2451,0,0,0,28,0,1,0,0,0,0,0,0,0,0,0,1,1,1,0.0,0.0,0.0,0.0,1.0,0.0,0.0,255,132,0.52,0.02,0.0,0.0,0.0,0.0,0.0,0.0,1
0,tcp,other,SF,15876,0,0,0,0,0,0,1,0,0,0,0,0,0,0,0,0,0,12,1,0.08,0.0,0.0,0.0,0.08,0.17,0.0,171,1,0.01,0.03,0.19,0.0,0.01,0.0,0.0,0.0,0
1,tcp,ftp,SF,1235,2451,0,0,0,28,0,1,0,0,0,0,0,0,0,0,0,1,1,1,0.0,0.0,0.0,0.0,1.0,0.0,0.0,255,49,0.19,0.02,0.0,0.0,0.03,0.0,0.0,0.0,1
0,udp,domain_u,SF,33,0,0,0,0,0,0,0,0,0,0,0,0,0,0,0,0,0,1,2,0.0,0.0,0.0,0.0,1.0,0.0,1.0,59,4,0.07,0.1,0.07,0.0,0.0,0.0,0.0,0.0,0
0,tcp,http,SF,219,4680,0,0,0,0,0,1,0,0,0,0,0,0,0,0,0,0,2,2,0.0,0.0,0.0,0.0,1.0,0.0,0.0,2,255,1.0,0.0,0.5,0.04,0.0,0.0,0.0,0.0,0
0,tcp,http,SF,226,4306,0,0,0,0,0,1,0,0,0,0,0,0,0,0,0,0,7,7,0.0,0.0,0.0,0.0,1.0,0.0,0.0,7,255,1.0,0.0,0.14,0.03,0.0,0.0,0.0,0.0,0
1,tcp,smtp,SF,996,338,0,0,0,0,0,1,0,0,0,0,0,0,0,0,0,0,1,1,0.0,0.0,0.0,0.0,1.0,0.0,0.0,134,164,0.76,0.03,0.01,0.02,0.0,0.0,0.0,0.0,0
0,tcp,ftp_data,SF,334,0,0,0,0,0,0,1,0,0,0,0,0,0,0,0,0,0,1,1,0.0,0.0,0.0,0.0,1.0,0.0,0.0,7,21,1.0,0.0,1.0,0.14,0.0,0.0,0.0,0.0,1
795,udp,domain_u,SF,24,30,0,0,0,0,0,0,0,0,0,0,0,0,0,0,0,0,1,1,0.0,0.0,0.0,0.0,1.0,0.0,0.0,255,230,0.9,0.01,0.14,0.0,0.0,0.0,0.0,0.0,0
0,udp,private,SF,105,147,0,0,0,0,0,0,0,0,0,0,0,0,0,0,0,0,1,1,0.0,0.0,0.0,0.0,1.0,0.0,0.0,71,70,0.99,0.03,0.01,0.0,0.0,0.0,0.0,0.0,0
0,tcp,http,SF,271,677,0,0,0,0,0,1,0,0,0,0,0,0,0,0,0,0,11,15,0.0,0.0,0.0,0.0,1.0,0.0,0.13,45,255,1.0,0.0,0.02,0.03,0.0,0.0,0.0,0.0,0
0,tcp,ftp_data,SF,334,0,0,0,0,0,0,1,0,0,0,0,0,0,0,0,0,0,2,2,0.0,0.0,0.0,0.0,1.0,0.0,0.0,6,40,1.0,0.0,1.0,0.05,0.0,0.0,0.0,0.0,1
0,tcp,http,SF,231,6322,0,0,0,0,0,1,0,0,0,0,0,0,0,0,0,0,6,6,0.0,0.0,0.0,0.0,1.0,0.0,0.0,11,255,1.0,0.0,0.09,0.04,0.0,0.0,0.0,0.0,0
0,tcp,ftp_data,SF,334,0,0,0,0,0,0,1,0,0,0,0,0,0,0,0,0,0,2,2,0.0,0.0,0.0,0.0,1.0,0.0,0.0,2,13,1.0,0.0,1.0,0.15,0.0,0.0,0.0,0.0,1
1,tcp,smtp,SF,1206,336,0,0,0,0,0,1,0,0,0,0,1,0,0,0,0,0,1,2,0.0,0.0,0.0,0.0,1.0,0.0,1.0,196,80,0.38,0.03,0.01,0.03,0.01,0.01,0.0,0.0,0
5036,tcp,ftp_data,SF,5133876,0,0,0,0,2,0,1,0,0,0,0,0,0,0,0,0,0,1,1,0.0,0.0,0.0,0.0,1.0,0.0,0.0,11,43,0.91,0.18,1.0,0.12,0.0,0.0,0.0,0.0,1
0,tcp,smtp,SF,1382,334,0,0,0,0,0,1,0,0,0,0,0,0,0,0,0,0,1,1,0.0,0.0,0.0,0.0,1.0,0.0,0.0,54,17,0.31,0.06,0.02,0.0,0.0,0.0,0.0,0.0,0
0,tcp,http,SF,279,2708,0,0,0,0,0,1,0,0,0,0,0,0,0,0,0,0,5,5,0.0,0.0,0.0,0.0,1.0,0.0,0.0,24,255,1.0,0.0,0.04,0.02,0.0,0.0,0.0,0.0,0
0,tcp,ftp_data,SF,334,0,0,0,0,0,0,1,0,0,0,0,0,0,0,0,0,0,2,2,0.0,0.0,0.0,0.0,1.0,0.0,0.0,9,46,1.0,0.0,1.0,0.07,0.0,0.02,0.0,0.0,1
0,udp,domain_u,SF,46,131,0,0,0,0,0,0,0,0,0,0,0,0,0,0,0,0,74,152,0.0,0.0,0.0,0.0,1.0,0.0,0.01,252,168,0.67,0.01,0.0,0.0,0.0,0.0,0.0,0.0,0
0,tcp,http,SF,237,10146,0,0,0,0,0,1,0,0,0,0,0,0,0,0,0,0,3,3,0.0,0.0,0.0,0.0,1.0,0.0,0.0,29,255,1.0,0.0,0.03,0.06,0.0,0.01,0.0,0.0,0
0,tcp,http,SF,223,3270,0,0,0,0,0,1,0,0,0,0,0,0,0,0,0,0,2,2,0.0,0.0,0.0,0.0,1.0,0.0,0.0,2,33,1.0,0.0,0.5,0.06,0.0,0.0,0.0,0.0,0
0,udp,domain_u,SF,43,127,0,0,0,0,0,0,0,0,0,0,0,0,0,0,0,0,297,297,0.0,0.0,0.0,0.0,1.0,0.0,0.0,255,251,0.98,0.01,0.0,0.0,0.0,0.0,0.0,0.0,0
0,tcp,ftp_data,SF,334,0,0,0,0,0,0,1,0,0,0,0,0,0,0,0,0,0,2,2,0.0,0.0,0.0,0.0,1.0,0.0,0.0,4,26,1.0,0.0,1.0,0.08,0.0,0.0,0.0,0.0,1
0,tcp,http,RSTO,0,0,0,0,0,0,0,1,0,0,0,0,0,0,0,0,0,0,3,3,0.0,0.0,0.33,0.33,1.0,0.0,0.0,255,255,1.0,0.0,0.01,0.0,0.0,0.0,0.0,0.0,0
0,tcp,http,SF,325,7812,0,0,0,0,0,1,0,0,0,0,0,0,0,0,0,0,19,19,0.0,0.0,0.0,0.0,1.0,0.0,0.0,44,255,1.0,0.0,0.02,0.14,0.0,0.0,0.57,0.93,0
0,tcp,ftp_data,SF,334,0,0,0,0,0,0,1,0,0,0,0,0,0,0,0,0,0,2,2,0.0,0.0,0.0,0.0,1.0,0.0,0.0,7,46,1.0,0.0,1.0,0.04,0.0,0.02,0.0,0.0,1
0,tcp,http,SF,260,184,0,0,0,0,0,1,0,0,0,0,0,0,0,0,0,0,1,17,0.0,0.0,0.0,0.0,1.0,0.0,0.18,255,255,1.0,0.0,0.0,0.0,0.0,0.0,0.0,0.0,0
0,tcp,http,SF,299,2209,0,0,0,0,0,1,0,0,0,0,0,0,0,0,0,0,37,37,0.0,0.0,0.0,0.0,1.0,0.0,0.0,37,255,1.0,0.0,0.03,0.04,0.0,0.0,0.0,0.0,0
0,tcp,http,SF,326,3853,0,0,0,0,0,1,0,0,0,0,0,0,0,0,0,0,19,19,0.05,0.05,0.0,0.0,1.0,0.0,0.0,39,255,1.0,0.0,0.03,0.07,0.03,0.01,0.0,0.0,0
0,tcp,http,SF,306,710,0,0,0,0,0,1,0,0,0,0,0,0,0,0,0,0,9,33,0.0,0.0,0.0,0.0,1.0,0.0,0.06,107,255,1.0,0.0,0.01,0.05,0.0,0.0,0.0,0.0,0
0,tcp,ftp_data,SF,334,0,0,0,0,0,0,1,0,0,0,0,0,0,0,0,0,0,1,1,0.0,0.0,0.0,0.0,1.0,0.0,0.0,3,41,1.0,0.0,1.0,0.15,0.0,0.0,0.0,0.0,1
0,tcp,http,REJ,0,0,0,0,0,0,0,0,0,0,0,0,0,0,0,0,0,0,1,1,0.0,0.0,1.0,1.0,1.0,0.0,0.0,49,251,1.0,0.0,0.02,0.16,0.0,0.0,1.0,1.0,0
0,tcp,smtp,SF,1048,332,0,0,0,0,0,1,0,0,0,0,0,0,0,0,0,0,1,1,0.0,0.0,0.0,0.0,1.0,0.0,0.0,70,177,0.74,0.09,0.01,0.01,0.0,0.01,0.0,0.0,0
0,tcp,http,SF,239,613,0,0,0,0,0,1,0,0,0,0,0,0,0,0,0,0,21,21,0.0,0.0,0.0,0.0,1.0,0.0,0.0,255,255,1.0,0.0,0.0,0.0,0.0,0.0,0.0,0.0,0
0,tcp,ftp_data,SF,334,0,0,0,0,0,0,1,0,0,0,0,0,0,0,0,0,0,1,1,0.0,0.0,0.0,0.0,1.0,0.0,0.0,15,49,1.0,0.0,1.0,0.14,0.0,0.0,0.0,0.0,1
0,tcp,http,SF,218,1630,0,0,0,0,0,1,0,0,0,0,0,0,0,0,0,0,13,31,0.0,0.0,0.0,0.0,1.0,0.0,0.06,13,255,1.0,0.0,0.08,0.05,0.0,0.0,0.0,0.0,0
0,udp,domain_u,SF,44,125,0,0,0,0,0,0,0,0,0,0,0,0,0,0,0,0,145,227,0.0,0.0,0.0,0.0,1.0,0.0,0.02,255,254,1.0,0.01,0.0,0.0,0.0,0.0,0.0,0.0,0
0,udp,domain_u,SF,44,78,0,0,0,0,0,0,0,0,0,0,0,0,0,0,0,0,156,156,0.0,0.0,0.0,0.0,0.99,0.01,0.01,255,255,1.0,0.0,0.0,0.0,0.0,0.0,0.0,0.0,0
0,tcp,ftp_data,SF,334,0,0,0,0,0,0,1,0,0,0,0,0,0,0,0,0,0,2,2,0.0,0.0,0.0,0.0,1.0,0.0,0.0,11,19,1.0,0.0,1.0,0.11,0.0,0.0,0.0,0.0,1
0,udp,domain_u,SF,44,128,0,0,0,0,0,0,0,0,0,0,0,0,0,0,0,0,71,151,0.0,0.0,0.0,0.0,1.0,0.0,0.01,255,254,1.0,0.01,0.0,0.0,0.0,0.0,0.0,0.0,0
0,udp,domain_u,SF,46,128,0,0,0,0,0,0,0,0,0,0,0,0,0,0,0,0,216,293,0.0,0.0,0.0,0.0,1.0,0.01,0.01,218,179,0.82,0.01,0.0,0.0,0.0,0.0,0.0,0.0,0
0,tcp,http,SF,200,4763,0,0,0,0,0,1,0,0,0,0,0,0,0,0,0,0,31,31,0.0,0.0,0.0,0.0,1.0,0.0,0.0,90,255,1.0,0.0,0.01,0.03,0.0,0.0,0.0,0.0,0
0,tcp,http,SF,320,2807,0,0,0,0,0,1,0,0,0,0,0,0,0,0,0,0,11,11,0.0,0.0,0.0,0.0,1.0,0.0,0.0,255,255,1.0,0.0,0.0,0.0,0.0,0.0,0.0,0.0,0
0,tcp,ftp_data,SF,740,0,0,0,0,0,0,0,0,0,0,0,0,0,0,0,0,0,2,2,0.0,0.0,0.0,0.0,1.0,0.0,0.0,2,26,1.0,0.0,1.0,0.08,0.0,0.0,0.0,0.0,0
0,tcp,smtp,SF,703,328,0,0,0,0,0,1,0,0,0,0,0,0,0,0,0,0,1,1,0.0,0.0,0.0,0.0,1.0,0.0,0.0,255,19,0.07,0.54,0.0,0.0,0.0,0.0,0.0,0.0,0
0,tcp,http,SF,364,6045,0,0,0,0,0,1,0,0,0,0,0,0,0,0,0,0,7,7,0.0,0.0,0.0,0.0,1.0,0.0,0.0,255,255,1.0,0.0,0.0,0.0,0.0,0.0,0.0,0.0,0
0,tcp,ftp_data,SF,740,0,0,0,0,0,0,0,0,0,0,0,0,0,0,0,0,0,1,1,0.0,0.0,0.0,0.0,1.0,0.0,0.0,1,1,1.0,0.0,1.0,0.0,0.0,0.0,0.0,0.0,0
0,tcp,http,REJ,0,0,0,0,0,0,0,0,0,0,0,0,0,0,0,0,0,0,1,1,0.0,0.0,1.0,1.0,1.0,0.0,0.0,50,255,1.0,0.0,0.02,0.12,0.0,0.0,0.56,0.73,0
0,tcp,http,SF,319,2835,0,0,0,0,0,1,0,0,0,0,0,0,0,0,0,0,24,24,0.0,0.0,0.0,0.0,1.0,0.0,0.0,255,255,1.0,0.0,0.0,0.0,0.0,0.0,0.0,0.0,0
0,tcp,http,SF,209,957,0,0,0,0,0,1,0,0,0,0,0,0,0,0,0,0,3,4,0.0,0.0,0.0,0.0,1.0,0.0,0.5,42,255,1.0,0.0,0.02,0.03,0.0,0.0,0.0,0.0,0
0,tcp,http,SF,245,259,0,0,0,0,0,1,0,0,0,0,0,0,0,0,0,0,1,1,0.0,0.0,0.0,0.0,1.0,0.0,0.0,32,255,1.0,0.0,0.03,0.02,0.0,0.0,0.0,0.0,0
0,tcp,http,SF,324,1875,0,0,0,0,0,1,0,0,0,0,0,0,0,0,0,0,2,2,0.0,0.0,0.0,0.0,1.0,0.0,0.0,123,255,1.0,0.0,0.01,0.03,0.0,0.0,0.0,0.0,0
0,tcp,http,SF,350,603,0,0,0,0,0,1,0,0,0,0,0,0,0,0,0,0,12,13,0.0,0.0,0.0,0.0,1.0,0.0,0.15,181,255,1.0,0.0,0.01,0.01,0.0,0.0,0.0,0.0,0
0,tcp,http,SF,244,1610,0,0,0,0,0,1,0,0,0,0,0,0,0,0,0,0,8,8,0.0,0.0,0.0,0.0,1.0,0.0,0.0,255,255,1.0,0.0,0.0,0.0,0.0,0.0,0.0,0.0,0
0,tcp,smtp,SF,2921,391,0,0,0,0,0,1,0,0,0,0,0,0,0,0,0,0,1,1,0.0,0.0,0.0,0.0,1.0,0.0,0.0,255,43,0.17,0.08,0.0,0.0,0.69,0.0,0.01,0.0,0
1,tcp,ftp,SF,1215,2449,0,0,0,28,0,1,0,0,0,0,0,0,0,0,0,1,1,1,0.0,0.0,0.0,0.0,1.0,0.0,0.0,255,115,0.45,0.02,0.0,0.0,0.0,0.0,0.0,0.0,1
0,tcp,http,SF,235,3920,0,0,0,0,0,1,0,0,0,0,0,0,0,0,0,0,11,11,0.0,0.0,0.0,0.0,1.0,0.0,0.0,11,255,1.0,0.0,0.09,0.07,0.0,0.0,0.0,0.0,0
1,tcp,ftp,SF,1212,2447,0,0,0,28,0,1,0,0,0,0,0,0,0,0,0,1,1,1,0.0,0.0,0.0,0.0,1.0,0.0,0.0,255,101,0.4,0.02,0.0,0.0,0.0,0.0,0.01,0.0,1
28,udp,domain_u,SF,44,44,0,0,0,0,0,0,0,0,0,0,0,0,0,0,0,0,5,5,0.0,0.0,0.0,0.0,0.2,0.4,0.4,21,20,0.95,0.1,0.05,0.0,0.0,0.0,0.0,0.0,0
0,tcp,http,REJ,0,0,0,0,0,0,0,0,0,0,0,0,0,0,0,0,0,0,1,1,0.0,0.0,1.0,1.0,1.0,0.0,0.0,11,73,1.0,0.0,0.09,0.08,0.0,0.0,1.0,0.99,0
0,tcp,ftp_data,SF,334,0,0,0,0,0,0,1,0,0,0,0,0,0,0,0,0,0,1,1,0.0,0.0,0.0,0.0,1.0,0.0,0.0,1,43,1.0,0.0,1.0,0.16,0.0,0.0,0.0,0.0,1
1,tcp,ftp,SF,1197,2449,0,0,0,28,0,1,0,0,0,0,0,0,0,0,0,1,1,1,0.0,0.0,0.0,0.0,1.0,0.0,0.0,255,124,0.49,0.02,0.0,0.0,0.0,0.0,0.01,0.0,1
0,udp,private,SF,105,0,0,0,0,0,0,0,0,0,0,0,0,0,0,0,0,0,1,1,0.0,0.0,0.0,0.0,1.0,0.0,0.0,255,134,0.53,0.01,0.0,0.0,0.0,0.0,0.0,0.0,0
0,tcp,http,SF,334,1048,0,0,0,0,0,1,0,0,0,0,0,0,0,0,0,0,17,17,0.0,0.0,0.0,0.0,1.0,0.0,0.0,255,255,1.0,0.0,0.0,0.0,0.0,0.0,0.0,0.0,0
0,tcp,http,SF,221,2714,0,0,0,0,0,1,0,0,0,0,0,0,0,0,0,0,7,7,0.0,0.0,0.0,0.0,1.0,0.0,0.0,255,255,1.0,0.0,0.0,0.0,0.0,0.0,0.0,0.0,0
0,tcp,http,SF,259,295,0,0,0,0,0,1,0,0,0,0,0,0,0,0,0,0,11,11,0.0,0.0,0.0,0.0,1.0,0.0,0.0,11,255,1.0,0.0,0.09,0.06,0.0,0.0,0.0,0.0,0
1,tcp,smtp,SF,941,327,0,0,0,0,0,1,0,0,0,0,0,0,0,0,0,0,3,3,0.33,0.33,0.0,0.0,1.0,0.0,0.0,91,136,0.48,0.07,0.01,0.01,0.03,0.02,0.0,0.0,0
0,tcp,http,REJ,0,0,0,0,0,0,0,0,0,0,0,0,0,0,0,0,0,0,1,1,0.0,0.0,1.0,1.0,1.0,0.0,0.0,1,255,1.0,0.0,1.0,0.03,0.0,0.0,1.0,0.01,0
0,udp,ntp_u,SF,48,48,0,0,0,0,0,0,0,0,0,0,0,0,0,0,0,0,1,1,0.0,0.0,0.0,0.0,1.0,0.0,0.0,28,22,0.79,0.11,0.79,0.0,0.0,0.0,0.0,0.0,0
0,tcp,http,SF,368,5939,0,0,0,0,0,1,0,0,0,0,0,0,0,0,0,0,15,18,0.0,0.0,0.07,0.06,1.0,0.0,0.17,136,148,1.0,0.0,0.01,0.03,0.01,0.01,0.01,0.01,0
0,tcp,ftp_data,SF,246,0,0,0,0,0,0,1,0,0,0,0,0,0,0,0,0,0,1,1,0.0,0.0,0.0,0.0,1.0,0.0,0.0,1,28,1.0,0.0,1.0,0.14,0.0,0.0,0.0,0.0,1
0,tcp,http,REJ,0,0,0,0,0,0,0,0,0,0,0,0,0,0,0,0,0,0,1,1,0.0,0.0,1.0,1.0,1.0,0.0,0.0,1,255,1.0,0.0,1.0,0.22,0.0,0.0,1.0,0.92,0
0,tcp,smtp,SF,1358,329,0,0,0,0,0,1,0,0,0,0,0,0,0,0,0,0,1,2,0.0,0.0,0.0,0.0,1.0,0.0,1.0,41,179,0.95,0.05,0.02,0.02,0.0,0.0,0.0,0.0,0
0,udp,domain_u,SF,44,70,0,0,0,0,0,0,0,0,0,0,0,0,0,0,0,0,257,256,0.0,0.0,0.0,0.0,1.0,0.01,0.0,255,254,1.0,0.01,0.0,0.0,0.0,0.0,0.0,0.0,0
0,tcp,http,SF,311,16025,0,0,0,0,0,1,0,0,0,0,0,0,0,0,0,0,9,9,0.0,0.0,0.0,0.0,1.0,0.0,0.0,255,255,1.0,0.0,0.0,0.0,0.0,0.0,0.0,0.0,0
0,tcp,http,SF,267,322,0,0,0,0,0,1,0,0,0,0,0,0,0,0,0,0,1,1,0.0,0.0,0.0,0.0,1.0,0.0,0.0,31,255,1.0,0.0,0.03,0.01,0.0,0.0,0.0,0.0,0
1,tcp,ftp,SF,1232,2451,0,0,0,28,0,1,0,0,0,0,0,0,0,0,0,1,1,1,0.0,0.0,0.0,0.0,1.0,0.0,0.0,118,16,0.14,0.05,0.01,0.0,0.02,0.0,0.07,0.0,1
0,tcp,http,SF,271,2285,0,0,0,0,0,1,0,0,0,0,0,0,0,0,0,0,14,15,0.0,0.0,0.0,0.0,1.0,0.0,0.13,255,255,1.0,0.0,0.0,0.0,0.0,0.0,0.0,0.0,0
0,tcp,http,SF,306,309,0,0,0,0,0,1,0,0,0,0,0,0,0,0,0,0,6,6,0.0,0.0,0.0,0.0,1.0,0.0,0.0,159,255,1.0,0.0,0.01,0.01,0.0,0.0,0.0,0.0,0
0,tcp,http,SF,175,6093,0,0,0,0,0,1,0,0,0,0,0,0,0,0,0,0,1,14,0.0,0.0,0.0,0.0,1.0,0.0,0.21,10,255,1.0,0.0,0.1,0.01,0.0,0.0,0.0,0.0,0
0,tcp,smtp,SF,1258,327,0,0,0,0,0,1,0,0,0,0,0,0,0,0,0,0,1,1,0.0,0.0,0.0,0.0,1.0,0.0,0.0,3,161,1.0,0.0,0.33,0.02,0.0,0.0,0.0,0.0,0
0,tcp,ftp_data,SF,37,0,0,0,0,0,0,1,0,0,0,0,0,0,0,0,0,0,2,2,0.5,0.5,0.0,0.0,1.0,0.0,0.0,25,78,0.32,0.08,0.32,0.04,0.04,0.01,0.0,0.0,0
0,tcp,ftp_data,SF,1199,0,0,0,0,0,0,1,0,0,0,0,0,0,0,0,0,0,2,2,0.0,0.0,0.0,0.0,1.0,0.0,0.0,17,45,0.47,0.18,0.47,0.04,0.06,0.0,0.0,0.0,0
0,tcp,http,REJ,0,0,0,0,0,0,0,0,0,0,0,0,0,0,0,0,0,0,1,1,0.0,0.0,1.0,1.0,1.0,0.0,0.0,3,22,1.0,0.0,0.33,0.09,0.0,0.09,1.0,0.18,0
0,tcp,http,S1,336,0,0,0,0,0,0,1,0,0,0,0,0,0,0,0,0,0,5,5,0.4,0.4,0.0,0.0,1.0,0.0,0.0,137,255,1.0,0.0,0.01,0.04,0.01,0.01,0.12,0.08,0
0,tcp,ftp_data,SF,334,0,0,0,0,0,0,1,0,0,0,0,0,0,0,0,0,0,2,2,0.0,0.0,0.0,0.0,1.0,0.0,0.0,2,8,1.0,0.0,1.0,0.38,0.0,0.0,0.0,0.0,1
0,tcp,http,REJ,0,0,0,0,0,0,0,0,0,0,0,0,0,0,0,0,0,0,1,2,0.0,0.0,1.0,1.0,1.0,0.0,1.0,8,255,1.0,0.0,0.12,0.08,0.0,0.0,1.0,1.0,0
0,tcp,http,SF,301,310,0,0,0,0,0,1,0,0,0,0,0,0,0,0,0,0,2,2,0.0,0.0,0.0,0.0,1.0,0.0,0.0,64,255,1.0,0.0,0.02,0.02,0.0,0.0,0.0,0.0,0
0,udp,domain_u,SF,45,45,0,0,0,0,0,0,0,0,0,0,0,0,0,0,0,0,144,146,0.0,0.0,0.0,0.0,1.0,0.0,0.02,255,195,0.76,0.01,0.01,0.0,0.0,0.0,0.0,0.0,0
0,tcp,http,SF,350,1425,0,0,0,0,0,1,0,0,0,0,0,0,0,0,0,0,2,16,0.0,0.0,0.0,0.0,1.0,0.0,0.12,255,255,1.0,0.0,0.0,0.0,0.0,0.0,0.0,0.0,0
0,tcp,http,SF,203,385,0,0,0,0,0,1,0,0,0,0,0,0,0,0,0,0,8,8,0.0,0.0,0.0,0.0,1.0,0.0,0.0,174,255,1.0,0.0,0.01,0.02,0.0,0.0,0.0,0.0,0
1,tcp,ftp_data,SF,0,988002,0,0,0,0,0,0,0,0,0,0,0,0,0,0,0,0,1,2,0.0,0.0,0.0,0.0,1.0,0.0,1.0,3,3,1.0,0.0,1.0,0.0,0.0,0.0,0.0,0.0,1
0,udp,domain_u,SF,44,134,0,0,0,0,0,0,0,0,0,0,0,0,0,0,0,0,200,200,0.0,0.0,0.0,0.0,1.0,0.0,0.0,125,86,0.69,0.02,0.01,0.0,0.0,0.0,0.0,0.0,0
0,tcp,http,SF,341,1547,0,0,0,0,0,1,0,0,0,0,0,0,0,0,0,0,24,24,0.0,0.0,0.0,0.0,1.0,0.0,0.0,27,255,1.0,0.0,0.04,0.02,0.0,0.0,0.0,0.0,0
4,tcp,ftp_data,SF,832,0,0,0,0,0,0,1,0,0,0,0,0,0,0,0,0,0,1,1,0.0,0.0,0.0,0.0,1.0,0.0,0.0,4,37,1.0,0.0,1.0,0.14,0.0,0.0,0.0,0.0,1
0,tcp,http,SF,336,3820,0,0,0,0,0,1,0,0,0,0,0,0,0,0,0,0,15,18,0.0,0.0,0.0,0.0,1.0,0.0,0.11,59,255,1.0,0.0,0.02,0.01,0.0,0.0,0.0,0.01,0
0,tcp,http,SF,323,278,0,0,0,0,0,1,0,0,0,0,0,0,0,0,0,0,16,22,0.0,0.0,0.0,0.0,1.0,0.0,0.27,255,255,1.0,0.0,0.0,0.0,0.0,0.0,0.0,0.0,0
0,udp,domain_u,SF,47,100,0,0,0,0,0,0,0,0,0,0,0,0,0,0,0,0,7,7,0.0,0.0,0.0,0.0,1.0,0.0,0.0,83,215,0.73,0.04,0.73,0.01,0.0,0.0,0.12,0.0,0
0,tcp,ftp_data,SF,11,0,0,0,0,0,0,1,0,0,0,0,0,0,0,0,0,0,3,2,0.0,0.0,0.0,0.0,0.67,0.67,0.0,255,8,0.03,0.06,0.03,0.0,0.85,0.0,0.01,0.0,0
0,tcp,http,REJ,0,0,0,0,0,0,0,0,0,0,0,0,0,0,0,0,0,0,1,3,0.0,0.0,1.0,1.0,1.0,0.0,1.0,3,33,1.0,0.0,0.33,0.09,0.0,0.0,1.0,1.0,0
0,tcp,http,SF,261,7718,0,0,0,0,0,1,0,0,0,0,0,0,0,0,0,0,36,36,0.0,0.0,0.0,0.0,1.0,0.0,0.0,255,255,1.0,0.0,0.0,0.0,0.0,0.0,0.0,0.0,0
0,udp,domain_u,SF,46,132,0,0,0,0,0,0,0,0,0,0,0,0,0,0,0,0,143,223,0.0,0.0,0.0,0.0,1.0,0.0,0.01,255,255,1.0,0.0,0.0,0.0,0.0,0.0,0.0,0.0,0
0,tcp,http,SF,303,746,0,0,0,0,0,1,0,0,0,0,0,0,0,0,0,0,14,14,0.0,0.0,0.0,0.0,1.0,0.0,0.0,20,255,1.0,0.0,0.05,0.03,0.0,0.0,0.0,0.0,0
0,tcp,http,SF,299,2452,0,0,0,0,0,1,0,0,0,0,0,0,0,0,0,0,9,9,0.0,0.0,0.0,0.0,1.0,0.0,0.0,9,97,1.0,0.0,0.11,0.05,0.0,0.0,0.0,0.0,0
0,tcp,http,SF,310,662,0,0,0,0,0,1,0,0,0,0,0,0,0,0,0,0,51,52,0.0,0.0,0.0,0.0,1.0,0.0,0.04,255,255,1.0,0.0,0.0,0.0,0.0,0.0,0.0,0.0,0
0,tcp,http,SF,204,12446,0,0,0,0,0,1,0,0,0,0,0,0,0,0,0,0,2,2,0.0,0.0,0.0,0.0,1.0,0.0,0.0,2,255,1.0,0.0,0.5,0.02,0.0,0.0,0.0,0.0,0
3785,udp,other,SF,145,105,0,0,0,0,0,0,0,0,0,0,0,0,0,0,0,0,3,2,0.0,0.0,0.0,0.0,0.67,0.67,0.0,19,2,0.11,0.74,0.95,0.0,0.0,0.0,0.0,0.0,0
0,udp,domain_u,SF,45,136,0,0,0,0,0,0,0,0,0,0,0,0,0,0,0,0,29,73,0.0,0.0,0.0,0.0,1.0,0.0,0.03,255,255,1.0,0.0,0.0,0.0,0.0,0.0,0.0,0.0,0
0,tcp,http,SF,337,1178,0,0,0,0,0,1,0,0,0,0,0,0,0,0,0,0,19,33,0.0,0.0,0.0,0.0,1.0,0.0,0.09,85,255,1.0,0.0,0.01,0.01,0.0,0.0,0.0,0.0,0
0,tcp,http,SF,292,2572,0,0,0,0,0,1,0,0,0,0,0,0,0,0,0,0,23,23,0.0,0.0,0.0,0.0,1.0,0.0,0.0,255,255,1.0,0.0,0.0,0.0,0.0,0.0,0.0,0.0,0
5056,tcp,ftp_data,SF,5135678,0,0,0,0,5,0,1,0,0,0,0,0,0,0,0,0,0,1,1,0.0,0.0,0.0,0.0,1.0,0.0,0.0,5,40,1.0,0.0,1.0,0.15,0.0,0.03,0.0,0.0,1
0,tcp,other,REJ,0,0,0,0,0,0,0,0,0,0,0,0,0,0,0,0,0,0,1,1,0.0,0.0,1.0,1.0,1.0,0.0,0.0,12,12,1.0,0.0,0.08,0.0,0.0,0.0,1.0,1.0,0
0,tcp,ftp_data,SF,334,0,0,0,0,0,0,1,0,0,0,0,0,0,0,0,0,0,1,1,0.0,0.0,0.0,0.0,1.0,0.0,0.0,5,31,1.0,0.0,1.0,0.16,0.0,0.0,0.0,0.0,1
0,tcp,http,SF,206,5790,0,0,0,0,0,1,0,0,0,0,0,0,0,0,0,0,5,5,0.0,0.0,0.0,0.0,1.0,0.0,0.0,255,255,1.0,0.0,0.0,0.0,0.0,0.0,0.0,0.0,0
0,tcp,http,SF,241,256,0,0,0,0,0,1,0,0,0,0,0,0,0,0,0,0,1,13,0.0,0.0,0.0,0.0,1.0,0.0,0.23,91,255,1.0,0.0,0.01,0.03,0.0,0.0,0.0,0.0,0
0,tcp,ftp_data,SF,334,0,0,0,0,0,0,1,0,0,0,0,0,0,0,0,0,0,1,1,0.0,0.0,0.0,0.0,1.0,0.0,0.0,1,49,1.0,0.0,1.0,0.1,0.0,0.0,0.0,0.0,1
0,tcp,http,SF,256,517,0,0,0,1,0,1,0,0,0,0,0,0,0,0,0,0,1,1,0.0,0.0,0.0,0.0,1.0,0.0,0.0,12,255,1.0,0.0,0.08,0.04,0.0,0.0,0.0,0.0,0
0,tcp,finger,SF,7,225,0,0,0,0,0,0,0,0,0,0,0,0,0,0,0,0,1,1,0.0,0.0,0.0,0.0,1.0,0.0,0.0,77,14,0.08,0.06,0.01,0.14,0.04,0.14,0.0,0.0,0
0,tcp,ftp_data,SF,334,0,0,0,0,0,0,1,0,0,0,0,0,0,0,0,0,0,2,2,0.0,0.0,0.0,0.0,1.0,0.0,0.0,6,28,1.0,0.0,1.0,0.07,0.0,0.0,0.0,0.0,1
0,tcp,ftp,SF,1222,2451,0,0,0,28,0,1,0,0,0,0,0,0,0,0,0,1,1,1,0.0,0.0,0.0,0.0,1.0,0.0,0.0,255,50,0.2,0.02,0.0,0.0,0.02,0.0,0.0,0.0,1
0,udp,other,SF,147,0,0,0,0,0,0,0,0,0,0,0,0,0,0,0,0,0,5,1,0.0,0.0,0.0,0.0,0.2,0.6,0.0,255,1,0.0,0.1,0.15,0.0,0.0,0.0,0.0,0.0,0
0,tcp,ftp_data,SF,748,0,0,0,0,0,0,1,0,0,0,9,0,0,0,0,0,0,1,1,0.0,0.0,0.0,0.0,1.0,0.0,0.0,75,51,0.01,0.04,0.01,0.06,0.0,0.0,0.0,0.0,0
0,tcp,http,SF,248,461,0,0,0,0,0,1,0,0,0,0,0,0,0,0,0,0,11,46,0.0,0.0,0.0,0.0,1.0,0.0,0.15,255,255,1.0,0.0,0.0,0.0,0.0,0.0,0.0,0.0,0
0,tcp,http,SF,229,934,0,0,0,0,0,1,0,0,0,0,0,0,0,0,0,0,3,3,0.0,0.0,0.0,0.0,1.0,0.0,0.0,5,255,1.0,0.0,0.2,0.05,0.0,0.01,0.0,0.0,0
0,tcp,http,S1,286,10584,0,0,0,0,0,1,0,0,0,0,0,0,0,0,0,0,1,1,1.0,1.0,0.0,0.0,1.0,0.0,0.0,1,255,1.0,0.0,1.0,0.04,1.0,0.01,0.0,0.0,0
0,tcp,http,SF,226,7364,0,0,0,0,0,1,0,0,0,0,0,0,0,0,0,0,9,47,0.0,0.0,0.0,0.0,1.0,0.0,0.17,11,255,1.0,0.0,0.09,0.04,0.0,0.0,0.0,0.0,0
0,tcp,http,SF,299,337,0,0,0,0,0,1,0,0,0,0,0,0,0,0,0,0,12,12,0.0,0.0,0.0,0.0,1.0,0.0,0.0,255,255,1.0,0.0,0.0,0.0,0.0,0.0,0.0,0.0,0
0,udp,domain_u,SF,36,0,0,0,0,0,0,0,0,0,0,0,0,0,0,0,0,0,4,4,0.0,0.0,0.0,0.0,1.0,0.0,0.0,30,79,1.0,0.0,1.0,0.03,0.0,0.0,0.0,0.0,0
0,udp,private,SF,105,145,0,0,0,0,0,0,0,0,0,0,0,0,0,0,0,0,1,1,0.0,0.0,0.0,0.0,1.0,0.0,0.0,3,3,1.0,0.0,0.33,0.0,0.0,0.0,0.0,0.0,0
0,tcp,http,SF,212,1859,0,0,0,0,0,1,0,0,0,0,0,0,0,0,0,0,14,25,0.0,0.04,0.0,0.0,1.0,0.0,0.12,32,228,1.0,0.0,0.03,0.03,0.0,0.0,0.0,0.0,0
0,tcp,http,SF,288,1469,0,0,0,0,0,1,0,0,0,0,0,0,0,0,0,0,6,7,0.0,0.0,0.0,0.0,1.0,0.0,0.29,29,255,1.0,0.0,0.03,0.03,0.0,0.0,0.0,0.0,0
0,udp,domain_u,SF,45,119,0,0,0,0,0,0,0,0,0,0,0,0,0,0,0,0,148,147,0.0,0.0,0.0,0.0,0.99,0.01,0.0,255,254,1.0,0.01,0.0,0.0,0.0,0.0,0.0,0.0,0
0,tcp,http,SF,313,25519,0,0,0,0,0,1,0,0,0,0,0,0,0,0,0,0,2,2,0.0,0.0,0.0,0.0,1.0,0.0,0.0,255,255,1.0,0.0,0.0,0.0,0.0,0.0,0.01,0.01,0
7,tcp,telnet,SF,141,1736,0,0,0,0,0,1,0,0,0,0,0,0,0,0,0,0,1,1,0.0,0.0,0.0,0.0,1.0,0.0,0.0,1,3,1.0,0.0,1.0,1.0,0.0,0.0,0.0,0.0,0
0,tcp,http,SF,306,261,0,0,0,0,0,1,0,0,0,0,0,0,0,0,0,0,3,3,0.0,0.0,0.0,0.0,1.0,0.0,0.0,255,242,0.95,0.01,0.0,0.0,0.0,0.0,0.02,0.02,0
4,tcp,smtp,SF,11234,366,0,0,0,0,0,1,0,0,0,0,0,0,0,0,0,0,1,2,0.0,0.0,0.0,0.0,1.0,0.0,1.0,31,201,1.0,0.0,0.03,0.01,0.0,0.0,0.0,0.0,0
0,tcp,ftp_data,SF,7012,0,0,0,0,0,0,1,0,0,0,0,0,0,0,0,0,0,16,17,0.0,0.06,0.0,0.0,1.0,0.0,0.12,142,40,0.28,0.04,0.28,0.0,0.0,0.0,0.0,0.0,0
0,tcp,ftp_data,SF,246,0,0,0,0,0,0,1,0,0,0,0,0,0,0,0,0,0,1,1,0.0,0.0,0.0,0.0,1.0,0.0,0.0,8,40,0.88,0.25,1.0,0.12,0.0,0.0,0.0,0.0,1
17,tcp,telnet,SF,525,15993,0,0,0,0,0,1,0,0,0,0,0,0,0,0,0,0,1,1,0.0,0.0,0.0,0.0,1.0,0.0,0.0,75,5,0.07,0.95,0.01,0.0,0.0,0.0,0.88,0.2,0
0,tcp,http,SF,167,4528,0,0,0,0,0,1,0,0,0,0,0,0,0,0,0,0,1,2,0.0,0.0,0.0,0.0,1.0,0.0,1.0,125,255,1.0,0.0,0.01,0.01,0.0,0.0,0.0,0.0,0
0,tcp,http,SF,194,10994,0,0,0,0,0,1,0,0,0,0,0,0,0,0,0,0,1,3,0.0,0.0,0.0,0.0,1.0,0.0,0.67,1,255,1.0,0.0,1.0,0.04,0.0,0.0,0.0,0.01,0
0,tcp,http,SF,212,1863,0,0,0,0,0,1,0,0,0,0,0,0,0,0,0,0,9,17,0.0,0.0,0.0,0.0,1.0,0.0,0.24,37,255,1.0,0.0,0.03,0.02,0.0,0.0,0.0,0.0,0
3447,udp,other,SF,145,105,0,0,0,0,0,0,0,0,0,0,0,0,0,0,0,0,2,2,0.0,0.0,0.0,0.0,1.0,0.0,0.0,255,2,0.01,0.59,0.95,0.0,0.0,0.0,0.0,0.0,0
0,tcp,ftp_data,SF,14189,0,0,0,0,0,0,1,0,0,0,0,0,0,0,0,0,0,3,3,0.0,0.0,0.0,0.0,1.0,0.0,0.0,45,41,0.2,0.07,0.2,0.05,0.0,0.0,0.0,0.0,0
0,tcp,http,SF,206,313,0,0,0,0,0,1,0,0,0,0,0,0,0,0,0,0,42,42,0.0,0.0,0.0,0.0,1.0,0.0,0.0,255,255,1.0,0.0,0.0,0.0,0.0,0.0,0.31,0.31,0
0,udp,domain_u,SF,43,75,0,0,0,0,0,0,0,0,0,0,0,0,0,0,0,0,297,297,0.0,0.0,0.0,0.0,1.0,0.0,0.0,255,254,1.0,0.01,0.0,0.0,0.0,0.0,0.0,0.0,0
0,tcp,http,SF,204,2531,0,0,0,0,0,1,0,0,0,0,0,0,0,0,0,0,7,10,0.0,0.0,0.0,0.0,1.0,0.0,0.2,189,189,1.0,0.0,0.01,0.0,0.0,0.0,0.0,0.0,0
0,tcp,ftp_data,SF,334,0,0,0,0,0,0,1,0,0,0,0,0,0,0,0,0,0,2,2,0.0,0.0,0.0,0.0,1.0,0.0,0.0,12,49,1.0,0.0,1.0,0.14,0.0,0.0,0.0,0.0,1
12,tcp,ftp_data,SF,7045,0,0,0,0,0,0,1,0,0,0,0,0,0,0,0,0,0,1,1,0.0,0.0,0.0,0.0,1.0,0.0,0.0,1,9,1.0,0.0,1.0,0.22,0.0,0.0,0.0,0.0,1
0,tcp,http,SF,233,2472,0,0,0,0,0,1,0,0,0,0,0,0,0,0,0,0,2,2,0.0,0.0,0.0,0.0,1.0,0.0,0.0,45,255,1.0,0.0,0.02,0.02,0.0,0.0,0.0,0.0,0
944,udp,other,SF,146,105,0,0,0,0,0,0,0,0,0,0,0,0,0,0,0,0,1,1,0.0,0.0,0.0,0.0,1.0,0.0,0.0,255,1,0.0,0.65,0.98,0.0,0.0,0.0,0.0,0.0,0
0,tcp,ftp_data,SF,334,0,0,0,0,0,0,1,0,0,0,0,0,0,0,0,0,0,2,2,0.0,0.0,0.0,0.0,1.0,0.0,0.0,4,14,1.0,0.0,1.0,0.29,0.0,0.0,0.0,0.0,1
0,tcp,http,REJ,0,0,0,0,0,0,0,0,0,0,0,0,0,0,0,0,0,0,1,1,0.0,0.0,1.0,1.0,1.0,0.0,0.0,31,255,1.0,0.0,0.03,0.13,0.0,0.0,0.52,0.65,0
0,tcp,http,SF,145,532,0,0,0,0,0,1,0,0,0,0,0,0,0,0,0,0,2,2,0.0,0.0,0.0,0.0,1.0,0.0,0.0,3,255,1.0,0.0,0.33,0.19,0.0,0.0,0.33,0.85,0
0,tcp,other,SF,1363,0,0,0,0,0,0,1,0,0,0,0,0,0,0,0,0,0,19,1,0.05,0.0,0.0,0.0,0.05,0.32,0.0,171,1,0.01,0.05,0.31,0.0,0.01,0.0,0.0,0.0,0
78,tcp,http,SF,331,328,0,0,0,0,0,1,0,0,0,0,0,0,0,0,0,0,1,1,0.0,0.0,0.0,0.0,1.0,0.0,0.0,11,255,1.0,0.0,0.09,0.02,0.0,0.0,0.0,0.0,0
0,tcp,ftp_data,SF,334,0,0,0,0,0,0,1,0,0,0,0,0,0,0,0,0,0,1,1,0.0,0.0,0.0,0.0,1.0,0.0,0.0,1,13,1.0,0.0,1.0,0.31,0.0,0.0,0.0,0.0,1
0,tcp,ftp_data,SF,334,0,0,0,0,0,0,1,0,0,0,0,0,0,0,0,0,0,2,2,0.0,0.0,0.0,0.0,1.0,0.0,0.0,4,4,1.0,0.0,1.0,0.0,0.0,0.0,0.0,0.0,1
0,tcp,http,SF,299,1122,0,0,0,0,0,1,0,0,0,0,0,0,0,0,0,0,6,12,0.0,0.0,0.0,0.0,1.0,0.0,0.25,60,255,1.0,0.0,0.02,0.02,0.0,0.0,0.0,0.0,0
0,tcp,http,SF,382,1943,0,0,0,0,0,1,0,0,0,0,0,0,0,0,0,0,19,31,0.0,0.0,0.0,0.0,1.0,0.0,0.06,120,255,1.0,0.0,0.01,0.02,0.0,0.0,0.0,0.0,0
0,tcp,http,SF,171,409,0,0,0,0,0,1,0,0,0,0,0,0,0,0,0,0,3,3,0.0,0.0,0.0,0.0,1.0,0.0,0.0,34,255,1.0,0.0,0.03,0.05,0.0,0.0,0.0,0.0,0
0,udp,domain_u,SF,45,131,0,0,0,0,0,0,0,0,0,0,0,0,0,0,0,0,223,224,0.0,0.0,0.0,0.0,1.0,0.0,0.01,255,180,0.71,0.01,0.0,0.0,0.0,0.0,0.0,0.0,0
0,tcp,ftp_data,SF,334,0,0,0,0,0,0,1,0,0,0,0,0,0,0,0,0,0,2,2,0.0,0.0,0.0,0.0,1.0,0.0,0.0,11,48,1.0,0.0,1.0,0.1,0.0,0.0,0.0,0.0,1
0,tcp,http,SF,237,1582,0,0,0,0,0,1,0,0,0,0,0,0,0,0,0,0,5,5,0.0,0.0,0.0,0.0,1.0,0.0,0.0,22,255,1.0,0.0,0.05,0.03,0.0,0.0,0.0,0.0,0
0,tcp,http,REJ,0,0,0,0,0,0,0,0,0,0,0,0,0,0,0,0,0,0,1,1,0.0,0.0,1.0,1.0,1.0,0.0,0.0,21,255,1.0,0.0,0.05,0.19,0.0,0.0,1.0,0.97,0
0,tcp,http,SF,286,276,0,0,0,0,0,1,0,0,0,0,0,0,0,0,0,0,6,20,0.0,0.0,0.0,0.0,1.0,0.0,0.1,255,255,1.0,0.0,0.0,0.0,0.0,0.0,0.0,0.0,0
0,tcp,ftp_data,SF,334,0,0,0,0,0,0,1,0,0,0,0,0,0,0,0,0,0,2,2,0.0,0.0,0.0,0.0,1.0,0.0,0.0,12,12,1.0,0.0,1.0,0.0,0.0,0.0,0.0,0.0,1
6,tcp,telnet,SF,105,2860,0,0,0,0,0,1,1,0,0,1,0,0,0,0,0,0,1,1,0.0,0.0,0.0,0.0,1.0,0.0,0.0,8,2,0.12,0.25,0.12,1.0,0.0,0.0,0.0,0.0,0
0,tcp,http,SF,211,1197,0,0,0,0,0,1,0,0,0,0,0,0,0,0,0,0,3,3,0.33,0.33,0.0,0.0,1.0,0.0,0.0,147,255,1.0,0.0,0.01,0.01,0.01,0.01,0.0,0.0,0
0,tcp,ftp_data,SF,203,0,0,0,0,0,0,0,0,0,0,0,0,0,0,0,0,0,2,2,0.0,0.0,0.0,0.0,1.0,0.0,0.0,118,30,0.25,0.04,0.25,0.0,0.0,0.0,0.0,0.0,0
0,tcp,http,SF,288,2596,0,0,0,0,0,1,0,0,0,0,0,0,0,0,0,0,25,25,0.0,0.0,0.0,0.0,1.0,0.0,0.0,83,255,1.0,0.0,0.01,0.02,0.0,0.0,0.0,0.0,0
0,tcp,http,SF,310,5165,0,0,0,0,0,1,0,0,0,0,0,0,0,0,0,0,6,14,0.0,0.0,0.0,0.0,1.0,0.0,0.21,6,9,1.0,0.0,0.17,0.22,0.0,0.22,0.0,0.11,0
0,tcp,telnet,RSTO,126,179,0,0,0,1,1,0,0,0,0,0,0,0,0,0,0,0,1,1,0.0,0.0,1.0,1.0,1.0,0.0,0.0,24,24,1.0,0.0,0.04,0.0,0.08,0.08,0.92,0.92,1
0,tcp,http,SF,312,1592,0,0,0,0,0,1,0,0,0,0,0,0,0,0,0,0,4,5,0.0,0.0,0.0,0.0,1.0,0.0,0.4,21,255,1.0,0.0,0.05,0.08,0.0,0.0,0.0,0.0,0
0,tcp,http,REJ,0,0,0,0,0,0,0,0,0,0,0,0,0,0,0,0,0,0,1,8,0.0,0.0,1.0,0.12,1.0,0.0,0.25,13,254,1.0,0.0,0.08,0.17,0.0,0.0,0.92,0.98,0
0,tcp,http,SF,217,373,0,0,0,0,0,1,0,0,0,0,0,0,0,0,0,0,20,20,0.0,0.0,0.0,0.0,1.0,0.0,0.0,255,255,1.0,0.0,0.0,0.0,0.0,0.0,0.0,0.0,0
0,tcp,http,REJ,0,0,0,0,0,0,0,0,0,0,0,0,0,0,0,0,0,0,1,2,0.0,0.0,1.0,1.0,1.0,0.0,1.0,81,255,1.0,0.0,0.01,0.13,0.0,0.01,1.0,0.99,0
0,tcp,http,SF,302,1588,0,0,0,0,0,1,0,0,0,0,0,0,0,0,0,0,10,10,0.0,0.0,0.0,0.0,1.0,0.0,0.0,255,255,1.0,0.0,0.0,0.0,0.0,0.0,0.0,0.0,0
0,tcp,smtp,SF,2748,328,0,0,0,0,0,1,0,0,0,0,0,0,1,0,0,0,1,1,0.0,0.0,0.0,0.0,1.0,0.0,0.0,255,181,0.71,0.02,0.0,0.0,0.0,0.0,0.0,0.0,0
0,tcp,http,SF,276,6042,0,0,0,0,0,1,0,0,0,0,0,0,0,0,0,0,13,13,0.0,0.0,0.0,0.0,1.0,0.0,0.0,117,255,1.0,0.0,0.01,0.04,0.0,0.0,0.0,0.0,0
4,tcp,smtp,SF,1722,438,0,0,0,0,0,1,0,0,0,0,0,0,0,0,0,0,1,2,0.0,0.0,0.0,0.0,1.0,0.0,1.0,255,33,0.13,0.06,0.0,0.0,0.0,0.0,0.84,0.0,0
0,tcp,http,SF,220,910,0,0,0,0,0,1,0,0,0,0,0,0,0,0,0,0,30,30,0.0,0.0,0.0,0.0,1.0,0.0,0.0,255,255,1.0,0.0,0.0,0.0,0.0,0.0,0.0,0.0,0
0,tcp,http,SF,357,412,0,0,0,0,0,1,0,0,0,0,0,0,0,0,0,0,19,20,0.0,0.0,0.0,0.0,1.0,0.0,0.1,255,255,1.0,0.0,0.0,0.0,0.0,0.0,0.0,0.0,0
0,tcp,http,SF,222,1701,0,0,0,0,0,1,0,0,0,0,0,0,0,0,0,0,3,24,0.0,0.0,0.0,0.0,1.0,0.0,0.21,255,255,1.0,0.0,0.0,0.0,0.0,0.0,0.0,0.0,0
0,tcp,http,SF,297,12884,0,0,0,0,0,1,0,0,0,0,0,0,0,0,0,0,10,12,0.0,0.0,0.0,0.0,1.0,0.0,0.17,135,135,1.0,0.0,0.01,0.0,0.0,0.0,0.0,0.0,0
0,tcp,ftp,SF,1266,2453,0,0,0,28,0,1,0,0,0,0,0,0,0,0,0,1,1,1,0.0,0.0,0.0,0.0,1.0,0.0,0.0,255,31,0.12,0.02,0.0,0.0,0.1,0.0,0.0,0.0,1
0,tcp,ftp_data,SF,334,0,0,0,0,0,0,1,0,0,0,0,0,0,0,0,0,0,2,2,0.0,0.0,0.0,0.0,1.0,0.0,0.0,10,47,1.0,0.0,1.0,0.13,0.0,0.0,0.0,0.0,1
0,tcp,http,SF,210,4046,0,0,0,0,0,1,0,0,0,0,0,0,0,0,0,0,3,3,0.0,0.0,0.0,0.0,1.0,0.0,0.0,17,255,1.0,0.0,0.06,0.03,0.0,0.02,0.18,0.03,0
0,udp,domain_u,SF,45,45,0,0,0,0,0,0,0,0,0,0,0,0,0,0,0,0,138,138,0.0,0.0,0.0,0.0,1.0,0.0,0.0,255,184,0.72,0.01,0.0,0.0,0.0,0.0,0.0,0.0,0
0,tcp,http,SF,264,377,0,0,0,0,0,1,0,0,0,0,0,0,0,0,0,0,3,3,0.0,0.0,0.0,0.0,1.0,0.0,0.0,35,255,1.0,0.0,0.03,0.05,0.0,0.0,0.0,0.0,0
0,tcp,ftp,SF,1197,2447,0,0,0,28,0,1,0,0,0,0,0,0,0,0,0,1,1,1,0.0,0.0,0.0,0.0,1.0,0.0,0.0,255,68,0.27,0.02,0.0,0.0,0.0,0.0,0.0,0.0,1
10,tcp,smtp,SF,800,331,0,0,0,0,0,1,0,0,0,0,0,0,0,0,0,0,1,2,0.0,0.0,0.0,0.0,1.0,0.0,1.0,255,155,0.61,0.02,0.0,0.0,0.0,0.0,0.0,0.0,0
5056,tcp,ftp_data,SF,5133876,0,0,0,0,3,0,1,0,0,0,0,0,0,0,0,0,0,1,1,0.0,0.0,0.0,0.0,1.0,0.0,0.0,255,65,0.25,0.13,0.35,0.0,0.02,0.02,0.0,0.0,1
0,udp,domain_u,SF,43,131,0,0,0,0,0,0,0,0,0,0,0,0,0,0,0,0,230,307,0.0,0.0,0.0,0.0,1.0,0.01,0.01,232,193,0.83,0.01,0.0,0.0,0.0,0.0,0.0,0.0,0
0,tcp,http,SF,207,6540,0,0,0,0,0,1,0,0,0,0,0,0,0,0,0,0,10,10,0.0,0.0,0.0,0.0,1.0,0.0,0.0,79,255,1.0,0.0,0.01,0.05,0.01,0.01,0.0,0.0,0
1,tcp,ftp,SF,1251,2451,0,0,0,28,0,1,0,0,0,0,0,0,0,0,0,1,1,1,0.0,0.0,0.0,0.0,1.0,0.0,0.0,255,36,0.14,0.02,0.0,0.0,0.08,0.0,0.0,0.0,1
0,tcp,http,SF,330,4474,0,0,0,0,0,1,0,0,0,0,0,0,0,0,0,0,11,11,0.0,0.0,0.0,0.0,1.0,0.0,0.0,255,255,1.0,0.0,0.0,0.0,0.0,0.0,0.0,0.0,0
0,tcp,http,SF,295,12884,0,0,0,0,0,1,0,0,0,0,0,0,0,0,0,0,9,9,0.0,0.0,0.0,0.0,1.0,0.0,0.0,203,203,1.0,0.0,0.0,0.0,0.0,0.0,0.0,0.0,0
0,tcp,http,SF,306,2507,0,0,0,0,0,1,0,0,0,0,0,0,0,0,0,0,6,6,0.17,0.17,0.0,0.0,1.0,0.0,0.0,255,236,0.93,0.02,0.0,0.0,0.01,0.01,0.0,0.0,0
0,tcp,http,SF,310,2350,0,0,0,0,0,1,0,0,0,0,0,0,0,0,0,0,8,8,0.0,0.0,0.0,0.0,1.0,0.0,0.0,8,94,1.0,0.0,0.12,0.09,0.0,0.0,0.0,0.0,0
4203,udp,other,SF,146,105,0,0,0,0,0,0,0,0,0,0,0,0,0,0,0,0,1,1,0.0,0.0,0.0,0.0,1.0,0.0,0.0,255,1,0.0,0.54,0.74,0.0,0.0,0.0,0.0,0.0,0
0,tcp,ftp_data,SF,319,0,0,0,0,0,0,1,0,0,0,1,0,0,0,0,0,0,2,2,0.0,0.0,0.0,0.0,1.0,0.0,0.0,200,4,0.01,0.47,0.01,0.5,0.0,0.0,0.0,0.0,0
10,tcp,smtp,SF,965,326,0,0,0,0,0,1,0,0,0,0,0,0,0,0,0,0,1,1,0.0,0.0,0.0,0.0,1.0,0.0,0.0,166,161,0.62,0.03,0.01,0.01,0.0,0.0,0.0,0.0,0
0,tcp,http,SF,210,180,0,0,0,0,0,1,0,0,0,0,0,0,0,0,0,0,21,65,0.0,0.0,0.0,0.02,1.0,0.0,0.06,110,255,1.0,0.0,0.01,0.01,0.0,0.0,0.0,0.0,0
0,tcp,http,SF,220,1241,0,0,0,0,0,1,0,0,0,0,0,0,0,0,0,0,14,14,0.0,0.0,0.0,0.0,1.0,0.0,0.0,14,255,1.0,0.0,0.07,0.06,0.0,0.0,0.0,0.0,0
0,tcp,ftp_data,SF,334,0,0,0,0,0,0,1,0,0,0,0,0,0,0,0,0,0,2,2,0.0,0.0,0.0,0.0,1.0,0.0,0.0,2,22,1.0,0.0,1.0,0.23,0.0,0.0,0.0,0.0,1
0,udp,domain_u,SF,42,42,0,0,0,0,0,0,0,0,0,0,0,0,0,0,0,0,17,28,0.0,0.0,0.0,0.0,1.0,0.0,0.11,255,255,1.0,0.0,0.01,0.0,0.0,0.0,0.0,0.0,0
0,tcp,http,SF,253,707,0,0,0,0,0,1,0,0,0,0,0,0,0,0,0,0,14,14,0.0,0.0,0.0,0.0,1.0,0.0,0.0,202,255,1.0,0.0,0.0,0.02,0.0,0.0,0.0,0.0,0
5063,tcp,other,S3,5133877,0,0,0,0,5,0,1,0,0,0,0,0,0,0,0,0,0,1,1,1.0,1.0,0.0,0.0,1.0,0.0,0.0,7,1,0.14,0.29,1.0,0.0,0.29,1.0,0.0,0.0,1
5,tcp,http,SF,258,7129,0,0,0,1,0,1,0,0,0,0,0,0,0,0,0,0,1,5,0.0,0.0,0.0,0.0,1.0,0.0,0.4,255,252,0.99,0.01,0.0,0.0,0.0,0.0,0.0,0.0,0
0,tcp,http,SF,157,16954,0,0,0,0,0,1,0,0,0,0,0,0,0,0,0,0,1,1,0.0,0.0,0.0,0.0,1.0,0.0,0.0,1,255,1.0,0.0,1.0,0.04,0.0,0.0,0.0,0.0,0
0,tcp,http,SF,327,365,0,0,0,0,0,1,0,0,0,0,0,0,0,0,0,0,3,3,0.0,0.0,0.0,0.0,1.0,0.0,0.0,188,255,1.0,0.0,0.01,0.01,0.0,0.0,0.0,0.0,0
0,tcp,ftp_data,SF,334,0,0,0,0,0,0,1,0,0,0,0,0,0,0,0,0,0,1,1,0.0,0.0,0.0,0.0,1.0,0.0,0.0,1,11,1.0,0.0,1.0,0.36,0.0,0.0,0.0,0.0,1
0,tcp,http,SF,326,626,0,0,0,0,0,1,0,0,0,0,0,0,0,0,0,0,19,20,0.0,0.0,0.0,0.0,1.0,0.0,0.1,255,255,1.0,0.0,0.0,0.0,0.0,0.0,0.0,0.0,0
0,tcp,http,SF,255,385,0,0,0,0,0,1,0,0,0,0,0,0,0,0,0,0,1,1,0.0,0.0,0.0,0.0,1.0,0.0,0.0,13,255,1.0,0.0,0.08,0.04,0.0,0.01,0.0,0.0,0
0,tcp,http,SF,338,281,0,0,0,0,0,1,0,0,0,0,0,0,0,0,0,0,9,9,0.0,0.0,0.0,0.0,1.0,0.0,0.0,255,253,0.99,0.01,0.0,0.0,0.0,0.0,0.0,0.0,0
256,tcp,http,SF,263,281,0,0,0,0,0,1,0,0,0,0,0,0,0,0,0,0,1,2,0.0,0.0,0.0,0.5,1.0,0.0,1.0,255,253,0.99,0.01,0.0,0.0,0.0,0.0,0.02,0.02,0
0,tcp,ftp,SF,1232,2451,0,0,0,28,0,1,0,0,0,0,0,0,0,0,0,1,1,1,0.0,0.0,0.0,0.0,1.0,0.0,0.0,220,48,0.22,0.02,0.0,0.0,0.0,0.0,0.01,0.0,1
0,tcp,http,SF,198,1223,0,0,0,0,0,1,0,0,0,0,0,0,0,0,0,0,16,16,0.0,0.0,0.0,0.0,1.0,0.0,0.0,16,255,1.0,0.0,0.06,0.03,0.0,0.0,0.0,0.0,0
0,tcp,http,SF,209,4411,0,0,0,0,0,1,0,0,0,0,0,0,0,0,0,0,12,25,0.0,0.0,0.0,0.0,1.0,0.0,0.08,46,255,1.0,0.0,0.02,0.03,0.0,0.0,0.0,0.0,0
0,tcp,http,SF,244,294,0,0,0,0,0,1,0,0,0,0,0,0,0,0,0,0,13,13,0.0,0.0,0.0,0.0,1.0,0.0,0.0,255,255,1.0,0.0,0.0,0.0,0.0,0.0,0.0,0.0,0
6,tcp,http,SF,51,8127,0,0,0,2,0,1,0,1,0,0,0,0,1,0,0,0,1,1,0.0,0.0,0.0,0.0,1.0,0.0,0.0,255,249,0.98,0.01,0.0,0.0,0.0,0.0,0.0,0.0,1
0,udp,domain_u,SF,45,130,0,0,0,0,0,0,0,0,0,0,0,0,0,0,0,0,188,188,0.0,0.0,0.0,0.0,1.0,0.0,0.0,113,74,0.65,0.03,0.01,0.0,0.0,0.0,0.0,0.0,0
0,tcp,http,SF,279,1026,0,0,0,0,0,1,0,0,0,0,0,0,0,0,0,0,30,32,0.0,0.0,0.0,0.0,1.0,0.0,0.06,255,255,1.0,0.0,0.0,0.0,0.0,0.0,0.0,0.0,0
0,tcp,ftp_data,SF,334,0,0,0,0,0,0,1,0,0,0,0,0,0,0,0,0,0,1,1,0.0,0.0,0.0,0.0,1.0,0.0,0.0,7,34,1.0,0.0,1.0,0.12,0.0,0.0,0.0,0.0,1
0,tcp,ftp_data,SF,334,0,0,0,0,0,0,1,0,0,0,0,0,0,0,0,0,0,1,1,0.0,0.0,0.0,0.0,1.0,0.0,0.0,8,20,1.0,0.0,1.0,0.2,0.0,0.0,0.0,0.0,1
0,udp,domain_u,SF,46,143,0,0,0,0,0,0,0,0,0,0,0,0,0,0,0,0,77,157,0.0,0.0,0.0,0.0,0.99,0.03,0.01,255,239,0.94,0.01,0.0,0.0,0.0,0.0,0.0,0.0,0
0,tcp,http,SF,198,620,0,0,0,0,0,1,0,0,0,0,0,0,0,0,0,0,4,4,0.0,0.0,0.0,0.0,1.0,0.0,0.0,4,255,1.0,0.0,0.25,0.09,0.0,0.0,0.0,0.0,0
0,tcp,http,SF,262,983,0,0,0,0,0,1,0,0,0,0,0,0,0,0,0,0,3,3,0.0,0.0,0.0,0.0,1.0,0.0,0.0,255,255,1.0,0.0,0.0,0.0,0.0,0.0,0.0,0.0,0
0,tcp,http,SF,247,1342,0,0,0,0,0,1,0,0,0,0,0,0,0,0,0,0,9,9,0.0,0.0,0.0,0.0,1.0,0.0,0.0,255,255,1.0,0.0,0.0,0.0,0.0,0.0,0.0,0.0,0
0,tcp,smtp,SF,1117,489,0,0,0,0,0,1,0,0,0,0,0,0,0,0,0,0,1,2,0.0,0.0,0.0,0.0,1.0,0.0,1.0,255,48,0.19,0.06,0.0,0.0,0.66,0.0,0.03,0.02,0
0,tcp,http,SF,295,799,0,0,0,0,0,1,0,0,0,0,0,0,0,0,0,0,13,14,0.0,0.0,0.0,0.0,1.0,0.0,0.14,255,255,1.0,0.0,0.0,0.0,0.0,0.0,0.0,0.0,0
0,tcp,ftp_data,SF,334,0,0,0,0,0,0,1,0,0,0,0,0,0,0,0,0,0,1,1,0.0,0.0,0.0,0.0,1.0,0.0,0.0,5,5,1.0,0.0,1.0,0.0,0.0,0.0,0.0,0.0,1
0,tcp,http,SF,217,301,0,0,0,0,0,1,0,0,0,0,0,0,0,0,0,0,23,63,0.0,0.0,0.0,0.0,1.0,0.0,0.03,255,255,1.0,0.0,0.0,0.0,0.0,0.0,0.0,0.0,0
0,tcp,ftp_data,SF,641,0,0,0,0,0,0,1,0,0,0,0,0,0,0,0,0,0,1,1,0.0,0.0,0.0,0.0,1.0,0.0,0.0,255,16,0.06,0.02,0.06,0.0,0.0,0.0,0.78,0.0,0
0,udp,domain_u,SF,42,42,0,0,0,0,0,0,0,0,0,0,0,0,0,0,0,0,136,216,0.0,0.0,0.0,0.0,1.0,0.0,0.01,255,254,1.0,0.01,0.01,0.0,0.0,0.0,0.0,0.0,0
0,tcp,http,SF,336,1021,0,0,0,0,0,1,0,0,0,0,0,0,0,0,0,0,14,15,0.0,0.0,0.0,0.0,1.0,0.0,0.13,38,255,1.0,0.0,0.03,0.02,0.0,0.0,0.0,0.0,0
0,tcp,ftp_data,SF,641,0,0,0,0,0,0,0,0,0,0,0,0,0,0,0,0,0,2,2,0.0,0.0,0.0,0.0,1.0,0.0,0.0,37,5,0.14,0.08,0.14,0.0,0.0,0.0,0.0,0.0,0
0,tcp,smtp,SF,984,309,0,0,0,0,0,1,0,0,0,0,0,0,0,0,0,0,1,1,0.0,0.0,0.0,0.0,1.0,0.0,0.0,79,9,0.11,0.9,0.01,0.0,0.0,0.0,0.82,0.0,0
0,tcp,http,S1,139,21900,0,0,0,0,0,1,0,0,0,0,0,0,0,0,0,0,1,1,1.0,1.0,0.0,0.0,1.0,0.0,0.0,255,255,1.0,0.0,0.0,0.0,0.0,0.0,0.0,0.0,0
0,tcp,http,SF,278,7561,0,0,0,0,0,1,0,0,0,0,0,0,0,0,0,0,4,4,0.0,0.0,0.0,0.0,1.0,0.0,0.0,19,255,1.0,0.0,0.05,0.03,0.0,0.0,0.0,0.0,0
0,tcp,http,REJ,0,0,0,0,0,0,0,0,0,0,0,0,0,0,0,0,0,0,1,1,0.0,0.0,1.0,1.0,1.0,0.0,0.0,2,255,1.0,0.0,0.5,0.13,0.0,0.0,1.0,0.81,0
0,udp,domain_u,SF,45,75,0,0,0,0,0,0,0,0,0,0,0,0,0,0,0,0,191,191,0.0,0.0,0.0,0.0,1.0,0.0,0.0,255,255,1.0,0.0,0.0,0.0,0.0,0.0,0.0,0.0,0
0,tcp,http,SF,335,476,0,0,0,0,0,1,0,0,0,0,0,0,0,0,0,0,1,1,0.0,0.0,0.0,0.0,1.0,0.0,0.0,37,255,1.0,0.0,0.03,0.02,0.0,0.0,0.0,0.0,0
0,udp,domain_u,SF,42,0,0,0,0,0,0,0,0,0,0,0,0,0,0,0,0,0,2,9,0.0,0.0,0.0,0.0,1.0,0.0,0.33,255,233,0.91,0.01,0.0,0.0,0.0,0.0,0.0,0.0,0
0,tcp,ftp_data,SF,641,0,0,0,0,0,0,0,0,0,0,0,0,0,0,0,0,0,2,2,0.0,0.0,0.0,0.0,1.0,0.0,0.0,255,103,0.4,0.02,0.4,0.0,0.0,0.0,0.0,0.0,0
0,tcp,ftp_data,SF,334,0,0,0,0,0,0,1,0,0,0,0,0,0,0,0,0,0,1,1,0.0,0.0,0.0,0.0,1.0,0.0,0.0,1,39,1.0,0.0,1.0,0.18,0.0,0.0,0.0,0.0,1
0,tcp,http,REJ,0,0,0,0,0,0,0,0,0,0,0,0,0,0,0,0,0,0,1,1,0.0,0.0,1.0,1.0,1.0,0.0,0.0,45,255,1.0,0.0,0.02,0.16,0.0,0.0,0.91,0.98,0
0,udp,domain_u,SF,44,78,0,0,0,0,0,0,0,0,0,0,0,0,0,0,0,0,290,290,0.0,0.0,0.0,0.0,1.0,0.0,0.0,255,254,1.0,0.01,0.0,0.0,0.0,0.0,0.0,0.0,0
2,tcp,ftp,SF,1230,2449,0,0,0,28,0,1,0,0,0,0,0,0,0,0,0,1,1,1,0.0,0.0,0.0,0.0,1.0,0.0,0.0,255,104,0.41,0.02,0.0,0.0,0.0,0.0,0.01,0.0,1
0,icmp,urp_i,SF,181,0,0,0,0,0,0,0,0,0,0,0,0,0,0,0,0,0,2,1,0.0,0.0,0.0,0.0,0.5,1.0,0.0,255,5,0.02,0.01,0.02,0.0,0.0,0.0,0.0,0.0,0
0,tcp,http,SF,338,1870,0,0,0,0,0,1,0,0,0,0,0,0,0,0,0,0,10,10,0.0,0.0,0.0,0.0,1.0,0.0,0.0,23,255,1.0,0.0,0.04,0.02,0.0,0.0,0.0,0.0,0
0,tcp,smtp,SF,669,334,0,0,0,0,0,1,0,0,0,0,1,0,0,0,0,0,1,1,0.0,0.0,0.0,0.0,1.0,0.0,0.0,142,85,0.51,0.04,0.01,0.02,0.0,0.0,0.0,0.0,0
0,tcp,http,SF,332,2873,0,0,0,0,0,1,0,0,0,0,0,0,0,0,0,0,5,5,0.0,0.0,0.0,0.0,1.0,0.0,0.0,255,255,1.0,0.0,0.0,0.0,0.0,0.0,0.0,0.0,0
5061,tcp,ftp_data,SF,5133876,0,0,0,0,5,0,1,0,0,0,0,0,0,0,0,0,0,1,1,0.0,0.0,0.0,0.0,1.0,0.0,0.0,4,41,1.0,0.0,1.0,0.07,0.0,0.02,0.0,0.0,1
1,tcp,smtp,SF,1770,332,0,0,0,0,0,1,0,0,0,0,0,0,0,0,0,0,1,1,0.0,0.0,0.0,0.0,1.0,0.0,0.0,80,163,0.69,0.04,0.01,0.02,0.0,0.03,0.0,0.01,0
0,tcp,finger,SF,10,284,0,0,0,0,0,0,0,0,0,0,0,0,0,0,0,0,1,1,0.0,0.0,0.0,0.0,1.0,0.0,0.0,1,8,1.0,0.0,1.0,0.25,0.0,0.0,0.0,0.0,0
33,tcp,ftp,SF,1417,4145,0,0,0,30,0,1,0,0,0,0,0,0,0,0,0,1,2,2,0.0,0.0,0.0,0.0,1.0,0.0,0.0,146,39,0.27,0.03,0.01,0.0,0.02,0.08,0.0,0.0,0
0,icmp,urp_i,SF,183,0,0,0,0,0,0,0,0,0,0,0,0,0,0,0,0,0,2,1,0.0,0.0,0.0,0.0,0.5,1.0,0.0,255,26,0.1,0.01,0.12,0.0,0.0,0.0,0.0,0.0,0
0,udp,other,SF,516,4,0,0,0,0,0,0,0,0,0,0,0,0,0,0,0,0,183,183,0.0,0.0,0.0,0.0,1.0,0.0,0.0,183,183,1.0,0.0,1.0,0.0,0.0,0.0,0.0,0.0,0
0,tcp,http,SF,219,5976,0,0,0,0,0,1,0,0,0,0,0,0,0,0,0,0,1,1,0.0,0.0,0.0,0.0,1.0,0.0,0.0,1,255,1.0,0.0,1.0,0.06,0.0,0.0,0.0,0.0,0
0,tcp,http,SF,294,1719,0,0,0,0,0,1,0,0,0,0,0,0,0,0,0,0,7,19,0.0,0.0,0.0,0.0,1.0,0.0,0.11,255,255,1.0,0.0,0.0,0.0,0.0,0.0,0.01,0.01,0
0,tcp,ftp_data,SF,334,0,0,0,0,0,0,1,0,0,0,0,0,0,0,0,0,0,2,2,0.0,0.0,0.0,0.0,1.0,0.0,0.0,12,23,1.0,0.0,1.0,0.09,0.0,0.0,0.0,0.0,1
0,udp,domain_u,SF,42,42,0,0,0,0,0,0,0,0,0,0,0,0,0,0,0,0,10,17,0.0,0.0,0.0,0.0,1.0,0.0,0.24,255,234,0.92,0.01,0.0,0.0,0.0,0.0,0.0,0.0,0
0,tcp,http,SF,258,16617,0,0,0,0,0,1,0,0,0,0,0,0,0,0,0,0,1,6,0.0,0.0,0.0,0.0,1.0,0.0,0.33,207,255,1.0,0.0,0.0,0.01,0.0,0.0,0.0,0.0,0
0,tcp,http,SF,288,352,0,0,0,0,0,1,0,0,0,0,0,0,0,0,0,0,14,14,0.0,0.0,0.0,0.0,1.0,0.0,0.0,14,255,1.0,0.0,0.07,0.03,0.0,0.0,0.0,0.0,0
2,tcp,smtp,SF,1131,337,0,0,0,0,0,1,0,0,0,0,0,0,0,0,0,0,1,1,0.0,0.0,0.0,0.0,1.0,0.0,0.0,177,242,0.96,0.01,0.01,0.01,0.0,0.0,0.0,0.0,0
0,tcp,http,SF,201,4841,0,0,0,0,0,1,0,0,0,0,0,0,0,0,0,0,2,2,0.0,0.0,0.0,0.0,1.0,0.0,0.0,130,255,1.0,0.0,0.01,0.03,0.0,0.0,0.0,0.0,0
0,udp,domain_u,SF,36,0,0,0,0,0,0,0,0,0,0,0,0,0,0,0,0,0,10,10,0.0,0.0,0.0,0.0,1.0,0.0,0.0,88,227,1.0,0.0,1.0,0.01,0.0,0.0,0.0,0.0,0
1,tcp,smtp,SF,696,363,0,0,0,0,0,1,0,0,0,0,0,0,0,0,0,0,1,3,0.0,0.0,0.0,0.0,1.0,0.0,1.0,39,174,0.97,0.05,0.03,0.02,0.0,0.0,0.0,0.0,0
0,tcp,http,SF,321,3231,0,0,0,0,0,1,0,0,0,0,0,0,0,0,0,0,7,7,0.0,0.0,0.0,0.0,1.0,0.0,0.0,135,255,1.0,0.0,0.01,0.02,0.0,0.0,0.0,0.0,0
0,tcp,http,SF,229,2698,0,0,0,0,0,1,0,0,0,0,0,0,1,0,0,0,3,9,0.0,0.0,0.0,0.11,1.0,0.0,0.22,255,252,0.99,0.01,0.0,0.0,0.0,0.0,0.0,0.0,0
1,tcp,ftp,SF,1224,2449,0,0,0,28,0,1,0,0,0,0,0,0,0,0,0,1,1,1,0.0,0.0,0.0,0.0,1.0,0.0,0.0,108,6,0.06,0.06,0.01,0.0,0.02,0.0,0.07,0.0,1
0,icmp,urp_i,SF,181,0,0,0,0,0,0,0,0,0,0,0,0,0,0,0,0,0,2,1,0.0,0.0,0.0,0.0,0.5,1.0,0.0,255,90,0.35,0.01,0.45,0.0,0.0,0.0,0.0,0.0,0
0,tcp,http,REJ,0,0,0,0,0,0,0,0,0,0,0,0,0,0,0,0,0,0,1,2,0.0,0.0,1.0,1.0,1.0,0.0,1.0,1,81,1.0,0.0,1.0,0.21,0.0,0.0,1.0,1.0,0
945,udp,other,SF,147,105,0,0,0,0,0,0,0,0,0,0,0,0,0,0,0,0,1,1,0.0,0.0,0.0,0.0,1.0,0.0,0.0,255,1,0.0,0.63,0.95,0.0,0.0,0.0,0.0,0.0,0
0,tcp,ftp_data,SF,334,0,0,0,0,0,0,1,0,0,0,0,0,0,0,0,0,0,2,2,0.0,0.0,0.0,0.0,1.0,0.0,0.0,2,44,1.0,0.0,1.0,0.16,0.0,0.0,0.0,0.0,1
718,tcp,telnet,SF,1412,25260,0,0,0,15,0,1,38,1,0,54,4,1,2,0,0,0,1,1,0.0,0.0,0.0,0.0,1.0,0.0,0.0,1,1,1.0,0.0,1.0,0.0,0.0,0.0,0.0,0.0,1
0,icmp,urp_i,SF,183,0,0,0,0,0,0,0,0,0,0,0,0,0,0,0,0,0,2,1,0.0,0.0,0.0,0.0,0.5,1.0,0.0,255,27,0.11,0.01,0.12,0.0,0.0,0.0,0.0,0.0,0
2234,udp,other,SF,147,105,0,0,0,0,0,0,0,0,0,0,0,0,0,0,0,0,1,1,0.0,0.0,0.0,0.0,1.0,0.0,0.0,255,3,0.01,0.67,0.95,0.0,0.0,0.0,0.0,0.0,0
0,tcp,http,SF,233,1232,0,0,0,0,0,1,0,0,0,0,0,0,0,0,0,0,33,42,0.0,0.0,0.0,0.0,1.0,0.0,0.14,255,255,1.0,0.0,0.0,0.0,0.0,0.0,0.0,0.0,0
0,tcp,http,SF,325,1795,0,0,0,0,0,1,0,0,0,0,0,0,0,0,0,0,5,5,0.0,0.0,0.0,0.0,1.0,0.0,0.0,26,255,1.0,0.0,0.04,0.04,0.0,0.0,0.0,0.0,0
1,tcp,ftp,SF,1151,2445,0,0,0,28,0,1,0,0,0,0,0,0,0,0,0,1,1,1,0.0,0.0,0.0,0.0,1.0,0.0,0.0,255,88,0.35,0.02,0.0,0.0,0.0,0.0,0.0,0.0,1
0,tcp,ftp_data,SF,641,0,0,0,0,0,0,0,0,0,0,0,0,0,0,0,0,0,2,2,0.0,0.0,0.0,0.0,1.0,0.0,0.0,57,43,0.16,0.05,0.16,0.07,0.0,0.0,0.0,0.0,0
0,tcp,ftp_data,SF,334,0,0,0,0,0,0,1,0,0,0,0,0,0,0,0,0,0,2,2,0.0,0.0,0.0,0.0,1.0,0.0,0.0,4,16,1.0,0.0,1.0,0.12,0.0,0.0,0.0,0.0,1
0,tcp,http,SF,214,334,0,0,0,0,0,1,0,0,0,0,0,0,0,0,0,0,3,8,0.0,0.0,0.0,0.0,1.0,0.0,0.5,20,255,1.0,0.0,0.05,0.04,0.05,0.0,0.05,0.0,0
0,tcp,ftp_data,SF,334,0,0,0,0,0,0,1,0,0,0,0,0,0,0,0,0,0,2,2,0.0,0.0,0.0,0.0,1.0,0.0,0.0,14,24,1.0,0.0,1.0,0.12,0.0,0.0,0.0,0.0,1
0,tcp,smtp,SF,779,330,0,0,0,0,0,1,0,0,0,0,0,0,0,0,0,0,1,1,0.0,0.0,0.0,0.0,1.0,0.0,0.0,170,135,0.51,0.02,0.01,0.01,0.0,0.0,0.02,0.04,0
0,tcp,http,SF,376,2638,0,0,0,0,0,1,0,0,0,0,0,0,0,0,0,0,22,22,0.0,0.0,0.0,0.0,1.0,0.0,0.0,255,255,1.0,0.0,0.0,0.0,0.0,0.0,0.0,0.0,0
2592,udp,other,SF,146,105,0,0,0,0,0,0,0,0,0,0,0,0,0,0,0,0,1,1,0.0,0.0,0.0,0.0,1.0,0.0,0.0,255,1,0.0,0.82,0.98,0.0,0.0,0.0,0.0,0.0,0
0,tcp,http,SF,282,7104,0,0,0,0,0,1,0,0,0,0,0,0,0,0,0,0,7,17,0.0,0.0,0.0,0.0,1.0,0.0,0.12,29,255,1.0,0.0,0.03,0.01,0.0,0.0,0.0,0.0,0
0,tcp,smtp,SF,958,327,0,0,0,0,0,1,0,0,0,0,0,0,1,0,0,0,1,2,0.0,0.0,0.0,0.0,1.0,0.0,1.0,84,172,0.9,0.04,0.01,0.01,0.0,0.0,0.0,0.0,0
0,tcp,http,S1,343,21900,0,0,0,0,0,1,0,0,0,0,0,0,0,0,0,0,2,2,0.5,0.5,0.0,0.0,1.0,0.0,0.0,2,255,1.0,0.0,0.5,0.02,0.5,0.01,0.0,0.0,0
0,tcp,http,SF,274,2345,0,0,0,0,0,1,0,0,0,0,0,0,0,0,0,0,5,5,0.0,0.0,0.0,0.0,1.0,0.0,0.0,255,255,1.0,0.0,0.0,0.0,0.0,0.0,0.0,0.0,0
1,tcp,ftp,SF,1254,2451,0,0,0,28,0,1,0,0,0,0,0,0,0,0,0,1,1,1,0.0,0.0,0.0,0.0,1.0,0.0,0.0,238,66,0.28,0.02,0.0,0.0,0.0,0.0,0.01,0.0,1
0,tcp,http,SF,244,2281,0,0,0,0,0,1,0,0,0,0,0,0,0,0,0,0,24,25,0.0,0.0,0.0,0.0,1.0,0.0,0.08,168,255,1.0,0.0,0.01,0.02,0.0,0.0,0.0,0.0,0
0,tcp,http,SF,499,8849,0,0,0,0,0,1,0,0,0,0,0,0,0,0,0,0,3,3,0.0,0.0,0.0,0.0,1.0,0.0,0.0,240,255,1.0,0.0,0.0,0.01,0.0,0.0,0.0,0.0,0
0,tcp,smtp,SF,1854,327,0,0,0,0,0,1,0,0,0,0,0,0,0,0,0,0,1,2,0.0,0.0,0.0,0.0,1.0,0.0,1.0,191,161,0.63,0.03,0.01,0.01,0.01,0.01,0.0,0.0,0
0,tcp,smtp,SF,1090,326,0,0,0,0,0,1,0,0,0,0,0,0,0,0,0,0,1,2,0.0,0.0,0.0,0.0,1.0,0.0,1.0,161,128,0.5,0.02,0.01,0.02,0.0,0.02,0.0,0.0,0
0,udp,domain_u,SF,31,91,0,0,0,0,0,0,0,0,0,0,0,0,0,0,0,0,1,4,0.0,0.0,0.0,0.0,1.0,0.0,1.0,230,217,0.94,0.01,0.0,0.0,0.0,0.0,0.0,0.0,0
0,udp,domain_u,SF,46,140,0,0,0,0,0,0,0,0,0,0,0,0,0,0,0,0,93,173,0.0,0.0,0.0,0.0,1.0,0.0,0.01,255,255,1.0,0.0,0.0,0.0,0.0,0.0,0.0,0.0,0
0,tcp,http,SF,235,314,0,0,0,0,0,1,0,0,0,0,0,0,0,0,0,0,3,3,0.0,0.0,0.0,0.0,1.0,0.0,0.0,255,255,1.0,0.0,0.0,0.0,0.0,0.0,0.02,0.02,0
0,tcp,ftp_data,SF,18,0,0,0,0,0,0,0,0,0,0,0,0,0,0,0,0,0,1,1,0.0,0.0,0.0,0.0,1.0,0.0,0.0,237,110,0.41,0.03,0.41,0.02,0.0,0.0,0.0,0.0,0
0,tcp,http,SF,223,5858,0,0,0,0,0,1,0,0,0,0,0,0,0,0,0,0,5,5,0.0,0.0,0.0,0.0,1.0,0.0,0.0,36,255,1.0,0.0,0.03,0.01,0.0,0.0,0.0,0.0,0
0,tcp,ftp_data,SF,0,191,0,0,0,0,0,0,0,0,0,0,0,0,0,0,0,0,1,1,0.0,0.0,0.0,0.0,1.0,0.0,0.0,36,65,0.36,0.14,0.03,0.03,0.0,0.0,0.06,0.0,0
0,tcp,http,SF,229,1107,0,0,0,0,0,1,0,0,0,0,0,0,0,0,0,0,6,6,0.0,0.0,0.0,0.0,1.0,0.0,0.0,6,255,1.0,0.0,0.17,0.05,0.0,0.0,0.0,0.0,0
0,tcp,smtp,SF,1978,328,0,0,0,0,0,1,0,0,0,0,0,0,0,0,0,0,1,1,0.0,0.0,0.0,0.0,1.0,0.0,0.0,38,125,0.32,0.11,0.03,0.02,0.0,0.0,0.0,0.0,0
1,tcp,smtp,SF,1305,588,0,0,0,0,0,1,0,0,0,0,0,0,0,0,0,0,1,1,0.0,0.0,0.0,0.0,1.0,0.0,0.0,255,27,0.11,0.06,0.0,0.0,0.0,0.0,0.87,0.0,0
0,tcp,http,SF,221,3101,0,0,0,0,0,1,0,0,0,0,0,0,0,0,0,0,12,12,0.0,0.0,0.0,0.0,1.0,0.0,0.0,50,255,1.0,0.0,0.02,0.02,0.0,0.0,0.0,0.0,0
0,tcp,http,SF,243,1721,0,0,0,0,0,1,0,0,0,0,0,0,0,0,0,0,1,19,0.0,0.0,0.0,0.0,1.0,0.0,0.11,255,255,1.0,0.0,0.0,0.0,0.0,0.0,0.0,0.0,0
0,tcp,ftp_data,SF,334,0,0,0,0,0,0,1,0,0,0,0,0,0,0,0,0,0,1,1,0.0,0.0,0.0,0.0,1.0,0.0,0.0,13,48,1.0,0.0,1.0,0.12,0.0,0.02,0.0,0.0,1
3,tcp,smtp,SF,955,333,0,0,0,0,0,0,0,0,0,0,0,0,0,0,0,0,1,1,0.0,0.0,0.0,0.0,1.0,0.0,0.0,79,199,0.9,0.05,0.01,0.01,0.0,0.0,0.0,0.0,0
0,tcp,http,SF,196,124,0,0,0,0,0,1,0,0,0,0,0,0,0,0,0,0,1,9,0.0,0.22,0.0,0.11,1.0,0.0,0.44,12,255,1.0,0.0,0.08,0.05,0.0,0.0,0.0,0.0,0
0,tcp,http,SF,273,295,0,0,0,0,0,1,0,0,0,0,0,0,0,0,0,0,1,12,0.0,0.0,0.0,0.0,1.0,0.0,0.25,79,255,1.0,0.0,0.01,0.1,0.0,0.0,0.67,0.69,0
0,tcp,http,SF,279,5096,0,0,0,0,0,1,0,0,0,0,0,0,0,0,0,0,9,9,0.0,0.0,0.0,0.0,1.0,0.0,0.0,30,255,1.0,0.0,0.03,0.05,0.0,0.0,0.0,0.0,0
1,tcp,ftp,SF,1261,2451,0,0,0,28,0,1,0,0,0,0,0,0,0,0,0,1,1,1,0.0,0.0,0.0,0.0,1.0,0.0,0.0,250,78,0.31,0.02,0.0,0.0,0.0,0.0,0.01,0.0,1
1,tcp,ftp,SF,1222,2449,0,0,0,28,0,1,0,0,0,0,0,0,0,0,0,1,1,1,0.0,0.0,0.0,0.0,1.0,0.0,0.0,255,93,0.36,0.02,0.0,0.0,0.0,0.0,0.01,0.0,1
0,udp,domain_u,SF,45,111,0,0,0,0,0,0,0,0,0,0,0,0,0,0,0,0,85,165,0.0,0.0,0.0,0.0,1.0,0.0,0.01,255,254,1.0,0.01,0.0,0.0,0.0,0.0,0.0,0.0,0
0,tcp,http,REJ,0,0,0,0,0,0,0,0,0,0,0,0,0,0,0,0,0,0,1,2,0.0,0.0,1.0,1.0,1.0,0.0,1.0,2,67,1.0,0.0,0.5,0.21,0.0,0.0,1.0,1.0,0
0,tcp,http,SF,312,1380,0,0,0,0,0,1,0,0,0,0,0,0,0,0,0,0,3,34,0.0,0.0,0.0,0.0,1.0,0.0,0.06,255,229,0.9,0.01,0.0,0.0,0.0,0.0,0.0,0.0,0
0,tcp,http,SF,227,9905,0,0,0,0,0,1,0,0,0,0,0,0,0,0,0,0,3,3,0.0,0.0,0.0,0.0,1.0,0.0,0.0,91,255,1.0,0.0,0.01,0.04,0.0,0.0,0.0,0.0,0
10129,tcp,ftp,SF,1020,2201,0,0,0,5,0,1,0,0,0,0,0,0,0,0,0,1,1,1,0.0,0.0,0.0,0.0,1.0,0.0,0.0,255,11,0.04,0.02,0.0,0.0,0.18,0.0,0.0,0.0,1
12,tcp,ftp_data,SF,7045,0,0,0,0,0,0,1,0,0,0,0,0,0,0,0,0,0,1,2,0.0,0.0,0.0,0.0,1.0,0.0,1.0,1,20,1.0,0.0,1.0,0.15,0.0,0.0,0.0,0.0,1
1,tcp,ftp,SF,1249,2449,0,0,0,28,0,1,0,0,0,0,0,0,0,0,0,1,1,1,0.0,0.0,0.0,0.0,1.0,0.0,0.0,255,107,0.42,0.02,0.0,0.0,0.0,0.0,0.01,0.0,1
0,udp,domain_u,SF,43,126,0,0,0,0,0,0,0,0,0,0,0,0,0,0,0,0,37,187,0.0,0.0,0.0,0.0,1.0,0.0,0.02,177,196,0.77,0.02,0.68,0.01,0.0,0.0,0.08,0.0,0
5047,tcp,ftp_data,SF,5135678,0,0,0,0,3,0,1,0,0,0,0,0,0,0,0,0,0,1,1,0.0,0.0,0.0,0.0,1.0,0.0,0.0,10,39,1.0,0.0,1.0,0.13,0.0,0.0,0.0,0.0,1
0,tcp,ftp_data,SF,334,0,0,0,0,0,0,1,0,0,0,0,0,0,0,0,0,0,2,2,0.0,0.0,0.0,0.0,1.0,0.0,0.0,8,19,1.0,0.0,1.0,0.11,0.0,0.0,0.0,0.0,1
0,tcp,http,SF,295,1503,0,0,0,0,0,1,0,0,0,0,0,0,0,0,0,0,3,16,0.0,0.0,0.0,0.0,1.0,0.0,0.12,3,255,1.0,0.0,0.33,0.05,0.0,0.0,0.0,0.0,0
0,udp,domain_u,SF,45,45,0,0,0,0,0,0,0,0,0,0,0,0,0,0,0,0,137,137,0.0,0.0,0.0,0.0,1.0,0.0,0.0,255,255,1.0,0.0,0.01,0.0,0.0,0.0,0.0,0.0,0
0,tcp,ftp_data,SF,334,0,0,0,0,0,0,1,0,0,0,0,0,0,0,0,0,0,1,1,0.0,0.0,0.0,0.0,1.0,0.0,0.0,1,13,1.0,0.0,1.0,0.15,0.0,0.0,0.0,0.0,1
0,tcp,http,SF,235,913,0,0,0,0,0,1,0,0,0,0,0,0,0,0,0,0,12,14,0.0,0.0,0.0,0.0,1.0,0.0,0.14,255,255,1.0,0.0,0.0,0.0,0.0,0.0,0.0,0.0,0
0,tcp,http,SF,202,9685,0,0,0,0,0,1,0,0,0,0,0,0,0,0,0,0,4,4,0.0,0.0,0.0,0.0,1.0,0.0,0.0,245,255,1.0,0.0,0.0,0.02,0.01,0.01,0.0,0.0,0
0,udp,domain_u,SF,89,0,0,0,0,0,0,0,0,0,0,0,0,0,0,0,0,0,1,1,0.0,0.0,0.0,0.0,1.0,0.0,0.0,18,8,0.44,0.11,0.44,0.0,0.0,0.0,0.0,0.0,0
5054,tcp,ftp_data,SF,5135678,0,0,0,0,2,0,1,0,0,0,0,0,0,0,0,0,0,1,1,0.0,0.0,0.0,0.0,1.0,0.0,0.0,10,37,1.0,0.0,1.0,0.11,0.0,0.0,0.0,0.0,1
0,tcp,ftp_data,SF,59,0,0,0,0,0,0,1,0,0,0,0,0,0,0,0,0,0,13,13,0.0,0.0,0.0,0.0,1.0,0.0,0.0,19,19,1.0,0.0,1.0,0.0,0.0,0.0,0.0,0.0,0
15161,tcp,ftp,SF,368,1202,0,0,0,6,0,1,0,0,0,0,0,0,0,0,0,1,1,1,0.0,0.0,0.0,0.0,1.0,0.0,0.0,255,5,0.02,0.02,0.0,0.0,0.2,0.0,0.0,0.0,1
0,tcp,http,SF,246,1701,0,0,0,0,0,1,0,0,0,0,0,0,0,0,0,0,13,13,0.0,0.0,0.0,0.0,1.0,0.0,0.0,255,255,1.0,0.0,0.0,0.0,0.0,0.0,0.0,0.0,0
0,tcp,ftp_data,SF,334,0,0,0,0,0,0,1,0,0,0,0,0,0,0,0,0,0,1,1,0.0,0.0,0.0,0.0,1.0,0.0,0.0,225,86,0.36,0.02,0.36,0.02,0.0,0.0,0.0,0.0,1
0,tcp,http,SF,283,1980,0,0,0,0,0,1,0,0,0,0,0,0,0,0,0,0,18,18,0.0,0.0,0.0,0.0,1.0,0.0,0.0,18,255,1.0,0.0,0.06,0.03,0.0,0.0,0.0,0.0,0
0,tcp,http,SF,230,1342,0,0,0,0,0,1,0,0,0,0,0,0,0,0,0,0,14,14,0.0,0.0,0.0,0.0,1.0,0.0,0.0,255,255,1.0,0.0,0.0,0.0,0.0,0.0,0.0,0.0,0
0,udp,domain_u,SF,44,154,0,0,0,0,0,0,0,0,0,0,0,0,0,0,0,0,97,177,0.0,0.0,0.0,0.0,1.0,0.0,0.01,255,255,1.0,0.0,0.0,0.0,0.0,0.0,0.0,0.0,0
0,tcp,ftp_data,SF,7280,0,0,0,0,0,0,1,0,0,0,0,0,0,0,0,0,0,5,5,0.0,0.0,0.0,0.0,1.0,0.0,0.0,12,53,0.92,0.17,0.92,0.04,0.0,0.0,0.0,0.0,0
0,tcp,http,SF,209,1999,0,0,0,0,0,1,0,0,0,0,0,0,0,0,0,0,1,1,0.0,0.0,0.0,0.0,1.0,0.0,0.0,81,255,1.0,0.0,0.01,0.02,0.0,0.0,0.01,0.01,0
0,tcp,smtp,SF,804,438,0,0,0,0,0,1,0,0,0,0,0,0,0,0,0,0,1,1,0.0,0.0,0.0,0.0,1.0,0.0,0.0,40,132,0.52,0.05,0.03,0.02,0.03,0.0,0.0,0.0,0
0,tcp,http,SF,203,171,0,0,0,0,0,1,0,0,0,0,0,0,0,0,0,0,20,20,0.0,0.0,0.0,0.0,1.0,0.0,0.0,236,255,1.0,0.0,0.0,0.01,0.0,0.0,0.0,0.0,0
0,tcp,http,SF,232,2239,0,0,0,0,0,1,0,0,0,0,0,0,0,0,0,0,5,5,0.0,0.0,0.0,0.0,1.0,0.0,0.0,255,248,0.97,0.02,0.0,0.0,0.0,0.0,0.0,0.0,0
0,tcp,http,SF,235,7522,0,0,0,0,0,1,0,0,0,0,0,0,0,0,0,0,3,6,0.0,0.0,0.0,0.0,1.0,0.0,0.33,3,255,1.0,0.0,0.33,0.05,0.0,0.0,0.0,0.0,0
0,tcp,smtp,SF,1985,528,0,0,0,0,0,1,0,0,0,0,0,0,0,0,0,0,1,5,0.0,0.0,0.0,0.0,1.0,0.0,1.0,255,9,0.04,0.01,0.0,0.0,0.0,0.0,0.02,0.0,0
0,tcp,ftp_data,SF,334,0,0,0,0,0,0,1,0,0,0,0,0,0,0,0,0,0,2,2,0.0,0.0,0.0,0.0,1.0,0.0,0.0,7,39,1.0,0.0,1.0,0.13,0.0,0.0,0.0,0.0,1
0,tcp,ftp_data,SF,334,0,0,0,0,0,0,1,0,0,0,0,0,0,0,0,0,0,1,1,0.0,0.0,0.0,0.0,1.0,0.0,0.0,3,27,1.0,0.0,1.0,0.22,0.0,0.04,0.0,0.0,1
6,tcp,smtp,SF,933,330,0,0,0,0,0,1,0,0,0,0,0,0,0,0,0,0,1,2,0.0,0.0,0.0,0.0,1.0,0.0,1.0,94,138,0.49,0.07,0.01,0.01,0.0,0.0,0.0,0.0,0
0,tcp,http,SF,286,616,0,0,0,0,0,1,0,0,0,0,0,0,0,0,0,0,12,12,0.0,0.0,0.0,0.0,1.0,0.0,0.0,12,255,1.0,0.0,0.08,0.03,0.0,0.0,0.0,0.0,0
12,tcp,ftp_data,SF,7045,0,0,0,0,0,0,1,0,0,0,0,0,0,0,0,0,0,2,2,0.0,0.0,0.0,0.0,1.0,0.0,0.0,9,44,1.0,0.0,1.0,0.14,0.0,0.02,0.0,0.0,1
0,udp,domain_u,SF,45,84,0,0,0,0,0,0,0,0,0,0,0,0,0,0,0,0,237,237,0.0,0.0,0.0,0.0,1.0,0.0,0.0,255,254,1.0,0.01,0.0,0.0,0.0,0.0,0.0,0.0,0
0,tcp,http,SF,214,1621,0,0,0,0,0,1,0,0,0,0,0,0,0,0,0,0,5,6,0.0,0.0,0.0,0.0,1.0,0.0,0.33,48,255,1.0,0.0,0.02,0.03,0.0,0.0,0.0,0.0,0
1,tcp,smtp,SF,767,330,0,0,0,0,0,1,0,0,0,0,0,0,0,0,0,0,1,3,0.0,0.0,0.0,0.0,1.0,0.0,1.0,228,165,0.67,0.03,0.0,0.01,0.0,0.01,0.0,0.0,0
0,tcp,http,SF,217,1035,0,0,0,0,0,1,0,0,0,0,0,0,0,0,0,0,34,34,0.0,0.0,0.0,0.0,1.0,0.0,0.0,255,255,1.0,0.0,0.0,0.0,0.0,0.0,0.32,0.32,0
0,tcp,http,SF,193,762,0,0,0,0,0,1,0,0,0,0,0,0,0,0,0,0,4,16,0.0,0.0,0.0,0.0,1.0,0.0,0.12,17,255,1.0,0.0,0.06,0.02,0.0,0.0,0.0,0.0,0
1,udp,ntp_u,SF,48,48,0,0,0,0,0,0,0,0,0,0,0,0,0,0,0,0,2,2,0.0,0.0,0.0,0.0,1.0,0.0,0.0,255,234,0.92,0.01,0.92,0.0,0.0,0.0,0.0,0.0,0
0,udp,domain_u,SF,41,107,0,0,0,0,0,0,0,0,0,0,0,0,0,0,0,0,117,199,0.0,0.0,0.0,0.0,1.0,0.0,0.02,255,255,1.0,0.0,0.0,0.0,0.0,0.0,0.0,0.0,0
0,tcp,ftp_data,SF,334,0,0,0,0,0,0,1,0,0,0,0,0,0,0,0,0,0,2,2,0.0,0.0,0.0,0.0,1.0,0.0,0.0,2,42,1.0,0.0,1.0,0.07,0.0,0.0,0.0,0.0,1
0,udp,domain_u,SF,44,130,0,0,0,0,0,0,0,0,0,0,0,0,0,0,0,0,42,123,0.0,0.0,0.0,0.0,1.0,0.0,0.02,255,225,0.88,0.01,0.0,0.0,0.0,0.0,0.0,0.0,0
0,tcp,http,SF,287,402,0,0,0,0,0,1,0,0,0,0,0,0,0,0,0,0,12,12,0.0,0.0,0.0,0.0,1.0,0.0,0.0,25,255,1.0,0.0,0.04,0.02,0.0,0.0,0.0,0.0,0
0,udp,domain_u,SF,45,130,0,0,0,0,0,0,0,0,0,0,0,0,0,0,0,0,69,284,0.0,0.0,0.0,0.0,1.0,0.0,0.01,127,200,0.88,0.02,0.88,0.01,0.0,0.0,0.09,0.0,0
0,tcp,http,SF,322,4240,0,0,0,0,0,1,0,0,0,0,0,0,0,0,0,0,26,26,0.0,0.0,0.0,0.0,1.0,0.0,0.0,255,255,1.0,0.0,0.0,0.0,0.0,0.0,0.0,0.0,0
0,tcp,http,SF,291,8903,0,0,0,0,0,1,0,0,0,0,0,0,0,0,0,0,8,9,0.0,0.0,0.0,0.0,1.0,0.0,0.22,238,255,1.0,0.0,0.0,0.02,0.0,0.0,0.0,0.0,0
0,tcp,http,SF,254,5806,0,0,0,0,0,1,0,0,0,0,0,0,0,0,0,0,1,24,0.0,0.0,0.0,0.0,1.0,0.0,0.21,255,255,1.0,0.0,0.0,0.0,0.0,0.0,0.0,0.0,0
0,tcp,ftp_data,SF,748,0,0,0,0,0,0,1,0,0,0,9,0,0,0,0,0,0,1,1,0.0,0.0,0.0,0.0,1.0,0.0,0.0,18,109,0.39,0.17,0.39,0.02,0.0,0.0,0.0,0.0,0
16650,udp,other,SF,147,105,0,0,0,0,0,0,0,0,0,0,0,0,0,0,0,0,1,1,0.0,0.0,0.0,0.0,1.0,0.0,0.0,255,3,0.01,0.65,0.92,0.0,0.0,0.0,0.0,0.0,0
0,tcp,http,SF,321,10765,0,0,0,0,0,1,0,0,0,0,0,0,0,0,0,0,1,12,0.0,0.0,0.0,0.0,1.0,0.0,0.25,20,255,1.0,0.0,0.05,0.01,0.0,0.0,0.0,0.0,0
0,tcp,ftp_data,S1,11680,0,0,0,0,0,0,1,0,0,0,0,0,0,0,0,0,0,1,1,1.0,1.0,0.0,0.0,1.0,0.0,0.0,255,51,0.2,0.02,0.2,0.0,0.0,0.02,0.0,0.0,0
0,tcp,http,SF,313,9703,0,0,0,0,0,1,0,0,0,0,0,0,0,0,0,0,50,68,0.0,0.0,0.0,0.0,1.0,0.0,0.04,255,255,1.0,0.0,0.0,0.0,0.0,0.0,0.0,0.0,0
4060,udp,other,SF,146,105,0,0,0,0,0,0,0,0,0,0,0,0,0,0,0,0,1,1,0.0,0.0,0.0,0.0,1.0,0.0,0.0,255,1,0.0,0.63,0.96,0.0,0.0,0.0,0.0,0.0,0
0,udp,domain_u,SF,46,128,0,0,0,0,0,0,0,0,0,0,0,0,0,0,0,0,162,162,0.0,0.0,0.0,0.0,1.0,0.0,0.0,255,255,1.0,0.0,0.0,0.0,0.0,0.0,0.0,0.0,0
5064,tcp,ftp_data,SF,5133876,0,0,0,0,1,0,1,0,0,0,0,0,0,0,0,0,0,1,1,0.0,0.0,0.0,0.0,1.0,0.0,0.0,5,32,1.0,0.0,1.0,0.09,0.0,0.0,0.0,0.0,1
0,udp,domain_u,SF,43,129,0,0,0,0,0,0,0,0,0,0,0,0,0,0,0,0,280,280,0.0,0.0,0.0,0.0,1.0,0.0,0.0,255,251,0.98,0.01,0.0,0.0,0.0,0.0,0.0,0.0,0
0,tcp,http,SF,261,6684,0,0,0,0,0,1,0,0,0,0,0,0,0,0,0,0,1,1,0.0,0.0,0.0,0.0,1.0,0.0,0.0,1,255,1.0,0.0,1.0,0.05,0.0,0.0,0.0,0.0,0
0,tcp,ftp_data,SF,7280,0,0,0,0,0,0,1,0,0,0,0,0,0,0,0,0,0,8,8,0.0,0.0,0.0,0.0,1.0,0.0,0.0,218,48,0.22,0.02,0.22,0.0,0.0,0.0,0.0,0.0,0
0,tcp,http,SF,242,3323,0,0,0,0,0,1,0,0,0,0,0,0,0,0,0,0,6,6,0.0,0.0,0.0,0.0,1.0,0.0,0.0,89,89,1.0,0.0,0.01,0.0,0.0,0.0,0.0,0.0,0
0,tcp,http,SF,221,1749,0,0,0,0,0,1,0,0,0,0,0,0,0,0,0,0,15,16,0.0,0.0,0.0,0.0,1.0,0.0,0.12,31,255,1.0,0.0,0.03,0.06,0.0,0.0,0.0,0.0,0
1,tcp,smtp,SF,1451,330,0,0,0,0,0,1,0,0,0,0,0,0,0,0,0,0,1,2,0.0,0.0,0.0,0.0,1.0,0.0,1.0,110,78,0.71,0.09,0.01,0.0,0.02,0.01,0.0,0.0,0
0,tcp,ftp_data,S1,55480,0,0,0,0,0,0,1,0,0,0,0,0,0,0,0,0,0,8,8,0.12,0.12,0.0,0.0,1.0,0.0,0.0,255,84,0.33,0.06,0.37,0.0,0.02,0.02,0.0,0.0,0
0,tcp,http,SF,280,9335,0,0,0,0,0,1,0,0,0,0,0,0,0,0,0,0,12,12,0.0,0.0,0.0,0.0,1.0,0.0,0.0,36,255,1.0,0.0,0.03,0.03,0.0,0.0,0.0,0.01,0
2,tcp,ftp,SF,1222,2451,0,0,0,28,0,1,0,0,0,0,0,0,0,0,0,1,1,1,0.0,0.0,0.0,0.0,1.0,0.0,0.0,255,103,0.4,0.02,0.0,0.0,0.0,0.0,0.0,0.0,1
0,tcp,http,SF,233,636,0,0,0,0,0,1,0,0,0,0,0,0,0,0,0,0,4,8,0.0,0.0,0.0,0.0,1.0,0.0,0.25,40,255,1.0,0.0,0.03,0.01,0.0,0.01,0.0,0.0,0
1,tcp,smtp,SF,681,391,0,0,0,0,0,1,0,0,0,0,0,0,0,0,0,0,1,2,0.0,0.0,0.0,0.0,1.0,0.0,1.0,32,181,0.28,0.09,0.03,0.01,0.03,0.0,0.0,0.0,0
0,tcp,ftp_data,SF,334,0,0,0,0,0,0,1,0,0,0,0,0,0,0,0,0,0,2,2,0.0,0.0,0.0,0.0,1.0,0.0,0.0,2,2,1.0,0.0,1.0,0.0,0.0,0.0,0.0,0.0,1
364,udp,other,SF,145,105,0,0,0,0,0,0,0,0,0,0,0,0,0,0,0,0,2,2,0.0,0.0,0.0,0.0,1.0,0.0,0.0,255,4,0.02,0.22,0.39,0.0,0.0,0.0,0.0,0.0,0
0,udp,domain_u,SF,43,43,0,0,0,0,0,0,0,0,0,0,0,0,0,0,0,0,133,132,0.0,0.0,0.0,0.0,0.99,0.02,0.0,255,254,1.0,0.01,0.0,0.0,0.0,0.0,0.0,0.0,0
0,tcp,ftp_data,SF,641,0,0,0,0,0,0,1,0,0,0,0,0,0,0,0,0,0,2,2,0.0,0.0,0.0,0.0,1.0,0.0,0.0,214,81,0.38,0.03,0.38,0.0,0.0,0.0,0.0,0.0,0
0,tcp,ftp_data,SF,334,0,0,0,0,0,0,1,0,0,0,0,0,0,0,0,0,0,2,2,0.0,0.0,0.0,0.0,1.0,0.0,0.0,4,24,1.0,0.0,1.0,0.12,0.0,0.0,0.0,0.0,1
0,tcp,http,SF,205,2418,0,0,0,0,0,1,0,0,0,0,0,0,0,0,0,0,12,13,0.0,0.0,0.0,0.0,1.0,0.0,0.15,12,255,1.0,0.0,0.08,0.04,0.0,0.0,0.0,0.0,0
0,tcp,http,SF,170,5313,0,0,0,0,0,1,0,0,0,0,0,0,0,0,0,0,3,3,0.0,0.0,0.0,0.0,1.0,0.0,0.0,36,255,1.0,0.0,0.03,0.03,0.0,0.0,0.0,0.0,0
0,tcp,http,SF,230,12691,0,0,0,0,0,1,0,0,0,0,0,0,0,0,0,0,1,1,0.0,0.0,0.0,0.0,1.0,0.0,0.0,37,37,1.0,0.0,0.03,0.0,0.0,0.0,0.0,0.0,0
0,udp,domain_u,SF,46,132,0,0,0,0,0,0,0,0,0,0,0,0,0,0,0,0,207,284,0.0,0.0,0.0,0.0,1.0,0.01,0.01,209,170,0.81,0.01,0.0,0.0,0.0,0.0,0.0,0.0,0
2230,udp,other,SF,146,105,0,0,0,0,0,0,0,0,0,0,0,0,0,0,0,0,2,1,0.0,0.0,0.0,0.0,0.5,1.0,0.0,255,3,0.01,0.67,0.96,0.0,0.0,0.0,0.0,0.0,0
0,tcp,ftp_data,SF,151,0,0,0,0,0,0,0,0,0,0,0,0,0,0,0,0,0,1,1,0.0,0.0,0.0,0.0,1.0,0.0,0.0,255,45,0.18,0.5,0.18,0.0,0.5,0.0,0.0,0.0,0
0,tcp,ftp_data,SF,334,0,0,0,0,0,0,1,0,0,0,0,0,0,0,0,0,0,2,2,0.0,0.0,0.0,0.0,1.0,0.0,0.0,6,10,1.0,0.0,1.0,0.3,0.0,0.0,0.0,0.0,1
4,tcp,ftp_data,SF,832,0,0,0,0,0,0,1,0,0,0,0,0,0,0,0,0,0,1,1,0.0,0.0,0.0,0.0,1.0,0.0,0.0,3,33,1.0,0.0,1.0,0.15,0.0,0.0,0.0,0.0,1
2,tcp,ftp,SF,1250,2451,0,0,0,28,0,1,0,0,0,0,0,0,0,0,0,1,1,1,0.0,0.0,0.0,0.0,1.0,0.0,0.0,255,135,0.53,0.02,0.01,0.0,0.0,0.0,0.0,0.0,1
0,tcp,http,SF,225,1247,0,0,0,0,0,1,0,0,0,0,0,0,0,0,0,0,5,5,0.0,0.0,0.0,0.0,1.0,0.0,0.0,255,255,1.0,0.0,0.0,0.0,0.0,0.0,0.0,0.0,0
0,tcp,http,SF,222,602,0,0,0,0,0,1,0,0,0,0,0,0,0,0,0,0,1,4,0.0,0.0,0.0,0.0,1.0,0.0,0.5,255,255,1.0,0.0,0.0,0.0,0.0,0.0,0.0,0.0,0
0,tcp,telnet,RSTO,0,0,0,0,0,0,0,0,0,0,0,0,0,0,0,0,0,0,1,1,0.0,0.0,1.0,1.0,1.0,0.0,0.0,245,17,0.07,0.02,0.0,0.0,0.0,0.0,0.04,0.12,0
0,tcp,http,SF,318,4214,0,0,0,0,0,1,0,0,0,0,0,0,0,0,0,0,6,6,0.0,0.0,0.0,0.0,1.0,0.0,0.0,255,255,1.0,0.0,0.0,0.0,0.0,0.0,0.0,0.0,0
0,tcp,ftp_data,SF,334,0,0,0,0,0,0,1,0,0,0,0,0,0,0,0,0,0,2,2,0.0,0.0,0.0,0.0,1.0,0.0,0.0,2,21,1.0,0.0,1.0,0.14,0.0,0.0,0.0,0.0,1
0,tcp,http,SF,212,771,0,0,0,0,0,1,0,0,0,0,0,0,0,0,0,0,22,22,0.0,0.0,0.0,0.0,1.0,0.0,0.0,104,255,1.0,0.0,0.01,0.05,0.0,0.0,0.0,0.0,0
0,tcp,http,SF,271,583,0,0,0,0,0,1,0,0,0,0,0,0,0,0,0,0,5,5,0.0,0.0,0.0,0.0,1.0,0.0,0.0,23,255,1.0,0.0,0.04,0.01,0.0,0.0,0.0,0.0,0
0,tcp,ftp_data,SF,1153,0,0,0,0,0,0,1,0,0,0,0,0,0,0,0,0,0,2,2,0.0,0.0,0.0,0.0,1.0,0.0,0.0,255,106,0.42,0.03,0.42,0.0,0.01,0.01,0.0,0.0,0
0,tcp,http,REJ,0,0,0,0,0,0,0,0,0,0,0,0,0,0,0,0,0,0,17,17,0.0,0.0,0.76,0.76,1.0,0.0,0.0,36,116,1.0,0.0,0.03,0.17,0.0,0.0,0.89,0.97,0
0,udp,domain_u,SF,45,45,0,0,0,0,0,0,0,0,0,0,0,0,0,0,0,0,161,241,0.0,0.0,0.0,0.0,0.99,0.01,0.01,255,254,1.0,0.01,0.01,0.0,0.0,0.0,0.0,0.0,0
0,tcp,http,SF,217,923,0,0,0,0,0,1,0,0,0,0,0,0,0,0,0,0,4,7,0.0,0.0,0.0,0.0,1.0,0.0,0.29,4,255,1.0,0.0,0.25,0.03,0.0,0.0,0.0,0.0,0
0,udp,domain_u,SF,44,67,0,0,0,0,0,0,0,0,0,0,0,0,0,0,0,0,176,176,0.0,0.0,0.0,0.0,1.0,0.0,0.0,255,255,1.0,0.0,0.0,0.0,0.0,0.0,0.0,0.0,0
0,tcp,http,REJ,0,0,0,0,0,0,0,0,0,0,0,0,0,0,0,0,0,0,1,9,0.0,0.0,1.0,0.22,1.0,0.0,0.33,6,255,1.0,0.0,0.17,0.15,0.0,0.0,1.0,0.79,0
0,tcp,http,SF,216,7925,0,0,0,0,0,1,0,0,0,0,0,0,0,0,0,0,4,11,0.0,0.0,0.0,0.0,1.0,0.0,0.27,145,255,1.0,0.0,0.01,0.03,0.0,0.0,0.0,0.0,0
0,tcp,http,SF,216,1180,0,0,0,0,0,1,0,0,0,0,0,0,0,0,0,0,13,13,0.0,0.0,0.0,0.0,1.0,0.0,0.0,148,201,1.0,0.0,0.01,0.05,0.0,0.0,0.0,0.0,0
0,tcp,http,SF,276,4721,0,0,0,0,0,1,0,0,0,0,0,0,0,0,0,0,10,10,0.0,0.0,0.0,0.0,1.0,0.0,0.0,34,255,1.0,0.0,0.03,0.03,0.0,0.0,0.0,0.0,0
0,udp,domain_u,SF,43,126,0,0,0,0,0,0,0,0,0,0,0,0,0,0,0,0,139,221,0.0,0.0,0.0,0.0,1.0,0.0,0.02,255,254,1.0,0.01,0.0,0.0,0.0,0.0,0.0,0.0,0
0,tcp,http,SF,356,2254,0,0,0,0,0,1,0,0,0,0,0,0,0,0,0,0,3,3,0.0,0.0,0.0,0.0,1.0,0.0,0.0,30,255,1.0,0.0,0.03,0.04,0.0,0.0,0.0,0.0,0
0,tcp,http,SF,341,9041,0,0,0,0,0,1,0,0,0,0,0,0,0,0,0,0,1,1,0.0,0.0,0.0,0.0,1.0,0.0,0.0,29,255,1.0,0.0,0.03,0.2,0.0,0.0,0.52,0.84,0
0,tcp,ftp_data,SF,334,0,0,0,0,0,0,1,0,0,0,0,0,0,0,0,0,0,2,2,0.0,0.0,0.0,0.0,1.0,0.0,0.0,4,38,1.0,0.0,1.0,0.05,0.0,0.0,0.0,0.0,1
0,tcp,http,SF,181,5721,0,0,0,0,0,1,0,0,0,0,0,0,0,0,0,0,9,9,0.0,0.0,0.0,0.0,1.0,0.0,0.0,255,255,1.0,0.0,0.0,0.0,0.0,0.0,0.0,0.0,0
0,tcp,ftp_data,SF,334,0,0,0,0,0,0,1,0,0,0,0,0,0,0,0,0,0,2,2,0.0,0.0,0.0,0.0,1.0,0.0,0.0,8,34,1.0,0.0,1.0,0.18,0.0,0.0,0.0,0.0,1
0,tcp,http,SF,320,506,0,0,0,0,0,1,0,0,0,0,0,0,0,0,0,0,26,48,0.0,0.0,0.0,0.0,1.0,0.0,0.1,255,255,1.0,0.0,0.0,0.0,0.0,0.0,0.0,0.0,0
0,tcp,http,SF,307,857,0,0,0,0,0,1,0,0,0,0,0,0,0,0,0,0,7,7,0.0,0.0,0.0,0.0,1.0,0.0,0.0,7,255,1.0,0.0,0.14,0.02,0.0,0.0,0.0,0.0,0
0,tcp,http,REJ,0,0,0,0,0,0,0,0,0,0,0,0,0,0,0,0,0,0,1,1,0.0,0.0,1.0,1.0,1.0,0.0,0.0,8,255,1.0,0.0,0.12,0.07,0.0,0.0,1.0,0.93,0
0,udp,domain_u,SF,45,142,0,0,0,0,0,0,0,0,0,0,0,0,0,0,0,0,171,237,0.0,0.0,0.0,0.0,0.99,0.01,0.01,255,238,0.93,0.02,0.0,0.0,0.0,0.0,0.0,0.0,0
0,tcp,http,SF,293,8212,0,0,0,0,0,1,0,0,0,0,0,0,0,0,0,0,10,14,0.0,0.0,0.0,0.0,1.0,0.0,0.21,64,255,1.0,0.0,0.02,0.06,0.0,0.0,0.0,0.0,0
0,tcp,http,SF,232,1534,0,0,0,0,0,1,0,0,0,0,0,0,0,0,0,0,3,4,0.0,0.0,0.0,0.0,1.0,0.0,0.5,67,255,1.0,0.0,0.01,0.05,0.0,0.0,0.0,0.0,0
0,icmp,eco_i,SF,30,0,0,0,0,0,0,0,0,0,0,0,0,0,0,0,0,0,1,1,0.0,0.0,0.0,0.0,1.0,0.0,0.0,16,122,1.0,0.0,1.0,0.44,0.0,0.0,0.0,0.0,0
0,udp,private,SF,103,143,0,0,0,0,0,0,0,0,0,0,0,0,0,0,0,0,1,1,0.0,0.0,0.0,0.0,1.0,0.0,0.0,255,253,0.99,0.01,0.0,0.0,0.0,0.0,0.0,0.0,0
1665,udp,other,SF,146,105,0,0,0,0,0,0,0,0,0,0,0,0,0,0,0,0,2,2,0.0,0.0,0.0,0.0,1.0,0.0,0.0,182,2,0.01,0.49,0.84,0.0,0.0,0.0,0.0,0.0,0
5932,udp,other,SF,146,105,0,0,0,0,0,0,0,0,0,0,0,0,0,0,0,0,2,1,0.0,0.0,0.0,0.0,0.5,1.0,0.0,255,2,0.01,0.51,0.83,0.0,0.0,0.0,0.0,0.0,0
0,udp,private,SF,105,147,0,0,0,0,0,0,0,0,0,0,0,0,0,0,0,0,9,2,0.0,0.0,0.0,0.0,0.22,0.33,0.0,255,243,0.95,0.01,0.01,0.0,0.0,0.0,0.0,0.0,0
0,tcp,http,SF,314,365,0,0,0,0,0,1,0,0,0,0,0,0,0,0,0,0,28,28,0.0,0.0,0.0,0.0,1.0,0.0,0.0,60,255,1.0,0.0,0.02,0.01,0.0,0.0,0.0,0.0,0
0,udp,domain_u,SF,46,46,0,0,0,0,0,0,0,0,0,0,0,0,0,0,0,0,18,23,0.0,0.0,0.0,0.0,1.0,0.0,0.09,255,255,1.0,0.0,0.01,0.0,0.0,0.0,0.0,0.0,0
0,tcp,http,SF,189,2080,0,0,0,0,0,1,0,0,0,0,0,0,0,0,0,0,1,1,0.0,0.0,0.0,0.0,1.0,0.0,0.0,255,246,0.96,0.01,0.0,0.0,0.0,0.0,0.0,0.0,0
0,tcp,http,SF,210,182,0,0,0,0,0,1,0,0,0,0,0,0,0,0,0,0,16,18,0.0,0.0,0.0,0.0,1.0,0.0,0.11,159,255,1.0,0.0,0.01,0.01,0.0,0.0,0.0,0.0,0
0,tcp,http,SF,295,7412,0,0,0,0,0,1,0,0,0,0,0,0,0,0,0,0,4,6,0.0,0.0,0.0,0.0,1.0,0.0,0.33,20,255,1.0,0.0,0.05,0.01,0.0,0.0,0.0,0.02,0
0,tcp,http,SF,238,2997,0,0,0,0,0,1,0,0,0,0,0,0,0,0,0,0,2,52,0.0,0.0,0.0,0.0,1.0,0.0,0.1,70,255,1.0,0.0,0.01,0.02,0.0,0.0,0.0,0.0,0
0,tcp,http,SF,221,1183,0,0,0,0,0,1,0,0,0,0,0,0,0,0,0,0,30,32,0.0,0.0,0.0,0.0,1.0,0.0,0.06,89,252,1.0,0.0,0.01,0.06,0.01,0.01,0.0,0.0,0
0,tcp,http,SF,272,520,0,0,0,0,0,1,0,0,0,0,0,0,0,0,0,0,1,6,0.0,0.0,0.0,0.0,1.0,0.0,0.33,27,255,1.0,0.0,0.04,0.05,0.0,0.0,0.0,0.0,0
0,udp,domain_u,SF,34,0,0,0,0,0,0,0,0,0,0,0,0,0,0,0,0,0,1,2,0.0,0.0,0.0,0.0,1.0,0.0,1.0,21,29,0.24,0.19,0.24,0.07,0.0,0.0,0.0,0.0,0
2,tcp,smtp,S2,1070,327,0,0,0,0,0,1,0,0,0,0,0,0,0,0,0,0,1,1,1.0,1.0,0.0,0.0,1.0,0.0,0.0,67,98,0.36,0.04,0.01,0.02,0.01,0.02,0.0,0.0,0
0,tcp,http,SF,301,1380,0,0,0,0,0,1,0,0,0,0,0,0,0,0,0,0,5,5,0.0,0.0,0.0,0.0,1.0,0.0,0.0,255,247,0.97,0.01,0.0,0.0,0.0,0.0,0.0,0.0,0
0,tcp,http,SF,307,4058,0,0,0,0,0,1,0,0,0,0,0,0,0,0,0,0,7,14,0.0,0.0,0.0,0.0,1.0,0.0,0.14,24,255,1.0,0.0,0.04,0.02,0.0,0.0,0.0,0.0,0
0,tcp,http,SF,173,14517,0,0,0,0,0,1,0,0,0,0,0,0,0,0,0,0,1,9,0.0,0.0,0.0,0.0,1.0,0.0,0.22,186,255,1.0,0.0,0.01,0.01,0.0,0.0,0.0,0.0,0
0,tcp,ftp_data,SF,334,0,0,0,0,0,0,1,0,0,0,0,0,0,0,0,0,0,2,2,0.0,0.0,0.0,0.0,1.0,0.0,0.0,4,47,1.0,0.0,1.0,0.13,0.0,0.0,0.0,0.0,1
0,tcp,ftp,SF,1235,2449,0,0,0,28,0,1,0,0,0,0,0,0,0,0,0,1,1,1,0.0,0.0,0.0,0.0,1.0,0.0,0.0,176,4,0.02,0.03,0.01,0.0,0.01,0.0,0.01,0.0,1
0,tcp,http,SF,356,238,0,0,0,0,0,1,0,0,0,0,0,0,0,0,0,0,1,38,0.0,0.0,0.0,0.0,1.0,0.0,0.11,3,253,1.0,0.0,0.33,0.21,0.0,0.0,0.0,0.8,0
0,udp,domain_u,SF,46,46,0,0,0,0,0,0,0,0,0,0,0,0,0,0,0,0,13,25,0.0,0.0,0.0,0.0,1.0,0.0,0.12,255,254,1.0,0.01,0.0,0.0,0.0,0.0,0.0,0.0,0
0,tcp,http,SF,226,1041,0,0,0,0,0,1,0,0,0,0,0,0,0,0,0,0,2,2,0.0,0.0,0.0,0.0,1.0,0.0,0.0,55,255,1.0,0.0,0.02,0.05,0.0,0.0,0.0,0.0,0
0,tcp,http,SF,352,788,0,0,0,0,0,1,0,0,0,0,0,0,0,0,0,0,6,6,0.0,0.0,0.0,0.0,1.0,0.0,0.0,255,255,1.0,0.0,0.0,0.0,0.0,0.0,0.0,0.0,0
0,tcp,ftp_data,SF,374,0,0,0,0,0,0,1,0,0,0,0,0,0,0,0,0,0,6,6,0.0,0.0,0.0,0.0,1.0,0.0,0.0,255,86,0.34,0.02,0.34,0.0,0.0,0.0,0.0,0.0,0
0,tcp,finger,SF,8,147,0,0,0,0,0,0,0,0,0,0,0,0,0,0,0,0,3,1,0.0,0.0,0.0,0.0,0.33,0.67,0.0,110,10,0.05,0.04,0.01,0.2,0.17,0.0,0.0,0.0,0
0,tcp,http,SF,223,682,0,0,0,0,0,1,0,0,0,0,0,0,0,0,0,0,26,27,0.0,0.0,0.0,0.0,1.0,0.0,0.07,255,255,1.0,0.0,0.0,0.0,0.0,0.0,0.0,0.0,0
0,tcp,http,SF,325,616,0,0,0,0,0,1,0,0,0,0,0,0,0,0,0,0,21,21,0.0,0.0,0.0,0.0,1.0,0.0,0.0,255,255,1.0,0.0,0.0,0.0,0.0,0.0,0.0,0.0,0
0,tcp,ftp_data,SF,334,0,0,0,0,0,0,1,0,0,0,0,0,0,0,0,0,0,2,2,0.0,0.0,0.0,0.0,1.0,0.0,0.0,2,27,1.0,0.0,1.0,0.22,0.0,0.04,0.0,0.0,1
0,tcp,http,SF,320,1899,0,0,0,0,0,1,0,0,0,0,0,0,0,0,0,0,6,14,0.0,0.0,0.0,0.0,1.0,0.0,0.14,36,255,1.0,0.0,0.03,0.08,0.0,0.0,0.0,0.0,0
0,tcp,http,SF,275,316,0,0,0,0,0,1,0,0,0,0,0,0,0,0,0,0,9,11,0.0,0.0,0.0,0.0,1.0,0.0,0.18,140,255,1.0,0.0,0.01,0.01,0.0,0.0,0.0,0.0,0
0,tcp,ftp_data,SF,334,0,0,0,0,0,0,1,0,0,0,0,0,0,0,0,0,0,2,2,0.0,0.0,0.0,0.0,1.0,0.0,0.0,6,41,1.0,0.0,1.0,0.15,0.0,0.0,0.0,0.0,1
0,tcp,http,SF,221,2622,0,0,0,0,0,1,0,0,0,0,0,0,0,0,0,0,4,4,0.0,0.0,0.0,0.0,1.0,0.0,0.0,8,255,1.0,0.0,0.12,0.03,0.0,0.0,0.0,0.0,0
0,udp,domain_u,SF,44,77,0,0,0,0,0,0,0,0,0,0,0,0,0,0,0,0,121,123,0.0,0.0,0.0,0.0,1.0,0.0,0.02,255,227,0.89,0.01,0.01,0.0,0.0,0.0,0.0,0.0,0
0,tcp,http,SF,275,722,0,0,0,0,0,1,0,0,0,0,0,0,0,0,0,0,7,7,0.0,0.0,0.0,0.0,1.0,0.0,0.0,23,255,1.0,0.0,0.04,0.04,0.0,0.0,0.0,0.0,0
0,tcp,http,SF,270,1434,0,0,0,0,0,1,0,0,0,0,0,0,0,0,0,0,4,8,0.0,0.0,0.0,0.0,1.0,0.0,0.25,28,255,1.0,0.0,0.04,0.01,0.0,0.0,0.0,0.0,0
0,tcp,http,SF,211,1441,0,0,0,0,0,1,0,0,0,0,0,0,0,0,0,0,6,7,0.0,0.0,0.0,0.0,1.0,0.0,0.29,6,34,1.0,0.0,0.17,0.09,0.0,0.0,0.0,0.0,0
1,tcp,ftp,SF,1208,2449,0,0,0,28,0,1,0,0,0,0,0,0,0,0,0,1,1,1,0.0,0.0,0.0,0.0,1.0,0.0,0.0,123,21,0.17,0.05,0.01,0.0,0.02,0.0,0.07,0.0,1
0,tcp,http,SF,351,9114,0,0,0,0,0,1,0,0,0,0,0,0,0,0,0,0,6,6,0.0,0.0,0.0,0.0,1.0,0.0,0.0,48,255,1.0,0.0,0.02,0.03,0.0,0.0,0.0,0.0,0
0,tcp,http,SF,287,896,0,0,0,0,0,1,0,0,0,0,0,0,0,0,0,0,15,18,0.0,0.06,0.0,0.0,1.0,0.0,0.22,45,255,1.0,0.0,0.02,0.04,0.0,0.0,0.0,0.0,0
4,tcp,ftp_data,SF,832,0,0,0,0,0,0,1,0,0,0,0,0,0,0,0,0,0,1,2,0.0,0.0,0.0,0.0,1.0,0.0,1.0,17,52,1.0,0.0,1.0,0.12,0.0,0.02,0.0,0.0,1
2,tcp,smtp,SF,1379,370,0,0,0,0,0,1,0,0,0,0,0,0,0,0,0,0,1,2,0.0,0.0,0.0,0.0,1.0,0.0,1.0,2,118,0.5,1.0,0.5,0.02,0.0,0.35,0.0,0.0,0
0,udp,domain_u,SF,44,129,0,0,0,0,0,0,0,0,0,0,0,0,0,0,0,0,124,204,0.0,0.0,0.0,0.0,0.99,0.02,0.01,255,254,1.0,0.01,0.0,0.0,0.0,0.0,0.0,0.0,0
0,udp,other,SF,147,0,0,0,0,0,0,0,0,0,0,0,0,0,0,0,0,0,4,1,0.0,0.0,0.0,0.0,0.25,0.75,0.0,255,1,0.0,0.53,0.95,0.0,0.0,0.0,0.0,0.0,0
0,udp,domain_u,SF,44,44,0,0,0,0,0,0,0,0,0,0,0,0,0,0,0,0,92,172,0.0,0.0,0.0,0.0,1.0,0.0,0.01,255,255,1.0,0.0,0.01,0.0,0.0,0.0,0.0,0.0,0
0,tcp,http,REJ,0,0,0,0,0,0,0,0,0,0,0,0,0,0,0,0,0,0,1,1,0.0,0.0,1.0,1.0,1.0,0.0,0.0,34,71,1.0,0.0,0.03,0.15,0.0,0.0,1.0,1.0,0
0,tcp,http,SF,299,4231,0,0,0,0,0,1,0,0,0,0,0,0,0,0,0,0,14,14,0.0,0.0,0.0,0.0,1.0,0.0,0.0,49,255,1.0,0.0,0.02,0.03,0.0,0.0,0.0,0.0,0
0,tcp,ftp_data,SF,334,0,0,0,0,0,0,1,0,0,0,0,0,0,0,0,0,0,1,1,0.0,0.0,0.0,0.0,1.0,0.0,0.0,6,43,1.0,0.0,1.0,0.12,0.0,0.0,0.0,0.0,1
0,tcp,http,SF,235,466,0,0,0,0,0,1,0,0,0,0,0,0,0,0,0,0,1,4,0.0,0.0,0.0,0.0,1.0,0.0,0.5,19,255,1.0,0.0,0.05,0.03,0.05,0.02,0.16,0.02,0
0,tcp,http,SF,274,760,0,0,0,0,0,1,0,0,0,0,0,0,0,0,0,0,3,15,0.0,0.0,0.0,0.0,1.0,0.0,0.27,99,255,1.0,0.0,0.01,0.02,0.0,0.0,0.0,0.0,0
0,tcp,other,SF,59,0,0,0,0,0,0,1,0,0,0,0,0,0,0,0,0,0,16,1,0.06,0.0,0.0,0.0,0.06,0.19,0.0,57,1,0.02,0.12,0.39,0.0,0.02,0.0,0.0,0.0,0
0,tcp,smtp,SF,1048,337,0,0,0,0,0,1,0,0,0,0,0,0,0,0,0,0,1,1,0.0,0.0,0.0,0.0,1.0,0.0,0.0,93,127,0.59,0.06,0.01,0.02,0.0,0.0,0.0,0.0,0
0,tcp,http,SF,347,7333,0,0,0,0,0,1,0,0,0,0,0,0,0,0,0,0,7,7,0.0,0.0,0.0,0.0,1.0,0.0,0.0,255,255,1.0,0.0,0.0,0.0,0.0,0.0,0.0,0.0,0
0,tcp,http,SF,202,40613,0,0,0,1,0,1,0,1,0,0,0,0,0,0,0,0,8,8,0.0,0.0,0.0,0.0,1.0,0.0,0.0,80,255,1.0,0.0,0.01,0.03,0.0,0.0,0.0,0.0,0
36,tcp,http,SF,295,182,0,0,0,0,0,1,0,0,0,0,0,0,0,0,0,0,1,1,0.0,0.0,0.0,0.0,1.0,0.0,0.0,3,255,1.0,0.0,0.33,0.11,0.0,0.0,0.0,0.0,0
0,tcp,smtp,SF,1512,328,0,0,0,0,0,1,0,0,0,0,0,0,0,0,0,0,2,2,0.0,0.0,0.0,0.0,1.0,0.0,0.0,207,245,0.96,0.01,0.0,0.01,0.0,0.0,0.0,0.0,0
0,tcp,http,SF,229,15487,0,0,0,0,0,1,0,0,0,0,0,0,0,0,0,0,3,5,0.0,0.0,0.0,0.0,1.0,0.0,0.4,6,255,1.0,0.0,0.17,0.02,0.0,0.0,0.0,0.0,0
0,udp,domain_u,SF,43,43,0,0,0,0,0,0,0,0,0,0,0,0,0,0,0,0,237,237,0.0,0.0,0.0,0.0,1.0,0.0,0.0,255,255,1.0,0.0,0.0,0.0,0.0,0.0,0.0,0.0,0
0,icmp,urp_i,SF,78,0,0,0,0,0,0,0,0,0,0,0,0,0,0,0,0,0,52,7,0.0,0.0,0.0,0.0,0.13,0.04,0.0,224,7,0.03,0.02,0.04,0.0,0.0,0.0,0.0,0.0,0
0,tcp,http,SF,208,16287,0,0,0,0,0,1,0,0,0,0,0,0,0,0,0,0,8,8,0.0,0.0,0.0,0.0,1.0,0.0,0.0,8,255,1.0,0.0,0.12,0.01,0.0,0.0,0.0,0.0,0
0,tcp,http,REJ,0,0,0,0,0,0,0,0,0,0,0,0,0,0,0,0,0,0,1,1,0.0,0.0,1.0,1.0,1.0,0.0,0.0,4,251,1.0,0.0,0.25,0.08,0.0,0.0,1.0,0.99,0
0,tcp,http,SF,277,2253,0,0,0,0,0,1,0,0,0,0,0,0,0,0,0,0,17,17,0.0,0.0,0.0,0.0,1.0,0.0,0.0,17,255,1.0,0.0,0.06,0.04,0.0,0.01,0.0,0.0,0
0,tcp,http,SF,149,7608,0,0,0,0,0,1,0,0,0,0,0,0,0,0,0,0,6,6,0.0,0.0,0.0,0.0,1.0,0.0,0.0,6,255,1.0,0.0,0.17,0.02,0.0,0.0,0.0,0.0,0
0,tcp,http,SF,225,318,0,0,0,0,0,1,0,0,0,0,0,0,0,0,0,0,2,12,0.0,0.0,0.0,0.0,1.0,0.0,0.25,53,255,1.0,0.0,0.02,0.03,0.0,0.01,0.0,0.01,0
0,tcp,smtp,SF,2449,330,0,0,0,0,0,1,0,0,0,0,0,0,0,0,0,0,1,1,0.0,0.0,0.0,0.0,1.0,0.0,0.0,2,2,1.0,0.0,0.5,0.0,0.0,0.0,0.0,0.0,0
0,tcp,ftp_data,SF,334,0,0,0,0,0,0,1,0,0,0,0,0,0,0,0,0,0,1,1,0.0,0.0,0.0,0.0,1.0,0.0,0.0,9,19,1.0,0.0,1.0,0.21,0.0,0.0,0.0,0.0,1
0,tcp,http,SF,194,5571,0,0,0,0,0,1,0,0,0,0,0,0,0,0,0,0,9,9,0.0,0.0,0.0,0.0,1.0,0.0,0.0,255,255,1.0,0.0,0.0,0.0,0.0,0.0,0.0,0.0,0
0,tcp,ftp,SF,1245,2451,0,0,0,28,0,1,0,0,0,0,0,0,0,0,0,1,1,1,0.0,0.0,0.0,0.0,1.0,0.0,0.0,217,45,0.21,0.02,0.0,0.0,0.0,0.0,0.01,0.0,1
0,tcp,http,SF,151,787,0,0,0,1,0,1,0,0,0,0,0,0,0,0,0,0,1,1,0.0,0.0,0.0,0.0,1.0,0.0,0.0,4,255,1.0,0.0,0.25,0.04,0.0,0.0,0.0,0.0,0
66,tcp,http,SF,254,274,0,0,0,0,0,1,0,0,0,0,0,0,0,0,0,0,2,2,0.0,0.0,0.0,0.0,1.0,0.0,0.0,255,253,0.99,0.01,0.0,0.0,0.0,0.0,0.02,0.02,0
0,tcp,ftp,SF,1268,2453,0,0,0,28,0,1,0,0,0,0,0,0,0,0,0,1,1,1,0.0,0.0,0.0,0.0,1.0,0.0,0.0,255,51,0.2,0.02,0.0,0.0,0.02,0.0,0.0,0.0,1
1,tcp,ftp,SF,1231,2451,0,0,0,28,0,1,0,0,0,0,0,0,0,0,0,1,1,1,0.0,0.0,0.0,0.0,1.0,0.0,0.0,255,122,0.48,0.02,0.0,0.0,0.0,0.0,0.01,0.0,1
1,tcp,smtp,SF,851,325,0,0,0,0,0,1,0,0,0,0,0,0,0,0,0,0,1,2,0.0,0.0,0.0,0.0,1.0,0.0,1.0,49,189,0.73,0.08,0.02,0.01,0.0,0.0,0.0,0.0,0
0,tcp,http,SF,289,670,0,0,0,0,0,1,0,0,0,0,0,0,0,0,0,0,4,4,0.0,0.0,0.0,0.0,1.0,0.0,0.0,255,255,1.0,0.0,0.0,0.0,0.0,0.0,0.0,0.0,0
0,tcp,telnet,RSTO,126,179,0,0,0,1,1,0,0,0,0,0,0,0,0,0,0,0,1,1,0.0,0.0,1.0,1.0,1.0,0.0,0.0,28,28,1.0,0.0,0.04,0.0,0.07,0.07,0.93,0.93,1
0,tcp,http,SF,224,1160,0,0,0,0,0,1,0,0,0,0,0,0,0,0,0,0,7,7,0.0,0.0,0.0,0.0,1.0,0.0,0.0,255,255,1.0,0.0,0.0,0.0,0.0,0.0,0.0,0.0,0
41,tcp,imap4,SF,1334,162,0,0,0,0,0,0,0,0,0,0,0,0,0,0,0,0,1,1,0.0,0.0,0.0,0.0,1.0,0.0,0.0,5,5,1.0,0.0,0.2,0.0,0.4,0.4,0.0,0.0,1
0,tcp,ftp_data,SF,4539,0,0,0,0,0,0,0,0,0,0,0,0,0,0,0,0,0,20,20,0.0,0.0,0.0,0.0,1.0,0.0,0.0,255,58,0.23,0.02,0.23,0.0,0.0,0.0,0.0,0.0,0
0,tcp,http,SF,304,3222,0,0,0,0,0,1,0,0,0,0,0,0,0,0,0,0,6,6,0.0,0.0,0.0,0.0,1.0,0.0,0.0,255,240,0.94,0.01,0.0,0.0,0.0,0.0,0.0,0.0,0
0,tcp,http,SF,309,1846,0,0,0,0,0,1,0,0,0,0,0,0,0,0,0,0,9,9,0.0,0.0,0.0,0.0,1.0,0.0,0.0,31,255,1.0,0.0,0.03,0.01,0.0,0.0,0.0,0.0,0
0,tcp,smtp,SF,910,336,0,0,0,0,0,1,0,0,0,0,0,0,0,0,0,0,1,1,0.0,0.0,0.0,0.0,1.0,0.0,0.0,124,183,0.73,0.05,0.01,0.01,0.0,0.0,0.0,0.0,0
0,tcp,http,SF,335,2306,0,0,0,0,0,1,0,0,0,0,0,0,0,0,0,0,7,7,0.0,0.0,0.0,0.0,1.0,0.0,0.0,42,255,1.0,0.0,0.02,0.04,0.0,0.0,0.0,0.0,0
0,tcp,http,SF,303,2698,0,0,0,0,0,1,0,0,0,0,0,0,1,0,0,0,2,2,0.0,0.0,0.0,0.0,1.0,0.0,0.0,143,139,0.97,0.01,0.01,0.0,0.0,0.0,0.0,0.0,0
0,udp,domain_u,SF,46,46,0,0,0,0,0,0,0,0,0,0,0,0,0,0,0,0,109,109,0.0,0.0,0.0,0.0,1.0,0.0,0.0,255,254,1.0,0.01,0.01,0.0,0.0,0.0,0.0,0.0,0
0,tcp,ftp_data,SF,334,0,0,0,0,0,0,1,0,0,0,0,0,0,0,0,0,0,2,2,0.0,0.0,0.0,0.0,1.0,0.0,0.0,7,41,1.0,0.0,1.0,0.15,0.0,0.02,0.0,0.0,1
11,tcp,telnet,SF,180,181228,0,0,0,0,0,1,0,0,0,0,0,0,0,0,0,0,1,1,0.0,0.0,0.0,0.0,1.0,0.0,0.0,222,56,0.25,0.02,0.0,0.0,0.0,0.0,0.0,0.0,0
0,tcp,http,SF,364,3390,0,0,0,0,0,1,0,0,0,0,0,0,0,0,0,0,2,5,0.0,0.0,0.0,0.0,1.0,0.0,0.4,4,255,1.0,0.0,0.25,0.07,0.0,0.0,0.0,0.0,0
0,tcp,http,SF,210,259,0,0,0,0,0,1,0,0,0,0,0,0,0,0,0,0,31,31,0.0,0.0,0.0,0.0,1.0,0.0,0.0,255,255,1.0,0.0,0.01,0.0,0.0,0.0,0.0,0.0,0
0,tcp,smtp,SF,955,330,0,0,0,0,0,1,0,0,0,0,0,0,0,0,0,0,1,1,0.0,0.0,0.0,0.0,1.0,0.0,0.0,88,115,0.49,0.32,0.01,0.03,0.0,0.0,0.0,0.0,0
0,tcp,ftp_data,SF,334,0,0,0,0,0,0,1,0,0,0,0,0,0,0,0,0,0,2,2,0.0,0.0,0.0,0.0,1.0,0.0,0.0,9,36,1.0,0.0,1.0,0.08,0.0,0.0,0.0,0.0,1
0,udp,other,SF,516,4,0,0,0,0,0,0,0,0,0,0,0,0,0,0,0,0,291,291,0.0,0.0,0.0,0.0,1.0,0.0,0.0,255,255,1.0,0.0,1.0,0.0,0.0,0.0,0.0,0.0,0
0,tcp,http,SF,295,12771,0,0,0,0,0,1,0,0,0,0,0,0,0,0,0,0,1,1,0.0,0.0,0.0,0.0,1.0,0.0,0.0,255,255,1.0,0.0,0.0,0.0,0.0,0.0,0.0,0.0,0
0,tcp,ftp,SF,1254,2451,0,0,0,28,0,1,0,0,0,0,0,0,0,0,0,1,1,1,0.0,0.0,0.0,0.0,1.0,0.0,0.0,255,59,0.23,0.02,0.0,0.0,0.0,0.0,0.0,0.0,1
0,icmp,urp_i,SF,182,0,0,0,0,0,0,0,0,0,0,0,0,0,0,0,0,0,5,4,0.0,0.0,0.0,0.0,0.8,0.4,0.0,255,13,0.05,0.01,0.05,0.0,0.0,0.0,0.0,0.0,0
0,tcp,http,SF,233,318,0,0,0,0,0,1,0,0,0,0,0,0,0,0,0,0,2,3,0.0,0.0,0.0,0.0,1.0,0.0,0.67,2,255,1.0,0.0,0.5,0.01,0.0,0.0,0.0,0.0,0
0,tcp,http,SF,235,1414,0,0,0,0,0,1,0,0,0,0,0,0,0,0,0,0,2,10,0.0,0.0,0.0,0.0,1.0,0.0,0.2,22,255,1.0,0.0,0.05,0.09,0.0,0.0,0.0,0.0,0
0,tcp,smtp,SF,3131,323,0,0,0,0,0,1,0,0,0,0,0,0,1,0,0,0,1,1,0.0,0.0,0.0,0.0,1.0,0.0,0.0,129,186,0.74,0.04,0.01,0.01,0.0,0.0,0.0,0.0,0
0,tcp,http,SF,246,3056,0,0,0,0,0,1,0,0,0,0,0,0,0,0,0,0,7,7,0.0,0.0,0.0,0.0,1.0,0.0,0.0,36,255,1.0,0.0,0.03,0.06,0.0,0.0,0.0,0.0,0
0,tcp,http,SF,244,2634,0,0,0,0,0,1,0,0,0,0,0,0,0,0,0,0,2,2,0.0,0.0,0.0,0.0,1.0,0.0,0.0,187,255,1.0,0.0,0.01,0.02,0.0,0.0,0.0,0.0,0
1,tcp,ftp,SF,1226,2451,0,0,0,28,0,1,0,0,0,0,0,0,0,0,0,1,1,1,0.0,0.0,0.0,0.0,1.0,0.0,0.0,218,46,0.21,0.02,0.0,0.0,0.0,0.0,0.01,0.0,1
4810,udp,other,SF,146,105,0,0,0,0,0,0,0,0,0,0,0,0,0,0,0,0,2,2,0.0,0.0,0.0,0.0,1.0,0.0,0.0,255,4,0.02,0.62,0.96,0.0,0.0,0.0,0.0,0.0,0
0,tcp,smtp,SF,1267,333,0,0,0,0,0,1,0,0,0,0,0,0,0,0,0,0,1,1,0.0,0.0,0.0,0.0,1.0,0.0,0.0,192,83,0.43,0.03,0.01,0.0,0.0,0.0,0.0,0.0,0
0,tcp,ftp_data,SF,7940,0,0,0,0,0,0,0,0,0,0,0,0,0,0,0,0,0,9,9,0.0,0.0,0.0,0.0,1.0,0.0,0.0,19,85,0.89,0.11,0.89,0.02,0.0,0.0,0.0,0.0,0
0,udp,domain_u,SF,45,94,0,0,0,0,0,0,0,0,0,0,0,0,0,0,0,0,27,105,0.0,0.0,0.0,0.0,1.0,0.0,0.02,255,208,0.82,0.01,0.01,0.0,0.0,0.0,0.0,0.0,0
0,tcp,smtp,SF,618,492,0,0,0,0,0,1,0,0,0,0,0,0,0,0,0,0,1,1,0.0,0.0,0.0,0.0,1.0,0.0,0.0,255,3,0.01,0.01,0.0,0.0,0.0,0.0,0.0,0.0,0
5062,tcp,ftp_data,SF,5133876,0,0,0,0,3,0,1,0,0,0,0,0,0,0,0,0,0,1,1,0.0,0.0,0.0,0.0,1.0,0.0,0.0,8,19,1.0,0.0,1.0,0.11,0.0,0.0,0.0,0.0,1
0,udp,domain_u,SF,42,127,0,0,0,0,0,0,0,0,0,0,0,0,0,0,0,0,144,224,0.0,0.0,0.0,0.0,0.99,0.01,0.01,255,254,1.0,0.01,0.0,0.0,0.0,0.0,0.0,0.0,0
0,tcp,smtp,SF,1169,338,0,0,0,0,0,1,0,0,0,0,0,0,0,0,0,0,2,1,0.0,0.0,0.0,0.0,0.5,1.0,0.0,13,144,0.69,0.23,0.08,0.01,0.0,0.0,0.0,0.0,0
50,tcp,telnet,SF,780,1593580,0,0,0,0,0,1,0,0,0,0,0,0,0,0,0,0,1,1,0.0,0.0,0.0,0.0,1.0,0.0,0.0,179,28,0.16,0.03,0.01,0.0,0.0,0.0,0.0,0.0,0
0,tcp,http,SF,347,1417,0,0,0,0,0,1,0,0,0,0,0,0,0,0,0,0,23,23,0.0,0.0,0.0,0.0,1.0,0.0,0.0,255,255,1.0,0.0,0.0,0.0,0.0,0.0,0.0,0.0,0
0,udp,domain_u,SF,46,46,0,0,0,0,0,0,0,0,0,0,0,0,0,0,0,0,118,198,0.0,0.0,0.0,0.0,1.0,0.0,0.01,255,254,1.0,0.01,0.01,0.0,0.0,0.0,0.0,0.0,0
0,udp,domain_u,SF,44,81,0,0,0,0,0,0,0,0,0,0,0,0,0,0,0,0,109,110,0.0,0.0,0.0,0.0,0.99,0.02,0.03,255,240,0.94,0.01,0.0,0.0,0.0,0.0,0.0,0.0,0
0,tcp,ftp,RSTO,0,0,0,0,0,0,0,0,0,0,0,0,0,0,0,0,0,0,1,1,0.0,0.0,1.0,1.0,1.0,0.0,0.0,32,7,0.22,0.12,0.03,0.0,0.0,0.0,0.03,0.14,0
0,tcp,http,SF,232,12682,0,0,0,0,0,1,0,0,0,0,0,0,0,0,0,0,3,3,0.33,0.33,0.0,0.0,1.0,0.0,0.0,255,255,1.0,0.0,0.0,0.0,0.0,0.0,0.0,0.0,0
0,tcp,http,SF,377,1911,0,0,0,0,0,1,0,0,0,0,0,0,0,0,0,0,6,7,0.0,0.0,0.0,0.0,1.0,0.0,0.29,59,255,1.0,0.0,0.02,0.01,0.0,0.0,0.0,0.0,0
1,tcp,ftp,SF,1201,2447,0,0,0,28,0,1,0,0,0,0,0,0,0,0,0,1,1,1,0.0,0.0,0.0,0.0,1.0,0.0,0.0,196,24,0.12,0.03,0.01,0.0,0.01,0.0,0.01,0.0,1
0,tcp,http,SF,281,776,0,0,0,0,0,1,0,0,0,0,0,0,0,0,0,0,1,1,0.0,0.0,0.0,0.0,1.0,0.0,0.0,255,231,0.91,0.02,0.0,0.0,0.0,0.0,0.0,0.0,0
0,tcp,http,SF,315,19806,0,0,0,0,0,1,0,0,0,0,0,0,0,0,0,0,4,5,0.0,0.0,0.0,0.0,1.0,0.0,0.4,45,45,1.0,0.0,0.02,0.0,0.0,0.0,0.0,0.0,0
0,tcp,http,SF,230,8728,0,0,0,0,0,1,0,0,0,0,0,0,0,0,0,0,5,5,0.0,0.0,0.0,0.0,1.0,0.0,0.0,5,255,1.0,0.0,0.2,0.04,0.0,0.0,0.0,0.04,0
0,tcp,http,SF,163,631,0,0,0,0,0,1,0,0,0,0,0,0,0,0,0,0,2,3,0.0,0.0,0.0,0.0,1.0,0.0,0.67,5,255,1.0,0.0,0.2,0.01,0.0,0.0,0.0,0.0,0
0,tcp,ftp_data,SF,8325,0,0,0,0,0,0,0,0,0,0,0,0,0,0,0,0,0,20,20,0.0,0.0,0.0,0.0,1.0,0.0,0.0,160,70,0.44,0.03,0.44,0.0,0.0,0.0,0.0,0.0,0
0,tcp,http,SF,375,1856,0,0,0,0,0,1,0,0,0,0,0,0,0,0,0,0,3,3,0.0,0.0,0.0,0.0,1.0,0.0,0.0,223,255,1.0,0.0,0.0,0.01,0.0,0.0,0.0,0.0,0
0,tcp,http,SF,237,1240,0,0,0,0,0,1,0,0,0,0,0,0,0,0,0,0,2,2,0.0,0.0,0.0,0.0,1.0,0.0,0.0,18,255,1.0,0.0,0.06,0.02,0.0,0.01,0.0,0.0,0
0,tcp,http,SF,195,1978,0,0,0,0,0,1,0,0,0,0,0,0,0,0,0,0,37,38,0.0,0.0,0.0,0.0,1.0,0.0,0.05,86,255,1.0,0.0,0.01,0.02,0.0,0.0,0.0,0.0,0
0,tcp,http,SF,227,438,0,0,0,0,0,1,0,0,0,0,0,0,0,0,0,0,17,17,0.0,0.0,0.0,0.0,1.0,0.0,0.0,255,255,1.0,0.0,0.0,0.0,0.0,0.0,0.0,0.0,0
2,tcp,ftp,SF,1262,2453,0,0,0,28,0,1,0,0,0,0,0,0,0,0,0,1,1,1,0.0,0.0,0.0,0.0,1.0,0.0,0.0,186,14,0.08,0.03,0.01,0.0,0.01,0.0,0.01,0.0,1
0,tcp,ftp,SF,1227,2451,0,0,0,28,0,1,0,0,0,0,0,0,0,0,0,1,1,1,0.0,0.0,0.0,0.0,1.0,0.0,0.0,197,25,0.13,0.03,0.01,0.0,0.01,0.0,0.01,0.0,1
0,tcp,ftp_data,SF,334,0,0,0,0,0,0,1,0,0,0,0,0,0,0,0,0,0,1,1,0.0,0.0,0.0,0.0,1.0,0.0,0.0,5,39,1.0,0.0,1.0,0.15,0.0,0.0,0.0,0.0,1
0,tcp,ftp_data,SF,334,0,0,0,0,0,0,1,0,0,0,0,0,0,0,0,0,0,1,1,0.0,0.0,0.0,0.0,1.0,0.0,0.0,2,27,1.0,0.0,1.0,0.19,0.0,0.04,0.0,0.0,1
0,tcp,http,SF,251,327,0,0,0,0,0,1,0,0,0,0,0,0,0,0,0,0,1,3,0.0,0.0,0.0,0.0,1.0,0.0,0.67,3,255,1.0,0.0,0.33,0.01,0.0,0.01,0.0,0.0,0
0,tcp,http,SF,273,732,0,0,0,0,0,1,0,0,0,0,0,0,0,0,0,0,2,6,0.0,0.0,0.0,0.0,1.0,0.0,0.67,14,255,1.0,0.0,0.07,0.05,0.0,0.0,0.0,0.0,0
0,tcp,ftp_data,SF,29,0,0,0,0,0,0,1,0,0,0,0,0,0,0,0,0,0,1,1,0.0,0.0,0.0,0.0,1.0,0.0,0.0,255,105,0.41,0.03,0.41,0.0,0.0,0.0,0.0,0.0,0
244,udp,domain_u,SF,110,49,0,0,0,0,0,0,0,0,0,0,0,0,0,0,0,0,2,2,0.0,0.0,0.0,0.0,1.0,0.0,0.0,31,24,0.77,0.06,0.77,0.0,0.0,0.0,0.0,0.0,0
0,tcp,http,SF,213,1069,0,0,0,0,0,1,0,0,0,0,0,0,0,0,0,0,4,4,0.0,0.0,0.0,0.0,1.0,0.0,0.0,4,255,1.0,0.0,0.25,0.02,0.0,0.0,0.0,0.0,0
0,udp,domain_u,SF,43,135,0,0,0,0,0,0,0,0,0,0,0,0,0,0,0,0,42,42,0.0,0.0,0.0,0.0,1.0,0.0,0.0,187,132,0.71,0.02,0.01,0.0,0.0,0.0,0.0,0.0,0
0,tcp,smtp,SF,1685,364,0,0,0,0,0,1,0,0,0,0,0,0,0,0,0,0,1,2,0.0,0.0,0.0,0.0,1.0,0.0,1.0,185,186,0.66,0.03,0.01,0.01,0.02,0.02,0.0,0.0,0
0,tcp,ftp,SF,1248,2449,0,0,0,28,0,1,0,0,0,0,0,0,0,0,0,1,1,1,0.0,0.0,0.0,0.0,1.0,0.0,0.0,255,87,0.34,0.02,0.0,0.0,0.0,0.0,0.01,0.0,1
0,tcp,http,SF,315,737,0,0,0,0,0,1,0,0,0,0,0,0,0,0,0,0,1,1,0.0,0.0,0.0,0.0,1.0,0.0,0.0,7,255,1.0,0.0,0.14,0.03,0.0,0.0,0.0,0.0,0
0,tcp,ftp_data,SF,334,0,0,0,0,0,0,1,0,0,0,0,0,0,0,0,0,0,2,2,0.0,0.0,0.0,0.0,1.0,0.0,0.0,4,39,1.0,0.0,1.0,0.15,0.0,0.0,0.0,0.0,1
0,tcp,http,SF,256,9529,0,0,0,0,0,1,0,0,0,0,0,0,0,0,0,0,7,7,0.0,0.0,0.0,0.0,1.0,0.0,0.0,255,255,1.0,0.0,0.0,0.0,0.0,0.0,0.0,0.0,0
0,tcp,http,SF,235,1249,0,0,0,0,0,1,0,0,0,0,0,0,0,0,0,0,2,2,0.0,0.0,0.0,0.0,1.0,0.0,0.0,120,255,1.0,0.0,0.01,0.03,0.0,0.0,0.0,0.0,0
0,udp,private,SF,105,146,0,0,0,0,0,0,0,0,0,0,0,0,0,0,0,0,1,1,0.0,0.0,0.0,0.0,1.0,0.0,0.0,4,3,0.75,0.5,0.25,0.0,0.0,0.0,0.0,0.0,0
0,tcp,http,SF,305,314,0,0,0,0,0,1,0,0,0,0,0,0,0,0,0,0,14,21,0.0,0.0,0.0,0.0,1.0,0.0,0.1,255,255,1.0,0.0,0.0,0.0,0.0,0.0,0.0,0.0,0
0,tcp,http,SF,242,1184,0,0,0,0,0,1,0,0,0,0,0,0,0,0,0,0,6,6,0.0,0.0,0.0,0.0,1.0,0.0,0.0,28,255,1.0,0.0,0.04,0.04,0.0,0.0,0.0,0.0,0
0,tcp,ftp_data,SF,334,0,0,0,0,0,0,1,0,0,0,0,0,0,0,0,0,0,1,1,0.0,0.0,0.0,0.0,1.0,0.0,0.0,3,25,1.0,0.0,1.0,0.16,0.0,0.0,0.0,0.0,1
0,tcp,http,SF,282,269,0,0,0,0,0,1,0,0,0,0,0,0,0,0,0,0,7,7,0.0,0.0,0.0,0.0,1.0,0.0,0.0,255,255,1.0,0.0,0.0,0.0,0.0,0.0,0.0,0.0,0
0,tcp,http,SF,309,440,0,0,0,0,0,1,0,0,0,0,0,0,0,0,0,0,17,18,0.0,0.0,0.0,0.0,1.0,0.0,0.11,255,255,1.0,0.0,0.0,0.0,0.0,0.0,0.0,0.0,0
0,udp,domain_u,SF,29,0,0,0,0,0,0,0,0,0,0,0,0,0,0,0,0,0,1,2,0.0,0.0,0.0,0.0,1.0,0.0,1.0,49,51,0.22,0.1,0.22,0.04,0.0,0.0,0.0,0.0,0
0,tcp,http,SF,213,1159,0,0,0,0,0,1,0,0,0,0,0,0,0,0,0,0,8,8,0.0,0.0,0.0,0.0,1.0,0.0,0.0,8,255,1.0,0.0,0.12,0.04,0.0,0.0,0.0,0.0,0
0,tcp,http,SF,290,1896,0,0,0,0,0,1,0,0,0,0,0,0,0,0,0,0,5,5,0.0,0.0,0.0,0.0,1.0,0.0,0.0,209,255,1.0,0.0,0.0,0.01,0.0,0.0,0.05,0.05,0
0,tcp,http,SF,290,575,0,0,0,0,0,1,0,0,0,0,0,0,0,0,0,0,6,12,0.0,0.0,0.0,0.0,1.0,0.0,0.25,255,255,1.0,0.0,0.0,0.0,0.0,0.0,0.0,0.0,0
7,tcp,smtp,SF,637,332,0,0,0,0,0,1,0,0,0,0,0,0,0,0,0,0,1,1,0.0,0.0,0.0,0.0,1.0,0.0,0.0,99,137,0.66,0.03,0.01,0.01,0.0,0.0,0.0,0.0,0
0,tcp,smtp,SF,734,333,0,0,0,0,0,1,0,0,0,0,0,0,0,0,0,0,1,1,0.0,0.0,0.0,0.0,1.0,0.0,0.0,3,75,1.0,0.0,0.33,0.03,0.0,0.0,0.0,0.0,0
0,tcp,smtp,SF,826,336,0,0,0,0,0,1,0,0,0,0,0,0,0,0,0,0,1,1,0.0,0.0,0.0,0.0,1.0,0.0,0.0,72,114,0.47,0.08,0.01,0.02,0.0,0.0,0.0,0.0,0
21,tcp,ftp,SF,239,774,0,0,0,4,0,1,0,0,0,0,0,0,0,0,0,1,1,1,0.0,0.0,0.0,0.0,1.0,0.0,0.0,28,10,0.36,0.14,0.04,0.0,0.0,0.0,0.0,0.0,0
5059,tcp,ftp_data,SF,5133876,0,0,0,0,3,0,1,0,0,0,0,0,0,0,0,0,0,1,1,0.0,0.0,0.0,0.0,1.0,0.0,0.0,4,29,1.0,0.0,1.0,0.17,0.0,0.0,0.0,0.0,1
0,tcp,smtp,SF,961,288,0,0,0,0,0,1,0,0,0,0,0,0,0,0,0,0,1,1,0.0,0.0,0.0,0.0,1.0,0.0,0.0,105,160,0.65,0.06,0.01,0.01,0.0,0.0,0.0,0.0,0
0,udp,domain_u,SF,44,115,0,0,0,0,0,0,0,0,0,0,0,0,0,0,0,0,1,8,0.0,0.0,0.0,0.0,1.0,0.0,0.38,255,248,0.97,0.01,0.0,0.0,0.0,0.0,0.0,0.0,0
0,tcp,http,SF,260,7334,0,0,0,0,0,1,0,0,0,0,0,0,0,0,0,0,2,6,0.0,0.0,0.0,0.0,1.0,0.0,0.67,58,255,1.0,0.0,0.02,0.02,0.0,0.0,0.0,0.0,0
0,tcp,http,SF,231,3466,0,0,0,0,0,1,0,0,0,0,0,0,0,0,0,0,3,10,0.0,0.0,0.0,0.0,1.0,0.0,0.3,28,255,1.0,0.0,0.04,0.03,0.0,0.0,0.0,0.0,0
0,tcp,http,SF,315,2168,0,0,0,0,0,1,0,0,0,0,0,0,0,0,0,0,29,29,0.0,0.0,0.0,0.0,1.0,0.0,0.0,64,255,1.0,0.0,0.02,0.03,0.0,0.0,0.0,0.0,0
0,tcp,ftp,SF,1197,2449,0,0,0,28,0,1,0,0,0,0,0,0,0,0,0,1,1,1,0.0,0.0,0.0,0.0,1.0,0.0,0.0,236,64,0.27,0.02,0.0,0.0,0.0,0.0,0.01,0.0,1
0,tcp,http,SF,290,283,0,0,0,0,0,1,0,0,0,0,0,0,0,0,0,0,18,18,0.0,0.0,0.0,0.0,1.0,0.0,0.0,18,255,1.0,0.0,0.06,0.05,0.0,0.0,0.0,0.0,0
5051,tcp,ftp_data,SF,5135678,0,0,0,0,4,0,1,0,0,0,0,0,0,0,0,0,0,1,1,0.0,0.0,0.0,0.0,1.0,0.0,0.0,255,66,0.26,0.13,0.36,0.0,0.02,0.02,0.0,0.0,1
711,tcp,telnet,SF,654,21094,0,0,0,0,0,1,4,0,0,0,0,0,0,0,0,0,1,1,0.0,0.0,0.0,0.0,1.0,0.0,0.0,255,3,0.01,0.06,0.0,0.0,0.95,0.0,0.0,0.0,0
0,tcp,ftp,SF,1242,2449,0,0,0,28,0,1,0,0,0,0,0,0,0,0,0,1,1,1,0.0,0.0,0.0,0.0,1.0,0.0,0.0,109,7,0.06,0.06,0.01,0.0,0.02,0.0,0.07,0.0,1
0,tcp,http,SF,246,602,0,0,0,0,0,1,0,0,0,0,0,0,0,0,0,0,1,1,0.0,0.0,0.0,0.0,1.0,0.0,0.0,255,255,1.0,0.0,0.0,0.0,0.0,0.0,0.0,0.0,0
0,tcp,http,SF,218,280,0,0,0,0,0,1,0,0,0,0,0,0,0,0,0,0,23,23,0.0,0.0,0.0,0.0,1.0,0.0,0.0,255,255,1.0,0.0,0.0,0.0,0.0,0.0,0.0,0.0,0
0,tcp,ftp_data,SF,246,0,0,0,0,0,0,1,0,0,0,0,0,0,0,0,0,0,1,1,0.0,0.0,0.0,0.0,1.0,0.0,0.0,14,41,1.0,0.0,1.0,0.07,0.0,0.0,0.0,0.0,1
0,tcp,http,SF,281,1266,0,0,0,0,0,1,0,0,0,0,0,0,0,0,0,0,4,5,0.0,0.0,0.0,0.0,1.0,0.0,0.4,4,255,1.0,0.0,0.25,0.04,0.0,0.0,0.0,0.0,0
0,tcp,http,SF,305,1496,0,0,0,0,0,1,0,0,0,0,0,0,0,0,0,0,3,3,0.0,0.0,0.0,0.0,1.0,0.0,0.0,3,255,1.0,0.0,0.33,0.05,0.0,0.0,0.0,0.0,0
0,tcp,finger,SF,7,0,0,0,0,0,0,0,0,0,0,0,0,0,0,0,0,0,1,1,0.0,0.0,0.0,0.0,1.0,0.0,0.0,62,12,0.08,0.06,0.02,0.25,0.0,0.0,0.0,0.0,0
0,tcp,http,SF,213,646,0,0,0,0,0,1,0,0,0,0,0,0,0,0,0,0,1,2,0.0,0.0,0.0,0.0,1.0,0.0,1.0,16,255,1.0,0.0,0.06,0.03,0.0,0.0,0.0,0.0,0
0,tcp,smtp,SF,1128,385,0,0,0,0,0,1,0,0,0,0,0,0,0,0,0,0,1,1,0.0,0.0,0.0,0.0,1.0,0.0,0.0,255,46,0.18,0.07,0.0,0.0,0.64,0.0,0.01,0.0,0
0,tcp,http,SF,340,283,0,0,0,0,0,1,0,0,0,0,0,0,0,0,0,0,5,5,0.0,0.0,0.0,0.0,1.0,0.0,0.0,255,253,0.99,0.01,0.0,0.0,0.0,0.0,0.0,0.0,0
0,udp,other,SF,516,4,0,0,0,0,0,0,0,0,0,0,0,0,0,0,0,0,251,251,0.0,0.0,0.0,0.0,1.0,0.0,0.0,251,251,1.0,0.0,1.0,0.0,0.0,0.0,0.0,0.0,0
0,tcp,http,SF,217,5013,0,0,0,0,0,1,0,0,0,0,0,0,0,0,0,0,7,7,0.0,0.0,0.0,0.0,1.0,0.0,0.0,7,255,1.0,0.0,0.14,0.03,0.0,0.0,0.0,0.0,0
0,tcp,http,RSTO,0,0,0,0,0,0,0,1,0,0,0,0,0,0,0,0,0,0,2,2,0.0,0.0,0.5,0.5,1.0,0.0,0.0,217,255,1.0,0.0,0.01,0.02,0.01,0.01,0.0,0.0,0
0,tcp,ftp_data,SF,334,0,0,0,0,0,0,1,0,0,0,0,0,0,0,0,0,0,1,1,0.0,0.0,0.0,0.0,1.0,0.0,0.0,1,41,1.0,0.0,1.0,0.07,0.0,0.0,0.0,0.0,1
0,tcp,other,SF,8325,0,0,0,0,0,0,1,0,0,0,0,0,0,0,0,0,0,23,1,0.04,0.0,0.0,0.0,0.04,0.39,0.0,70,1,0.01,0.16,0.69,0.0,0.01,0.0,0.0,0.0,0
0,tcp,http,SF,229,1340,0,0,0,0,0,1,0,0,0,0,0,0,0,0,0,0,3,15,0.0,0.0,0.0,0.0,1.0,0.0,0.2,15,255,1.0,0.0,0.07,0.01,0.0,0.0,0.0,0.0,0
0,tcp,http,SF,165,22064,0,0,0,0,0,1,0,0,0,0,0,0,0,0,0,0,1,2,0.0,0.0,0.0,0.0,1.0,0.0,1.0,65,255,1.0,0.0,0.02,0.05,0.0,0.0,0.0,0.0,0
2,tcp,smtp,SF,1584,326,0,0,0,0,0,1,0,0,0,0,0,0,0,0,0,0,1,2,0.0,0.0,0.0,0.0,1.0,0.0,1.0,4,4,1.0,0.0,0.25,0.0,0.0,0.0,0.0,0.0,0
0,tcp,http,SF,225,3653,0,0,0,0,0,1,0,0,0,0,0,0,0,0,0,0,20,27,0.0,0.0,0.0,0.0,1.0,0.0,0.15,94,255,1.0,0.0,0.01,0.01,0.0,0.0,0.0,0.0,0
0,tcp,http,S0,0,0,0,0,0,0,0,0,0,0,0,0,0,0,0,0,0,0,2,2,0.5,0.5,0.0,0.0,1.0,0.0,0.0,115,255,1.0,0.0,0.02,0.03,0.01,0.0,0.0,0.0,0
0,tcp,http,SF,183,9736,0,0,0,0,0,1,0,0,0,0,0,0,0,0,0,0,4,4,0.0,0.0,0.0,0.0,1.0,0.0,0.0,65,255,1.0,0.0,0.02,0.03,0.0,0.0,0.0,0.0,0
0,udp,domain_u,SF,44,127,0,0,0,0,0,0,0,0,0,0,0,0,0,0,0,0,290,289,0.0,0.0,0.0,0.0,1.0,0.01,0.0,255,220,0.86,0.01,0.0,0.0,0.0,0.0,0.0,0.0,0
2,tcp,ftp,SF,1206,2449,0,0,0,28,0,1,0,0,0,0,0,0,0,0,0,1,1,1,0.0,0.0,0.0,0.0,1.0,0.0,0.0,180,8,0.04,0.03,0.01,0.0,0.01,0.0,0.01,0.0,1
0,tcp,http,SF,236,3222,0,0,0,0,0,1,0,0,0,0,0,0,0,0,0,0,3,4,0.0,0.0,0.0,0.25,1.0,0.0,0.5,255,251,0.98,0.01,0.0,0.0,0.0,0.0,0.0,0.0,0
0,tcp,ftp_data,SF,334,0,0,0,0,0,0,1,0,0,0,0,0,0,0,0,0,0,2,2,0.0,0.0,0.0,0.0,1.0,0.0,0.0,15,47,0.93,0.13,1.0,0.11,0.0,0.0,0.0,0.0,1
0,tcp,http,SF,287,2537,0,0,0,0,0,1,0,0,0,0,0,0,0,0,0,0,7,12,0.0,0.0,0.0,0.0,1.0,0.0,0.17,255,255,1.0,0.0,0.0,0.0,0.0,0.0,0.0,0.0,0
0,udp,domain_u,SF,44,131,0,0,0,0,0,0,0,0,0,0,0,0,0,0,0,0,66,145,0.0,0.0,0.0,0.0,1.0,0.0,0.01,255,255,1.0,0.0,0.0,0.0,0.0,0.0,0.0,0.0,0
0,tcp,http,SF,254,976,0,0,0,0,0,1,0,0,0,0,0,0,0,0,0,0,19,19,0.0,0.0,0.0,0.0,1.0,0.0,0.0,145,255,1.0,0.0,0.01,0.02,0.0,0.0,0.0,0.0,0
0,udp,domain_u,SF,45,134,0,0,0,0,0,0,0,0,0,0,0,0,0,0,0,0,143,145,0.0,0.0,0.0,0.0,1.0,0.0,0.02,255,194,0.76,0.01,0.0,0.0,0.0,0.0,0.0,0.0,0
0,tcp,ftp_data,SF,30,0,0,0,0,0,0,1,0,0,0,0,0,0,0,0,0,0,1,1,0.0,0.0,0.0,0.0,1.0,0.0,0.0,12,47,1.0,0.0,1.0,0.13,0.0,0.02,0.0,0.0,1
21,tcp,ftp,SF,249,775,0,0,0,4,0,1,0,0,0,0,0,0,0,0,0,1,1,1,0.0,0.0,0.0,0.0,1.0,0.0,0.0,18,1,0.06,0.22,0.06,0.0,0.0,0.0,0.0,0.0,0
10,tcp,http,SF,258,7770,0,0,0,0,0,1,0,0,0,0,0,0,0,0,0,0,1,1,0.0,0.0,0.0,0.0,1.0,0.0,0.0,255,220,0.86,0.01,0.0,0.0,0.0,0.0,0.0,0.0,0
1,tcp,ftp,SF,1179,2447,0,0,0,28,0,1,0,0,0,0,0,0,0,0,0,1,1,1,0.0,0.0,0.0,0.0,1.0,0.0,0.0,255,85,0.33,0.02,0.0,0.0,0.0,0.0,0.01,0.0,1
0,tcp,http,SF,249,6250,0,0,0,0,0,1,0,0,0,0,0,0,0,0,0,0,7,7,0.0,0.0,0.0,0.0,1.0,0.0,0.0,255,255,1.0,0.0,0.0,0.0,0.0,0.0,0.0,0.0,0
5085,tcp,ftp,SF,1019,2273,0,0,0,20,0,1,0,0,0,0,0,0,0,0,0,1,1,1,0.0,0.0,0.0,0.0,1.0,0.0,0.0,255,19,0.07,0.02,0.0,0.0,0.15,0.0,0.0,0.0,1
0,tcp,ftp_data,SF,641,0,0,0,0,0,0,1,0,0,0,0,0,0,0,0,0,0,2,2,0.0,0.0,0.0,0.0,1.0,0.0,0.0,11,32,0.45,0.18,0.45,0.09,0.0,0.0,0.0,0.0,0
0,udp,domain_u,SF,45,131,0,0,0,0,0,0,0,0,0,0,0,0,0,0,0,0,70,150,0.0,0.0,0.0,0.0,1.0,0.0,0.01,255,239,0.94,0.01,0.0,0.0,0.0,0.0,0.0,0.0,0
0,tcp,ftp_data,SF,334,0,0,0,0,0,0,1,0,0,0,0,0,0,0,0,0,0,1,1,0.0,0.0,0.0,0.0,1.0,0.0,0.0,3,23,1.0,0.0,1.0,0.13,0.0,0.0,0.0,0.0,1
5039,tcp,ftp_data,SF,5131424,0,0,0,0,4,0,1,0,0,0,0,0,0,0,0,0,0,2,1,0.0,0.0,0.0,0.0,0.5,1.0,0.0,255,67,0.26,0.13,0.36,0.0,0.02,0.01,0.0,0.0,1
0,tcp,smtp,SF,986,328,0,0,0,0,0,1,0,0,0,0,0,0,0,0,0,0,1,1,0.0,0.0,0.0,0.0,1.0,0.0,0.0,71,170,0.66,0.07,0.01,0.01,0.0,0.0,0.0,0.0,0
0,tcp,http,SF,232,1451,0,0,0,0,0,1,0,0,0,0,0,0,0,0,0,0,1,1,0.0,0.0,0.0,0.0,1.0,0.0,0.0,100,255,1.0,0.0,0.01,0.03,0.0,0.0,0.0,0.0,0
0,tcp,http,SF,209,534,0,0,0,0,0,1,0,0,0,0,0,0,0,0,0,0,16,16,0.0,0.0,0.0,0.0,1.0,0.0,0.0,22,255,1.0,0.0,0.05,0.03,0.0,0.0,0.0,0.0,0
0,tcp,imap4,SF,0,0,0,0,0,2,0,0,0,0,0,0,0,0,0,0,0,0,4,125,0.5,0.75,0.0,0.04,1.0,0.0,0.36,10,10,1.0,0.0,0.8,0.0,0.5,0.5,0.0,0.0,1
0,tcp,http,SF,341,5663,0,0,0,0,0,1,0,0,0,0,0,0,0,0,0,0,9,9,0.0,0.0,0.0,0.0,1.0,0.0,0.0,130,255,1.0,0.0,0.01,0.05,0.0,0.0,0.0,0.0,0
0,tcp,http,SF,322,1214,0,0,0,0,0,1,0,0,0,0,0,0,0,0,0,0,6,6,0.0,0.0,0.0,0.0,1.0,0.0,0.0,47,255,1.0,0.0,0.02,0.04,0.0,0.0,0.0,0.0,0
0,tcp,http,SF,310,15639,0,0,0,0,0,1,0,0,0,0,0,0,0,0,0,0,11,11,0.0,0.0,0.0,0.0,1.0,0.0,0.0,95,255,1.0,0.0,0.02,0.05,0.01,0.0,0.0,0.0,0
0,icmp,ecr_i,SF,30,0,0,0,0,0,0,0,0,0,0,0,0,0,0,0,0,0,1,1,0.0,0.0,0.0,0.0,1.0,0.0,0.0,10,11,1.0,0.0,1.0,0.18,0.0,0.0,0.0,0.0,0
0,tcp,smtp,SF,12609,1397,0,0,0,0,0,1,0,0,0,0,0,0,0,0,0,0,1,1,0.0,0.0,0.0,0.0,1.0,0.0,0.0,61,170,0.85,0.05,0.02,0.01,0.0,0.0,0.0,0.0,0
0,tcp,http,SF,211,404,0,0,0,0,0,1,0,0,0,0,0,0,0,0,0,0,13,13,0.0,0.0,0.0,0.0,1.0,0.0,0.0,67,255,1.0,0.0,0.01,0.03,0.0,0.0,0.0,0.0,0
0,tcp,http,SF,228,2708,0,0,0,0,0,1,0,0,0,0,0,0,0,0,0,0,2,2,0.0,0.0,0.0,0.0,1.0,0.0,0.0,9,255,1.0,0.0,0.11,0.04,0.0,0.0,0.0,0.0,0
0,udp,domain_u,SF,45,111,0,0,0,0,0,0,0,0,0,0,0,0,0,0,0,0,40,120,0.0,0.0,0.0,0.0,1.0,0.0,0.02,255,254,1.0,0.01,0.0,0.0,0.0,0.0,0.0,0.0,0
12,tcp,ftp_data,SF,7045,0,0,0,0,0,0,1,0,0,0,0,0,0,0,0,0,0,2,2,0.0,0.0,0.0,0.0,1.0,0.0,0.0,6,62,1.0,0.0,1.0,0.11,0.17,0.02,0.0,0.0,1
0,udp,domain_u,SF,46,112,0,0,0,0,0,0,0,0,0,0,0,0,0,0,0,0,188,265,0.0,0.0,0.0,0.0,0.99,0.01,0.01,190,151,0.79,0.02,0.01,0.0,0.0,0.0,0.0,0.0,0
1,tcp,ftp,SF,1248,2449,0,0,0,28,0,1,0,0,0,0,0,0,0,0,0,1,1,1,0.0,0.0,0.0,0.0,1.0,0.0,0.0,241,69,0.29,0.02,0.0,0.0,0.0,0.0,0.01,0.0,1
0,tcp,http,SF,147,4097,0,0,0,0,0,1,0,0,0,0,0,0,0,0,0,0,1,1,0.0,0.0,0.0,0.0,1.0,0.0,0.0,42,255,1.0,0.0,0.02,0.02,0.02,0.02,0.0,0.0,0
0,tcp,telnet,RSTO,126,179,0,0,0,1,1,0,0,0,0,0,0,0,0,0,0,0,2,2,0.0,0.0,1.0,1.0,1.0,0.0,0.0,47,47,1.0,0.0,0.02,0.0,0.04,0.04,0.96,0.96,1
0,tcp,http,SF,345,418,0,0,0,0,0,1,0,0,0,0,0,0,0,0,0,0,20,20,0.0,0.0,0.0,0.0,1.0,0.0,0.0,255,255,1.0,0.0,0.0,0.0,0.0,0.0,0.0,0.0,0
0,tcp,http,SF,219,6258,0,0,0,0,0,1,0,0,0,0,0,0,0,0,0,0,8,9,0.0,0.0,0.0,0.0,1.0,0.0,0.22,18,255,1.0,0.0,0.06,0.06,0.0,0.0,0.0,0.0,0
0,udp,domain_u,SF,44,125,0,0,0,0,0,0,0,0,0,0,0,0,0,0,0,0,75,155,0.0,0.0,0.0,0.0,1.0,0.0,0.01,255,255,1.0,0.0,0.0,0.0,0.0,0.0,0.0,0.0,0
0,udp,domain_u,SF,31,0,0,0,0,0,0,0,0,0,0,0,0,0,0,0,0,0,1,3,0.0,0.0,0.0,0.0,1.0,0.0,0.67,41,37,0.24,0.1,0.24,0.05,0.0,0.0,0.0,0.0,0
0,tcp,http,SF,226,222,0,0,0,0,0,1,0,0,0,0,0,0,0,0,0,0,6,6,0.0,0.0,0.0,0.0,1.0,0.0,0.0,74,255,1.0,0.0,0.01,0.02,0.0,0.0,0.0,0.0,0
0,tcp,http,SF,232,4073,0,0,0,0,0,1,0,0,0,0,0,0,0,0,0,0,9,12,0.0,0.0,0.0,0.0,1.0,0.0,0.17,255,255,1.0,0.0,0.0,0.0,0.0,0.0,0.0,0.0,0
2,tcp,ftp_data,SF,2194619,0,0,0,0,0,0,1,0,0,0,0,0,0,0,0,0,0,3,2,0.0,0.0,0.0,0.0,0.67,0.67,0.0,89,141,0.56,0.04,0.56,0.01,0.0,0.0,0.0,0.0,0
0,icmp,eco_i,SF,30,0,0,0,0,0,0,0,0,0,0,0,0,0,0,0,0,0,5,1,0.0,0.0,0.0,0.0,0.2,0.6,0.0,255,27,0.11,0.01,0.51,0.0,0.0,0.0,0.0,0.0,0
0,icmp,eco_i,SF,30,0,0,0,0,0,0,0,0,0,0,0,0,0,0,0,0,0,1,1,0.0,0.0,0.0,0.0,1.0,0.0,0.0,40,90,0.98,0.05,0.98,0.3,0.0,0.0,0.0,0.0,0
0,tcp,http,SF,303,1650,0,0,0,0,0,1,0,0,0,0,0,0,0,0,0,0,4,19,0.0,0.0,0.0,0.0,1.0,0.0,0.21,19,255,1.0,0.0,0.05,0.06,0.0,0.0,0.0,0.0,0
0,tcp,http,SF,230,1480,0,0,0,0,0,1,0,0,0,0,0,0,0,0,0,0,7,8,0.0,0.0,0.0,0.0,1.0,0.0,0.25,7,255,1.0,0.0,0.14,0.02,0.0,0.0,0.0,0.0,0
28,tcp,ftp,SF,1560,4152,0,0,0,30,0,1,0,0,0,0,0,0,0,0,0,1,1,1,0.0,0.0,0.0,0.0,1.0,0.0,0.0,64,22,0.34,0.08,0.02,0.0,0.02,0.0,0.0,0.0,0
0,tcp,http,SF,372,238,0,0,0,0,0,1,0,0,0,0,0,0,0,0,0,0,1,8,0.0,0.0,0.0,0.0,1.0,0.0,0.25,5,253,1.0,0.0,0.2,0.22,0.0,0.0,0.4,0.91,0
0,tcp,http,SF,296,301,0,0,0,0,0,1,0,0,0,0,0,0,0,0,0,0,25,25,0.0,0.0,0.0,0.0,1.0,0.0,0.0,25,255,1.0,0.0,0.04,0.05,0.0,0.0,0.0,0.0,0
0,tcp,http,SF,165,14328,0,0,0,0,0,1,0,0,0,0,0,0,0,0,0,0,3,7,0.0,0.0,0.0,0.0,1.0,0.0,0.43,6,96,1.0,0.0,0.17,0.1,0.0,0.01,0.0,0.0,0
0,tcp,finger,SF,7,363,0,0,0,0,0,0,0,0,0,0,0,0,0,0,0,0,1,1,0.0,0.0,0.0,0.0,1.0,0.0,0.0,83,5,0.04,0.05,0.01,0.4,0.0,0.0,0.0,0.2,0
0,tcp,http,SF,238,2101,0,0,0,0,0,1,0,0,0,0,0,0,0,0,0,0,4,4,0.0,0.0,0.0,0.0,1.0,0.0,0.0,66,255,1.0,0.0,0.02,0.04,0.0,0.0,0.0,0.0,0
0,tcp,http,SF,152,8718,0,0,0,0,0,1,0,0,0,0,0,0,0,0,0,0,1,2,0.0,0.0,0.0,0.0,1.0,0.0,1.0,193,255,1.0,0.0,0.01,0.02,0.0,0.0,0.01,0.0,0
0,udp,domain_u,SF,43,43,0,0,0,0,0,0,0,0,0,0,0,0,0,0,0,0,8,8,0.0,0.0,0.0,0.0,1.0,0.0,0.0,255,252,0.99,0.01,0.0,0.0,0.0,0.0,0.0,0.0,0
0,tcp,ftp_data,SF,95,0,0,0,0,0,0,1,0,0,0,0,0,0,0,0,0,0,4,4,0.0,0.0,0.0,0.0,1.0,0.0,0.0,255,10,0.04,0.07,0.04,0.0,0.9,0.0,0.0,0.0,0
0,tcp,ftp_data,SF,334,0,0,0,0,0,0,1,0,0,0,0,0,0,0,0,0,0,1,1,0.0,0.0,0.0,0.0,1.0,0.0,0.0,1,11,1.0,0.0,1.0,0.27,0.0,0.0,0.0,0.0,1
0,tcp,http,SF,353,4580,0,0,0,0,0,1,0,0,0,0,0,0,0,0,0,0,5,5,0.0,0.0,0.0,0.0,1.0,0.0,0.0,5,255,1.0,0.0,0.2,0.04,0.0,0.02,0.0,0.0,0
0,udp,domain_u,SF,75,43,0,0,0,0,0,0,0,0,0,0,0,0,0,0,0,0,108,108,0.0,0.0,0.0,0.0,1.0,0.0,0.0,255,166,0.65,0.01,0.18,0.0,0.0,0.0,0.0,0.0,0
0,tcp,http,SF,262,311,0,0,0,0,0,1,0,0,0,0,0,0,0,0,0,0,34,34,0.0,0.0,0.0,0.0,1.0,0.0,0.0,242,255,1.0,0.0,0.0,0.02,0.0,0.0,0.15,0.19,0
0,udp,domain_u,SF,45,45,0,0,0,0,0,0,0,0,0,0,0,0,0,0,0,0,134,214,0.0,0.0,0.0,0.0,1.0,0.0,0.01,255,255,1.0,0.0,0.01,0.0,0.0,0.0,0.0,0.0,0
0,tcp,http,SF,365,295,0,0,0,0,0,1,0,0,0,0,0,0,0,0,0,0,8,9,0.0,0.0,0.0,0.0,1.0,0.0,0.22,9,247,1.0,0.0,0.11,0.12,0.0,0.0,0.0,0.72,0
0,tcp,http,SF,298,2833,0,0,0,0,0,1,0,0,0,0,0,0,0,0,0,0,3,3,0.0,0.0,0.0,0.0,1.0,0.0,0.0,255,255,1.0,0.0,0.0,0.0,0.0,0.0,0.0,0.0,0
205,tcp,smtp,SF,1357,331,0,0,0,0,0,1,0,0,0,0,0,0,0,0,0,0,1,1,0.0,0.0,0.0,0.0,1.0,0.0,0.0,144,94,0.31,0.49,0.01,0.02,0.0,0.0,0.45,0.0,0
0,tcp,http,SF,338,10111,0,0,0,0,0,1,0,0,0,0,0,0,0,0,0,0,1,1,0.0,0.0,0.0,0.0,1.0,0.0,0.0,4,255,1.0,0.0,0.25,0.03,0.0,0.0,0.0,0.0,0
0,tcp,ftp_data,SF,2056,0,0,0,0,0,0,1,0,0,0,0,0,0,0,0,0,0,6,6,0.0,0.0,0.0,0.0,1.0,0.0,0.0,21,49,0.57,0.14,0.57,0.04,0.05,0.0,0.0,0.0,0
0,udp,domain_u,SF,45,130,0,0,0,0,0,0,0,0,0,0,0,0,0,0,0,0,118,197,0.0,0.0,0.0,0.0,1.0,0.0,0.01,255,255,1.0,0.0,0.0,0.0,0.0,0.0,0.0,0.0,0
0,tcp,http,SF,232,27390,0,0,0,0,0,1,0,0,0,0,0,0,0,0,0,0,23,24,0.0,0.0,0.0,0.0,1.0,0.0,0.08,94,255,1.0,0.0,0.01,0.02,0.0,0.0,0.0,0.0,0
3,tcp,smtp,SF,2491,366,0,0,0,0,0,1,0,0,0,0,0,0,0,0,0,0,1,3,0.0,0.0,0.0,0.0,1.0,0.0,1.0,107,171,0.45,0.03,0.01,0.02,0.01,0.0,0.0,0.0,0
0,tcp,http,SF,215,2445,0,0,0,0,0,1,0,0,0,0,0,0,0,0,0,0,2,3,0.0,0.0,0.0,0.0,1.0,0.0,0.67,2,255,1.0,0.0,0.5,0.02,0.0,0.0,0.0,0.0,0
0,tcp,smtp,SF,1967,364,0,0,0,0,0,1,0,0,0,0,0,0,0,0,0,0,1,1,0.0,0.0,0.0,0.0,1.0,0.0,0.0,95,68,0.72,0.11,0.01,0.0,0.01,0.0,0.0,0.0,0
0,tcp,http,SF,346,258,0,0,0,0,0,1,0,0,0,0,0,0,0,0,0,0,9,9,0.0,0.0,0.0,0.0,1.0,0.0,0.0,255,255,1.0,0.0,0.0,0.0,0.0,0.0,0.0,0.0,0
0,tcp,http,SF,205,10431,0,0,0,0,0,1,0,0,0,0,0,0,0,0,0,0,4,4,0.0,0.0,0.0,0.0,1.0,0.0,0.0,20,255,1.0,0.0,0.05,0.01,0.0,0.0,0.0,0.0,0
0,tcp,ftp_data,SF,7422,0,0,0,0,0,0,1,0,0,0,0,0,0,0,0,0,0,5,5,0.0,0.0,0.0,0.0,1.0,0.0,0.0,163,96,0.27,0.02,0.27,0.02,0.0,0.0,0.0,0.0,0
0,tcp,http,SF,190,56,0,0,0,0,0,1,0,0,0,0,0,0,0,0,0,0,2,4,0.0,0.0,0.0,0.0,1.0,0.0,0.5,109,255,1.0,0.0,0.01,0.05,0.0,0.0,0.0,0.0,0
0,tcp,http,SF,345,394,0,0,0,0,0,1,0,0,0,0,0,0,0,0,0,0,5,8,0.0,0.0,0.0,0.0,1.0,0.0,0.5,35,255,1.0,0.0,0.03,0.05,0.0,0.0,0.0,0.0,0
0,tcp,ftp_data,SF,1376,0,0,0,0,0,0,1,0,0,0,0,0,0,0,0,0,0,6,6,0.0,0.0,0.0,0.0,1.0,0.0,0.0,255,141,0.55,0.02,0.55,0.0,0.0,0.0,0.0,0.0,0
0,tcp,http,SF,339,1092,0,0,0,0,0,1,0,0,0,0,0,0,0,0,0,0,5,5,0.0,0.0,0.0,0.0,1.0,0.0,0.0,27,255,1.0,0.0,0.04,0.02,0.0,0.0,0.0,0.0,0
0,tcp,http,SF,294,438,0,0,0,0,0,1,0,0,0,0,0,0,0,0,0,0,3,3,0.0,0.0,0.0,0.0,1.0,0.0,0.0,54,255,1.0,0.0,0.02,0.03,0.0,0.0,0.0,0.0,0
0,tcp,ftp_data,SF,246,0,0,0,0,0,0,1,0,0,0,0,0,0,0,0,0,0,1,1,0.0,0.0,0.0,0.0,1.0,0.0,0.0,6,33,1.0,0.0,1.0,0.12,0.0,0.0,0.0,0.0,1
0,udp,domain_u,SF,44,123,0,0,0,0,0,0,0,0,0,0,0,0,0,0,0,0,72,71,0.0,0.0,0.0,0.0,0.99,0.03,0.0,255,171,0.67,0.01,0.0,0.0,0.0,0.0,0.0,0.0,0
0,tcp,http,SF,321,1565,0,0,0,0,0,1,0,0,0,0,0,0,0,0,0,0,9,9,0.0,0.0,0.0,0.0,1.0,0.0,0.0,255,255,1.0,0.0,0.0,0.0,0.0,0.0,0.0,0.0,0
1,tcp,ftp,SF,1212,2449,0,0,0,28,0,1,0,0,0,0,0,0,0,0,0,1,1,1,0.0,0.0,0.0,0.0,1.0,0.0,0.0,255,118,0.46,0.02,0.0,0.0,0.0,0.0,0.01,0.0,1
0,tcp,ftp_data,SF,246,0,0,0,0,0,0,1,0,0,0,0,0,0,0,0,0,0,1,1,0.0,0.0,0.0,0.0,1.0,0.0,0.0,1,33,1.0,0.0,1.0,0.15,0.0,0.0,0.0,0.0,1
0,tcp,http,SF,248,330,0,0,0,0,0,1,0,0,0,0,0,0,0,0,0,0,17,17,0.0,0.0,0.0,0.0,1.0,0.0,0.0,255,255,1.0,0.0,0.0,0.0,0.0,0.0,0.0,0.0,0
0,tcp,http,SF,306,365,0,0,0,0,0,1,0,0,0,0,0,0,0,0,0,0,17,25,0.0,0.0,0.0,0.0,1.0,0.0,0.08,255,255,1.0,0.0,0.0,0.0,0.0,0.0,0.0,0.0,0
0,tcp,telnet,RSTO,125,179,0,0,0,1,1,0,0,0,0,0,0,0,0,0,0,0,2,2,0.0,0.0,1.0,1.0,1.0,0.0,0.0,8,8,1.0,0.0,0.12,0.0,0.12,0.12,0.88,0.88,1
0,tcp,http,SF,160,10873,0,0,0,0,0,1,0,0,0,0,0,0,0,0,0,0,1,1,0.0,0.0,0.0,0.0,1.0,0.0,0.0,1,255,1.0,0.0,1.0,0.01,0.0,0.0,0.0,0.0,0
0,udp,domain_u,SF,43,127,0,0,0,0,0,0,0,0,0,0,0,0,0,0,0,0,1,21,0.0,0.0,0.0,0.0,1.0,0.0,0.1,255,255,1.0,0.0,0.0,0.0,0.0,0.0,0.0,0.0,0
0,tcp,finger,SF,9,268,0,0,0,0,0,0,0,0,0,0,0,0,0,0,0,0,1,1,0.0,0.0,0.0,0.0,1.0,0.0,0.0,199,5,0.02,0.02,0.01,0.4,0.0,0.0,0.03,0.0,0
0,tcp,ftp_data,SF,1153,0,0,0,0,0,0,0,0,0,0,0,0,0,0,0,0,0,2,2,0.0,0.0,0.0,0.0,1.0,0.0,0.0,38,6,0.16,0.08,0.16,0.0,0.0,0.0,0.0,0.0,0
0,tcp,http,SF,265,39004,0,0,0,0,0,1,0,0,0,0,0,0,0,0,0,0,2,3,0.0,0.0,0.0,0.0,1.0,0.0,0.67,255,255,1.0,0.0,0.0,0.0,0.0,0.0,0.0,0.0,0
0,tcp,ftp_data,SF,641,0,0,0,0,0,0,1,0,0,0,0,0,0,0,0,0,0,2,2,0.0,0.0,0.0,0.0,1.0,0.0,0.0,243,89,0.37,0.02,0.37,0.0,0.0,0.0,0.0,0.0,0
0,tcp,http,SF,282,334,0,0,0,0,0,1,0,0,0,0,0,0,0,0,0,0,19,20,0.0,0.0,0.0,0.0,1.0,0.0,0.1,255,255,1.0,0.0,0.0,0.0,0.0,0.0,0.06,0.06,0
0,tcp,http,SF,294,2591,0,0,0,0,0,1,0,0,0,0,0,0,0,0,0,0,2,2,0.0,0.0,0.0,0.0,1.0,0.0,0.0,2,255,1.0,0.0,0.5,0.06,0.0,0.01,0.0,0.0,0
0,tcp,ftp_data,SF,334,0,0,0,0,0,0,1,0,0,0,0,0,0,0,0,0,0,1,1,0.0,0.0,0.0,0.0,1.0,0.0,0.0,12,44,0.92,0.17,1.0,0.11,0.0,0.0,0.0,0.0,1
0,tcp,http,SF,275,833,0,0,0,0,0,1,0,0,0,0,0,0,0,0,0,0,4,4,0.0,0.0,0.0,0.0,1.0,0.0,0.0,175,255,1.0,0.0,0.01,0.02,0.0,0.0,0.0,0.0,0
0,udp,domain_u,SF,43,128,0,0,0,0,0,0,0,0,0,0,0,0,0,0,0,0,71,151,0.0,0.0,0.0,0.0,1.0,0.0,0.01,255,234,0.92,0.01,0.0,0.0,0.0,0.0,0.0,0.0,0
0,tcp,ftp_data,SF,334,0,0,0,0,0,0,1,0,0,0,0,0,0,0,0,0,0,2,2,0.0,0.0,0.0,0.0,1.0,0.0,0.0,8,27,1.0,0.0,1.0,0.11,0.0,0.0,0.0,0.0,1
0,udp,domain_u,SF,44,128,0,0,0,0,0,0,0,0,0,0,0,0,0,0,0,0,65,145,0.0,0.0,0.0,0.0,1.0,0.0,0.01,255,254,1.0,0.01,0.0,0.0,0.0,0.0,0.0,0.0,0
0,tcp,ftp_data,SF,26,0,0,0,0,0,0,1,0,0,0,0,0,0,0,0,0,0,2,2,0.0,0.0,0.0,0.0,1.0,0.0,0.0,255,64,0.25,0.02,0.02,0.0,0.87,0.94,0.0,0.0,0
0,tcp,http,SF,207,1244,0,0,0,0,0,1,0,0,0,0,0,0,0,0,0,0,18,18,0.0,0.0,0.0,0.0,1.0,0.0,0.0,255,255,1.0,0.0,0.0,0.0,0.0,0.0,0.0,0.0,0
0,tcp,ftp_data,SF,334,0,0,0,0,0,0,1,0,0,0,0,0,0,0,0,0,0,2,3,0.0,0.0,0.0,0.0,1.0,0.0,0.67,2,10,1.0,0.0,1.0,0.4,0.0,0.0,0.0,0.0,1
0,tcp,http,SF,215,1728,0,0,0,0,0,1,0,0,0,0,0,0,0,0,0,0,7,25,0.0,0.0,0.0,0.0,1.0,0.0,0.08,255,255,1.0,0.0,0.0,0.0,0.0,0.0,0.0,0.0,0
0,tcp,smtp,SF,2122,390,0,0,0,0,0,1,0,0,0,0,0,0,0,0,0,0,1,1,0.0,0.0,0.0,0.0,1.0,0.0,0.0,255,61,0.24,0.06,0.0,0.0,0.55,0.0,0.04,0.03,0
0,tcp,ftp_data,SF,6601,0,0,0,0,0,0,0,0,0,0,0,0,0,0,0,0,0,12,24,0.0,0.0,0.0,0.0,1.0,0.0,0.08,255,78,0.31,0.03,0.31,0.0,0.0,0.0,0.0,0.0,0
0,tcp,http,SF,308,2698,0,0,0,0,0,1,0,0,0,0,0,0,1,0,0,0,2,2,0.0,0.0,0.0,0.0,1.0,0.0,0.0,255,223,0.87,0.01,0.0,0.0,0.0,0.0,0.0,0.0,0
0,tcp,http,SF,143,5894,0,0,0,0,0,1,0,0,0,0,0,0,0,0,0,0,2,2,0.0,0.0,0.0,0.0,1.0,0.0,0.0,186,255,1.0,0.0,0.01,0.03,0.0,0.01,0.01,0.01,0
28,tcp,ftp,SF,1504,4152,0,0,0,30,0,1,0,0,0,0,0,0,0,0,0,1,1,1,0.0,0.0,0.0,0.0,1.0,0.0,0.0,255,42,0.16,0.02,0.0,0.0,0.0,0.0,0.0,0.0,0
0,tcp,http,SF,218,4867,0,0,0,0,0,1,0,0,0,0,0,0,0,0,0,0,7,7,0.0,0.0,0.0,0.0,1.0,0.0,0.0,47,255,1.0,0.0,0.02,0.05,0.0,0.01,0.0,0.0,0
0,tcp,smtp,SF,1596,392,0,0,0,0,0,1,0,0,0,0,0,0,0,0,0,0,1,1,0.0,0.0,0.0,0.0,1.0,0.0,0.0,36,173,0.72,0.06,0.03,0.01,0.0,0.0,0.0,0.0,0
0,udp,domain_u,SF,42,129,0,0,0,0,0,0,0,0,0,0,0,0,0,0,0,0,58,208,0.0,0.0,0.0,0.0,1.0,0.0,0.02,198,196,0.8,0.02,0.71,0.01,0.0,0.0,0.07,0.0,0
0,tcp,http,SF,288,1091,0,0,0,0,0,1,0,0,0,0,0,0,0,0,0,0,16,16,0.0,0.0,0.0,0.0,1.0,0.0,0.0,31,255,1.0,0.0,0.03,0.04,0.0,0.0,0.0,0.0,0
0,tcp,ftp_data,SF,334,0,0,0,0,0,0,1,0,0,0,0,0,0,0,0,0,0,2,2,0.0,0.0,0.0,0.0,1.0,0.0,0.0,179,58,0.19,0.06,0.21,0.03,0.01,0.03,0.0,0.0,1
0,tcp,ftp_data,SF,334,0,0,0,0,0,0,1,0,0,0,0,0,0,0,0,0,0,2,2,0.0,0.0,0.0,0.0,1.0,0.0,0.0,2,6,1.0,0.0,1.0,0.5,0.0,0.0,0.0,0.0,1
0,tcp,http,SF,209,9158,0,0,0,0,0,1,0,0,0,0,0,0,0,0,0,0,2,3,0.0,0.0,0.0,0.0,1.0,0.0,0.67,120,255,1.0,0.0,0.01,0.01,0.0,0.0,0.0,0.0,0
0,tcp,http,SF,200,654,0,0,0,0,0,1,0,0,0,0,0,0,0,0,0,0,21,34,0.0,0.0,0.0,0.0,1.0,0.0,0.06,63,255,1.0,0.0,0.02,0.03,0.0,0.0,0.0,0.0,0
0,udp,domain_u,SF,45,45,0,0,0,0,0,0,0,0,0,0,0,0,0,0,0,0,218,217,0.0,0.0,0.0,0.0,1.0,0.01,0.0,255,240,0.94,0.02,0.0,0.0,0.0,0.0,0.0,0.0,0
34,tcp,ftp,SF,1513,4152,0,0,0,30,0,1,0,0,0,0,0,0,0,0,0,1,1,1,0.0,0.0,0.0,0.0,1.0,0.0,0.0,86,22,0.26,0.07,0.01,0.0,0.0,0.0,0.0,0.0,0
0,udp,domain_u,SF,43,43,0,0,0,0,0,0,0,0,0,0,0,0,0,0,0,0,267,268,0.0,0.0,0.0,0.0,1.0,0.01,0.01,255,246,0.96,0.01,0.0,0.0,0.0,0.0,0.0,0.0,0
0,tcp,http,SF,258,16627,0,0,0,0,0,1,0,0,0,0,0,0,0,0,0,0,1,1,0.0,0.0,0.0,0.0,1.0,0.0,0.0,236,255,1.0,0.0,0.0,0.02,0.0,0.0,0.0,0.0,0
1,tcp,ftp,SF,1245,2451,0,0,0,28,0,1,0,0,0,0,0,0,0,0,0,1,1,1,0.0,0.0,0.0,0.0,1.0,0.0,0.0,216,44,0.2,0.02,0.0,0.0,0.0,0.0,0.01,0.0,1
0,tcp,http,SF,230,4937,0,0,0,0,0,1,0,0,0,0,0,0,0,0,0,0,37,37,0.0,0.0,0.0,0.0,1.0,0.0,0.0,253,255,1.0,0.0,0.0,0.01,0.0,0.0,0.0,0.0,0
0,tcp,http,SF,180,4697,0,0,0,0,0,1,0,0,0,0,0,0,0,0,0,0,3,3,0.0,0.0,0.0,0.0,1.0,0.0,0.0,115,255,1.0,0.0,0.01,0.03,0.0,0.0,0.0,0.0,0
0,tcp,http,SF,233,695,0,0,0,0,0,1,0,0,0,0,0,0,0,0,0,0,10,10,0.0,0.0,0.0,0.0,1.0,0.0,0.0,10,255,1.0,0.0,0.1,0.01,0.0,0.0,0.0,0.0,0
0,tcp,http,SF,285,412,0,0,0,0,0,1,0,0,0,0,0,0,0,0,0,0,5,5,0.0,0.0,0.0,0.0,1.0,0.0,0.0,165,255,1.0,0.0,0.01,0.02,0.0,0.0,0.0,0.0,0
0,tcp,ftp_data,SF,245,0,0,0,0,0,0,0,0,0,0,0,0,0,0,0,0,0,2,2,0.0,0.0,0.0,0.0,1.0,0.0,0.0,163,81,0.35,0.04,0.35,0.02,0.01,0.0,0.01,0.0,0
0,tcp,http,SF,313,685,0,0,0,0,0,1,0,0,0,0,0,0,0,0,0,0,23,24,0.0,0.0,0.0,0.0,1.0,0.0,0.08,62,255,1.0,0.0,0.02,0.03,0.0,0.0,0.0,0.0,0
0,tcp,ftp_data,SF,334,0,0,0,0,0,0,1,0,0,0,0,0,0,0,0,0,0,1,1,0.0,0.0,0.0,0.0,1.0,0.0,0.0,3,37,1.0,0.0,1.0,0.16,0.0,0.0,0.0,0.0,1
16,udp,private,SF,105,147,0,0,0,0,0,0,0,0,0,0,0,0,0,0,0,0,2,2,0.0,0.0,0.0,0.0,1.0,0.0,0.0,255,235,0.92,0.01,0.02,0.0,0.0,0.0,0.0,0.0,0
0,tcp,http,SF,202,2295,0,0,0,0,0,1,0,0,0,0,0,0,0,0,0,0,1,1,0.0,0.0,0.0,0.0,1.0,0.0,0.0,10,255,1.0,0.0,0.1,0.01,0.0,0.0,0.0,0.0,0
0,tcp,http,SF,202,983,0,0,0,0,0,1,0,0,0,0,0,0,0,0,0,0,18,18,0.0,0.0,0.0,0.0,1.0,0.0,0.0,83,255,1.0,0.0,0.01,0.01,0.0,0.0,0.0,0.0,0
0,tcp,http,SF,306,560,0,0,0,0,0,1,0,0,0,0,0,0,0,0,0,0,19,19,0.0,0.0,0.0,0.0,1.0,0.0,0.0,38,255,1.0,0.0,0.03,0.04,0.0,0.0,0.0,0.0,0
0,udp,domain_u,SF,44,44,0,0,0,0,0,0,0,0,0,0,0,0,0,0,0,0,177,177,0.0,0.0,0.0,0.0,1.0,0.0,0.0,255,254,1.0,0.01,0.0,0.0,0.0,0.0,0.0,0.0,0
0,udp,domain_u,SF,45,78,0,0,0,0,0,0,0,0,0,0,0,0,0,0,0,0,290,290,0.0,0.0,0.0,0.0,1.0,0.0,0.0,255,249,0.98,0.01,0.0,0.0,0.0,0.0,0.0,0.0,0
5076,tcp,ftp,SF,1044,2279,0,0,0,20,0,1,0,0,0,0,0,0,0,0,0,1,1,1,0.0,0.0,0.0,0.0,1.0,0.0,0.0,255,23,0.09,0.02,0.0,0.0,0.13,0.0,0.0,0.0,1
0,tcp,http,SF,257,2555,0,0,0,0,0,1,0,0,0,0,0,0,0,0,0,0,7,7,0.0,0.0,0.0,0.0,1.0,0.0,0.0,255,255,1.0,0.0,0.0,0.0,0.0,0.0,0.0,0.0,0
0,tcp,http,SF,237,397,0,0,0,0,0,1,0,0,0,0,0,0,0,0,0,0,2,2,0.0,0.0,0.0,0.0,1.0,0.0,0.0,121,255,1.0,0.0,0.01,0.01,0.0,0.0,0.0,0.0,0
5057,tcp,ftp_data,SF,5133876,0,0,0,0,4,0,1,0,0,0,0,0,0,0,0,0,0,1,1,0.0,0.0,0.0,0.0,1.0,0.0,0.0,4,16,1.0,0.0,1.0,0.25,0.0,0.0,0.0,0.0,1
0,tcp,ftp_data,SF,334,0,0,0,0,0,0,1,0,0,0,0,0,0,0,0,0,0,1,1,0.0,0.0,0.0,0.0,1.0,0.0,0.0,223,84,0.36,0.02,0.36,0.02,0.0,0.0,0.0,0.0,1
0,udp,domain_u,SF,44,117,0,0,0,0,0,0,0,0,0,0,0,0,0,0,0,0,162,162,0.0,0.0,0.0,0.0,1.0,0.0,0.0,255,255,1.0,0.0,0.0,0.0,0.0,0.0,0.0,0.0,0
16187,tcp,telnet,SF,1119,176336,0,0,0,0,0,1,691,1,2,766,0,0,8,0,0,0,1,1,0.0,0.0,0.0,0.0,1.0,0.0,0.0,2,2,1.0,0.0,0.5,0.0,0.0,0.0,0.0,0.0,0
0,tcp,http,SF,164,2967,0,0,0,0,0,1,0,0,0,0,0,0,0,0,0,0,1,1,0.0,0.0,0.0,0.0,1.0,0.0,0.0,37,255,1.0,0.0,0.03,0.04,0.0,0.0,0.0,0.0,0
0,udp,domain_u,SF,46,112,0,0,0,0,0,0,0,0,0,0,0,0,0,0,0,0,75,155,0.0,0.0,0.0,0.0,1.0,0.0,0.01,255,254,1.0,0.01,0.0,0.0,0.0,0.0,0.0,0.0,0
3,tcp,smtp,SF,1654,336,0,0,0,0,0,1,0,0,0,0,0,0,0,0,0,0,1,2,0.0,0.0,0.0,0.0,1.0,0.0,1.0,163,116,0.47,0.13,0.01,0.02,0.01,0.0,0.0,0.0,0
0,udp,domain_u,SF,29,0,0,0,0,0,0,0,0,0,0,0,0,0,0,0,0,0,1,2,0.0,0.0,0.0,0.0,1.0,0.0,1.0,32,17,0.06,0.09,0.06,0.12,0.0,0.0,0.0,0.0,0
0,tcp,http,SF,283,337,0,0,0,0,0,1,0,0,0,0,0,0,0,0,0,0,2,4,0.0,0.0,0.0,0.0,1.0,0.0,0.75,2,255,1.0,0.0,0.5,0.06,0.0,0.0,0.0,0.0,0
0,tcp,http,S2,228,0,0,0,0,2,0,1,0,0,0,0,0,0,0,0,0,0,1,1,1.0,1.0,0.0,0.0,1.0,0.0,0.0,2,230,1.0,0.0,0.5,0.07,0.5,0.01,0.0,0.0,0
29,tcp,http,SF,347,273,0,0,0,0,0,1,0,0,0,0,0,0,0,0,0,0,1,4,0.0,0.0,0.0,0.0,1.0,0.0,0.5,132,255,1.0,0.0,0.01,0.02,0.0,0.0,0.0,0.0,0
0,tcp,http,SF,216,706,0,0,0,0,0,1,0,0,0,0,0,0,0,0,0,0,21,21,0.0,0.0,0.0,0.0,1.0,0.0,0.0,255,255,1.0,0.0,0.0,0.0,0.0,0.0,0.0,0.0,0
0,tcp,http,SF,258,502,0,0,0,0,0,1,0,0,0,0,0,0,0,0,0,0,3,3,0.0,0.0,0.0,0.0,1.0,0.0,0.0,169,255,1.0,0.0,0.01,0.04,0.0,0.0,0.0,0.0,0
0,tcp,ftp,SF,1196,2449,0,0,0,28,0,1,0,0,0,0,0,0,0,0,0,1,1,1,0.0,0.0,0.0,0.0,1.0,0.0,0.0,255,67,0.26,0.02,0.0,0.0,0.0,0.0,0.0,0.0,1
0,tcp,http,SF,293,5017,0,0,0,0,0,1,0,0,0,0,0,0,0,0,0,0,17,27,0.0,0.0,0.0,0.0,1.0,0.0,0.22,20,255,1.0,0.0,0.05,0.07,0.0,0.0,0.0,0.0,0
0,tcp,http,SF,296,3458,0,0,0,0,0,1,0,0,0,0,0,0,0,0,0,0,4,26,0.0,0.0,0.0,0.0,1.0,0.0,0.12,110,255,1.0,0.0,0.01,0.02,0.0,0.0,0.01,0.0,0
0,icmp,ecr_i,SF,30,0,0,0,0,0,0,0,0,0,0,0,0,0,0,0,0,0,1,1,0.0,0.0,0.0,0.0,1.0,0.0,0.0,214,214,1.0,0.0,1.0,0.0,0.0,0.0,0.0,0.0,0
0,tcp,ftp_data,SF,334,0,0,0,0,0,0,1,0,0,0,0,0,0,0,0,0,0,1,1,0.0,0.0,0.0,0.0,1.0,0.0,0.0,7,33,1.0,0.0,1.0,0.18,0.0,0.0,0.0,0.0,1
0,icmp,eco_i,SF,30,0,0,0,0,0,0,0,0,0,0,0,0,0,0,0,0,0,2,2,0.0,0.0,0.0,0.0,1.0,0.0,0.0,197,197,1.0,0.0,1.0,0.0,0.0,0.0,0.0,0.0,0
0,tcp,http,SF,294,5499,0,0,0,0,0,1,0,0,0,0,0,0,0,0,0,0,2,2,0.0,0.0,0.0,0.0,1.0,0.0,0.0,2,255,1.0,0.0,0.5,0.04,0.0,0.0,0.0,0.0,0
0,icmp,urp_i,SF,182,0,0,0,0,0,0,0,0,0,0,0,0,0,0,0,0,0,2,1,0.0,0.0,0.0,0.0,0.5,1.0,0.0,255,27,0.11,0.01,0.13,0.0,0.0,0.0,0.0,0.0,0
0,tcp,http,SF,218,307,0,0,0,0,0,1,0,0,0,0,0,0,0,0,0,0,2,7,0.0,0.0,0.0,0.14,1.0,0.0,0.29,255,255,1.0,0.0,0.0,0.0,0.0,0.0,0.0,0.0,0
0,tcp,ftp_data,SF,768,0,0,0,0,0,0,0,0,0,0,0,0,0,0,0,0,0,16,16,0.0,0.0,0.0,0.0,1.0,0.0,0.0,54,22,0.41,0.06,0.41,0.0,0.0,0.0,0.0,0.0,0
3,tcp,smtp,SF,1273,330,0,0,0,0,0,1,0,0,0,0,0,0,0,0,0,0,2,3,0.0,0.0,0.0,0.0,1.0,0.0,0.67,197,145,0.74,0.02,0.01,0.0,0.0,0.0,0.0,0.0,0
0,tcp,smtp,SF,1033,281,0,0,0,0,0,1,0,0,0,0,0,0,0,0,0,0,1,1,0.0,0.0,0.0,0.0,1.0,0.0,0.0,11,143,1.0,0.0,0.09,0.01,0.0,0.0,0.0,0.0,0
0,tcp,smtp,SF,1375,332,0,0,0,0,0,1,0,0,0,0,0,0,0,0,0,0,1,1,0.0,0.0,0.0,0.0,1.0,0.0,0.0,88,142,0.53,0.06,0.01,0.01,0.0,0.0,0.0,0.0,0
0,tcp,http,SF,192,36186,0,0,0,0,0,1,0,0,0,0,0,0,0,0,0,0,1,1,0.0,0.0,0.0,0.0,1.0,0.0,0.0,255,255,1.0,0.0,0.0,0.0,0.0,0.0,0.0,0.0,0
0,tcp,http,REJ,0,0,0,0,0,0,0,0,0,0,0,0,0,0,0,0,0,0,1,1,0.0,0.0,1.0,1.0,1.0,0.0,0.0,14,251,1.0,0.0,0.07,0.24,0.0,0.0,1.0,1.0,0
0,tcp,http,SF,173,413,0,0,0,0,0,1,0,0,0,0,0,0,0,0,0,0,18,19,0.0,0.0,0.0,0.0,1.0,0.0,0.11,47,255,1.0,0.0,0.02,0.02,0.0,0.0,0.0,0.0,0
0,tcp,ftp_data,SF,194,0,0,0,0,0,0,1,0,0,0,0,0,0,0,0,0,0,2,2,0.0,0.0,0.0,0.0,1.0,0.0,0.0,69,16,0.06,0.07,0.06,0.12,0.01,0.0,0.0,0.0,0
0,tcp,http,SF,260,245,0,0,0,0,0,1,0,0,0,0,0,0,0,0,0,0,8,10,0.0,0.0,0.0,0.0,1.0,0.0,0.3,153,255,1.0,0.0,0.01,0.02,0.0,0.0,0.0,0.0,0
0,tcp,http,SF,330,4294,0,0,0,0,0,1,0,0,0,0,0,0,0,0,0,0,2,2,0.0,0.0,0.0,0.0,1.0,0.0,0.0,39,255,1.0,0.0,0.03,0.04,0.0,0.0,0.0,0.0,0
156,tcp,ftp,SF,950,2551,0,0,0,18,0,1,0,0,0,0,21,0,0,0,0,1,1,1,0.0,0.0,0.0,0.0,1.0,0.0,0.0,218,1,0.0,0.03,0.0,0.0,0.01,0.0,0.07,0.0,1
0,udp,private,SF,105,147,0,0,0,0,0,0,0,0,0,0,0,0,0,0,0,0,8,1,0.0,0.0,0.0,0.0,0.12,0.25,0.0,255,233,0.91,0.01,0.0,0.0,0.0,0.0,0.0,0.0,0
0,tcp,http,SF,292,1569,0,0,0,0,0,1,0,0,0,0,0,0,0,0,0,0,4,13,0.0,0.0,0.0,0.0,1.0,0.0,0.31,70,255,1.0,0.0,0.01,0.01,0.01,0.0,0.0,0.0,0
0,tcp,http,SF,192,581,0,0,0,0,0,1,0,0,0,0,0,0,0,0,0,0,10,10,0.0,0.0,0.0,0.0,1.0,0.0,0.0,10,255,1.0,0.0,0.1,0.06,0.0,0.0,0.0,0.0,0
0,tcp,http,SF,144,9533,0,0,0,0,0,1,0,0,0,0,0,0,0,0,0,0,1,1,0.0,0.0,0.0,0.0,1.0,0.0,0.0,142,255,1.0,0.0,0.01,0.02,0.0,0.0,0.0,0.0,0
0,tcp,smtp,SF,889,367,0,0,0,0,0,1,0,0,0,0,0,0,0,0,0,0,1,2,0.0,0.0,0.0,0.0,1.0,0.0,1.0,161,95,0.54,0.04,0.01,0.02,0.0,0.0,0.0,0.0,0
0,tcp,http,SF,190,12097,0,0,0,0,0,1,0,0,0,0,0,0,0,0,0,0,1,2,0.0,0.0,0.0,0.0,1.0,0.0,1.0,11,255,1.0,0.0,0.09,0.04,0.0,0.0,0.0,0.0,0
0,tcp,http,SF,192,2491,0,0,0,0,0,1,0,0,0,0,0,0,0,0,0,0,8,8,0.0,0.0,0.0,0.0,1.0,0.0,0.0,8,255,1.0,0.0,0.12,0.04,0.0,0.01,0.0,0.0,0
0,udp,domain_u,SF,31,31,0,0,0,0,0,0,0,0,0,0,0,0,0,0,0,0,1,3,0.0,0.0,0.0,0.0,1.0,0.0,1.0,255,234,0.92,0.01,0.0,0.0,0.0,0.0,0.02,0.0,0
0,tcp,http,SF,273,2870,0,0,0,0,0,1,0,0,0,0,0,0,0,0,0,0,3,3,0.0,0.0,0.0,0.0,1.0,0.0,0.0,255,255,1.0,0.0,0.0,0.0,0.0,0.0,0.0,0.0,0
0,tcp,http,SF,254,310,0,0,0,0,0,1,0,0,0,0,0,0,0,0,0,0,10,10,0.0,0.0,0.0,0.0,1.0,0.0,0.0,164,255,1.0,0.0,0.01,0.01,0.0,0.0,0.0,0.0,0
0,tcp,http,SF,242,16779,0,0,0,0,0,1,0,0,0,0,0,0,0,0,0,0,9,14,0.0,0.0,0.0,0.0,1.0,0.0,0.14,9,255,1.0,0.0,0.11,0.02,0.0,0.0,0.0,0.0,0
0,tcp,http,SF,229,4711,0,0,0,0,0,1,0,0,0,0,0,0,0,0,0,0,20,20,0.0,0.0,0.0,0.0,1.0,0.0,0.0,20,255,1.0,0.0,0.05,0.05,0.0,0.0,0.0,0.0,0
0,tcp,http,SF,314,1145,0,0,0,0,0,1,0,0,0,0,0,0,0,0,0,0,20,40,0.0,0.0,0.0,0.0,1.0,0.0,0.05,255,255,1.0,0.0,0.0,0.0,0.0,0.0,0.0,0.0,0
0,tcp,http,SF,231,2698,0,0,0,0,0,1,0,0,0,0,0,0,1,0,0,0,4,4,0.0,0.0,0.0,0.0,1.0,0.0,0.0,255,239,0.94,0.01,0.0,0.0,0.0,0.0,0.0,0.0,0
0,tcp,ftp_data,SF,334,0,0,0,0,0,0,1,0,0,0,0,0,0,0,0,0,0,2,2,0.0,0.0,0.0,0.0,1.0,0.0,0.0,4,22,1.0,0.0,1.0,0.23,0.0,0.0,0.0,0.0,1
0,tcp,ftp_data,SF,334,0,0,0,0,0,0,1,0,0,0,0,0,0,0,0,0,0,1,1,0.0,0.0,0.0,0.0,1.0,0.0,0.0,7,26,1.0,0.0,1.0,0.12,0.0,0.0,0.0,0.0,1
0,tcp,http,SF,238,9518,0,0,0,0,0,1,0,0,0,0,0,0,0,0,0,0,1,1,0.0,0.0,0.0,0.0,1.0,0.0,0.0,31,255,1.0,0.0,0.03,0.01,0.0,0.0,0.0,0.0,0
0,udp,domain_u,SF,44,139,0,0,0,0,0,0,0,0,0,0,0,0,0,0,0,0,127,193,0.0,0.0,0.0,0.0,1.0,0.0,0.01,255,255,1.0,0.0,0.0,0.0,0.0,0.0,0.0,0.0,0
0,tcp,ftp_data,SF,334,0,0,0,0,0,0,1,0,0,0,0,0,0,0,0,0,0,1,1,0.0,0.0,0.0,0.0,1.0,0.0,0.0,5,47,1.0,0.0,1.0,0.13,0.0,0.0,0.0,0.0,1
0,udp,private,SF,105,146,0,0,0,0,0,0,0,0,0,0,0,0,0,0,0,0,6,1,0.0,0.0,0.0,0.0,0.17,0.33,0.0,255,244,0.96,0.01,0.0,0.0,0.0,0.0,0.0,0.0,0
8,tcp,ftp_data,SF,7045,0,0,0,0,0,0,1,0,0,0,0,0,0,0,0,0,0,2,2,0.0,0.0,0.0,0.0,1.0,0.0,0.0,7,34,1.0,0.0,1.0,0.12,0.0,0.0,0.0,0.0,1
0,tcp,http,SF,210,1295,0,0,0,0,0,1,0,0,0,0,0,0,0,0,0,0,3,3,0.0,0.0,0.0,0.0,1.0,0.0,0.0,8,255,1.0,0.0,0.12,0.01,0.0,0.0,0.0,0.0,0
23,tcp,telnet,SF,104,276,0,0,0,0,5,0,0,0,0,0,0,0,0,0,0,0,1,1,0.0,0.0,0.0,0.0,1.0,0.0,0.0,1,2,1.0,0.0,1.0,1.0,0.0,0.0,0.0,0.0,1
0,udp,domain_u,SF,44,132,0,0,0,0,0,0,0,0,0,0,0,0,0,0,0,0,64,144,0.0,0.0,0.0,0.0,1.0,0.0,0.01,255,255,1.0,0.0,0.0,0.0,0.0,0.0,0.0,0.0,0
0,tcp,http,SF,250,1800,0,0,0,0,0,1,0,0,0,0,0,0,0,0,0,0,7,7,0.0,0.0,0.0,0.0,1.0,0.0,0.0,255,244,0.96,0.02,0.0,0.0,0.0,0.0,0.0,0.0,0
251,tcp,telnet,SF,221,5185,0,0,0,0,0,1,3,0,0,0,0,0,0,0,0,0,1,1,0.0,0.0,0.0,0.0,1.0,0.0,0.0,130,22,0.17,0.03,0.01,0.0,0.0,0.0,0.02,0.09,0
0,tcp,ftp,SF,1259,2453,0,0,0,28,0,1,0,0,0,0,0,0,0,0,0,1,1,1,0.0,0.0,0.0,0.0,1.0,0.0,0.0,255,55,0.22,0.02,0.0,0.0,0.0,0.0,0.0,0.0,1
0,tcp,ftp_data,SF,748,0,0,0,0,0,0,1,0,0,0,9,0,0,0,0,0,0,1,1,0.0,0.0,0.0,0.0,1.0,0.0,0.0,2,97,0.5,1.0,0.5,0.02,0.0,0.0,0.0,0.0,0
0,tcp,http,SF,228,1451,0,0,0,0,0,1,0,0,0,0,0,0,0,0,0,0,18,18,0.0,0.0,0.0,0.0,1.0,0.0,0.0,69,255,1.0,0.0,0.01,0.01,0.0,0.0,0.0,0.0,0
0,tcp,smtp,SF,4071,332,0,0,0,0,0,1,0,0,0,0,0,0,0,0,0,0,1,1,0.0,0.0,0.0,0.0,1.0,0.0,0.0,178,244,0.97,0.01,0.01,0.01,0.0,0.0,0.0,0.0,0
1,tcp,smtp,SF,608,335,0,0,0,0,0,1,0,0,0,0,0,0,0,0,0,0,1,2,0.0,0.0,0.0,0.0,1.0,0.0,1.0,138,157,0.78,0.04,0.01,0.01,0.01,0.01,0.01,0.0,0
0,tcp,ftp_data,SF,26,0,0,0,0,0,0,0,0,0,0,0,0,0,0,0,0,0,1,1,0.0,0.0,0.0,0.0,1.0,0.0,0.0,7,13,0.71,0.29,0.71,0.15,0.0,0.08,0.0,0.0,0
0,tcp,http,SF,234,5170,0,0,0,0,0,1,0,0,0,0,0,0,0,0,0,0,5,5,0.0,0.0,0.0,0.0,1.0,0.0,0.0,18,255,1.0,0.0,0.06,0.04,0.0,0.0,0.0,0.0,0
0,tcp,http,REJ,0,0,0,0,0,0,0,0,0,0,0,0,0,0,0,0,0,0,1,1,0.0,0.0,1.0,1.0,1.0,0.0,0.0,8,55,1.0,0.0,0.12,0.31,0.0,0.0,1.0,1.0,0
0,tcp,http,SF,327,638,0,0,0,0,0,1,0,0,0,0,0,0,0,0,0,0,6,6,0.0,0.0,0.0,0.0,1.0,0.0,0.0,134,255,1.0,0.0,0.01,0.01,0.0,0.01,0.0,0.0,0
0,udp,domain_u,SF,42,67,0,0,0,0,0,0,0,0,0,0,0,0,0,0,0,0,141,141,0.0,0.0,0.0,0.0,1.0,0.0,0.0,255,254,1.0,0.01,0.0,0.0,0.0,0.0,0.0,0.0,0
0,tcp,http,SF,375,349,0,0,0,0,0,1,0,0,0,0,0,0,0,0,0,0,5,5,0.0,0.0,0.0,0.0,1.0,0.0,0.0,17,255,1.0,0.0,0.06,0.2,0.0,0.01,0.53,0.94,0
0,tcp,http,REJ,0,0,0,0,0,0,0,0,0,0,0,0,0,0,0,0,0,0,1,2,0.0,0.0,1.0,1.0,1.0,0.0,1.0,2,255,1.0,0.0,0.5,0.13,0.0,0.0,1.0,1.0,0
0,tcp,http,SF,201,492,0,0,0,0,0,1,0,0,0,0,0,0,0,0,0,0,25,49,0.0,0.0,0.0,0.0,1.0,0.0,0.08,255,255,1.0,0.0,0.0,0.0,0.0,0.0,0.0,0.0,0
0,udp,domain_u,SF,46,134,0,0,0,0,0,0,0,0,0,0,0,0,0,0,0,0,67,217,0.0,0.0,0.0,0.0,1.0,0.0,0.02,207,196,0.81,0.01,0.72,0.01,0.0,0.0,0.07,0.0,0
0,udp,domain_u,SF,42,108,0,0,0,0,0,0,0,0,0,0,0,0,0,0,0,0,143,223,0.0,0.0,0.0,0.0,1.0,0.0,0.01,255,255,1.0,0.0,0.0,0.0,0.0,0.0,0.0,0.0,0
0,udp,domain_u,SF,75,44,0,0,0,0,0,0,0,0,0,0,0,0,0,0,0,0,114,114,0.0,0.0,0.0,0.0,1.0,0.0,0.0,255,166,0.65,0.01,0.2,0.0,0.0,0.0,0.0,0.0,0
0,tcp,http,SF,287,181,0,0,0,0,0,1,0,0,0,0,0,0,0,0,0,0,27,27,0.0,0.0,0.0,0.0,1.0,0.0,0.0,255,255,1.0,0.0,0.0,0.0,0.0,0.0,0.0,0.0,0
0,udp,domain_u,SF,46,72,0,0,0,0,0,0,0,0,0,0,0,0,0,0,0,0,74,155,0.0,0.0,0.0,0.0,1.0,0.0,0.01,255,247,0.97,0.01,0.0,0.0,0.0,0.0,0.0,0.0,0
2,tcp,ftp,SF,1195,2447,0,0,0,28,0,1,0,0,0,0,0,0,0,0,0,1,1,1,0.0,0.0,0.0,0.0,1.0,0.0,0.0,255,95,0.37,0.02,0.0,0.0,0.0,0.0,0.01,0.0,1
0,tcp,ftp_data,SF,13239,0,0,0,0,0,0,1,0,0,0,0,0,0,0,0,0,0,4,5,0.0,0.0,0.0,0.0,1.0,0.0,0.4,255,118,0.46,0.01,0.46,0.0,0.0,0.0,0.0,0.0,0
0,tcp,http,SF,292,2572,0,0,0,0,0,1,0,0,0,0,0,0,0,0,0,0,27,27,0.0,0.0,0.0,0.0,1.0,0.0,0.0,255,255,1.0,0.0,0.0,0.0,0.0,0.0,0.0,0.0,0
0,tcp,http,SF,194,9234,0,0,0,0,0,1,0,0,0,0,0,0,0,0,0,0,2,2,0.0,0.0,0.0,0.0,1.0,0.0,0.0,27,255,1.0,0.0,0.04,0.05,0.0,0.0,0.04,0.0,0
0,tcp,http,SF,328,608,0,0,0,0,0,1,0,0,0,0,0,0,0,0,0,0,16,16,0.0,0.0,0.0,0.0,1.0,0.0,0.0,29,255,1.0,0.0,0.03,0.01,0.0,0.0,0.0,0.0,0
0,tcp,http,SF,225,370,0,0,0,0,0,1,0,0,0,0,0,0,0,0,0,0,21,21,0.0,0.0,0.0,0.0,1.0,0.0,0.0,132,255,1.0,0.0,0.01,0.05,0.0,0.0,0.0,0.0,0
0,tcp,http,SF,169,10776,0,0,0,0,0,1,0,0,0,0,0,0,0,0,0,0,1,1,0.0,0.0,0.0,0.0,1.0,0.0,0.0,5,255,1.0,0.0,0.2,0.06,0.0,0.0,0.0,0.0,0
0,tcp,http,SF,241,724,0,0,0,0,0,1,0,0,0,0,0,0,0,0,0,0,23,23,0.0,0.0,0.0,0.0,1.0,0.0,0.0,255,255,1.0,0.0,0.0,0.0,0.0,0.0,0.0,0.0,0
0,tcp,http,SF,318,1446,0,0,0,0,0,1,0,0,0,0,0,0,0,0,0,0,18,18,0.0,0.0,0.0,0.0,1.0,0.0,0.0,184,255,1.0,0.0,0.01,0.01,0.0,0.01,0.0,0.0,0
0,tcp,ftp,SF,1210,2447,0,0,0,28,0,1,0,0,0,0,0,0,0,0,0,1,1,1,0.0,0.0,0.0,0.0,1.0,0.0,0.0,255,44,0.17,0.02,0.0,0.0,0.05,0.0,0.0,0.0,1
0,tcp,ftp_data,SF,246,0,0,0,0,0,0,1,0,0,0,0,0,0,0,0,0,0,2,2,0.0,0.0,0.0,0.0,1.0,0.0,0.0,2,10,1.0,0.0,1.0,0.2,0.0,0.0,0.0,0.0,1
5063,tcp,ftp_data,SF,5133876,0,0,0,0,4,0,1,0,0,0,0,0,0,0,0,0,0,1,1,0.0,0.0,0.0,0.0,1.0,0.0,0.0,4,38,1.0,0.0,1.0,0.16,0.0,0.03,0.0,0.0,1
0,tcp,http,SF,228,302,0,0,0,0,0,1,0,0,0,0,0,0,0,0,0,0,12,12,0.0,0.0,0.0,0.0,1.0,0.0,0.0,255,255,1.0,0.0,0.0,0.0,0.0,0.0,0.0,0.0,0
0,tcp,ftp,SF,1200,2447,0,0,0,28,0,1,0,0,0,0,0,0,0,0,0,1,1,1,0.0,0.0,0.0,0.0,1.0,0.0,0.0,202,30,0.15,0.02,0.0,0.0,0.0,0.0,0.01,0.0,1
0,tcp,http,SF,221,2574,0,0,0,0,0,1,0,0,0,0,0,0,0,0,0,0,3,23,0.0,0.0,0.0,0.0,1.0,0.0,0.09,30,255,1.0,0.0,0.03,0.01,0.0,0.0,0.07,0.01,0
0,tcp,http,SF,236,943,0,0,0,0,0,1,0,0,0,0,0,0,0,0,0,0,23,25,0.0,0.0,0.0,0.0,1.0,0.0,0.08,255,255,1.0,0.0,0.0,0.0,0.0,0.0,0.0,0.0,0
3,tcp,finger,SF,10,277,0,0,0,0,0,0,0,0,0,0,0,0,0,0,0,0,1,1,0.0,0.0,0.0,0.0,1.0,0.0,0.0,144,12,0.03,0.03,0.01,0.17,0.0,0.0,0.0,0.0,0
0,tcp,http,SF,316,3792,0,0,0,0,0,1,0,0,0,0,0,0,0,0,0,0,12,19,0.0,0.0,0.0,0.0,1.0,0.0,0.11,156,255,1.0,0.0,0.01,0.02,0.0,0.0,0.0,0.0,0
0,tcp,http,SF,321,1879,0,0,0,0,0,1,0,0,0,0,0,0,0,0,0,0,8,11,0.0,0.0,0.0,0.0,1.0,0.0,0.18,35,255,1.0,0.0,0.03,0.01,0.0,0.0,0.0,0.0,0
0,tcp,http,SF,277,269,0,0,0,0,0,1,0,0,0,0,0,0,0,0,0,0,2,2,0.0,0.0,0.0,0.0,1.0,0.0,0.0,102,255,1.0,0.0,0.01,0.05,0.0,0.0,0.25,0.66,0
0,tcp,http,SF,301,1380,0,0,0,0,0,1,0,0,0,0,0,0,0,0,0,0,6,6,0.0,0.0,0.0,0.0,1.0,0.0,0.0,255,231,0.91,0.02,0.0,0.0,0.0,0.0,0.0,0.0,0
12,tcp,pop_3,SF,52,1379,0,0,0,0,0,1,0,0,0,0,0,0,0,0,0,0,2,1,0.0,0.0,0.0,0.0,0.5,1.0,0.0,124,2,0.02,0.05,0.01,0.0,0.01,0.0,0.01,0.0,0
0,icmp,eco_i,SF,30,0,0,0,0,0,0,0,0,0,0,0,0,0,0,0,0,0,2,2,0.0,0.0,0.0,0.0,1.0,0.0,0.0,221,221,1.0,0.0,1.0,0.0,0.0,0.0,0.0,0.0,0
0,tcp,smtp,SF,1874,401,0,0,0,0,0,1,0,0,0,0,0,0,0,0,0,0,1,1,0.0,0.0,0.0,0.0,1.0,0.0,0.0,76,241,0.97,0.03,0.01,0.01,0.0,0.0,0.0,0.0,0
0,tcp,http,SF,256,1333,0,0,0,0,0,1,0,0,0,0,0,0,0,0,0,0,17,17,0.0,0.0,0.0,0.0,1.0,0.0,0.0,43,255,1.0,0.0,0.02,0.02,0.0,0.0,0.0,0.0,0
7,tcp,smtp,SF,1030,331,0,0,0,0,0,1,0,0,0,0,0,0,0,0,0,0,1,1,0.0,0.0,0.0,0.0,1.0,0.0,0.0,10,201,0.9,0.2,0.1,0.01,0.0,0.0,0.0,0.0,0
0,tcp,telnet,RSTO,125,179,0,0,0,1,1,0,0,0,0,0,0,0,0,0,0,0,2,2,0.0,0.0,1.0,1.0,1.0,0.0,0.0,7,7,1.0,0.0,0.14,0.0,0.14,0.14,0.86,0.86,1
0,tcp,smtp,SF,14158,1431,0,0,0,0,0,1,0,0,0,0,0,0,0,0,0,0,1,1,0.0,0.0,0.0,0.0,1.0,0.0,0.0,209,132,0.45,0.01,0.0,0.02,0.0,0.0,0.0,0.0,0
0,tcp,http,SF,255,4664,0,0,0,0,0,1,0,0,0,0,0,0,0,0,0,0,24,24,0.0,0.0,0.0,0.0,1.0,0.0,0.0,85,255,1.0,0.0,0.01,0.01,0.0,0.0,0.0,0.0,0
899,tcp,telnet,SF,69,906,0,0,0,0,0,1,0,0,0,0,0,0,0,0,0,0,1,1,0.0,0.0,0.0,0.0,1.0,0.0,0.0,53,12,0.23,0.06,0.02,0.0,0.0,0.0,0.04,0.17,0
9,tcp,ftp_data,SF,0,5149533,0,0,0,0,0,0,0,0,0,0,0,0,0,0,0,0,1,1,0.0,0.0,0.0,0.0,1.0,0.0,0.0,14,14,1.0,0.0,1.0,0.0,0.0,0.0,0.0,0.0,1
0,tcp,http,SF,229,1483,0,0,0,0,0,1,0,0,0,0,0,0,0,0,0,0,14,31,0.0,0.0,0.0,0.0,1.0,0.0,0.06,255,255,1.0,0.0,0.0,0.0,0.0,0.0,0.0,0.0,0
0,tcp,smtp,SF,1841,330,0,0,0,0,0,1,0,0,0,0,0,0,0,0,0,0,1,1,0.0,0.0,0.0,0.0,1.0,0.0,0.0,22,49,0.68,0.23,0.05,0.04,0.05,0.0,0.0,0.0,0
0,tcp,http,SF,1952,2234,0,0,0,0,0,1,0,0,0,0,0,0,0,0,0,0,1,1,0.0,0.0,0.0,0.0,1.0,0.0,0.0,61,255,1.0,0.0,0.02,0.05,0.0,0.0,0.0,0.0,0
0,tcp,http,SF,206,2483,0,0,0,0,0,1,0,0,0,0,0,0,0,0,0,0,31,31,0.0,0.0,0.0,0.0,1.0,0.0,0.0,255,255,1.0,0.0,0.0,0.0,0.0,0.0,0.0,0.0,0
12,tcp,ftp_data,SF,7045,0,0,0,0,0,0,1,0,0,0,0,0,0,0,0,0,0,2,2,0.0,0.0,0.0,0.0,1.0,0.0,0.0,6,17,1.0,0.0,1.0,0.12,0.0,0.0,0.0,0.0,1
0,tcp,http,SF,351,9790,0,0,0,0,0,1,0,0,0,0,0,0,0,0,0,0,35,35,0.0,0.0,0.0,0.0,1.0,0.0,0.0,255,255,1.0,0.0,0.0,0.0,0.0,0.0,0.0,0.0,0
25,tcp,smtp,SF,731,329,0,0,0,0,0,1,0,0,0,0,0,0,0,0,0,0,1,1,0.0,0.0,0.0,0.0,1.0,0.0,0.0,95,123,0.91,0.04,0.01,0.02,0.0,0.0,0.0,0.0,0
0,tcp,http,SF,288,1745,0,0,0,0,0,1,0,0,0,0,0,0,0,0,0,0,4,4,0.25,0.25,0.0,0.0,1.0,0.0,0.0,255,255,1.0,0.0,0.0,0.0,0.0,0.0,0.0,0.0,0
0,tcp,http,SF,287,20502,0,0,0,0,0,1,0,0,0,0,0,0,0,0,0,0,1,1,0.0,0.0,0.0,0.0,1.0,0.0,0.0,39,255,1.0,0.0,0.03,0.02,0.0,0.01,0.0,0.0,0
0,tcp,smtp,SF,750,329,0,0,0,0,0,1,0,0,0,0,0,0,0,0,0,0,1,1,0.0,0.0,0.0,0.0,1.0,0.0,0.0,255,142,0.56,0.02,0.0,0.0,0.0,0.0,0.0,0.0,0
0,tcp,smtp,SF,1476,328,0,0,0,0,0,1,0,0,0,0,0,0,0,0,0,0,1,1,0.0,0.0,0.0,0.0,1.0,0.0,0.0,72,137,0.64,0.06,0.01,0.02,0.0,0.01,0.03,0.04,0
0,tcp,http,SF,236,896,0,0,0,0,0,1,0,0,0,0,0,0,0,0,0,0,14,14,0.0,0.0,0.0,0.0,1.0,0.0,0.0,66,255,1.0,0.0,0.02,0.03,0.0,0.0,0.0,0.0,0
24,tcp,ftp,SF,291,903,0,0,0,5,0,1,0,0,0,0,0,0,0,0,0,1,1,1,0.0,0.0,0.0,0.0,1.0,0.0,0.0,60,12,0.2,0.08,0.02,0.0,0.0,0.0,0.0,0.0,0
0,udp,domain_u,SF,30,0,0,0,0,0,0,0,0,0,0,0,0,0,0,0,0,0,1,2,0.0,0.0,0.0,0.0,1.0,0.0,1.0,255,22,0.09,0.02,0.09,0.0,0.0,0.0,0.0,0.0,0
0,tcp,http,SF,377,12591,0,0,0,0,0,1,0,0,0,0,0,0,0,0,0,0,5,5,0.0,0.0,0.0,0.0,1.0,0.0,0.0,255,255,1.0,0.0,0.0,0.0,0.0,0.0,0.0,0.0,0
0,tcp,http,SF,231,2698,0,0,0,0,0,1,0,0,0,0,0,0,1,0,0,0,1,1,0.0,0.0,0.0,0.0,1.0,0.0,0.0,255,255,1.0,0.0,0.0,0.0,0.0,0.0,0.0,0.0,0
0,tcp,http,SF,205,668,0,0,0,0,0,1,0,0,0,0,0,0,0,0,0,0,7,7,0.0,0.0,0.0,0.0,1.0,0.0,0.0,7,255,1.0,0.0,0.14,0.03,0.0,0.0,0.0,0.0,0
12,tcp,ftp_data,SF,7045,0,0,0,0,0,0,1,0,0,0,0,0,0,0,0,0,0,2,2,0.0,0.0,0.0,0.0,1.0,0.0,0.0,15,42,1.0,0.0,1.0,0.07,0.0,0.0,0.0,0.0,1
0,tcp,http,SF,363,188,0,0,0,0,0,1,0,0,0,0,0,0,0,0,0,0,39,41,0.0,0.0,0.0,0.0,1.0,0.0,0.07,255,255,1.0,0.0,0.0,0.0,0.0,0.0,0.0,0.0,0
0,tcp,http,REJ,0,0,0,0,0,0,0,0,0,0,0,0,0,0,0,0,0,0,1,1,0.0,0.0,1.0,1.0,1.0,0.0,0.0,8,255,1.0,0.0,0.12,0.14,0.0,0.0,1.0,0.98,0
0,tcp,http,SF,289,1001,0,0,0,0,0,1,0,0,0,0,0,0,0,0,0,0,4,4,0.0,0.0,0.0,0.0,1.0,0.0,0.0,255,255,1.0,0.0,0.0,0.0,0.0,0.0,0.0,0.0,0
0,udp,private,SF,105,146,0,0,0,0,0,0,0,0,0,0,0,0,0,0,0,0,4,1,0.0,0.0,0.0,0.0,0.25,0.5,0.0,255,229,0.9,0.01,0.0,0.0,0.0,0.0,0.0,0.0,0
0,tcp,ftp_data,SF,10389,0,0,0,0,0,0,1,0,0,0,0,0,0,0,0,0,0,7,7,0.0,0.0,0.0,0.0,1.0,0.0,0.0,109,53,0.32,0.05,0.32,0.04,0.0,0.0,0.0,0.0,0
0,tcp,http,SF,224,362,0,0,0,0,0,1,0,0,0,0,0,0,0,0,0,0,23,57,0.0,0.0,0.0,0.0,1.0,0.0,0.14,255,255,1.0,0.0,0.0,0.0,0.0,0.0,0.0,0.0,0
0,tcp,ftp_data,SF,334,0,0,0,0,0,0,1,0,0,0,0,0,0,0,0,0,0,1,1,0.0,0.0,0.0,0.0,1.0,0.0,0.0,3,47,1.0,0.0,1.0,0.09,0.0,0.0,0.0,0.0,1
0,tcp,http,SF,200,932,0,0,0,0,0,1,0,0,0,0,0,0,0,0,0,0,18,19,0.0,0.0,0.0,0.0,1.0,0.0,0.11,38,255,1.0,0.0,0.03,0.04,0.0,0.0,0.0,0.0,0
0,tcp,ftp_data,SF,19,0,0,0,0,0,0,1,0,0,0,0,0,0,0,0,0,0,1,1,0.0,0.0,0.0,0.0,1.0,0.0,0.0,73,102,0.74,0.05,0.74,0.03,0.0,0.0,0.0,0.0,0
0,tcp,http,REJ,0,0,0,0,0,0,0,0,0,0,0,0,0,0,0,0,0,0,1,1,0.0,0.0,1.0,1.0,1.0,0.0,0.0,8,255,1.0,0.0,0.12,0.09,0.0,0.0,1.0,0.69,0
3,tcp,smtp,SF,1736,331,0,0,0,0,0,1,0,0,0,0,0,0,0,0,0,0,1,1,0.0,0.0,0.0,0.0,1.0,0.0,0.0,136,179,0.76,0.03,0.01,0.01,0.0,0.0,0.0,0.0,0
0,tcp,http,SF,190,2543,0,0,0,0,0,1,0,0,0,0,0,0,0,0,0,0,7,7,0.0,0.0,0.0,0.0,1.0,0.0,0.0,255,255,1.0,0.0,0.0,0.0,0.0,0.0,0.0,0.0,0
0,tcp,auth,SF,10,39,0,0,0,0,0,0,0,0,0,0,0,0,0,0,0,0,1,1,0.0,0.0,0.0,0.0,1.0,0.0,0.0,1,10,1.0,0.0,1.0,0.2,0.0,0.0,0.0,0.0,0
0,tcp,telnet,RSTO,126,179,0,0,0,1,1,0,0,0,0,0,0,0,0,0,0,0,2,2,0.0,0.0,1.0,1.0,1.0,0.0,0.0,22,22,1.0,0.0,0.05,0.0,0.05,0.05,0.95,0.95,1
0,tcp,ftp_data,SF,334,0,0,0,0,0,0,1,0,0,0,0,0,0,0,0,0,0,2,2,0.0,0.0,0.0,0.0,1.0,0.0,0.0,6,17,1.0,0.0,1.0,0.12,0.0,0.0,0.0,0.0,1
0,tcp,ftp_data,SF,641,0,0,0,0,0,0,1,0,0,0,0,0,0,0,0,0,0,2,2,0.0,0.0,0.0,0.0,1.0,0.0,0.0,255,117,0.46,0.03,0.46,0.0,0.0,0.0,0.0,0.0,0
0,tcp,http,SF,343,751,0,0,0,0,0,1,0,0,0,0,0,0,0,0,0,0,12,12,0.0,0.0,0.0,0.0,1.0,0.0,0.0,12,112,1.0,0.0,0.08,0.13,0.0,0.0,0.0,0.0,0
0,tcp,http,SF,281,1000,0,0,0,0,0,1,0,0,0,0,0,0,0,0,0,0,4,4,0.0,0.0,0.0,0.0,1.0,0.0,0.0,22,255,1.0,0.0,0.05,0.05,0.0,0.0,0.0,0.0,0
0,udp,domain_u,SF,42,42,0,0,0,0,0,0,0,0,0,0,0,0,0,0,0,0,9,23,0.0,0.0,0.0,0.0,1.0,0.0,0.17,255,105,0.41,0.01,0.0,0.0,0.0,0.0,0.0,0.0,0
0,udp,other,SF,147,0,0,0,0,0,0,0,0,0,0,0,0,0,0,0,0,0,5,1,0.0,0.0,0.0,0.0,0.2,0.6,0.0,255,1,0.0,0.23,0.44,0.0,0.0,0.0,0.0,0.0,0
0,tcp,telnet,RSTO,126,179,0,0,0,1,1,0,0,0,0,0,0,0,0,0,0,0,1,1,0.0,0.0,1.0,1.0,1.0,0.0,0.0,48,48,1.0,0.0,0.02,0.0,0.04,0.04,0.96,0.96,1
0,tcp,http,SF,200,308,0,0,0,0,0,1,0,0,0,0,0,0,0,0,0,0,3,4,0.0,0.0,0.0,0.0,1.0,0.0,0.5,255,255,1.0,0.0,0.0,0.0,0.0,0.0,0.0,0.0,0
0,tcp,ftp_data,SF,88382,0,0,0,0,0,0,1,0,0,0,1,0,0,0,0,0,0,15,16,0.0,0.0,0.0,0.0,1.0,0.0,0.12,255,101,0.4,0.02,0.4,0.0,0.0,0.0,0.02,0.0,0
0,tcp,http,SF,241,6844,0,0,0,0,0,1,0,0,0,0,0,0,0,0,0,0,11,11,0.0,0.0,0.0,0.0,1.0,0.0,0.0,102,255,1.0,0.0,0.01,0.02,0.0,0.0,0.0,0.0,0
0,tcp,ftp_data,SF,334,0,0,0,0,0,0,1,0,0,0,0,0,0,0,0,0,0,1,1,0.0,0.0,0.0,0.0,1.0,0.0,0.0,12,39,1.0,0.0,1.0,0.13,0.0,0.0,0.0,0.0,1
0,tcp,http,SF,300,581,0,0,0,0,0,1,0,0,0,0,0,0,0,0,0,0,6,7,0.0,0.0,0.0,0.0,1.0,0.0,0.29,21,114,1.0,0.0,0.05,0.04,0.0,0.0,0.0,0.0,0
0,tcp,ftp_data,SF,334,0,0,0,0,0,0,1,0,0,0,0,0,0,0,0,0,0,1,1,0.0,0.0,0.0,0.0,1.0,0.0,0.0,14,46,0.93,0.14,1.0,0.11,0.0,0.0,0.0,0.0,1
0,udp,domain_u,SF,44,76,0,0,0,0,0,0,0,0,0,0,0,0,0,0,0,0,165,165,0.0,0.0,0.0,0.0,1.0,0.0,0.0,255,192,0.75,0.01,0.0,0.0,0.0,0.0,0.0,0.0,0
0,tcp,http,SF,285,2235,0,0,0,0,0,1,0,0,0,0,0,0,0,0,0,0,2,2,0.0,0.0,0.0,0.0,1.0,0.0,0.0,2,255,1.0,0.0,0.5,0.02,0.0,0.0,0.0,0.0,0
0,tcp,ftp_data,SF,3676,0,0,0,0,0,0,1,0,0,0,0,0,0,0,0,0,0,16,15,0.0,0.0,0.0,0.0,0.94,0.12,0.0,240,106,0.44,0.01,0.44,0.0,0.0,0.0,0.0,0.0,0
0,tcp,http,SF,233,22780,0,0,0,0,0,1,0,0,0,0,0,0,0,0,0,0,36,36,0.0,0.0,0.0,0.0,1.0,0.0,0.0,255,255,1.0,0.0,0.0,0.0,0.0,0.0,0.0,0.0,0
0,tcp,ftp_data,SF,259,0,0,0,0,0,0,1,0,0,0,1,0,0,0,0,0,0,2,2,0.0,0.0,0.0,0.0,1.0,0.0,0.0,52,24,0.15,0.06,0.15,0.12,0.0,0.0,0.0,0.0,0
0,tcp,smtp,SF,1141,388,0,0,0,0,0,1,0,0,0,0,0,0,0,0,0,0,1,1,0.0,0.0,0.0,0.0,1.0,0.0,0.0,255,53,0.21,0.02,0.0,0.0,0.71,0.0,0.0,0.0,0
0,udp,other,SF,516,4,0,0,0,0,0,0,0,0,0,0,0,0,0,0,0,0,483,483,0.0,0.0,0.0,0.0,1.0,0.0,0.0,255,255,1.0,0.0,1.0,0.0,0.0,0.0,0.0,0.0,0
3,tcp,smtp,SF,1057,328,0,0,0,0,0,1,0,0,0,0,0,0,0,0,0,0,1,5,0.0,0.0,0.0,0.0,1.0,0.0,0.8,210,162,0.65,0.01,0.0,0.01,0.0,0.0,0.0,0.0,0
8,tcp,smtp,SF,992,332,0,0,0,0,0,1,0,0,0,0,0,0,0,0,0,0,1,2,0.0,0.0,0.0,0.0,1.0,0.0,1.0,78,205,0.78,0.05,0.01,0.01,0.0,0.0,0.0,0.0,0
3,udp,private,SF,105,146,0,0,0,0,0,0,0,0,0,0,0,0,0,0,0,0,2,2,0.0,0.0,0.0,0.0,1.0,0.0,0.0,255,247,0.97,0.01,0.02,0.0,0.0,0.0,0.0,0.0,0
3295,udp,other,SF,146,105,0,0,0,0,0,0,0,0,0,0,0,0,0,0,0,0,3,1,0.0,0.0,0.0,0.0,0.33,0.67,0.0,255,1,0.0,0.81,1.0,0.0,0.0,0.0,0.0,0.0,0
1,tcp,ftp,SF,1151,2445,0,0,0,28,0,1,0,0,0,0,0,0,0,0,0,1,1,1,0.0,0.0,0.0,0.0,1.0,0.0,0.0,112,10,0.09,0.05,0.01,0.0,0.02,0.0,0.07,0.0,1
15,tcp,auth,SF,9,37,0,0,0,0,0,1,0,0,0,0,0,0,0,0,0,0,1,1,0.0,0.0,0.0,0.0,1.0,0.0,0.0,255,14,0.05,0.02,0.0,0.0,0.0,0.0,0.0,0.0,0
0,udp,domain_u,SF,44,44,0,0,0,0,0,0,0,0,0,0,0,0,0,0,0,0,70,150,0.0,0.0,0.0,0.0,1.0,0.0,0.01,255,254,1.0,0.01,0.01,0.0,0.0,0.0,0.0,0.0,0
0,tcp,other,SF,30,0,0,0,0,0,0,1,0,0,0,0,0,0,0,0,0,0,1,1,0.0,0.0,0.0,0.0,1.0,0.0,0.0,11,1,0.09,0.27,1.0,0.0,0.18,0.0,0.0,0.0,1
0,tcp,ftp_data,SF,16115,0,0,0,0,0,0,1,0,0,0,0,0,0,0,0,0,0,11,11,0.0,0.0,0.0,0.0,1.0,0.0,0.0,37,128,0.46,0.11,0.46,0.02,0.0,0.0,0.0,0.0,0
0,tcp,smtp,SF,1285,480,0,0,0,0,0,1,0,0,0,0,0,0,0,0,0,0,1,1,0.0,0.0,0.0,0.0,1.0,0.0,0.0,255,41,0.16,0.02,0.0,0.0,0.0,0.0,0.81,0.0,0
0,tcp,http,SF,212,6806,0,0,0,0,0,1,0,0,0,0,0,0,0,0,0,0,2,2,0.0,0.0,0.0,0.0,1.0,0.0,0.0,2,2,1.0,0.0,0.5,0.0,0.0,0.0,0.0,0.0,0
0,tcp,ftp_data,SF,172,0,0,0,0,0,0,1,0,0,0,0,0,0,0,0,0,0,13,13,0.0,0.0,0.0,0.0,1.0,0.0,0.0,116,52,0.2,0.03,0.2,0.06,0.0,0.02,0.0,0.0,0
0,udp,domain_u,SF,33,0,0,0,0,0,0,0,0,0,0,0,0,0,0,0,0,0,1,1,0.0,0.0,0.0,0.0,1.0,0.0,0.0,248,14,0.06,0.03,0.06,0.0,0.0,0.0,0.0,0.0,0
15160,tcp,ftp,SF,362,1202,0,0,0,6,0,1,0,0,0,0,0,0,0,0,0,1,1,1,0.0,0.0,0.0,0.0,1.0,0.0,0.0,255,2,0.01,0.02,0.0,0.0,0.21,0.0,0.0,0.0,1
0,tcp,http,SF,213,671,0,0,0,0,0,1,0,0,0,0,0,0,0,0,0,0,8,9,0.0,0.0,0.0,0.0,1.0,0.0,0.22,255,255,1.0,0.0,0.0,0.0,0.0,0.0,0.0,0.0,0
0,tcp,ftp_data,SF,334,0,0,0,0,0,0,1,0,0,0,0,0,0,0,0,0,0,1,1,0.0,0.0,0.0,0.0,1.0,0.0,0.0,3,31,1.0,0.0,1.0,0.13,0.0,0.0,0.0,0.0,1
0,udp,domain_u,SF,17,17,0,0,0,0,0,0,0,0,0,0,0,0,0,0,0,0,1,2,0.0,0.0,0.0,0.0,1.0,0.0,1.0,255,234,0.92,0.01,0.0,0.0,0.0,0.0,0.02,0.0,0
0,tcp,http,SF,201,1026,0,0,0,0,0,1,0,0,0,0,0,0,0,0,0,0,10,11,0.0,0.0,0.0,0.0,1.0,0.0,0.18,23,255,1.0,0.0,0.04,0.09,0.0,0.0,0.0,0.0,0
0,tcp,ftp_data,SF,334,0,0,0,0,0,0,1,0,0,0,0,0,0,0,0,0,0,1,1,0.0,0.0,0.0,0.0,1.0,0.0,0.0,250,100,0.4,0.02,0.4,0.0,0.0,0.0,0.0,0.0,1
0,tcp,ftp_data,SF,3468,0,0,0,0,0,0,0,0,0,0,0,0,0,0,0,0,0,24,24,0.0,0.0,0.0,0.0,1.0,0.0,0.0,253,76,0.3,0.02,0.3,0.0,0.0,0.0,0.0,0.0,0
0,tcp,http,SF,232,336,0,0,0,0,0,1,0,0,0,0,0,0,0,0,0,0,4,4,0.0,0.0,0.0,0.0,1.0,0.0,0.0,1,255,1.0,0.0,1.0,0.18,0.0,0.0,0.0,0.99,0
0,tcp,http,SF,240,655,0,0,0,0,0,1,0,0,0,0,0,0,0,0,0,0,8,17,0.0,0.0,0.0,0.0,1.0,0.0,0.12,255,255,1.0,0.0,0.0,0.0,0.0,0.0,0.0,0.0,0
0,tcp,http,SF,295,310,0,0,0,0,0,1,0,0,0,0,0,0,0,0,0,0,22,22,0.05,0.05,0.0,0.0,1.0,0.0,0.0,255,255,1.0,0.0,0.0,0.0,0.01,0.01,0.0,0.0,0
0,udp,domain_u,SF,45,130,0,0,0,0,0,0,0,0,0,0,0,0,0,0,0,0,113,113,0.0,0.0,0.0,0.0,1.0,0.0,0.0,255,254,1.0,0.01,0.0,0.0,0.0,0.0,0.0,0.0,0
0,tcp,http,SF,315,23836,0,0,0,0,0,1,0,0,0,0,0,0,0,0,0,0,8,9,0.0,0.0,0.0,0.0,1.0,0.0,0.22,15,255,1.0,0.0,0.07,0.13,0.0,0.0,0.47,0.58,0
0,udp,domain_u,SF,44,127,0,0,0,0,0,0,0,0,0,0,0,0,0,0,0,0,79,157,0.0,0.0,0.0,0.0,1.0,0.0,0.01,200,146,0.73,0.01,0.0,0.0,0.0,0.0,0.0,0.0,0
1,tcp,ftp,SF,1254,2453,0,0,0,28,0,1,0,0,0,0,0,0,0,0,0,1,1,1,0.0,0.0,0.0,0.0,1.0,0.0,0.0,255,46,0.18,0.02,0.0,0.0,0.04,0.0,0.0,0.0,1
0,tcp,ftp_data,SF,567,0,0,0,0,0,0,1,0,0,0,6,0,0,0,0,0,0,1,1,0.0,0.0,0.0,0.0,1.0,0.0,0.0,182,66,0.26,0.04,0.26,0.03,0.02,0.02,0.0,0.0,0
0,tcp,http,SF,249,269,0,0,0,0,0,1,0,0,0,0,0,0,0,0,0,0,2,2,0.0,0.0,0.0,0.0,1.0,0.0,0.0,255,231,0.91,0.02,0.0,0.0,0.0,0.0,0.0,0.0,0
0,tcp,http,SF,201,6585,0,0,0,0,0,1,0,0,0,0,0,0,0,0,0,0,1,1,0.0,0.0,0.0,0.0,1.0,0.0,0.0,17,255,1.0,0.0,0.06,0.06,0.0,0.0,0.0,0.0,0
0,tcp,ftp_data,SF,334,0,0,0,0,0,0,1,0,0,0,0,0,0,0,0,0,0,1,1,0.0,0.0,0.0,0.0,1.0,0.0,0.0,10,22,1.0,0.0,1.0,0.18,0.0,0.0,0.0,0.0,1
0,udp,domain_u,SF,43,64,0,0,0,0,0,0,0,0,0,0,0,0,0,0,0,0,107,108,0.0,0.0,0.0,0.0,1.0,0.0,0.02,255,254,1.0,0.01,0.0,0.0,0.0,0.0,0.0,0.0,0
0,tcp,telnet,RSTO,125,179,0,0,0,1,1,0,0,0,0,0,0,0,0,0,0,0,2,2,0.5,0.5,0.5,0.5,1.0,0.0,0.0,2,2,1.0,0.0,0.5,0.0,0.5,0.5,0.5,0.5,1
0,tcp,ftp_data,SF,0,848,0,0,0,0,0,0,0,0,0,0,0,0,0,0,0,0,2,2,0.0,0.0,0.0,0.0,1.0,0.0,0.0,2,2,1.0,0.0,1.0,0.0,0.0,0.0,0.0,0.0,1
0,tcp,http,SF,305,308,0,0,0,0,0,1,0,0,0,0,0,0,0,0,0,0,10,11,0.0,0.0,0.0,0.0,1.0,0.0,0.18,148,255,1.0,0.0,0.01,0.02,0.01,0.0,0.0,0.0,0
0,tcp,http,SF,180,19488,0,0,0,0,0,1,0,0,0,0,0,0,0,0,0,0,9,9,0.0,0.0,0.0,0.0,1.0,0.0,0.0,255,255,1.0,0.0,0.01,0.0,0.0,0.0,0.0,0.0,0
0,udp,domain_u,SF,43,116,0,0,0,0,0,0,0,0,0,0,0,0,0,0,0,0,24,23,0.0,0.0,0.0,0.0,0.96,0.08,0.0,255,162,0.64,0.01,0.0,0.0,0.0,0.0,0.0,0.0,0
0,tcp,ftp_data,SF,383,0,0,0,0,0,0,1,0,0,0,0,0,0,0,0,0,0,2,2,0.0,0.0,0.0,0.0,1.0,0.0,0.0,59,63,0.05,0.05,0.05,0.03,0.0,0.27,0.0,0.0,0
3,tcp,smtp,SF,1077,370,0,0,0,0,0,1,0,0,0,0,0,0,0,0,0,0,2,1,0.0,0.0,0.0,0.0,0.5,1.0,0.0,255,13,0.05,0.61,0.0,0.0,0.0,0.08,0.0,0.0,0
0,tcp,ftp_data,SF,334,0,0,0,0,0,0,1,0,0,0,0,0,0,0,0,0,0,1,1,0.0,0.0,0.0,0.0,1.0,0.0,0.0,7,49,1.0,0.0,1.0,0.14,0.0,0.0,0.0,0.0,1
0,tcp,http,SF,241,397,0,0,0,0,0,1,0,0,0,0,0,0,0,0,0,0,17,17,0.0,0.0,0.0,0.0,1.0,0.0,0.0,255,255,1.0,0.0,0.0,0.0,0.0,0.0,0.0,0.0,0
1,tcp,ftp,SF,1258,2453,0,0,0,28,0,1,0,0,0,0,0,0,0,0,0,1,1,1,0.0,0.0,0.0,0.0,1.0,0.0,0.0,255,129,0.51,0.02,0.0,0.0,0.0,0.0,0.0,0.0,1
12,tcp,ftp_data,SF,7045,0,0,0,0,0,0,1,0,0,0,0,0,0,0,0,0,0,3,2,0.0,0.0,0.0,0.0,0.67,0.67,0.0,255,83,0.33,0.07,0.35,0.0,0.02,0.05,0.0,0.0,1
0,tcp,http,SF,193,3036,0,0,0,0,0,1,0,0,0,0,0,0,0,0,0,0,17,17,0.0,0.0,0.0,0.0,1.0,0.0,0.0,39,255,1.0,0.0,0.03,0.02,0.0,0.0,0.0,0.0,0
0,udp,domain_u,SF,45,45,0,0,0,0,0,0,0,0,0,0,0,0,0,0,0,0,76,156,0.0,0.0,0.0,0.0,1.0,0.0,0.01,255,254,1.0,0.01,0.01,0.0,0.0,0.0,0.0,0.0,0
0,tcp,smtp,SF,719,482,0,0,0,0,0,1,0,0,0,0,0,0,0,0,0,0,1,1,0.0,0.0,0.0,0.0,1.0,0.0,0.0,241,31,0.13,0.02,0.0,0.0,0.0,0.0,0.84,0.0,0
1,tcp,ftp,SF,1253,2453,0,0,0,28,0,1,0,0,0,0,0,0,0,0,0,1,1,1,0.0,0.0,0.0,0.0,1.0,0.0,0.0,255,87,0.34,0.02,0.01,0.0,0.0,0.0,0.0,0.0,1
0,udp,domain_u,SF,49,115,0,0,0,0,0,0,0,0,0,0,0,0,0,0,0,0,1,1,0.0,0.0,0.0,0.0,1.0,0.0,0.0,156,146,0.94,0.01,0.01,0.0,0.0,0.0,0.0,0.0,0
0,tcp,smtp,SF,1232,328,0,0,0,0,0,1,0,0,0,0,0,0,0,0,0,0,9,3,0.0,0.0,0.0,0.0,0.11,0.22,1.0,55,39,0.71,0.07,0.02,0.0,0.0,0.0,0.0,0.0,0
1,tcp,smtp,SF,821,368,0,0,0,0,0,1,0,0,0,0,0,0,0,0,0,0,1,2,0.0,0.0,0.0,0.0,1.0,0.0,1.0,173,122,0.59,0.03,0.01,0.02,0.0,0.0,0.0,0.0,0
0,tcp,http,SF,322,1491,0,0,0,0,0,1,0,0,0,0,0,0,0,0,0,0,14,14,0.0,0.0,0.0,0.0,1.0,0.0,0.0,250,255,1.0,0.0,0.0,0.01,0.0,0.0,0.0,0.0,0
0,tcp,ftp_data,SF,334,0,0,0,0,0,0,1,0,0,0,0,0,0,0,0,0,0,1,1,0.0,0.0,0.0,0.0,1.0,0.0,0.0,1,21,1.0,0.0,1.0,0.24,0.0,0.0,0.0,0.0,1
0,tcp,http,SF,182,24755,0,0,0,0,0,1,0,0,0,0,0,0,0,0,0,0,1,14,0.0,0.0,0.0,0.0,1.0,0.0,0.29,255,255,1.0,0.0,0.0,0.0,0.0,0.0,0.0,0.0,0
0,udp,private,SF,105,0,0,0,0,0,0,0,0,0,0,0,0,0,0,0,0,0,1,1,0.0,0.0,0.0,0.0,1.0,0.0,0.0,76,67,0.88,0.04,0.01,0.0,0.0,0.0,0.0,0.0,0
0,tcp,ftp_data,SF,11,0,0,0,0,0,0,1,0,0,0,0,0,0,0,0,0,0,1,1,0.0,0.0,0.0,0.0,1.0,0.0,0.0,65,70,0.4,0.06,0.4,0.03,0.0,0.0,0.0,0.0,0
0,tcp,http,SF,166,23013,0,0,0,0,0,1,0,0,0,0,0,0,0,0,0,0,1,3,0.0,0.0,0.0,0.0,1.0,0.0,1.0,248,255,1.0,0.0,0.0,0.01,0.0,0.0,0.0,0.0,0
0,tcp,http,SF,229,4287,0,0,0,0,0,1,0,0,0,0,0,0,0,0,0,0,4,4,0.0,0.0,0.0,0.0,1.0,0.0,0.0,88,223,1.0,0.0,0.01,0.03,0.0,0.0,0.0,0.0,0
0,tcp,ftp_data,SF,334,0,0,0,0,0,0,1,0,0,0,0,0,0,0,0,0,0,2,2,0.0,0.0,0.0,0.0,1.0,0.0,0.0,4,23,1.0,0.0,1.0,0.13,0.0,0.0,0.0,0.0,1
0,tcp,ftp_data,SF,334,0,0,0,0,0,0,1,0,0,0,0,0,0,0,0,0,0,2,2,0.0,0.0,0.0,0.0,1.0,0.0,0.0,4,38,0.5,0.5,0.5,0.16,0.0,0.0,0.0,0.0,1
0,tcp,http,REJ,0,0,0,0,0,0,0,0,0,0,0,0,0,0,0,0,0,0,1,2,0.0,0.0,1.0,1.0,1.0,0.0,1.0,129,255,1.0,0.0,0.01,0.09,0.0,0.0,0.16,0.49,0
0,tcp,http,SF,207,553,0,0,0,0,0,1,0,0,0,0,0,0,0,0,0,0,6,6,0.0,0.0,0.0,0.0,1.0,0.0,0.0,21,24,1.0,0.0,0.05,0.08,0.0,0.08,0.0,0.04,0
0,tcp,smtp,SF,806,327,0,0,0,0,0,1,0,0,0,0,0,0,0,0,0,0,1,1,0.0,0.0,0.0,0.0,1.0,0.0,0.0,168,220,0.82,0.02,0.01,0.01,0.0,0.0,0.0,0.0,0
0,tcp,http,SF,219,1974,0,0,0,0,0,1,0,0,0,0,0,0,0,0,0,0,16,19,0.0,0.0,0.0,0.0,1.0,0.0,0.11,255,255,1.0,0.0,0.0,0.0,0.0,0.0,0.0,0.0,0
0,udp,domain_u,SF,45,132,0,0,0,0,0,0,0,0,0,0,0,0,0,0,0,0,50,130,0.0,0.0,0.0,0.0,1.0,0.0,0.02,255,208,0.82,0.02,0.0,0.0,0.0,0.0,0.0,0.0,0
0,tcp,ftp_data,SF,383,0,0,0,0,0,0,0,0,0,0,0,0,0,0,0,0,0,1,1,0.0,0.0,0.0,0.0,1.0,0.0,0.0,38,39,0.21,0.11,0.21,0.05,0.0,0.0,0.0,0.0,0
0,udp,domain_u,SF,45,45,0,0,0,0,0,0,0,0,0,0,0,0,0,0,0,0,156,158,0.0,0.0,0.0,0.0,1.0,0.0,0.01,255,229,0.9,0.01,0.0,0.0,0.0,0.0,0.0,0.0,0
0,tcp,smtp,SF,1457,332,0,0,0,0,0,1,0,0,0,0,0,0,0,0,0,0,1,1,0.0,0.0,0.0,0.0,1.0,0.0,0.0,216,168,0.67,0.03,0.0,0.01,0.0,0.01,0.0,0.0,0
0,tcp,http,SF,294,185,0,0,0,0,0,1,0,0,0,0,0,0,0,0,0,0,24,24,0.0,0.0,0.0,0.0,1.0,0.0,0.0,128,255,1.0,0.0,0.01,0.01,0.0,0.0,0.0,0.0,0
10,tcp,smtp,SF,2315,333,0,0,0,0,0,1,0,0,0,0,0,0,0,0,0,0,1,1,0.0,0.0,0.0,0.0,1.0,0.0,0.0,179,243,0.96,0.01,0.01,0.01,0.0,0.0,0.0,0.0,0
0,tcp,http,SF,168,11331,0,0,0,0,0,1,0,0,0,0,0,0,0,0,0,0,15,15,0.0,0.0,0.0,0.0,1.0,0.0,0.0,255,255,1.0,0.0,0.0,0.0,0.01,0.01,0.0,0.0,0
0,tcp,ftp_data,SF,12,0,0,0,0,0,0,1,0,0,0,0,0,0,0,0,0,0,1,1,0.0,0.0,0.0,0.0,1.0,0.0,0.0,40,97,0.88,0.08,0.88,0.02,0.0,0.0,0.0,0.0,0
0,udp,domain_u,SF,44,79,0,0,0,0,0,0,0,0,0,0,0,0,0,0,0,0,111,111,0.0,0.0,0.0,0.0,1.0,0.0,0.0,255,254,1.0,0.01,0.0,0.0,0.0,0.0,0.0,0.0,0
0,tcp,http,SF,228,2736,0,0,0,0,0,1,0,0,0,0,0,0,0,0,0,0,2,2,0.0,0.0,0.0,0.0,1.0,0.0,0.0,2,2,1.0,0.0,0.5,0.0,0.0,0.0,0.0,0.0,0
0,tcp,http,SF,210,2480,0,0,0,0,0,1,0,0,0,0,0,0,0,0,0,0,9,10,0.0,0.0,0.0,0.0,1.0,0.0,0.2,255,255,1.0,0.0,0.01,0.0,0.0,0.0,0.0,0.0,0
0,tcp,smtp,SF,759,389,0,0,0,0,0,1,0,0,0,0,0,0,0,0,0,0,1,3,0.0,0.0,0.0,0.0,1.0,0.0,1.0,35,23,0.66,0.11,0.03,0.0,0.06,0.0,0.0,0.0,0
0,tcp,http,SF,216,718,0,0,0,0,0,1,0,0,0,0,0,0,0,0,0,0,3,4,0.0,0.0,0.0,0.0,1.0,0.0,0.5,58,255,1.0,0.0,0.02,0.05,0.0,0.0,0.0,0.0,0
0,tcp,http,SF,158,5903,0,0,0,0,0,1,0,0,0,0,0,0,0,0,0,0,4,4,0.0,0.0,0.0,0.0,1.0,0.0,0.0,36,255,1.0,0.0,0.03,0.05,0.0,0.0,0.0,0.0,0
0,tcp,http,SF,263,1053,0,0,0,0,0,1,0,0,0,0,0,0,0,0,0,0,1,1,0.0,0.0,0.0,0.0,1.0,0.0,0.0,255,240,0.94,0.01,0.0,0.0,0.0,0.0,0.0,0.0,0
0,tcp,http,SF,221,482,0,0,0,0,0,1,0,0,0,0,0,0,0,0,0,0,7,9,0.0,0.0,0.0,0.0,1.0,0.0,0.22,7,255,1.0,0.0,0.14,0.04,0.0,0.0,0.0,0.01,0
36,tcp,ftp,SF,238,769,0,0,0,4,0,1,0,0,0,0,0,0,0,0,0,1,2,1,0.0,0.0,0.0,0.0,0.5,1.0,0.0,166,36,0.22,0.04,0.01,0.0,0.0,0.0,0.0,0.0,0
3,tcp,time,SF,0,4,0,0,0,0,0,0,0,0,0,0,0,0,0,0,0,0,1,1,0.0,0.0,0.0,0.0,1.0,0.0,0.0,3,3,1.0,0.0,0.33,0.0,0.0,0.0,0.0,0.0,0
0,tcp,http,SF,233,2538,0,0,0,0,0,1,0,0,0,0,0,0,0,0,0,0,14,14,0.0,0.0,0.0,0.0,1.0,0.0,0.0,49,255,1.0,0.0,0.02,0.03,0.0,0.0,0.0,0.0,0
0,tcp,http,SF,204,6356,0,0,0,0,0,1,0,0,0,0,0,0,0,0,0,0,21,21,0.0,0.0,0.0,0.0,1.0,0.0,0.0,255,255,1.0,0.0,0.0,0.0,0.0,0.0,0.0,0.0,0
0,icmp,eco_i,SF,30,0,0,0,0,0,0,0,0,0,0,0,0,0,0,0,0,0,4,1,0.0,0.0,0.0,0.0,0.25,0.5,0.0,255,36,0.14,0.01,0.66,0.0,0.0,0.0,0.0,0.0,0
0,udp,domain_u,SF,45,137,0,0,0,0,0,0,0,0,0,0,0,0,0,0,0,0,169,246,0.0,0.0,0.0,0.0,0.99,0.01,0.01,171,132,0.77,0.02,0.01,0.0,0.0,0.0,0.0,0.0,0
0,tcp,http,SF,230,38299,0,0,0,0,0,1,0,0,0,0,0,0,0,0,0,0,1,1,0.0,0.0,0.0,0.0,1.0,0.0,0.0,71,255,1.0,0.0,0.01,0.01,0.0,0.0,0.0,0.0,0
129,udp,other,SF,147,105,0,0,0,0,0,0,0,0,0,0,0,0,0,0,0,0,2,2,0.0,0.0,0.0,0.0,1.0,0.0,0.0,255,2,0.01,0.62,0.95,0.0,0.0,0.0,0.0,0.0,0
0,udp,other,SF,145,0,0,0,0,0,0,0,0,0,0,0,0,0,0,0,0,0,1,1,0.0,0.0,0.0,0.0,1.0,0.0,0.0,255,1,0.0,0.84,1.0,0.0,0.0,0.0,0.0,0.0,0
0,tcp,http,SF,205,253,0,0,0,0,0,1,0,0,0,0,0,0,0,0,0,0,11,11,0.0,0.0,0.0,0.0,1.0,0.0,0.0,255,255,1.0,0.0,0.0,0.0,0.0,0.0,0.0,0.0,0
0,tcp,http,SF,339,502,0,0,0,0,0,1,0,0,0,0,0,0,0,0,0,0,1,1,0.0,0.0,0.0,0.0,1.0,0.0,0.0,17,255,1.0,0.0,0.06,0.01,0.06,0.0,0.0,0.0,0
0,tcp,http,SF,216,1808,0,0,0,0,0,1,0,0,0,0,0,0,0,0,0,0,34,36,0.0,0.0,0.0,0.0,1.0,0.0,0.06,255,255,1.0,0.0,0.0,0.0,0.0,0.0,0.0,0.0,0
42,tcp,telnet,SF,758,343450,0,0,0,0,0,1,0,0,0,0,0,0,0,0,0,0,1,1,0.0,0.0,0.0,0.0,1.0,0.0,0.0,72,4,0.06,0.29,0.01,0.0,0.01,0.25,0.0,0.0,0
0,udp,domain_u,SF,44,134,0,0,0,0,0,0,0,0,0,0,0,0,0,0,0,0,66,144,0.0,0.0,0.0,0.0,1.0,0.0,0.01,242,122,0.5,0.02,0.0,0.0,0.0,0.0,0.0,0.0,0
0,tcp,http,SF,305,4414,0,0,0,0,0,1,0,0,0,0,0,0,0,0,0,0,3,5,0.0,0.0,0.0,0.0,1.0,0.0,0.4,15,255,1.0,0.0,0.07,0.04,0.0,0.0,0.0,0.0,0
60,tcp,telnet,S3,125,179,0,0,0,1,1,0,0,0,0,0,0,0,0,0,0,0,1,1,1.0,1.0,0.0,0.0,1.0,0.0,0.0,1,1,1.0,0.0,1.0,0.0,1.0,1.0,0.0,0.0,1
0,tcp,http,SF,217,893,0,0,0,0,0,1,0,0,0,0,0,0,0,0,0,0,3,3,0.0,0.0,0.0,0.0,1.0,0.0,0.0,255,255,1.0,0.0,0.0,0.0,0.0,0.0,0.0,0.0,0
0,tcp,http,S0,0,0,0,0,0,0,0,0,0,0,0,0,0,0,0,0,0,0,2,4,0.5,0.25,0.0,0.0,1.0,0.0,0.75,30,255,1.0,0.0,0.07,0.02,0.03,0.0,0.0,0.0,0
9,tcp,ftp_data,SF,0,5150772,0,0,0,0,0,0,0,0,0,0,0,0,0,0,0,0,1,1,0.0,0.0,0.0,0.0,1.0,0.0,0.0,9,9,1.0,0.0,1.0,0.0,0.0,0.0,0.0,0.0,1
4,tcp,smtp,SF,14305,1369,0,0,0,0,0,1,0,0,0,0,0,0,0,0,0,0,1,1,0.0,0.0,0.0,0.0,1.0,0.0,0.0,113,232,0.95,0.02,0.01,0.01,0.0,0.0,0.0,0.0,0
0,tcp,http,SF,305,9140,0,0,0,0,0,1,0,0,0,0,0,0,0,0,0,0,2,2,0.0,0.0,0.0,0.0,1.0,0.0,0.0,18,255,1.0,0.0,0.06,0.09,0.0,0.0,0.0,0.0,0
0,udp,domain_u,SF,44,136,0,0,0,0,0,0,0,0,0,0,0,0,0,0,0,0,73,153,0.0,0.0,0.0,0.0,1.0,0.0,0.01,255,254,1.0,0.01,0.0,0.0,0.0,0.0,0.0,0.0,0
0,udp,domain_u,SF,43,71,0,0,0,0,0,0,0,0,0,0,0,0,0,0,0,0,271,271,0.0,0.0,0.0,0.0,1.0,0.0,0.0,255,254,1.0,0.01,0.0,0.0,0.0,0.0,0.0,0.0,0
0,tcp,http,SF,319,174,0,0,0,0,0,1,0,0,0,0,0,0,0,0,0,0,7,7,0.0,0.0,0.0,0.0,1.0,0.0,0.0,22,255,1.0,0.0,0.05,0.03,0.0,0.0,0.0,0.0,0
0,tcp,http,SF,211,2912,0,0,0,0,0,1,0,0,0,0,0,0,0,0,0,0,7,7,0.0,0.0,0.0,0.0,1.0,0.0,0.0,19,255,1.0,0.0,0.05,0.05,0.0,0.0,0.0,0.0,0
0,tcp,http,SF,329,354,0,0,0,0,0,1,0,0,0,0,0,0,0,0,0,0,16,17,0.0,0.0,0.0,0.0,1.0,0.0,0.12,255,255,1.0,0.0,0.0,0.0,0.0,0.0,0.0,0.0,0
0,tcp,telnet,RSTO,126,179,0,0,0,1,1,0,0,0,0,0,0,0,0,0,0,0,1,1,0.0,0.0,1.0,1.0,1.0,0.0,0.0,33,33,1.0,0.0,0.03,0.0,0.06,0.06,0.94,0.94,1
0,tcp,http,REJ,0,0,0,0,0,0,0,0,0,0,0,0,0,0,0,0,0,0,15,15,0.0,0.0,0.67,0.67,1.0,0.0,0.0,15,255,1.0,0.0,0.07,0.01,0.0,0.0,0.67,0.05,0
0,tcp,http,SF,323,278,0,0,0,0,0,1,0,0,0,0,0,0,0,0,0,0,3,4,0.0,0.0,0.0,0.0,1.0,0.0,0.5,255,255,1.0,0.0,0.0,0.0,0.0,0.0,0.0,0.0,0
0,tcp,http,SF,206,3731,0,0,0,0,0,1,0,0,0,0,0,0,0,0,0,0,7,9,0.0,0.0,0.0,0.0,1.0,0.0,0.22,134,255,1.0,0.0,0.01,0.03,0.0,0.0,0.01,0.0,0
0,tcp,http,REJ,0,0,0,0,0,0,0,0,0,0,0,0,0,0,0,0,0,0,1,1,0.0,0.0,1.0,1.0,1.0,0.0,0.0,25,255,1.0,0.0,0.04,0.07,0.0,0.0,1.0,0.98,0
0,tcp,ftp_data,SF,30,0,0,0,0,0,0,1,0,0,0,0,0,0,0,0,0,0,1,1,0.0,0.0,0.0,0.0,1.0,0.0,0.0,10,65,0.9,0.2,1.0,0.11,0.2,0.02,0.0,0.0,1
1,tcp,ftp,SF,1183,2447,0,0,0,28,0,1,0,0,0,0,0,0,0,0,0,1,1,1,0.0,0.0,0.0,0.0,1.0,0.0,0.0,255,130,0.51,0.02,0.0,0.0,0.0,0.0,0.0,0.0,1
0,tcp,http,SF,202,693,0,0,0,0,0,1,0,0,0,0,0,0,0,0,0,0,7,7,0.0,0.0,0.0,0.0,1.0,0.0,0.0,7,255,1.0,0.0,0.14,0.05,0.0,0.0,0.0,0.0,0
0,tcp,http,SF,162,2572,0,0,0,0,0,1,0,0,0,0,0,0,0,0,0,0,3,4,0.0,0.0,0.0,0.0,1.0,0.0,0.5,23,255,1.0,0.0,0.04,0.06,0.0,0.0,0.0,0.0,0
0,tcp,ftp_data,SF,740,0,0,0,0,0,0,0,0,0,0,0,0,0,0,0,0,0,2,2,0.0,0.0,0.0,0.0,1.0,0.0,0.0,4,13,0.5,0.5,0.5,0.15,0.0,0.08,0.0,0.0,0
0,tcp,ftp_data,SF,192,0,0,0,0,0,0,1,0,0,0,0,0,0,0,0,0,0,2,2,0.0,0.0,0.0,0.0,1.0,0.0,0.0,15,86,0.67,0.13,0.67,0.02,0.0,0.0,0.0,0.0,0
2,tcp,smtp,SF,899,328,0,0,0,0,0,1,0,0,0,0,0,0,0,0,0,0,1,2,0.0,0.0,0.0,0.0,1.0,0.0,1.0,255,136,0.53,0.02,0.0,0.0,0.0,0.01,0.0,0.0,0
0,tcp,http,SF,215,4823,0,0,0,0,0,1,0,0,0,0,0,0,0,0,0,0,41,41,0.0,0.0,0.0,0.0,1.0,0.0,0.0,255,255,1.0,0.0,0.0,0.0,0.0,0.0,0.0,0.0,0
0,tcp,http,SF,234,1230,0,0,0,0,0,1,0,0,0,0,0,0,0,0,0,0,2,2,0.0,0.0,0.0,0.0,1.0,0.0,0.0,52,255,1.0,0.0,0.02,0.04,0.0,0.0,0.0,0.0,0
0,tcp,http,S0,0,0,0,0,0,0,0,0,0,0,0,0,0,0,0,0,0,0,1,1,1.0,1.0,0.0,0.0,1.0,0.0,0.0,4,255,1.0,0.0,0.25,0.06,1.0,0.02,0.0,0.0,0
0,tcp,http,REJ,0,0,0,0,0,0,0,0,0,0,0,0,0,0,0,0,0,0,1,1,0.0,0.0,1.0,1.0,1.0,0.0,0.0,12,201,1.0,0.0,0.08,0.12,0.0,0.0,1.0,0.72,0
0,tcp,http,SF,324,1809,0,0,0,0,0,1,0,0,0,0,0,0,0,0,0,0,13,13,0.0,0.0,0.0,0.0,1.0,0.0,0.0,13,255,1.0,0.0,0.08,0.04,0.0,0.0,0.0,0.0,0
0,tcp,http,REJ,0,0,0,0,0,0,0,0,0,0,0,0,0,0,0,0,0,0,1,1,0.0,0.0,1.0,1.0,1.0,0.0,0.0,103,97,0.94,0.03,0.01,0.0,0.0,0.0,0.94,1.0,0
0,udp,domain_u,SF,44,113,0,0,0,0,0,0,0,0,0,0,0,0,0,0,0,0,1,4,0.0,0.0,0.0,0.0,1.0,0.0,0.75,31,28,0.9,0.06,0.03,0.0,0.0,0.0,0.0,0.0,0
15152,tcp,ftp,SF,361,1198,0,0,0,6,0,1,0,0,0,0,0,0,0,0,0,1,1,1,0.0,0.0,0.0,0.0,1.0,0.0,0.0,255,140,0.55,0.02,0.0,0.0,0.0,0.0,0.0,0.0,1
0,tcp,other,SF,10044,0,0,0,0,0,0,1,0,0,0,0,0,0,0,0,0,0,4,1,0.0,0.0,0.0,0.0,0.25,0.75,0.0,127,1,0.01,0.05,0.08,0.0,0.0,0.0,0.0,0.0,0
2,tcp,smtp,SF,1630,330,0,0,0,0,0,1,0,0,0,0,0,0,0,0,0,0,1,2,0.0,0.0,0.0,0.0,1.0,0.0,1.0,20,165,0.95,0.1,0.05,0.01,0.0,0.0,0.0,0.04,0
0,tcp,http,SF,293,807,0,0,0,0,0,1,0,0,0,0,0,0,0,0,0,0,5,5,0.0,0.0,0.0,0.0,1.0,0.0,0.0,227,255,1.0,0.0,0.0,0.01,0.0,0.0,0.0,0.0,0
0,tcp,http,SF,329,12922,0,0,0,0,0,1,0,0,0,0,0,0,0,0,0,0,10,10,0.1,0.1,0.0,0.0,1.0,0.0,0.0,255,255,1.0,0.0,0.0,0.0,0.0,0.0,0.0,0.0,0
0,tcp,ftp_data,SF,334,0,0,0,0,0,0,1,0,0,0,0,0,0,0,0,0,0,2,2,0.0,0.0,0.0,0.0,1.0,0.0,0.0,4,11,1.0,0.0,1.0,0.18,0.0,0.0,0.0,0.09,1
0,udp,domain_u,SF,43,107,0,0,0,0,0,0,0,0,0,0,0,0,0,0,0,0,6,19,0.0,0.0,0.0,0.0,1.0,0.0,0.16,255,249,0.98,0.01,0.0,0.0,0.0,0.0,0.0,0.0,0
0,udp,domain_u,SF,46,132,0,0,0,0,0,0,0,0,0,0,0,0,0,0,0,0,76,156,0.0,0.0,0.0,0.0,1.0,0.0,0.01,255,203,0.8,0.01,0.0,0.0,0.0,0.0,0.0,0.0,0
0,tcp,smtp,SF,1515,335,0,0,0,0,0,1,0,0,0,0,0,0,2,0,0,0,1,2,0.0,0.0,0.0,0.0,1.0,0.0,1.0,131,164,0.6,0.05,0.01,0.01,0.0,0.0,0.0,0.0,0
0,udp,domain_u,SF,44,44,0,0,0,0,0,0,0,0,0,0,0,0,0,0,0,0,42,42,0.0,0.0,0.0,0.0,1.0,0.0,0.0,255,255,1.0,0.0,0.0,0.0,0.0,0.0,0.0,0.0,0
0,tcp,http,SF,309,4198,0,0,0,0,0,1,0,0,0,0,0,0,0,0,0,0,12,12,0.0,0.0,0.0,0.0,1.0,0.0,0.0,80,255,1.0,0.0,0.01,0.02,0.0,0.0,0.0,0.0,0
0,tcp,http,SF,285,1929,0,0,0,0,0,1,0,0,0,0,0,0,0,0,0,0,10,10,0.0,0.0,0.0,0.0,1.0,0.0,0.0,10,255,1.0,0.0,0.1,0.03,0.0,0.0,0.0,0.0,0
0,tcp,http,SF,224,413,0,0,0,0,0,1,0,0,0,0,0,0,0,0,0,0,8,8,0.0,0.0,0.0,0.0,1.0,0.0,0.0,255,255,1.0,0.0,0.0,0.0,0.0,0.0,0.0,0.0,0
0,tcp,http,SF,325,1645,0,0,0,0,0,1,0,0,0,0,0,0,0,0,0,0,2,2,0.0,0.0,0.0,0.0,1.0,0.0,0.0,105,255,1.0,0.0,0.01,0.02,0.01,0.02,0.0,0.0,0
0,tcp,http,SF,163,11634,0,0,0,0,0,1,0,0,0,0,0,0,0,0,0,0,32,43,0.0,0.0,0.0,0.0,1.0,0.0,0.07,96,255,1.0,0.0,0.01,0.03,0.0,0.0,0.0,0.0,0
2,tcp,auth,SF,10,39,0,0,0,0,0,1,0,0,0,0,0,0,0,0,0,0,1,1,0.0,0.0,0.0,0.0,1.0,0.0,0.0,255,3,0.01,0.54,0.0,0.0,0.0,0.0,0.0,0.0,0
0,tcp,ftp_data,SF,334,0,0,0,0,0,0,1,0,0,0,0,0,0,0,0,0,0,1,1,0.0,0.0,0.0,0.0,1.0,0.0,0.0,3,29,1.0,0.0,1.0,0.21,0.0,0.0,0.0,0.0,1
0,tcp,http,SF,208,261,0,0,0,0,0,1,0,0,0,0,0,0,0,0,0,0,42,42,0.0,0.0,0.0,0.0,1.0,0.0,0.0,97,255,1.0,0.0,0.01,0.03,0.0,0.0,0.0,0.0,0
0,tcp,http,SF,242,2466,0,0,0,0,0,1,0,0,0,0,0,0,0,0,0,0,1,1,0.0,0.0,0.0,0.0,1.0,0.0,0.0,7,255,1.0,0.0,0.14,0.01,0.0,0.0,0.0,0.0,0
5043,tcp,ftp_data,SF,5135678,0,0,0,0,2,0,1,0,0,0,0,0,0,0,0,0,0,1,1,0.0,0.0,0.0,0.0,1.0,0.0,0.0,5,46,1.0,0.0,1.0,0.04,0.0,0.02,0.0,0.0,1
1,tcp,smtp,SF,839,332,0,0,0,0,0,1,0,0,0,0,0,0,0,0,0,0,1,4,0.0,0.0,0.0,0.0,1.0,0.0,1.0,135,121,0.54,0.04,0.01,0.02,0.0,0.0,0.0,0.0,0
0,tcp,telnet,RSTO,126,179,0,0,0,1,1,0,0,0,0,0,0,0,0,0,0,0,1,1,0.0,0.0,1.0,1.0,1.0,0.0,0.0,46,46,1.0,0.0,0.02,0.0,0.04,0.04,0.96,0.96,1
4,tcp,ftp_data,SF,832,0,0,0,0,0,0,1,0,0,0,0,0,0,0,0,0,0,1,1,0.0,0.0,0.0,0.0,1.0,0.0,0.0,3,40,1.0,0.0,1.0,0.12,0.0,0.0,0.0,0.0,1
4,tcp,ftp_data,SF,832,0,0,0,0,0,0,1,0,0,0,0,0,0,0,0,0,0,1,1,0.0,0.0,0.0,0.0,1.0,0.0,0.0,6,46,1.0,0.0,1.0,0.09,0.0,0.0,0.17,0.02,1
872,tcp,ftp,SF,938,2720,0,0,0,19,0,1,0,0,0,0,0,0,0,0,0,1,1,1,0.0,0.0,0.0,0.0,1.0,0.0,0.0,222,58,0.26,0.32,0.0,0.0,0.0,0.0,0.29,0.02,0
0,tcp,ftp_data,SF,383,0,0,0,0,0,0,0,0,0,0,0,0,0,0,0,0,0,2,2,0.0,0.0,0.0,0.0,1.0,0.0,0.0,83,88,0.33,0.05,0.33,0.02,0.0,0.0,0.01,0.0,0
0,tcp,smtp,SF,976,339,0,0,0,0,0,1,0,0,0,0,2,0,0,0,0,0,1,2,0.0,0.0,0.0,0.0,1.0,0.0,1.0,212,177,0.71,0.02,0.0,0.01,0.0,0.0,0.0,0.0,0
0,tcp,smtp,SF,1793,330,0,0,0,0,0,1,0,0,0,0,0,0,0,0,0,0,1,2,0.0,0.0,0.0,0.0,1.0,0.0,1.0,144,179,0.75,0.03,0.01,0.01,0.0,0.0,0.0,0.0,0
0,tcp,http,SF,224,1000,0,0,0,0,0,1,0,0,0,0,0,0,0,0,0,0,4,14,0.0,0.0,0.0,0.0,1.0,0.0,0.14,255,255,1.0,0.0,0.0,0.0,0.0,0.0,0.0,0.0,0
2,tcp,ftp,SF,1209,2449,0,0,0,28,0,1,0,0,0,0,0,0,0,0,0,1,1,1,0.0,0.0,0.0,0.0,1.0,0.0,0.0,198,26,0.13,0.03,0.01,0.0,0.01,0.0,0.01,0.0,1
1082,udp,other,SF,147,105,0,0,0,0,0,0,0,0,0,0,0,0,0,0,0,0,2,2,0.0,0.0,0.0,0.0,1.0,0.0,0.0,255,2,0.01,0.42,0.86,0.0,0.0,0.0,0.0,0.0,0
0,udp,domain_u,SF,45,45,0,0,0,0,0,0,0,0,0,0,0,0,0,0,0,0,86,166,0.0,0.0,0.0,0.0,1.0,0.0,0.01,255,250,0.98,0.01,0.01,0.0,0.0,0.0,0.0,0.0,0
0,tcp,http,SF,302,8032,0,0,0,0,0,1,0,0,0,0,0,0,0,0,0,0,4,4,0.0,0.0,0.0,0.0,1.0,0.0,0.0,6,251,1.0,0.0,0.17,0.06,0.0,0.01,0.0,0.0,0
0,tcp,http,SF,177,16748,0,0,0,0,0,1,0,0,0,0,0,0,0,0,0,0,2,2,0.0,0.0,0.0,0.0,1.0,0.0,0.0,34,255,1.0,0.0,0.03,0.07,0.0,0.0,0.0,0.0,0
0,udp,domain_u,SF,42,46,0,0,0,0,0,0,0,0,0,0,0,0,0,0,0,0,4,13,0.0,0.0,0.0,0.0,1.0,0.0,0.15,255,255,1.0,0.0,0.02,0.0,0.0,0.0,0.0,0.0,0
0,icmp,ecr_i,SF,64,0,0,0,0,0,0,0,0,0,0,0,0,0,0,0,0,0,1,1,0.0,0.0,0.0,0.0,1.0,0.0,0.0,41,1,0.02,0.07,0.02,0.0,0.0,0.0,0.0,0.0,0
0,tcp,ftp_data,SF,334,0,0,0,0,0,0,1,0,0,0,0,0,0,0,0,0,0,1,1,0.0,0.0,0.0,0.0,1.0,0.0,0.0,5,47,1.0,0.0,1.0,0.15,0.0,0.0,0.0,0.0,1
0,tcp,http,SF,284,27340,0,0,0,0,0,1,0,0,0,0,0,0,0,0,0,0,2,3,0.0,0.0,0.0,0.0,1.0,0.0,0.67,38,255,1.0,0.0,0.03,0.04,0.0,0.0,0.03,0.04,0
0,tcp,http,REJ,0,0,0,0,0,0,0,0,0,0,0,0,0,0,0,0,0,0,1,1,0.0,0.0,1.0,1.0,1.0,0.0,0.0,5,247,1.0,0.0,0.2,0.01,0.0,0.0,1.0,0.03,0
0,tcp,http,SF,308,2507,0,0,0,0,0,1,0,0,0,0,0,0,0,0,0,0,4,4,0.0,0.0,0.0,0.0,1.0,0.0,0.0,255,247,0.97,0.01,0.0,0.0,0.0,0.0,0.0,0.0,0
0,tcp,smtp,SF,779,330,0,0,0,0,0,1,0,0,0,0,0,0,0,0,0,0,1,1,0.0,0.0,0.0,0.0,1.0,0.0,0.0,122,79,0.65,0.05,0.02,0.0,0.0,0.0,0.0,0.0,0
0,udp,domain_u,SF,45,125,0,0,0,0,0,0,0,0,0,0,0,0,0,0,0,0,203,205,0.0,0.0,0.0,0.0,1.0,0.01,0.01,255,255,1.0,0.0,0.0,0.0,0.0,0.0,0.0,0.0,0
1,tcp,smtp,SF,999,328,0,0,0,0,0,1,0,0,0,0,0,0,0,0,0,0,1,1,0.0,0.0,0.0,0.0,1.0,0.0,0.0,255,133,0.52,0.01,0.0,0.0,0.0,0.0,0.0,0.0,0
0,tcp,ftp_data,SF,334,0,0,0,0,0,0,1,0,0,0,0,0,0,0,0,0,0,1,1,0.0,0.0,0.0,0.0,1.0,0.0,0.0,7,41,1.0,0.0,1.0,0.17,0.0,0.0,0.0,0.0,1
0,tcp,http,SF,312,2193,0,0,0,0,0,1,0,0,0,0,0,0,0,0,0,0,1,2,0.0,0.0,0.0,0.0,1.0,0.0,1.0,4,255,1.0,0.0,0.25,0.06,0.0,0.01,0.0,0.0,0
0,icmp,eco_i,SF,64,0,0,0,0,0,0,0,0,0,0,0,0,0,0,0,0,0,3,3,0.0,0.0,0.0,0.0,1.0,0.0,0.0,154,5,0.03,0.06,0.03,0.0,0.0,0.0,0.0,0.0,0
1,tcp,smtp,SF,1917,366,0,0,0,0,0,1,0,0,0,0,0,0,0,0,0,0,1,3,0.0,0.0,0.0,0.0,1.0,0.0,1.0,66,63,0.95,0.03,0.02,0.0,0.0,0.0,0.0,0.0,0
0,tcp,smtp,SF,815,385,0,0,0,0,0,1,0,0,0,0,0,0,0,0,0,0,1,1,0.0,0.0,0.0,0.0,1.0,0.0,0.0,255,34,0.13,0.06,0.0,0.0,0.71,0.0,0.01,0.0,0
11,tcp,telnet,SF,103,2069,0,0,0,0,0,1,0,0,0,0,0,0,0,0,0,0,1,1,0.0,0.0,0.0,0.0,1.0,0.0,0.0,83,1,0.01,0.06,0.01,0.0,0.0,0.0,0.0,0.0,0
0,tcp,http,SF,299,3943,0,0,0,0,0,1,0,0,0,0,0,0,0,0,0,0,1,1,0.0,0.0,0.0,0.0,1.0,0.0,0.0,116,255,1.0,0.0,0.01,0.05,0.01,0.01,0.01,0.01,0
11,udp,domain_u,SF,42,42,0,0,0,0,0,0,0,0,0,0,0,0,0,0,0,0,1,1,0.0,0.0,0.0,0.0,1.0,0.0,0.0,255,223,0.87,0.01,0.0,0.0,0.0,0.0,0.0,0.0,0
0,tcp,http,SF,220,1215,0,0,0,0,0,1,0,0,0,0,0,0,0,0,0,0,9,9,0.0,0.0,0.0,0.0,1.0,0.0,0.0,203,255,1.0,0.0,0.0,0.02,0.0,0.0,0.0,0.0,0
0,tcp,ftp_data,SF,334,0,0,0,0,0,0,1,0,0,0,0,0,0,0,0,0,0,2,2,0.0,0.0,0.0,0.0,1.0,0.0,0.0,2,15,1.0,0.0,1.0,0.13,0.0,0.0,0.0,0.0,1
0,tcp,http,SF,218,406,0,0,0,0,0,1,0,0,0,0,0,0,0,0,0,0,10,16,0.0,0.0,0.0,0.0,1.0,0.0,0.19,255,255,1.0,0.0,0.0,0.0,0.0,0.0,0.0,0.0,0
0,udp,domain_u,SF,45,45,0,0,0,0,0,0,0,0,0,0,0,0,0,0,0,0,118,198,0.0,0.0,0.0,0.0,1.0,0.0,0.01,255,255,1.0,0.0,0.01,0.0,0.0,0.0,0.0,0.0,0
0,tcp,http,SF,220,2097,0,0,0,0,0,1,0,0,0,0,0,0,0,0,0,0,5,5,0.0,0.0,0.0,0.0,1.0,0.0,0.0,73,255,1.0,0.0,0.01,0.03,0.0,0.0,0.0,0.0,0
0,tcp,http,SF,235,283,0,0,0,0,0,1,0,0,0,0,0,0,0,0,0,0,46,52,0.0,0.0,0.0,0.0,1.0,0.0,0.04,255,255,1.0,0.0,0.0,0.0,0.0,0.0,0.0,0.0,0
0,tcp,http,REJ,0,0,0,0,0,0,0,0,0,0,0,0,0,0,0,0,0,0,1,1,0.0,0.0,1.0,1.0,1.0,0.0,0.0,6,87,1.0,0.0,0.17,0.37,0.0,0.0,1.0,1.0,0
0,tcp,http,SF,258,7882,0,0,0,0,0,1,0,0,0,0,0,0,0,0,0,0,16,16,0.0,0.0,0.0,0.0,1.0,0.0,0.0,44,255,1.0,0.0,0.02,0.03,0.0,0.0,0.0,0.0,0
10,tcp,telnet,SF,103,1575,0,0,0,0,0,1,0,0,0,0,0,0,0,0,0,0,1,1,0.0,0.0,0.0,0.0,1.0,0.0,0.0,83,3,0.02,0.06,0.01,0.67,0.0,0.0,0.0,0.0,0
0,tcp,http,SF,287,7384,0,0,0,0,0,1,0,0,0,0,0,0,0,0,0,0,22,24,0.0,0.0,0.0,0.0,1.0,0.0,0.08,255,255,1.0,0.0,0.0,0.0,0.0,0.0,0.0,0.0,0
0,udp,domain_u,SF,45,45,0,0,0,0,0,0,0,0,0,0,0,0,0,0,0,0,166,168,0.0,0.0,0.0,0.0,1.0,0.0,0.01,255,229,0.9,0.01,0.0,0.0,0.0,0.0,0.0,0.0,0
0,udp,domain_u,SF,45,111,0,0,0,0,0,0,0,0,0,0,0,0,0,0,0,0,6,9,0.0,0.0,0.0,0.0,1.0,0.0,0.22,62,53,0.85,0.05,0.02,0.0,0.0,0.0,0.0,0.0,0
0,tcp,http,SF,330,1232,0,0,0,0,0,1,0,0,0,0,0,0,0,0,0,0,30,38,0.0,0.0,0.0,0.0,1.0,0.0,0.08,255,255,1.0,0.0,0.0,0.0,0.0,0.0,0.0,0.0,0
0,tcp,smtp,SF,2268,282,0,0,0,0,0,1,0,0,0,0,0,0,0,0,0,0,1,1,0.0,0.0,0.0,0.0,1.0,0.0,0.0,1,88,1.0,0.0,1.0,0.03,0.0,0.0,0.0,0.0,0
11,udp,private,SF,105,146,0,0,0,0,0,0,0,0,0,0,0,0,0,0,0,0,2,2,0.0,0.0,0.0,0.0,1.0,0.0,0.0,255,235,0.92,0.01,0.01,0.0,0.0,0.0,0.0,0.0,0
5051,tcp,ftp_data,SF,5135678,0,0,0,0,2,0,1,0,0,0,0,0,0,0,0,0,0,1,1,0.0,0.0,0.0,0.0,1.0,0.0,0.0,9,20,1.0,0.0,1.0,0.1,0.0,0.0,0.0,0.0,1
0,tcp,http,SF,209,8936,0,0,0,0,0,1,0,0,0,0,0,0,0,0,0,0,1,1,0.0,0.0,0.0,0.0,1.0,0.0,0.0,255,255,1.0,0.0,0.0,0.0,0.0,0.0,0.0,0.0,0
0,tcp,http,SF,205,676,0,0,0,0,0,1,0,0,0,0,0,0,0,0,0,0,5,5,0.0,0.0,0.0,0.0,1.0,0.0,0.0,23,255,1.0,0.0,0.04,0.05,0.0,0.0,0.0,0.0,0
1,tcp,ftp,SF,1183,2445,0,0,0,28,0,1,0,0,0,0,0,0,0,0,0,1,1,1,0.0,0.0,0.0,0.0,1.0,0.0,0.0,255,88,0.35,0.02,0.0,0.0,0.0,0.0,0.01,0.0,1
0,tcp,http,SF,311,2593,0,0,0,0,0,1,0,0,0,0,0,0,0,0,0,0,7,7,0.0,0.0,0.0,0.0,1.0,0.0,0.0,63,255,1.0,0.0,0.02,0.04,0.0,0.0,0.0,0.0,0
0,tcp,http,SF,248,851,0,0,0,0,0,1,0,0,0,0,0,0,0,0,0,0,21,23,0.0,0.0,0.0,0.0,1.0,0.0,0.09,255,255,1.0,0.0,0.0,0.0,0.0,0.0,0.0,0.0,0
0,tcp,http,SF,363,511,0,0,0,0,0,1,0,0,0,0,0,0,0,0,0,0,16,19,0.0,0.0,0.0,0.0,1.0,0.0,0.16,255,255,1.0,0.0,0.0,0.0,0.0,0.0,0.0,0.0,0
0,udp,domain_u,SF,44,72,0,0,0,0,0,0,0,0,0,0,0,0,0,0,0,0,140,140,0.0,0.0,0.0,0.0,1.0,0.0,0.0,255,254,1.0,0.01,0.0,0.0,0.0,0.0,0.0,0.0,0
0,tcp,http,SF,241,1544,0,0,0,0,0,1,0,0,0,0,0,0,0,0,0,0,44,49,0.0,0.0,0.0,0.0,1.0,0.0,0.06,255,255,1.0,0.0,0.0,0.0,0.0,0.0,0.0,0.0,0
0,tcp,ftp_data,SF,334,0,0,0,0,0,0,1,0,0,0,0,0,0,0,0,0,0,2,2,0.0,0.0,0.0,0.0,1.0,0.0,0.0,7,7,1.0,0.0,1.0,0.0,0.0,0.0,0.0,0.0,1
0,tcp,http,SF,305,327,0,0,0,0,0,1,0,0,0,0,0,0,0,0,0,0,7,44,0.0,0.0,0.0,0.0,1.0,0.0,0.11,37,255,1.0,0.0,0.03,0.03,0.0,0.0,0.0,0.0,0
3735,udp,other,SF,146,105,0,0,0,0,0,0,0,0,0,0,0,0,0,0,0,0,2,2,0.0,0.0,0.0,0.0,1.0,0.0,0.0,89,2,0.02,0.72,0.97,0.0,0.0,0.0,0.0,0.0,0
2426,tcp,ftp_data,RSTR,2500058,0,0,0,0,0,0,1,0,0,0,0,0,0,0,0,0,0,1,1,0.0,0.0,1.0,1.0,1.0,0.0,0.0,3,43,1.0,0.0,1.0,0.09,0.0,0.0,0.33,0.02,1
0,tcp,ftp_data,SF,334,0,0,0,0,0,0,1,0,0,0,0,0,0,0,0,0,0,1,2,0.0,0.0,0.0,0.0,1.0,0.0,1.0,1,9,1.0,0.0,1.0,0.44,0.0,0.0,0.0,0.0,1
0,tcp,http,SF,180,1977,0,0,0,0,0,1,0,0,0,0,0,0,0,0,0,0,4,4,0.0,0.0,0.0,0.0,1.0,0.0,0.0,255,243,0.95,0.01,0.0,0.0,0.03,0.03,0.0,0.0,0
0,tcp,http,SF,331,5283,0,0,0,1,0,1,0,1,0,0,0,0,0,0,0,0,21,21,0.0,0.0,0.0,0.0,1.0,0.0,0.0,49,255,1.0,0.0,0.02,0.03,0.0,0.0,0.0,0.0,0
0,tcp,ftp_data,SF,334,0,0,0,0,0,0,1,0,0,0,0,0,0,0,0,0,0,2,2,0.0,0.0,0.0,0.0,1.0,0.0,0.0,17,49,0.94,0.12,1.0,0.1,0.0,0.0,0.0,0.0,1
0,tcp,http,SF,237,2698,0,0,0,0,0,1,0,0,0,0,0,0,1,0,0,0,1,1,0.0,0.0,0.0,0.0,1.0,0.0,0.0,255,251,0.98,0.01,0.0,0.0,0.0,0.0,0.0,0.0,0
0,tcp,http,SF,196,446,0,0,0,0,0,1,0,0,0,0,0,0,0,0,0,0,57,59,0.0,0.0,0.0,0.0,1.0,0.0,0.03,255,255,1.0,0.0,0.0,0.0,0.0,0.0,0.0,0.0,0
0,tcp,smtp,SF,1327,362,0,0,0,0,0,1,0,0,0,0,0,0,0,0,0,0,1,1,0.0,0.0,0.0,0.0,1.0,0.0,0.0,116,202,0.84,0.03,0.01,0.01,0.0,0.0,0.0,0.0,0
0,tcp,http,SF,144,52451,0,0,0,2,0,1,0,0,0,0,0,0,0,0,0,0,1,3,0.0,0.33,0.0,0.0,1.0,0.0,0.67,255,255,1.0,0.0,0.0,0.0,0.0,0.0,0.0,0.0,0
6,tcp,ftp,SF,1239,2451,0,0,0,28,0,1,0,0,0,0,0,0,0,0,0,1,1,1,0.0,0.0,0.0,0.0,1.0,0.0,0.0,255,123,0.48,0.02,0.0,0.0,0.0,0.0,0.0,0.0,1
0,tcp,ftp_data,SF,641,0,0,0,0,0,0,1,0,0,0,0,0,0,0,0,0,0,1,1,0.0,0.0,0.0,0.0,1.0,0.0,0.0,76,77,0.14,0.04,0.14,0.04,0.03,0.0,0.64,0.0,0
4748,udp,other,SF,147,105,0,0,0,0,0,0,0,0,0,0,0,0,0,0,0,0,1,1,0.0,0.0,0.0,0.0,1.0,0.0,0.0,255,1,0.0,0.53,0.92,0.0,0.0,0.0,0.0,0.0,0
0,udp,domain_u,SF,45,129,0,0,0,0,0,0,0,0,0,0,0,0,0,0,0,0,70,142,0.0,0.0,0.0,0.0,1.0,0.0,0.01,255,255,1.0,0.0,0.0,0.0,0.0,0.0,0.0,0.0,0
0,tcp,http,SF,308,2698,0,0,0,0,0,1,0,0,0,0,0,0,1,0,0,0,4,4,0.0,0.0,0.0,0.0,1.0,0.0,0.0,255,244,0.96,0.01,0.0,0.0,0.0,0.0,0.0,0.0,0
0,tcp,ftp_data,SF,334,0,0,0,0,0,0,1,0,0,0,0,0,0,0,0,0,0,2,2,0.0,0.0,0.0,0.0,1.0,0.0,0.0,2,20,1.0,0.0,1.0,0.25,0.0,0.0,0.0,0.0,1
0,udp,domain_u,SF,44,75,0,0,0,0,0,0,0,0,0,0,0,0,0,0,0,0,130,130,0.0,0.0,0.0,0.0,1.0,0.0,0.0,255,255,1.0,0.0,0.01,0.0,0.0,0.0,0.0,0.0,0
5046,tcp,ftp_data,SF,0,5134218,0,0,0,0,0,0,0,0,0,0,0,0,0,0,0,0,1,1,0.0,0.0,0.0,0.0,1.0,0.0,0.0,255,64,0.25,0.02,0.0,0.0,0.75,0.86,0.0,0.0,0
25,tcp,smtp,SF,204819,334,0,0,0,0,0,1,0,0,0,0,0,0,0,0,0,0,1,1,0.0,0.0,0.0,0.0,1.0,0.0,0.0,74,37,0.5,0.07,0.01,0.0,0.0,0.0,0.01,0.0,0
4,tcp,ftp_data,SF,832,0,0,0,0,0,0,1,0,0,0,0,0,0,0,0,0,0,1,1,0.0,0.0,0.0,0.0,1.0,0.0,0.0,3,59,1.0,0.0,1.0,0.12,0.33,0.02,0.0,0.0,1
0,udp,domain_u,SF,44,132,0,0,0,0,0,0,0,0,0,0,0,0,0,0,0,0,229,305,0.0,0.0,0.0,0.0,1.0,0.0,0.01,255,253,0.99,0.01,0.0,0.0,0.0,0.0,0.0,0.0,0
0,tcp,http,SF,311,5381,0,0,0,0,0,1,0,0,0,0,0,0,0,0,0,0,6,6,0.0,0.0,0.0,0.0,1.0,0.0,0.0,255,255,1.0,0.0,0.0,0.0,0.01,0.01,0.0,0.0,0
0,tcp,http,SF,215,2335,0,0,0,0,0,1,0,0,0,0,0,0,0,0,0,0,1,2,0.0,0.0,0.0,0.0,1.0,0.0,1.0,255,255,1.0,0.0,0.0,0.0,0.0,0.0,0.0,0.0,0
0,tcp,ftp_data,SF,246,0,0,0,0,0,0,1,0,0,0,0,0,0,0,0,0,0,1,1,0.0,0.0,0.0,0.0,1.0,0.0,0.0,5,61,1.0,0.0,1.0,0.11,0.2,0.02,0.0,0.0,1
0,tcp,smtp,SF,1995,383,0,0,0,0,0,1,0,0,0,0,0,0,0,0,0,0,1,1,0.0,0.0,0.0,0.0,1.0,0.0,0.0,255,30,0.12,0.02,0.0,0.0,0.8,0.0,0.0,0.0,0
0,tcp,http,SF,292,7547,0,0,0,0,0,1,0,0,0,0,0,0,0,0,0,0,2,2,0.0,0.0,0.0,0.0,1.0,0.0,0.0,255,255,1.0,0.0,0.0,0.0,0.0,0.0,0.0,0.0,0
9725,udp,other,SF,147,105,0,0,0,0,0,0,0,0,0,0,0,0,0,0,0,0,1,1,0.0,0.0,0.0,0.0,1.0,0.0,0.0,255,1,0.0,0.9,0.99,0.0,0.0,0.0,0.0,0.0,0
0,tcp,http,SF,225,836,0,0,0,0,0,1,0,0,0,0,0,0,0,0,0,0,12,12,0.0,0.0,0.0,0.0,1.0,0.0,0.0,32,255,1.0,0.0,0.03,0.03,0.0,0.0,0.0,0.0,0
0,tcp,http,SF,297,784,0,0,0,0,0,1,0,0,0,0,0,0,0,0,0,0,17,17,0.0,0.0,0.0,0.0,1.0,0.0,0.0,105,255,1.0,0.0,0.01,0.02,0.0,0.0,0.0,0.0,0
0,tcp,http,SF,204,1295,0,0,0,0,0,1,0,0,0,0,0,0,0,0,0,0,2,2,0.0,0.0,0.0,0.0,1.0,0.0,0.0,2,255,1.0,0.0,0.5,0.01,0.0,0.0,0.0,0.0,0
4,tcp,ftp_data,SF,832,0,0,0,0,0,0,1,0,0,0,0,0,0,0,0,0,0,1,1,0.0,0.0,0.0,0.0,1.0,0.0,0.0,10,45,1.0,0.0,1.0,0.13,0.0,0.02,0.0,0.0,1
0,udp,domain_u,SF,45,75,0,0,0,0,0,0,0,0,0,0,0,0,0,0,0,0,231,231,0.0,0.0,0.0,0.0,1.0,0.01,0.01,255,254,1.0,0.01,0.0,0.0,0.0,0.0,0.0,0.0,0
13639,udp,other,SF,147,105,0,0,0,0,0,0,0,0,0,0,0,0,0,0,0,0,4,2,0.0,0.0,0.0,0.0,0.5,0.5,0.0,255,2,0.01,0.78,1.0,0.0,0.0,0.0,0.0,0.0,0
0,tcp,http,SF,320,12922,0,0,0,0,0,1,0,0,0,0,0,0,0,0,0,0,30,30,0.0,0.0,0.0,0.0,1.0,0.0,0.0,129,255,1.0,0.0,0.01,0.01,0.0,0.0,0.0,0.0,0
0,tcp,http,SF,213,1415,0,0,0,0,0,1,0,0,0,0,0,0,0,0,0,0,2,7,0.0,0.0,0.0,0.0,1.0,0.0,0.29,255,255,1.0,0.0,0.0,0.0,0.0,0.0,0.0,0.0,0
0,tcp,http,SF,191,17975,0,0,0,0,0,1,0,0,0,0,0,0,0,0,0,0,1,1,0.0,0.0,0.0,0.0,1.0,0.0,0.0,10,207,1.0,0.0,0.1,0.03,0.0,0.01,0.0,0.0,0
4,tcp,smtp,SF,1143,335,0,0,0,0,0,1,0,0,0,0,0,0,0,0,0,0,1,2,0.0,0.0,0.0,0.0,1.0,0.0,1.0,144,180,0.81,0.03,0.01,0.01,0.0,0.0,0.0,0.0,0
0,tcp,ftp,SF,1223,2451,0,0,0,28,0,1,0,0,0,0,0,0,0,0,0,1,1,1,0.0,0.0,0.0,0.0,1.0,0.0,0.0,205,33,0.16,0.02,0.0,0.0,0.0,0.0,0.01,0.0,1
0,tcp,http,SF,240,1928,0,0,0,0,0,1,0,0,0,0,0,0,0,0,0,0,9,9,0.0,0.0,0.0,0.0,1.0,0.0,0.0,59,255,1.0,0.0,0.02,0.05,0.0,0.0,0.0,0.0,0
0,tcp,http,SF,297,260,0,0,0,0,0,1,0,0,0,0,0,0,0,0,0,0,12,12,0.0,0.0,0.0,0.0,1.0,0.0,0.0,53,112,1.0,0.0,0.02,0.04,0.0,0.01,0.0,0.0,0
0,udp,domain_u,SF,45,78,0,0,0,0,0,0,0,0,0,0,0,0,0,0,0,0,140,142,0.0,0.0,0.0,0.0,1.0,0.0,0.01,255,223,0.87,0.01,0.0,0.0,0.0,0.0,0.0,0.0,0
0,tcp,ftp_data,SF,641,0,0,0,0,0,0,0,0,0,0,0,0,0,0,0,0,0,3,2,0.0,0.0,0.0,0.0,0.67,0.67,0.0,67,63,0.22,0.07,0.22,0.03,0.0,0.02,0.0,0.0,0
0,tcp,http,SF,219,15255,0,0,0,0,0,1,0,0,0,0,0,0,0,0,0,0,3,3,0.0,0.0,0.0,0.0,1.0,0.0,0.0,167,255,1.0,0.0,0.01,0.02,0.0,0.0,0.01,0.0,0
0,tcp,http,SF,171,2265,0,0,0,0,0,1,0,0,0,0,0,0,0,0,0,0,2,2,0.0,0.0,0.0,0.0,1.0,0.0,0.0,6,255,1.0,0.0,0.17,0.07,0.0,0.0,0.0,0.0,0
0,udp,domain_u,SF,42,68,0,0,0,0,0,0,0,0,0,0,0,0,0,0,0,0,177,177,0.0,0.0,0.0,0.0,1.0,0.0,0.0,255,255,1.0,0.0,0.01,0.0,0.0,0.0,0.0,0.0,0
0,tcp,http,SF,310,3222,0,0,0,0,0,1,0,0,0,0,0,0,0,0,0,0,3,3,0.0,0.0,0.0,0.0,1.0,0.0,0.0,255,249,0.98,0.01,0.0,0.0,0.0,0.0,0.01,0.01,0
0,tcp,http,SF,255,33119,0,0,0,0,0,1,0,0,0,0,0,0,0,0,0,0,1,1,0.0,0.0,0.0,0.0,1.0,0.0,0.0,17,5,0.29,0.18,0.12,0.0,0.41,0.0,0.0,0.0,0
0,tcp,http,SF,289,55,0,0,0,0,0,1,0,0,0,0,0,0,0,0,0,0,3,6,0.0,0.0,0.0,0.0,1.0,0.0,0.33,130,255,1.0,0.0,0.01,0.01,0.02,0.01,0.02,0.01,0
375,tcp,telnet,SF,380,9682,0,0,0,0,0,1,2,0,0,0,0,0,0,0,0,0,1,1,0.0,0.0,0.0,0.0,1.0,0.0,0.0,255,28,0.11,0.06,0.0,0.0,0.73,0.5,0.01,0.11,0
0,tcp,ftp_data,SF,334,0,0,0,0,0,0,1,0,0,0,0,0,0,0,0,0,0,1,1,0.0,0.0,0.0,0.0,1.0,0.0,0.0,8,33,1.0,0.0,1.0,0.15,0.0,0.0,0.0,0.0,1
0,udp,domain_u,SF,43,129,0,0,0,0,0,0,0,0,0,0,0,0,0,0,0,0,76,156,0.0,0.0,0.0,0.0,1.0,0.0,0.01,255,239,0.94,0.01,0.0,0.0,0.0,0.0,0.0,0.0,0
0,tcp,ftp_data,SF,12,0,0,0,0,0,0,1,0,0,0,0,0,0,0,0,0,0,152,3,0.99,0.0,0.0,0.0,0.01,0.06,0.67,255,18,0.07,0.09,0.09,0.0,0.77,0.0,0.01,0.0,0
0,tcp,ftp_data,SF,245,0,0,0,0,0,0,1,0,0,0,1,0,0,0,0,0,0,3,2,0.0,0.0,0.0,0.0,0.67,0.67,0.0,170,70,0.2,0.12,0.28,0.03,0.01,0.03,0.0,0.0,0
0,tcp,smtp,SF,690,326,0,0,0,0,0,1,0,0,0,0,0,0,0,0,0,0,1,1,0.0,0.0,0.0,0.0,1.0,0.0,0.0,182,163,0.75,0.03,0.01,0.01,0.0,0.0,0.0,0.0,0
0,tcp,http,REJ,0,0,0,0,0,0,0,0,0,0,0,0,0,0,0,0,0,0,1,1,0.0,0.0,1.0,1.0,1.0,0.0,0.0,2,255,1.0,0.0,0.5,0.17,0.0,0.0,1.0,0.89,0
0,udp,domain_u,SF,46,142,0,0,0,0,0,0,0,0,0,0,0,0,0,0,0,0,95,175,0.0,0.0,0.0,0.0,1.0,0.0,0.01,255,255,1.0,0.0,0.0,0.0,0.0,0.0,0.0,0.0,0
2,tcp,ftp,SF,1173,2445,0,0,0,28,0,1,0,0,0,0,0,0,0,0,0,1,1,1,0.0,0.0,0.0,0.0,1.0,0.0,0.0,255,86,0.34,0.02,0.0,0.0,0.0,0.0,0.01,0.0,1
3,tcp,ftp,SF,1233,2449,0,0,0,28,0,1,0,0,0,0,0,0,0,0,0,1,1,1,0.0,0.0,0.0,0.0,1.0,0.0,0.0,255,29,0.11,0.02,0.0,0.0,0.11,0.0,0.0,0.0,1
20221,udp,other,SF,146,105,0,0,0,0,0,0,0,0,0,0,0,0,0,0,0,0,3,2,0.0,0.0,0.0,0.0,0.67,0.67,0.0,255,2,0.01,0.86,1.0,0.0,0.0,0.0,0.0,0.0,0
0,tcp,http,SF,192,626,0,0,0,0,0,1,0,0,0,0,0,0,0,0,0,0,17,17,0.0,0.0,0.0,0.0,1.0,0.0,0.0,255,255,1.0,0.0,0.0,0.0,0.0,0.0,0.0,0.0,0
1,tcp,smtp,SF,852,328,0,0,0,0,0,1,0,0,0,0,0,0,0,0,0,0,1,1,0.0,0.0,0.0,0.0,1.0,0.0,0.0,75,133,0.6,0.07,0.01,0.02,0.0,0.0,0.04,0.03,0
0,tcp,http,SF,207,1540,0,0,0,0,0,1,0,0,0,0,0,0,0,0,0,0,10,11,0.0,0.0,0.0,0.0,1.0,0.0,0.18,255,255,1.0,0.0,0.0,0.0,0.0,0.0,0.0,0.0,0
0,tcp,http,SF,309,306,0,0,0,0,0,1,0,0,0,0,0,0,0,0,0,0,1,1,0.0,0.0,0.0,0.0,1.0,0.0,0.0,66,255,1.0,0.0,0.02,0.02,0.0,0.0,0.0,0.0,0
0,tcp,http,SF,253,1396,0,0,0,0,0,1,0,0,0,0,0,0,0,0,0,0,6,10,0.0,0.0,0.0,0.0,1.0,0.0,0.2,255,255,1.0,0.0,0.0,0.0,0.0,0.0,0.0,0.0,0
0,tcp,http,SF,251,2033,0,0,0,0,0,1,0,0,0,0,0,0,0,0,0,0,11,11,0.0,0.0,0.0,0.0,1.0,0.0,0.0,173,255,1.0,0.0,0.01,0.03,0.0,0.0,0.0,0.0,0
0,tcp,http,REJ,0,0,0,0,0,0,0,0,0,0,0,0,0,0,0,0,0,0,1,2,0.0,0.0,1.0,1.0,1.0,0.0,1.0,19,94,1.0,0.0,0.05,0.14,0.0,0.0,1.0,1.0,0
1,tcp,ftp,SF,1228,2451,0,0,0,28,0,1,0,0,0,0,0,0,0,0,0,1,1,1,0.0,0.0,0.0,0.0,1.0,0.0,0.0,115,13,0.11,0.05,0.01,0.0,0.02,0.0,0.07,0.0,1
0,tcp,http,SF,246,5480,0,0,0,0,0,1,0,0,0,0,0,0,0,0,0,0,4,9,0.0,0.11,0.0,0.0,1.0,0.0,0.22,115,255,1.0,0.0,0.01,0.02,0.0,0.0,0.01,0.01,0
0,udp,domain_u,SF,46,79,0,0,0,0,0,0,0,0,0,0,0,0,0,0,0,0,228,228,0.0,0.0,0.0,0.0,1.0,0.01,0.01,255,254,1.0,0.01,0.0,0.0,0.0,0.0,0.0,0.0,0
12,tcp,ftp_data,SF,7045,0,0,0,0,0,0,1,0,0,0,0,0,0,0,0,0,0,1,1,0.0,0.0,0.0,0.0,1.0,0.0,0.0,255,62,0.24,0.13,0.34,0.0,0.02,0.02,0.0,0.0,1
2260,udp,other,SF,147,105,0,0,0,0,0,0,0,0,0,0,0,0,0,0,0,0,2,2,0.0,0.0,0.0,0.0,1.0,0.0,0.0,255,2,0.01,0.84,0.97,0.0,0.0,0.0,0.0,0.0,0
0,tcp,http,SF,362,3040,0,0,0,0,0,1,0,0,0,0,0,0,0,0,0,0,4,5,0.0,0.0,0.0,0.0,1.0,0.0,0.4,255,255,1.0,0.0,0.0,0.0,0.0,0.0,0.0,0.0,0
0,udp,domain_u,SF,45,130,0,0,0,0,0,0,0,0,0,0,0,0,0,0,0,0,28,243,0.0,0.0,0.0,0.0,1.0,0.0,0.01,86,200,0.83,0.02,0.83,0.01,0.0,0.0,0.13,0.0,0
0,udp,private,SF,105,146,0,0,0,0,0,0,0,0,0,0,0,0,0,0,0,0,1,1,0.0,0.0,0.0,0.0,1.0,0.0,0.0,12,8,0.67,0.17,0.08,0.0,0.0,0.0,0.0,0.0,0
0,tcp,http,SF,239,781,0,0,0,0,0,1,0,0,0,0,0,0,0,0,0,0,21,21,0.0,0.0,0.0,0.0,1.0,0.0,0.0,41,255,1.0,0.0,0.02,0.01,0.0,0.0,0.0,0.0,0
0,tcp,http,SF,206,313,0,0,0,0,0,1,0,0,0,0,0,0,0,0,0,0,16,20,0.06,0.05,0.0,0.0,1.0,0.0,0.1,16,255,1.0,0.0,0.06,0.05,0.06,0.02,0.0,0.0,0
1,tcp,ftp,SF,1226,2451,0,0,0,28,0,1,0,0,0,0,0,0,0,0,0,1,1,1,0.0,0.0,0.0,0.0,1.0,0.0,0.0,255,114,0.45,0.02,0.0,0.0,0.0,0.0,0.0,0.0,1
0,tcp,http,SF,323,310,0,0,0,0,0,1,0,0,0,0,0,0,0,0,0,0,2,2,0.0,0.0,0.0,0.0,1.0,0.0,0.0,255,255,1.0,0.0,0.0,0.0,0.0,0.0,0.0,0.0,0
0,tcp,ftp_data,SF,334,0,0,0,0,0,0,1,0,0,0,0,0,0,0,0,0,0,1,1,0.0,0.0,0.0,0.0,1.0,0.0,0.0,1,19,1.0,0.0,1.0,0.26,0.0,0.0,0.0,0.0,1
0,tcp,ftp_data,SF,334,0,0,0,0,0,0,1,0,0,0,0,0,0,0,0,0,0,1,1,0.0,0.0,0.0,0.0,1.0,0.0,0.0,11,49,1.0,0.0,1.0,0.14,0.0,0.0,0.0,0.0,1
0,tcp,http,SF,296,24936,0,0,0,0,0,1,0,0,0,0,0,0,0,0,0,0,1,32,0.0,0.0,0.0,0.0,1.0,0.0,0.16,255,255,1.0,0.0,0.0,0.0,0.01,0.01,0.0,0.0,0
0,udp,private,SF,105,147,0,0,0,0,0,0,0,0,0,0,0,0,0,0,0,0,11,2,0.0,0.0,0.0,0.0,0.18,0.18,0.0,255,232,0.91,0.01,0.01,0.0,0.0,0.0,0.0,0.0,0
0,tcp,http,SF,222,10707,0,0,0,0,0,1,0,0,0,0,0,0,0,0,0,0,3,3,0.0,0.0,0.0,0.0,1.0,0.0,0.0,255,255,1.0,0.0,0.0,0.0,0.0,0.0,0.0,0.0,0
12,udp,domain_u,SF,42,42,0,0,0,0,0,0,0,0,0,0,0,0,0,0,0,0,6,11,0.0,0.0,0.0,0.0,1.0,0.0,0.27,255,255,1.0,0.0,0.0,0.0,0.0,0.0,0.0,0.0,0
0,tcp,http,SF,266,1866,0,0,0,0,0,1,0,0,0,0,0,0,0,0,0,0,14,14,0.0,0.0,0.0,0.0,1.0,0.0,0.0,33,255,1.0,0.0,0.03,0.03,0.0,0.0,0.0,0.0,0
0,tcp,http,SF,312,2977,0,0,0,0,0,1,0,0,0,0,0,0,0,0,0,0,2,2,0.0,0.0,0.0,0.0,1.0,0.0,0.0,2,255,1.0,0.0,0.5,0.04,0.0,0.0,0.0,0.0,0
10,tcp,smtp,SF,973,333,0,0,0,0,0,1,0,0,0,0,0,0,0,0,0,0,1,1,0.0,0.0,0.0,0.0,1.0,0.0,0.0,111,58,0.52,0.04,0.01,0.0,0.0,0.0,0.0,0.0,0
0,tcp,ftp_data,SF,334,0,0,0,0,0,0,1,0,0,0,0,0,0,0,0,0,0,2,2,0.0,0.0,0.0,0.0,1.0,0.0,0.0,10,10,1.0,0.0,1.0,0.0,0.0,0.0,0.0,0.0,1
0,tcp,http,SF,388,138,0,0,0,0,0,1,0,0,0,0,0,0,0,0,0,0,1,1,0.0,0.0,0.0,0.0,1.0,0.0,0.0,3,255,1.0,0.0,0.33,0.03,0.0,0.0,0.0,0.0,0
0,tcp,http,SF,308,1591,0,0,0,0,0,1,0,0,0,0,0,0,0,0,0,0,19,20,0.0,0.0,0.0,0.0,1.0,0.0,0.1,58,255,1.0,0.0,0.02,0.03,0.0,0.0,0.0,0.0,0
2,tcp,ftp,SF,1241,2451,0,0,0,28,0,1,0,0,0,0,0,0,0,0,0,1,1,1,0.0,0.0,0.0,0.0,1.0,0.0,0.0,255,112,0.44,0.02,0.0,0.0,0.0,0.0,0.0,0.0,1
0,tcp,ftp_data,SF,246,0,0,0,0,0,0,1,0,0,0,0,0,0,0,0,0,0,2,2,0.0,0.0,0.0,0.0,1.0,0.0,0.0,3,30,1.0,0.0,1.0,0.1,0.0,0.0,0.0,0.0,1
0,udp,domain_u,SF,45,83,0,0,0,0,0,0,0,0,0,0,0,0,0,0,0,0,121,121,0.0,0.0,0.0,0.0,1.0,0.0,0.0,255,254,1.0,0.01,0.0,0.0,0.0,0.0,0.0,0.0,0
0,tcp,http,SF,265,558,0,0,0,0,0,1,0,0,0,0,0,0,0,0,0,0,4,4,0.0,0.0,0.0,0.0,1.0,0.0,0.0,255,255,1.0,0.0,0.0,0.0,0.0,0.0,0.01,0.01,0
0,tcp,http,SF,315,13591,0,0,0,0,0,1,0,0,0,0,0,0,0,0,0,0,16,34,0.0,0.0,0.0,0.0,1.0,0.0,0.06,16,255,1.0,0.0,0.06,0.05,0.0,0.0,0.0,0.0,0
3,tcp,telnet,SF,140,1249,0,0,0,0,0,0,0,0,0,0,0,0,0,0,0,0,1,1,0.0,0.0,0.0,0.0,1.0,0.0,0.0,155,1,0.01,0.02,0.01,0.0,0.0,0.0,0.0,0.0,0
5056,tcp,ftp_data,SF,5133876,0,0,0,0,4,0,1,0,0,0,0,0,0,0,0,0,0,1,1,0.0,0.0,0.0,0.0,1.0,0.0,0.0,255,83,0.33,0.07,0.35,0.0,0.02,0.05,0.0,0.0,1
0,tcp,http,SF,234,1931,0,0,0,0,0,1,0,0,0,0,0,0,0,0,0,0,5,5,0.0,0.0,0.0,0.0,1.0,0.0,0.0,23,255,1.0,0.0,0.04,0.05,0.0,0.0,0.0,0.0,0
0,tcp,ftp_data,SF,334,0,0,0,0,0,0,1,0,0,0,0,0,0,0,0,0,0,2,2,0.0,0.0,0.0,0.0,1.0,0.0,0.0,6,16,1.0,0.0,1.0,0.19,0.0,0.0,0.0,0.0,1
0,tcp,http,SF,335,306,0,0,0,0,0,1,0,0,0,0,0,0,0,0,0,0,3,3,0.0,0.0,0.0,0.0,1.0,0.0,0.0,19,255,1.0,0.0,0.05,0.04,0.0,0.0,0.0,0.0,0
0,tcp,ftp_data,SF,59,0,0,0,0,0,0,1,0,0,0,0,0,0,0,0,0,0,12,12,0.0,0.0,0.0,0.0,1.0,0.0,0.0,255,141,0.55,0.02,0.55,0.0,0.0,0.0,0.0,0.0,0
0,tcp,ftp_data,SF,334,0,0,0,0,0,0,1,0,0,0,0,0,0,0,0,0,0,1,1,0.0,0.0,0.0,0.0,1.0,0.0,0.0,27,3,0.11,0.07,0.11,0.0,0.0,0.0,0.0,0.0,1
0,icmp,eco_i,SF,30,0,0,0,0,0,0,0,0,0,0,0,0,0,0,0,0,0,1,1,0.0,0.0,0.0,0.0,1.0,0.0,0.0,255,34,0.13,0.01,0.64,0.0,0.0,0.0,0.0,0.0,0
7765,udp,other,SF,147,105,0,0,0,0,0,0,0,0,0,0,0,0,0,0,0,0,4,2,0.0,0.0,0.0,0.0,0.5,0.5,0.0,255,2,0.01,0.84,1.0,0.0,0.0,0.0,0.0,0.0,0
0,tcp,smtp,SF,729,333,0,0,0,0,0,1,0,0,0,0,0,0,0,0,0,0,1,2,0.0,0.0,0.0,0.0,1.0,0.0,1.0,22,130,0.68,0.18,0.05,0.02,0.0,0.0,0.0,0.0,0
0,tcp,ftp_data,SF,192,0,0,0,0,0,0,0,0,0,0,0,0,0,0,0,0,0,2,2,0.0,0.0,0.0,0.0,1.0,0.0,0.0,71,41,0.06,0.07,0.06,0.05,0.0,0.0,0.0,0.0,0
0,udp,domain_u,SF,126,45,0,0,0,0,0,0,0,0,0,0,0,0,0,0,0,0,298,297,0.0,0.0,0.0,0.0,1.0,0.01,0.0,187,154,0.82,0.01,0.43,0.0,0.0,0.0,0.0,0.0,0
0,tcp,http,SF,325,3073,0,0,0,0,0,1,0,0,0,0,0,0,0,0,0,0,2,3,0.0,0.0,0.0,0.0,1.0,0.0,0.67,176,255,1.0,0.0,0.01,0.04,0.0,0.0,0.0,0.0,0
0,tcp,http,SF,308,1248,0,0,0,0,0,1,0,0,0,0,0,0,0,0,0,0,3,6,0.0,0.0,0.0,0.0,1.0,0.0,0.33,255,255,1.0,0.0,0.0,0.0,0.0,0.0,0.0,0.0,0
0,tcp,http,SF,239,248,0,0,0,0,0,1,0,0,0,0,0,0,0,0,0,0,4,4,0.0,0.0,0.0,0.0,1.0,0.0,0.0,32,32,1.0,0.0,0.03,0.0,0.0,0.0,0.0,0.0,0
0,tcp,ftp_data,SF,2890,0,0,0,0,0,0,1,0,0,0,0,0,0,0,0,0,0,10,10,0.0,0.0,0.0,0.0,1.0,0.0,0.0,73,66,0.22,0.04,0.22,0.05,0.0,0.0,0.0,0.0,0
0,icmp,eco_i,SF,30,0,0,0,0,0,0,0,0,0,0,0,0,0,0,0,0,0,1,1,0.0,0.0,0.0,0.0,1.0,0.0,0.0,247,247,1.0,0.0,1.0,0.0,0.0,0.0,0.0,0.0,0
30,udp,domain_u,SF,42,42,0,0,0,0,0,0,0,0,0,0,0,0,0,0,0,0,5,9,0.0,0.0,0.0,0.0,1.0,0.0,0.33,255,238,0.93,0.01,0.01,0.0,0.0,0.0,0.0,0.0,0
0,tcp,http,REJ,0,0,0,0,0,0,0,0,0,0,0,0,0,0,0,0,0,0,1,1,0.0,0.0,1.0,1.0,1.0,0.0,0.0,8,255,1.0,0.0,0.12,0.1,0.0,0.0,1.0,0.98,0
0,tcp,http,SF,293,946,0,0,0,0,0,1,0,0,0,0,0,0,0,0,0,0,31,31,0.0,0.0,0.0,0.0,1.0,0.0,0.0,128,255,1.0,0.0,0.01,0.01,0.0,0.0,0.0,0.0,0
5,tcp,ftp,SF,1251,2451,0,0,0,28,0,1,0,0,0,0,0,0,0,0,0,1,1,1,0.0,0.0,0.0,0.0,1.0,0.0,0.0,239,67,0.28,0.02,0.0,0.0,0.0,0.0,0.01,0.0,1
0,tcp,http,SF,149,34548,0,0,0,0,0,1,0,0,0,0,0,0,0,0,0,0,1,1,0.0,0.0,0.0,0.0,1.0,0.0,0.0,255,255,1.0,0.0,0.0,0.0,0.0,0.0,0.0,0.0,0
0,tcp,ftp_data,SF,641,0,0,0,0,0,0,1,0,0,0,0,0,0,0,0,0,0,2,20,0.0,0.0,0.0,0.0,1.0,0.0,0.1,110,57,0.17,0.05,0.17,0.04,0.0,0.0,0.0,0.0,0
5053,tcp,ftp_data,SF,5135678,0,0,0,0,0,0,1,0,0,0,0,0,0,0,0,0,0,1,1,0.0,0.0,0.0,0.0,1.0,0.0,0.0,1,28,1.0,0.0,1.0,0.11,0.0,0.0,0.0,0.0,1
0,udp,domain_u,SF,44,127,0,0,0,0,0,0,0,0,0,0,0,0,0,0,0,0,230,310,0.0,0.0,0.0,0.0,1.0,0.0,0.01,255,253,0.99,0.01,0.0,0.0,0.0,0.0,0.0,0.0,0
0,tcp,http,SF,146,13603,0,0,0,0,0,1,0,0,0,0,0,0,0,0,0,0,1,9,0.0,0.0,0.0,0.0,1.0,0.0,0.22,15,15,1.0,0.0,0.07,0.0,0.0,0.0,0.0,0.0,0
0,tcp,ftp_data,SF,334,0,0,0,0,0,0,1,0,0,0,0,0,0,0,0,0,0,1,1,0.0,0.0,0.0,0.0,1.0,0.0,0.0,1,27,1.0,0.0,1.0,0.22,0.0,0.04,0.0,0.0,1
0,tcp,ftp,SF,1224,2451,0,0,0,28,0,1,0,0,0,0,0,0,0,0,0,1,1,1,0.0,0.0,0.0,0.0,1.0,0.0,0.0,222,50,0.23,0.02,0.0,0.0,0.0,0.0,0.01,0.0,1
0,tcp,smtp,SF,2070,327,0,0,0,0,0,1,0,0,0,0,0,0,0,0,0,0,1,1,0.0,0.0,0.0,0.0,1.0,0.0,0.0,16,172,0.69,0.25,0.06,0.02,0.0,0.0,0.0,0.0,0
0,tcp,telnet,RSTO,125,179,0,0,0,1,1,0,0,0,0,0,0,0,0,0,0,0,2,2,0.0,0.0,1.0,1.0,1.0,0.0,0.0,10,10,1.0,0.0,0.1,0.0,0.1,0.1,0.9,0.9,1
0,tcp,http,SF,302,2056,0,0,0,0,0,1,0,0,0,0,0,0,0,0,0,0,4,4,0.0,0.0,0.0,0.0,1.0,0.0,0.0,102,255,1.0,0.0,0.01,0.02,0.0,0.0,0.0,0.0,0
0,tcp,smtp,SF,1351,281,0,0,0,0,0,1,0,0,0,0,0,0,0,0,0,0,1,1,0.0,0.0,0.0,0.0,1.0,0.0,0.0,123,180,0.56,0.04,0.01,0.01,0.0,0.0,0.0,0.0,0
0,tcp,http,REJ,0,0,0,0,0,0,0,0,0,0,0,0,0,0,0,0,0,0,21,21,0.0,0.0,0.81,0.81,1.0,0.0,0.0,174,185,1.0,0.0,0.01,0.03,0.01,0.01,0.32,0.35,0
0,tcp,http,SF,320,516,0,0,0,0,0,1,0,0,0,0,0,0,0,0,0,0,6,9,0.0,0.0,0.0,0.0,1.0,0.0,0.33,255,255,1.0,0.0,0.0,0.0,0.0,0.0,0.0,0.0,0
0,tcp,http,SF,323,272,0,0,0,0,0,1,0,0,0,0,0,0,0,0,0,0,5,5,0.0,0.0,0.0,0.0,1.0,0.0,0.0,255,250,0.98,0.01,0.0,0.0,0.0,0.0,0.0,0.0,0
0,tcp,http,S1,220,13140,0,0,0,0,0,1,0,0,0,0,0,0,0,0,0,0,2,3,0.5,0.33,0.0,0.0,1.0,0.0,0.67,255,255,1.0,0.0,0.0,0.0,0.01,0.01,0.0,0.0,0
0,tcp,ftp,SF,1211,2449,0,0,0,28,0,1,0,0,0,0,0,0,0,0,0,1,1,1,0.0,0.0,0.0,0.0,1.0,0.0,0.0,232,60,0.26,0.02,0.0,0.0,0.0,0.0,0.01,0.0,1
1,tcp,ftp,SF,1196,2449,0,0,0,28,0,1,0,0,0,0,0,0,0,0,0,1,1,1,0.0,0.0,0.0,0.0,1.0,0.0,0.0,255,93,0.36,0.02,0.0,0.0,0.0,0.0,0.0,0.0,1
0,tcp,http,SF,242,175,0,0,0,0,0,1,0,0,0,0,0,0,0,0,0,0,1,1,0.0,0.0,0.0,0.0,1.0,0.0,0.0,255,255,1.0,0.0,0.0,0.0,0.0,0.0,0.01,0.01,0
0,tcp,http,SF,224,1415,0,0,0,0,0,1,0,0,0,0,0,0,0,0,0,0,11,11,0.0,0.0,0.0,0.0,1.0,0.0,0.0,48,48,1.0,0.0,0.02,0.0,0.0,0.0,0.0,0.0,0
0,tcp,http,SF,227,7783,0,0,0,0,0,1,0,0,0,0,0,0,0,0,0,0,1,2,0.0,0.0,0.0,0.0,1.0,0.0,1.0,1,255,1.0,0.0,1.0,0.04,0.0,0.0,0.0,0.0,0
0,tcp,http,REJ,0,0,0,0,0,0,0,0,0,0,0,0,0,0,0,0,0,0,1,2,0.0,0.0,1.0,1.0,1.0,0.0,1.0,72,255,1.0,0.0,0.01,0.15,0.0,0.0,0.94,0.98,0
0,udp,domain_u,SF,46,46,0,0,0,0,0,0,0,0,0,0,0,0,0,0,0,0,107,106,0.0,0.0,0.0,0.0,0.99,0.02,0.0,255,254,1.0,0.01,0.0,0.0,0.0,0.0,0.0,0.0,0
0,tcp,ftp_data,SF,334,0,0,0,0,0,0,1,0,0,0,0,0,0,0,0,0,0,1,1,0.0,0.0,0.0,0.0,1.0,0.0,0.0,4,4,1.0,0.0,1.0,0.0,0.0,0.0,0.0,0.0,1
0,tcp,http,SF,218,1701,0,0,0,0,0,1,0,0,0,0,0,0,0,0,0,0,11,11,0.0,0.0,0.0,0.0,1.0,0.0,0.0,71,255,1.0,0.0,0.01,0.02,0.0,0.0,0.0,0.0,0
1,tcp,ftp,SF,1237,2451,0,0,0,28,0,1,0,0,0,0,0,0,0,0,0,1,1,1,0.0,0.0,0.0,0.0,1.0,0.0,0.0,228,56,0.25,0.02,0.0,0.0,0.0,0.0,0.01,0.0,1
0,tcp,smtp,SF,2323,332,0,0,0,0,0,1,0,0,0,0,0,0,0,0,0,0,1,3,0.0,0.0,0.0,0.0,1.0,0.0,1.0,142,112,0.54,0.04,0.01,0.02,0.0,0.0,0.0,0.0,0
0,tcp,ftp_data,SF,246,0,0,0,0,0,0,1,0,0,0,0,0,0,0,0,0,0,1,1,0.0,0.0,0.0,0.0,1.0,0.0,0.0,2,35,1.0,0.0,1.0,0.14,0.0,0.0,0.0,0.0,1
0,udp,domain_u,SF,44,110,0,0,0,0,0,0,0,0,0,0,0,0,0,0,0,0,69,149,0.0,0.0,0.0,0.0,1.0,0.0,0.01,255,206,0.81,0.01,0.0,0.0,0.0,0.0,0.0,0.0,0
0,tcp,http,SF,327,3200,0,0,0,0,0,1,0,0,0,0,0,0,0,0,0,0,13,18,0.0,0.0,0.0,0.0,1.0,0.0,0.11,255,255,1.0,0.0,0.0,0.0,0.0,0.0,0.0,0.0,0
0,tcp,http,SF,295,1674,0,0,0,0,0,1,0,0,0,0,0,0,0,0,0,0,31,61,0.0,0.0,0.0,0.0,1.0,0.0,0.05,255,255,1.0,0.0,0.0,0.0,0.0,0.0,0.0,0.0,0
0,tcp,ftp_data,SF,334,0,0,0,0,0,0,1,0,0,0,0,0,0,0,0,0,0,2,2,0.0,0.0,0.0,0.0,1.0,0.0,0.0,2,28,1.0,0.0,1.0,0.18,0.0,0.0,0.0,0.0,1
0,tcp,http,REJ,0,0,0,0,0,0,0,0,0,0,0,0,0,0,0,0,0,0,1,1,0.0,0.0,1.0,1.0,1.0,0.0,0.0,49,247,1.0,0.0,0.02,0.11,0.0,0.0,0.92,0.98,0
0,tcp,http,SF,337,441,0,0,0,0,0,1,0,0,0,0,0,0,0,0,0,0,11,11,0.0,0.0,0.0,0.0,1.0,0.0,0.0,36,255,1.0,0.0,0.03,0.04,0.0,0.0,0.0,0.0,0
0,tcp,http,SF,209,809,0,0,0,0,0,1,0,0,0,0,0,0,0,0,0,0,7,7,0.0,0.0,0.0,0.0,1.0,0.0,0.0,92,254,1.0,0.0,0.01,0.14,0.0,0.0,0.41,0.79,0
0,tcp,http,SF,289,2658,0,0,0,0,0,1,0,0,0,0,0,0,0,0,0,0,37,40,0.0,0.0,0.0,0.0,1.0,0.0,0.05,255,255,1.0,0.0,0.0,0.0,0.0,0.0,0.0,0.0,0
0,tcp,http,SF,222,882,0,0,0,0,0,1,0,0,0,0,0,0,0,0,0,0,11,11,0.0,0.0,0.0,0.0,1.0,0.0,0.0,255,255,1.0,0.0,0.0,0.0,0.0,0.0,0.0,0.0,0
0,tcp,http,REJ,0,0,0,0,0,0,0,0,0,0,0,0,0,0,0,0,0,0,1,1,0.0,0.0,1.0,1.0,1.0,0.0,0.0,1,212,1.0,0.0,1.0,0.07,0.0,0.0,1.0,1.0,0
0,tcp,smtp,SF,1565,329,0,0,0,0,0,1,0,0,0,0,0,0,0,0,0,0,1,1,0.0,0.0,0.0,0.0,1.0,0.0,0.0,255,144,0.56,0.03,0.0,0.0,0.0,0.0,0.0,0.0,0
0,udp,domain_u,SF,46,138,0,0,0,0,0,0,0,0,0,0,0,0,0,0,0,0,72,152,0.0,0.0,0.0,0.0,0.99,0.03,0.01,255,240,0.94,0.01,0.0,0.0,0.0,0.0,0.0,0.0,0
0,tcp,http,SF,232,1075,0,0,0,0,0,1,0,0,0,0,0,0,0,0,0,0,3,3,0.0,0.0,0.0,0.0,1.0,0.0,0.0,255,240,0.94,0.02,0.0,0.0,0.0,0.0,0.0,0.0,0
0,tcp,other,SF,10272,0,0,0,0,0,0,1,0,0,0,0,1,0,0,0,0,0,7,1,0.0,0.0,0.0,0.0,0.14,0.29,0.0,73,1,0.01,0.1,0.29,0.0,0.0,0.0,0.01,0.0,0
0,tcp,http,SF,319,474,0,0,0,0,0,1,0,0,0,0,0,0,0,0,0,0,41,53,0.0,0.0,0.0,0.0,1.0,0.0,0.08,41,255,1.0,0.0,0.02,0.02,0.0,0.0,0.0,0.0,0
0,tcp,http,SF,340,2499,0,0,0,0,0,1,0,0,0,0,0,0,0,0,0,0,19,19,0.0,0.0,0.0,0.0,1.0,0.0,0.0,255,255,1.0,0.0,0.0,0.0,0.0,0.0,0.0,0.0,0
3,tcp,ftp,SF,1256,2452,0,0,0,28,0,1,0,0,0,0,0,0,0,0,0,1,2,1,0.0,0.0,0.5,0.0,0.5,1.0,0.0,111,9,0.08,0.05,0.01,0.0,0.02,0.0,0.07,0.0,1
0,icmp,ecr_i,SF,30,0,0,0,0,0,0,0,0,0,0,0,0,0,0,0,0,0,2,2,0.0,0.0,0.0,0.0,1.0,0.0,0.0,153,153,1.0,0.0,1.0,0.0,0.0,0.0,0.0,0.0,0
0,udp,domain_u,SF,44,133,0,0,0,0,0,0,0,0,0,0,0,0,0,0,0,0,125,205,0.0,0.0,0.0,0.0,1.0,0.0,0.01,255,255,1.0,0.0,0.0,0.0,0.0,0.0,0.0,0.0,0
2,tcp,ftp,SF,1265,2451,0,0,0,28,0,1,0,0,0,0,0,0,0,0,0,1,1,1,0.0,0.0,0.0,0.0,1.0,0.0,0.0,255,58,0.23,0.02,0.0,0.0,0.0,0.0,0.0,0.0,1
0,udp,domain_u,SF,45,110,0,0,0,0,0,0,0,0,0,0,0,0,0,0,0,0,2,4,0.0,0.0,0.0,0.0,1.0,0.0,0.5,230,209,0.91,0.01,0.0,0.0,0.0,0.0,0.03,0.0,0
0,tcp,http,SF,51,8127,0,0,0,2,0,1,0,1,0,0,0,0,1,0,0,0,1,1,0.0,0.0,0.0,0.0,1.0,0.0,0.0,255,241,0.95,0.01,0.0,0.0,0.0,0.0,0.0,0.0,1
0,tcp,http,SF,328,2739,0,0,0,0,0,1,0,0,0,0,0,0,0,0,0,0,7,7,0.0,0.0,0.0,0.0,1.0,0.0,0.0,69,255,1.0,0.0,0.01,0.01,0.0,0.0,0.0,0.0,0
0,tcp,ftp_data,SF,334,0,0,0,0,0,0,1,0,0,0,0,0,0,0,0,0,0,1,1,0.0,0.0,0.0,0.0,1.0,0.0,0.0,5,27,1.0,0.0,1.0,0.07,0.0,0.0,0.0,0.0,1
0,tcp,http,SF,233,403,0,0,0,0,0,1,0,0,0,0,0,0,0,0,0,0,22,22,0.0,0.0,0.0,0.0,1.0,0.0,0.0,92,255,1.0,0.0,0.01,0.03,0.0,0.01,0.0,0.0,0
0,tcp,ftp_data,SF,194,0,0,0,0,0,0,0,0,0,0,0,0,0,0,0,0,0,2,2,0.0,0.0,0.0,0.0,1.0,0.0,0.0,39,121,0.82,0.08,0.82,0.02,0.0,0.0,0.0,0.0,0
0,tcp,finger,SF,11,175,0,0,0,0,0,0,0,0,0,0,0,0,0,0,0,0,1,1,0.0,0.0,0.0,0.0,1.0,0.0,0.0,158,12,0.04,0.03,0.01,0.17,0.0,0.0,0.0,0.0,0
0,tcp,http,SF,348,350,0,0,0,0,0,1,0,0,0,0,0,0,0,0,0,0,22,22,0.0,0.0,0.0,0.0,1.0,0.0,0.0,231,255,1.0,0.0,0.0,0.01,0.0,0.0,0.0,0.01,0
0,tcp,ftp_data,SF,319,0,0,0,0,0,0,1,0,0,0,1,0,0,0,0,0,0,3,2,0.0,0.0,0.0,0.0,0.67,0.67,0.0,28,26,0.93,0.11,0.93,0.0,0.0,0.0,0.0,0.0,0
0,udp,domain_u,SF,45,77,0,0,0,0,0,0,0,0,0,0,0,0,0,0,0,0,77,82,0.0,0.0,0.0,0.0,1.0,0.0,0.02,255,254,1.0,0.01,0.0,0.0,0.0,0.0,0.0,0.0,0
0,udp,domain_u,SF,46,129,0,0,0,0,0,0,0,0,0,0,0,0,0,0,0,0,64,144,0.0,0.0,0.0,0.0,1.0,0.0,0.01,255,228,0.89,0.01,0.0,0.0,0.0,0.0,0.0,0.0,0
0,tcp,http,SF,261,6961,0,0,0,0,0,1,0,0,0,0,0,0,0,0,0,0,7,20,0.0,0.0,0.0,0.0,1.0,0.0,0.1,7,255,1.0,0.0,0.14,0.04,0.0,0.0,0.0,0.0,0
0,tcp,ftp_data,SF,567,0,0,0,0,0,0,1,0,0,0,6,0,0,0,0,0,0,1,1,0.0,0.0,0.0,0.0,1.0,0.0,0.0,224,15,0.07,0.09,0.12,0.0,0.01,0.07,0.0,0.0,0
0,tcp,smtp,SF,1214,287,0,0,0,0,0,1,0,0,0,0,0,0,0,0,0,0,1,1,0.0,0.0,0.0,0.0,1.0,0.0,0.0,71,166,0.83,0.06,0.01,0.01,0.01,0.01,0.0,0.0,0
0,tcp,ftp_data,SF,334,0,0,0,0,0,0,1,0,0,0,0,0,0,0,0,0,0,1,1,0.0,0.0,0.0,0.0,1.0,0.0,0.0,3,15,1.0,0.0,1.0,0.27,0.0,0.0,0.0,0.0,1
7264,udp,other,SF,146,105,0,0,0,0,0,0,0,0,0,0,0,0,0,0,0,0,1,1,0.0,0.0,0.0,0.0,1.0,0.0,0.0,255,2,0.01,0.62,0.96,0.0,0.0,0.0,0.0,0.0,0
0,tcp,smtp,SF,721,336,0,0,0,0,0,1,0,0,0,0,0,0,0,0,0,0,1,1,0.0,0.0,0.0,0.0,1.0,0.0,0.0,122,120,0.67,0.02,0.01,0.02,0.0,0.0,0.0,0.0,0
5083,tcp,ftp,SF,1043,2278,0,0,0,20,0,1,0,0,0,0,0,0,0,0,0,1,1,1,0.0,0.0,0.0,0.0,1.0,0.0,0.0,255,18,0.07,0.02,0.0,0.0,0.15,0.0,0.0,0.0,1
0,tcp,http,SF,334,1600,0,0,0,0,0,1,0,0,0,0,0,0,0,0,0,0,3,3,0.0,0.0,0.0,0.0,1.0,0.0,0.0,255,255,1.0,0.0,0.0,0.0,0.0,0.0,0.0,0.0,0
0,udp,domain_u,SF,41,128,0,0,0,0,0,0,0,0,0,0,0,0,0,0,0,0,99,165,0.0,0.0,0.0,0.0,1.0,0.0,0.01,255,255,1.0,0.0,0.0,0.0,0.0,0.0,0.0,0.0,0
0,tcp,http,SF,297,3200,0,0,0,0,0,1,0,0,0,0,0,0,0,0,0,0,10,10,0.0,0.0,0.0,0.0,1.0,0.0,0.0,255,255,1.0,0.0,0.0,0.0,0.0,0.0,0.0,0.0,0
0,tcp,http,SF,305,1143,0,0,0,0,0,1,0,0,0,0,0,0,0,0,0,0,3,3,0.0,0.0,0.0,0.0,1.0,0.0,0.0,8,255,1.0,0.0,0.12,0.02,0.0,0.0,0.0,0.0,0
0,tcp,finger,SF,7,222,0,0,0,0,0,0,0,0,0,0,0,0,0,0,0,0,1,1,0.0,0.0,0.0,0.0,1.0,0.0,0.0,59,13,0.07,0.08,0.02,0.15,0.05,0.15,0.0,0.0,0
0,tcp,http,SF,279,608,0,0,0,0,0,1,0,0,0,0,0,0,0,0,0,0,27,27,0.0,0.0,0.0,0.0,1.0,0.0,0.0,255,255,1.0,0.0,0.0,0.0,0.01,0.01,0.0,0.0,0
0,tcp,ftp_data,SF,9178,0,0,0,0,0,0,1,0,0,0,0,0,0,0,0,0,0,17,17,0.0,0.0,0.0,0.0,1.0,0.0,0.0,79,125,0.49,0.05,0.49,0.02,0.0,0.01,0.0,0.0,0
0,tcp,http,SF,211,934,0,0,0,0,0,1,0,0,0,0,0,0,0,0,0,0,3,3,0.0,0.0,0.0,0.0,1.0,0.0,0.0,19,255,1.0,0.0,0.05,0.03,0.0,0.0,0.0,0.0,0
0,tcp,http,SF,238,1590,0,0,0,0,0,1,0,0,0,0,0,0,0,0,0,0,1,22,0.0,0.0,0.0,0.0,1.0,0.0,0.09,79,255,1.0,0.0,0.01,0.04,0.0,0.0,0.0,0.0,0
0,tcp,http,REJ,0,0,0,0,0,0,0,0,0,0,0,0,0,0,0,0,0,0,1,2,0.0,0.0,1.0,1.0,1.0,0.0,1.0,28,255,1.0,0.0,0.04,0.06,0.0,0.0,1.0,0.8,0
0,tcp,http,SF,273,944,0,0,0,0,0,1,0,0,0,0,0,0,0,0,0,0,2,2,0.0,0.0,0.0,0.0,1.0,0.0,0.0,255,255,1.0,0.0,0.0,0.0,0.0,0.0,0.0,0.0,0
0,tcp,smtp,SF,1029,374,0,0,0,0,0,1,0,0,0,0,0,0,0,0,0,0,1,2,0.0,0.0,0.0,0.0,1.0,0.0,1.0,121,92,0.76,0.04,0.01,0.0,0.0,0.0,0.03,0.04,0
0,tcp,http,REJ,0,0,0,0,0,0,0,0,0,0,0,0,0,0,0,0,0,0,1,1,0.0,0.0,1.0,1.0,1.0,0.0,0.0,1,71,1.0,0.0,1.0,0.39,0.0,0.0,1.0,1.0,0
0,tcp,other,SF,26408,0,0,0,0,0,0,1,0,0,0,0,0,0,0,0,0,0,8,1,0.12,0.0,0.0,0.0,0.12,0.25,0.0,255,1,0.0,0.06,0.36,0.0,0.02,0.0,0.0,0.0,0
0,tcp,http,SF,331,1064,0,0,0,0,0,1,0,0,0,0,0,0,0,0,0,0,4,21,0.0,0.0,0.0,0.0,1.0,0.0,0.1,54,254,1.0,0.0,0.04,0.02,0.0,0.0,0.0,0.0,0
0,udp,domain_u,SF,45,130,0,0,0,0,0,0,0,0,0,0,0,0,0,0,0,0,92,171,0.0,0.0,0.0,0.0,1.0,0.0,0.01,255,255,1.0,0.0,0.0,0.0,0.0,0.0,0.0,0.0,0
0,udp,domain_u,SF,31,0,0,0,0,0,0,0,0,0,0,0,0,0,0,0,0,0,1,2,0.0,0.0,0.0,0.0,1.0,0.0,1.0,50,32,0.14,0.08,0.14,0.06,0.0,0.0,0.0,0.0,0
0,udp,domain_u,SF,45,75,0,0,0,0,0,0,0,0,0,0,0,0,0,0,0,0,236,236,0.0,0.0,0.0,0.0,1.0,0.0,0.0,255,255,1.0,0.0,0.01,0.0,0.0,0.0,0.0,0.0,0
0,udp,domain_u,SF,46,71,0,0,0,0,0,0,0,0,0,0,0,0,0,0,0,0,129,132,0.0,0.0,0.0,0.0,1.0,0.0,0.02,255,225,0.88,0.01,0.0,0.0,0.0,0.0,0.0,0.0,0
0,tcp,ftp_data,SF,334,0,0,0,0,0,0,1,0,0,0,0,0,0,0,0,0,0,2,2,0.0,0.0,0.0,0.0,1.0,0.0,0.0,11,23,1.0,0.0,1.0,0.17,0.0,0.0,0.0,0.0,1
1,tcp,ftp,SF,1196,2447,0,0,0,28,0,1,0,0,0,0,0,0,0,0,0,1,1,1,0.0,0.0,0.0,0.0,1.0,0.0,0.0,255,75,0.29,0.02,0.0,0.0,0.0,0.0,0.0,0.0,1
0,tcp,http,SF,304,1172,0,0,0,0,0,1,0,0,0,0,0,0,0,0,0,0,5,6,0.0,0.0,0.0,0.0,1.0,0.0,0.33,43,255,1.0,0.0,0.02,0.05,0.0,0.0,0.0,0.0,0
0,tcp,ftp_data,SF,334,0,0,0,0,0,0,1,0,0,0,0,0,0,0,0,0,0,1,1,0.0,0.0,0.0,0.0,1.0,0.0,0.0,11,11,1.0,0.0,1.0,0.0,0.0,0.0,0.0,0.0,1
0,tcp,http,SF,297,392,0,0,0,0,0,1,0,0,0,0,0,0,0,0,0,0,10,10,0.0,0.0,0.1,0.1,1.0,0.0,0.0,71,255,1.0,0.0,0.01,0.05,0.0,0.01,0.06,0.04,0
0,tcp,ftp_data,SF,246,0,0,0,0,0,0,1,0,0,0,0,0,0,0,0,0,0,1,1,0.0,0.0,0.0,0.0,1.0,0.0,0.0,1,38,1.0,0.0,1.0,0.13,0.0,0.0,0.0,0.0,1
0,tcp,http,SF,240,6906,0,0,0,0,0,1,0,0,0,0,0,0,0,0,0,0,1,1,0.0,0.0,0.0,0.0,1.0,0.0,0.0,1,255,1.0,0.0,1.0,0.07,0.0,0.0,0.0,0.0,0
208,tcp,http,SF,222,259,0,0,0,0,0,1,0,0,0,0,0,0,0,0,0,0,1,1,0.0,0.0,0.0,0.0,1.0,0.0,0.0,255,232,0.91,0.01,0.0,0.0,0.0,0.0,0.0,0.0,0
0,tcp,http,SF,272,822,0,0,0,0,0,1,0,0,0,0,0,0,0,0,0,0,2,2,0.0,0.0,0.0,0.0,1.0,0.0,0.0,6,255,1.0,0.0,0.17,0.06,0.0,0.0,0.0,0.0,0
0,tcp,http,SF,294,503,0,0,0,0,0,1,0,0,0,0,0,0,0,0,0,0,9,9,0.0,0.0,0.0,0.0,1.0,0.0,0.0,181,255,1.0,0.0,0.01,0.02,0.0,0.0,0.0,0.0,0
1214,udp,other,SF,147,105,0,0,0,0,0,0,0,0,0,0,0,0,0,0,0,0,1,1,0.0,0.0,0.0,0.0,1.0,0.0,0.0,111,1,0.01,0.71,0.95,0.0,0.0,0.0,0.0,0.0,0
0,udp,domain_u,SF,44,124,0,0,0,0,0,0,0,0,0,0,0,0,0,0,0,0,77,155,0.0,0.0,0.0,0.0,1.0,0.0,0.01,200,124,0.62,0.02,0.0,0.0,0.0,0.0,0.0,0.0,0
11,tcp,auth,SF,10,35,0,0,0,0,0,0,0,0,0,0,0,0,0,0,0,0,1,1,0.0,0.0,0.0,0.0,1.0,0.0,0.0,255,10,0.04,0.03,0.0,0.0,0.0,0.0,0.0,0.0,0
0,udp,domain_u,SF,45,131,0,0,0,0,0,0,0,0,0,0,0,0,0,0,0,0,67,147,0.0,0.0,0.0,0.0,0.99,0.03,0.01,255,236,0.93,0.01,0.0,0.0,0.0,0.0,0.0,0.0,0
0,tcp,http,SF,285,3048,0,0,0,0,0,1,0,0,0,0,0,0,0,0,0,0,15,15,0.0,0.0,0.0,0.0,1.0,0.0,0.0,58,255,1.0,0.0,0.02,0.03,0.0,0.0,0.0,0.0,0
0,tcp,ftp_data,SF,172,0,0,0,0,0,0,0,0,0,0,0,0,0,0,0,0,0,1,1,0.0,0.0,0.0,0.0,1.0,0.0,0.0,41,7,0.17,0.07,0.17,0.0,0.0,0.0,0.0,0.0,0
1,tcp,smtp,SF,981,334,0,0,0,0,0,1,0,0,0,0,0,0,0,0,0,0,1,3,0.0,0.0,0.0,0.0,1.0,0.0,1.0,36,236,0.97,0.06,0.03,0.01,0.0,0.0,0.0,0.0,0
0,tcp,ftp_data,SF,12,0,0,0,0,0,0,1,0,0,0,0,0,0,0,0,0,0,1,1,0.0,0.0,0.0,0.0,1.0,0.0,0.0,23,48,0.22,0.13,0.22,0.06,0.0,0.0,0.0,0.0,0
0,tcp,http,SF,204,12922,0,0,0,0,0,1,0,0,0,0,0,0,0,0,0,0,27,27,0.0,0.0,0.0,0.0,1.0,0.0,0.0,229,255,1.0,0.0,0.0,0.01,0.0,0.0,0.0,0.0,0
0,tcp,ftp_data,SF,334,0,0,0,0,0,0,1,0,0,0,0,0,0,0,0,0,0,2,2,0.0,0.0,0.0,0.0,1.0,0.0,0.0,6,40,1.0,0.0,1.0,0.17,0.0,0.0,0.0,0.0,1
0,tcp,smtp,SF,2937,327,0,0,0,0,0,1,0,0,0,0,0,0,0,0,0,0,1,1,0.0,0.0,0.0,0.0,1.0,0.0,0.0,255,119,0.47,0.03,0.0,0.0,0.0,0.0,0.0,0.0,0
0,tcp,http,SF,239,23305,0,0,0,0,0,1,0,0,0,0,0,0,0,0,0,0,11,15,0.0,0.0,0.0,0.0,1.0,0.0,0.13,43,255,1.0,0.0,0.02,0.01,0.0,0.0,0.0,0.0,0
0,tcp,ftp_data,SF,334,0,0,0,0,0,0,1,0,0,0,0,0,0,0,0,0,0,1,1,0.0,0.0,0.0,0.0,1.0,0.0,0.0,1,32,1.0,0.0,1.0,0.19,0.0,0.0,0.0,0.0,1
0,tcp,http,SF,234,1065,0,0,0,0,0,1,0,0,0,0,0,0,0,0,0,0,9,9,0.0,0.0,0.0,0.0,1.0,0.0,0.0,255,255,1.0,0.0,0.0,0.0,0.0,0.0,0.0,0.0,0
0,tcp,http,SF,284,578,0,0,0,0,0,1,0,0,0,0,0,0,0,0,0,0,24,24,0.0,0.0,0.0,0.0,1.0,0.0,0.0,255,255,1.0,0.0,0.0,0.0,0.0,0.0,0.0,0.0,0
0,tcp,ftp_data,SF,334,0,0,0,0,0,0,1,0,0,0,0,0,0,0,0,0,0,1,1,0.0,0.0,0.0,0.0,1.0,0.0,0.0,1,27,1.0,0.0,1.0,0.19,0.0,0.0,0.0,0.0,1
0,udp,private,SF,105,147,0,0,0,0,0,0,0,0,0,0,0,0,0,0,0,0,1,1,0.0,0.0,0.0,0.0,1.0,0.0,0.0,149,147,0.99,0.01,0.01,0.0,0.0,0.0,0.0,0.0,0
2,tcp,ftp,SF,1153,2445,0,0,0,28,0,1,0,0,0,0,0,0,0,0,0,1,1,1,0.0,0.0,0.0,0.0,1.0,0.0,0.0,224,52,0.23,0.02,0.0,0.0,0.0,0.0,0.01,0.0,1
179,tcp,ftp,SF,87,319,0,0,0,1,0,1,0,0,0,0,1,0,0,0,0,1,1,1,0.0,0.0,0.0,0.0,1.0,0.0,0.0,255,2,0.01,0.01,0.0,0.0,0.0,0.0,0.04,0.0,1
28,udp,domain_u,SF,44,44,0,0,0,0,0,0,0,0,0,0,0,0,0,0,0,0,2,2,0.0,0.0,0.0,0.0,0.5,1.0,1.0,18,17,0.94,0.11,0.06,0.0,0.0,0.0,0.0,0.0,0
1,tcp,ftp,SF,1227,2449,0,0,0,28,0,1,0,0,0,0,0,0,0,0,0,1,1,1,0.0,0.0,0.0,0.0,1.0,0.0,0.0,255,81,0.32,0.02,0.0,0.0,0.0,0.0,0.0,0.0,1
0,tcp,ftp_data,SF,334,0,0,0,0,0,0,1,0,0,0,0,0,0,0,0,0,0,1,1,0.0,0.0,0.0,0.0,1.0,0.0,0.0,9,9,1.0,0.0,1.0,0.0,0.0,0.0,0.0,0.0,1
0,tcp,http,SF,301,6363,0,0,0,0,0,1,0,0,0,0,0,0,0,0,0,0,3,4,0.0,0.0,0.0,0.0,1.0,0.0,0.5,47,255,1.0,0.0,0.02,0.03,0.0,0.0,0.0,0.0,0
0,tcp,ftp_data,SF,9178,0,0,0,0,0,0,1,0,0,0,0,0,0,0,0,0,0,7,7,0.0,0.0,0.0,0.0,1.0,0.0,0.0,66,100,0.26,0.06,0.26,0.02,0.0,0.0,0.0,0.0,0
0,udp,domain_u,SF,43,131,0,0,0,0,0,0,0,0,0,0,0,0,0,0,0,0,94,173,0.0,0.0,0.0,0.0,1.0,0.0,0.01,255,255,1.0,0.0,0.0,0.0,0.0,0.0,0.0,0.0,0
560,udp,other,SF,145,105,0,0,0,0,0,0,0,0,0,0,0,0,0,0,0,0,4,2,0.0,0.0,0.0,0.0,0.5,0.5,0.0,255,2,0.01,0.49,0.82,0.0,0.0,0.0,0.0,0.0,0
0,tcp,http,SF,291,18022,0,0,0,0,0,1,0,0,0,0,0,0,0,0,0,0,9,9,0.0,0.0,0.0,0.0,1.0,0.0,0.0,9,228,1.0,0.0,0.11,0.03,0.0,0.0,0.0,0.0,0
2,tcp,ftp,SF,1179,2447,0,0,0,28,0,1,0,0,0,0,0,0,0,0,0,1,1,1,0.0,0.0,0.0,0.0,1.0,0.0,0.0,189,17,0.09,0.03,0.01,0.0,0.01,0.0,0.01,0.0,1
0,udp,domain_u,SF,46,102,0,0,0,0,0,0,0,0,0,0,0,0,0,0,0,0,141,144,0.0,0.0,0.0,0.0,1.0,0.0,0.02,255,226,0.89,0.01,0.0,0.0,0.0,0.0,0.0,0.0,0
0,tcp,time,S2,0,0,0,0,0,1,0,0,0,0,0,0,0,0,0,0,0,0,2,2,1.0,1.0,0.0,0.0,1.0,0.0,0.0,22,22,1.0,0.0,0.09,0.0,0.09,0.09,0.05,0.05,0
0,tcp,http,SF,214,3326,0,0,0,0,0,1,0,0,0,0,0,0,0,0,0,0,2,9,0.0,0.0,0.0,0.0,1.0,0.0,0.44,22,231,1.0,0.0,0.05,0.03,0.0,0.0,0.0,0.0,0
0,tcp,http,SF,220,1721,0,0,0,0,0,1,0,0,0,0,0,0,0,0,0,0,3,5,0.0,0.0,0.0,0.0,1.0,0.0,0.4,163,255,1.0,0.0,0.01,0.03,0.0,0.0,0.0,0.0,0
0,udp,domain_u,SF,42,42,0,0,0,0,0,0,0,0,0,0,0,0,0,0,0,0,82,164,0.0,0.0,0.0,0.0,1.0,0.0,0.02,255,254,1.0,0.01,0.01,0.0,0.0,0.0,0.0,0.0,0
0,tcp,http,SF,233,1114,0,0,0,0,0,1,0,0,0,0,0,0,0,0,0,0,3,3,0.0,0.0,0.0,0.0,1.0,0.0,0.0,7,255,1.0,0.0,0.14,0.03,0.0,0.0,0.0,0.0,0
0,tcp,auth,REJ,0,0,0,0,0,0,0,0,0,0,0,0,0,0,0,0,0,0,1,1,0.0,0.0,1.0,1.0,1.0,0.0,0.0,180,10,0.06,0.03,0.01,0.0,0.02,0.0,0.08,1.0,0
12,tcp,ftp_data,SF,7045,0,0,0,0,0,0,1,0,0,0,0,0,0,0,0,0,0,2,2,0.0,0.0,0.0,0.0,1.0,0.0,0.0,3,36,1.0,0.0,1.0,0.14,0.0,0.0,0.0,0.0,1
0,tcp,http,SF,234,1758,0,0,0,0,0,1,0,0,0,0,0,0,0,0,0,0,1,1,0.0,0.0,0.0,0.0,1.0,0.0,0.0,3,255,1.0,0.0,0.33,0.07,0.0,0.0,0.0,0.0,0
28,tcp,ftp,SF,1199,3380,0,0,0,24,0,1,0,0,0,0,0,0,0,0,0,1,1,1,0.0,0.0,0.0,0.0,1.0,0.0,0.0,103,12,0.11,0.69,0.01,0.17,0.0,0.0,0.63,0.17,0
0,tcp,ftp_data,SF,12,0,0,0,0,0,0,1,0,0,0,0,0,0,0,0,0,0,1,1,0.0,0.0,0.0,0.0,1.0,0.0,0.0,76,74,0.47,0.05,0.47,0.03,0.04,0.0,0.01,0.0,0
0,tcp,http,SF,200,955,0,0,0,0,0,1,0,0,0,0,0,0,0,0,0,0,14,14,0.0,0.0,0.0,0.0,1.0,0.0,0.0,255,255,1.0,0.0,0.0,0.0,0.0,0.0,0.0,0.0,0
21,tcp,X11,SF,238508,24420,0,0,0,0,0,1,0,0,0,0,0,0,0,0,0,0,1,1,0.0,0.0,0.0,0.0,1.0,0.0,0.0,255,26,0.1,0.03,0.0,0.0,0.0,0.0,0.0,0.0,0
0,tcp,ftp_data,SF,12,0,0,0,0,0,0,1,0,0,0,0,0,0,0,0,0,0,1,1,0.0,0.0,0.0,0.0,1.0,0.0,0.0,136,42,0.31,0.04,0.31,0.0,0.0,0.0,0.0,0.0,0
0,udp,domain_u,SF,45,135,0,0,0,0,0,0,0,0,0,0,0,0,0,0,0,0,214,213,0.0,0.0,0.0,0.0,1.0,0.01,0.0,103,70,0.68,0.02,0.01,0.0,0.0,0.0,0.0,0.0,0
0,udp,domain_u,SF,44,120,0,0,0,0,0,0,0,0,0,0,0,0,0,0,0,0,105,105,0.0,0.0,0.0,0.0,0.99,0.02,0.02,255,254,1.0,0.01,0.0,0.0,0.0,0.0,0.0,0.0,0
0,tcp,http,SF,245,2698,0,0,0,0,0,1,0,0,0,0,0,0,1,0,0,0,2,2,0.0,0.0,0.0,0.0,1.0,0.0,0.0,255,232,0.91,0.01,0.0,0.0,0.0,0.0,0.0,0.0,0
0,tcp,finger,S0,0,0,1,0,0,0,0,0,0,0,0,0,0,0,0,0,0,0,1,2,1.0,1.0,0.0,0.0,1.0,0.0,1.0,1,5,1.0,0.0,1.0,1.0,1.0,1.0,0.0,0.0,0
0,tcp,http,SF,290,3142,0,0,0,0,0,1,0,0,0,0,0,0,0,0,0,0,1,2,0.0,0.0,0.0,0.0,1.0,0.0,1.0,2,255,1.0,0.0,0.5,0.03,0.0,0.0,0.0,0.0,0
0,tcp,http,SF,198,27266,0,0,0,0,0,1,0,0,0,0,0,0,0,0,0,0,1,1,0.0,0.0,0.0,0.0,1.0,0.0,0.0,75,255,1.0,0.0,0.01,0.03,0.01,0.0,0.01,0.01,0
0,tcp,http,SF,180,19189,0,0,0,0,0,1,0,0,0,0,0,0,0,0,0,0,13,15,0.0,0.0,0.0,0.0,1.0,0.0,0.13,255,255,1.0,0.0,0.0,0.0,0.0,0.0,0.0,0.0,0
0,icmp,eco_i,SF,30,0,0,0,0,0,0,0,0,0,0,0,0,0,0,0,0,0,1,1,0.0,0.0,0.0,0.0,1.0,0.0,0.0,4,91,1.0,0.0,1.0,0.49,0.0,0.0,0.0,0.0,0
0,tcp,smtp,RSTO,12737,2444,0,0,0,0,0,1,0,0,0,0,0,0,0,0,0,0,1,1,0.0,0.0,1.0,1.0,1.0,0.0,0.0,168,94,0.42,0.42,0.01,0.02,0.0,0.0,0.4,0.02,0
0,tcp,ftp_data,SF,334,0,0,0,0,0,0,1,0,0,0,0,0,0,0,0,0,0,2,2,0.0,0.0,0.0,0.0,1.0,0.0,0.0,13,66,0.85,0.23,1.0,0.11,0.15,0.02,0.0,0.0,1
0,tcp,ftp_data,SF,334,0,0,0,0,0,0,1,0,0,0,0,0,0,0,0,0,0,1,1,0.0,0.0,0.0,0.0,1.0,0.0,0.0,10,35,1.0,0.0,1.0,0.14,0.0,0.0,0.0,0.0,1
0,tcp,http,SF,292,970,0,0,0,0,0,1,0,0,0,0,0,0,0,0,0,0,1,1,0.0,0.0,0.0,0.0,1.0,0.0,0.0,11,255,1.0,0.0,0.09,0.06,0.0,0.0,0.0,0.0,0
0,tcp,http,SF,298,580,0,0,0,0,0,1,0,0,0,0,0,0,0,0,0,0,1,1,0.0,0.0,0.0,0.0,1.0,0.0,0.0,76,255,1.0,0.0,0.01,0.03,0.0,0.0,0.0,0.0,0
0,tcp,http,SF,238,364,0,0,0,0,0,1,0,0,0,0,0,0,0,0,0,0,7,7,0.0,0.0,0.0,0.0,1.0,0.0,0.0,20,152,1.0,0.0,0.05,0.03,0.0,0.0,0.0,0.0,0
0,tcp,smtp,SF,2772,402,0,0,0,0,0,1,0,0,0,0,0,0,0,0,0,0,1,1,0.0,0.0,0.0,0.0,1.0,0.0,0.0,255,94,0.37,0.02,0.0,0.0,0.42,0.0,0.0,0.0,0
0,tcp,ftp_data,SF,334,0,0,0,0,0,0,1,0,0,0,0,0,0,0,0,0,0,1,1,0.0,0.0,0.0,0.0,1.0,0.0,0.0,5,15,1.0,0.0,1.0,0.2,0.0,0.0,0.0,0.0,1
0,udp,domain_u,SF,44,130,0,0,0,0,0,0,0,0,0,0,0,0,0,0,0,0,115,181,0.0,0.0,0.0,0.0,1.0,0.0,0.01,255,255,1.0,0.0,0.0,0.0,0.0,0.0,0.0,0.0,0
0,udp,domain_u,SF,44,123,0,0,0,0,0,0,0,0,0,0,0,0,0,0,0,0,67,147,0.0,0.0,0.0,0.0,1.0,0.0,0.01,255,216,0.85,0.01,0.0,0.0,0.0,0.0,0.0,0.0,0
5049,tcp,ftp_data,SF,5133876,0,0,0,0,5,0,1,0,0,0,0,0,0,0,0,0,0,1,1,0.0,0.0,0.0,0.0,1.0,0.0,0.0,4,34,1.0,0.0,1.0,0.15,0.0,0.0,0.0,0.0,1
0,tcp,http,SF,232,534,0,0,0,0,0,1,0,0,0,0,0,0,0,0,0,0,11,14,0.0,0.0,0.0,0.0,1.0,0.0,0.29,14,54,1.0,0.0,0.07,0.13,0.0,0.0,0.0,0.0,0
0,tcp,http,SF,159,4785,0,0,0,0,0,1,0,0,0,0,0,0,0,0,0,0,1,1,0.0,0.0,0.0,0.0,1.0,0.0,0.0,35,255,1.0,0.0,0.03,0.01,0.0,0.0,0.0,0.0,0
0,tcp,http,SF,198,289,0,0,0,0,0,1,0,0,0,0,0,0,0,0,0,0,6,27,0.0,0.0,0.0,0.0,1.0,0.0,0.19,255,255,1.0,0.0,0.0,0.0,0.0,0.0,0.0,0.0,0
0,tcp,http,SF,208,2531,0,0,0,0,0,1,0,0,0,0,0,0,0,0,0,0,3,3,0.0,0.0,0.0,0.0,1.0,0.0,0.0,229,229,1.0,0.0,0.0,0.0,0.0,0.0,0.0,0.0,0
0,tcp,http,SF,215,1613,0,0,0,0,0,1,0,0,0,0,0,0,0,0,0,0,3,32,0.0,0.0,0.0,0.0,1.0,0.0,0.16,74,74,1.0,0.0,0.01,0.0,0.0,0.0,0.0,0.0,0
3354,udp,other,SF,146,105,0,0,0,0,0,0,0,0,0,0,0,0,0,0,0,0,4,2,0.0,0.0,0.0,0.0,0.5,0.5,0.0,255,2,0.01,0.52,0.92,0.0,0.0,0.0,0.0,0.0,0
0,tcp,ftp_data,SF,334,0,0,0,0,0,0,1,0,0,0,0,0,0,0,0,0,0,1,1,0.0,0.0,0.0,0.0,1.0,0.0,0.0,1,23,1.0,0.0,1.0,0.09,0.0,0.0,0.0,0.0,1
0,tcp,http,REJ,0,0,0,0,0,0,0,0,0,0,0,0,0,0,0,0,0,0,1,2,0.0,0.0,1.0,1.0,1.0,0.0,1.0,21,255,1.0,0.0,0.05,0.15,0.0,0.0,1.0,1.0,0
0,tcp,http,SF,210,282,0,0,0,0,0,1,0,0,0,0,0,0,0,0,0,0,2,38,0.0,0.0,0.0,0.0,1.0,0.0,0.05,25,255,1.0,0.0,0.04,0.03,0.0,0.0,0.04,0.01,0
0,icmp,urp_i,SF,181,0,0,0,0,0,0,0,0,0,0,0,0,0,0,0,0,0,2,1,0.0,0.0,0.0,0.0,0.5,1.0,0.0,255,16,0.06,0.01,0.07,0.0,0.0,0.0,0.0,0.0,0
0,tcp,http,SF,227,2068,0,0,0,0,0,1,0,0,0,0,0,0,0,0,0,0,29,29,0.0,0.0,0.0,0.0,1.0,0.0,0.0,57,255,1.0,0.0,0.02,0.01,0.0,0.0,0.0,0.0,0
0,tcp,ftp_data,SF,88382,0,0,0,0,0,0,1,0,0,0,1,0,0,0,0,0,0,13,13,0.0,0.0,0.0,0.0,1.0,0.0,0.0,106,65,0.61,0.04,0.61,0.0,0.01,0.0,0.0,0.0,0
0,tcp,auth,SF,10,38,0,0,0,0,0,1,0,0,0,0,0,0,0,0,0,0,1,1,0.0,0.0,0.0,0.0,1.0,0.0,0.0,163,9,0.03,0.04,0.01,0.22,0.0,0.0,0.0,0.0,0
1,tcp,ftp,SF,1241,2451,0,0,0,28,0,1,0,0,0,0,0,0,0,0,0,1,1,1,0.0,0.0,0.0,0.0,1.0,0.0,0.0,255,53,0.21,0.02,0.0,0.0,0.01,0.0,0.0,0.0,1
0,icmp,ecr_i,SF,30,0,0,0,0,0,0,0,0,0,0,0,0,0,0,0,0,0,2,2,0.0,0.0,0.0,0.0,1.0,0.0,0.0,98,98,1.0,0.0,1.0,0.0,0.0,0.0,0.0,0.0,0
0,udp,domain_u,SF,44,136,0,0,0,0,0,0,0,0,0,0,0,0,0,0,0,0,151,231,0.0,0.0,0.0,0.0,1.0,0.0,0.01,255,255,1.0,0.0,0.0,0.0,0.0,0.0,0.0,0.0,0
0,tcp,http,SF,259,80677,0,0,0,0,0,1,0,0,0,0,0,0,0,0,0,0,1,1,0.0,0.0,0.0,0.0,1.0,0.0,0.0,4,255,1.0,0.0,0.25,0.04,0.0,0.0,0.0,0.0,0
0,tcp,http,SF,296,449,0,0,0,0,0,1,0,0,0,0,0,0,0,0,0,0,2,44,0.0,0.0,0.0,0.0,1.0,0.0,0.05,53,56,1.0,0.0,0.02,0.04,0.0,0.0,0.0,0.0,0
0,tcp,http,SF,253,2225,0,0,0,0,0,1,0,0,0,0,0,0,0,0,0,0,7,7,0.0,0.0,0.0,0.0,1.0,0.0,0.0,255,255,1.0,0.0,0.0,0.0,0.0,0.0,0.01,0.01,0
0,udp,domain_u,SF,45,77,0,0,0,0,0,0,0,0,0,0,0,0,0,0,0,0,141,141,0.0,0.0,0.0,0.0,1.0,0.0,0.0,255,255,1.0,0.0,0.0,0.0,0.0,0.0,0.0,0.0,0
0,tcp,http,SF,219,752,0,0,0,0,0,1,0,0,0,0,0,0,0,0,0,0,1,9,0.0,0.0,0.0,0.0,1.0,0.0,0.33,35,255,1.0,0.0,0.03,0.02,0.0,0.0,0.0,0.0,0
0,tcp,http,SF,217,1285,0,0,0,0,0,1,0,0,0,0,0,0,0,0,0,0,2,25,0.5,0.04,0.0,0.0,1.0,0.0,0.16,2,255,1.0,0.0,0.5,0.06,0.5,0.0,0.0,0.0,0
0,tcp,http,REJ,0,0,0,0,0,0,0,0,0,0,0,0,0,0,0,0,0,0,1,1,0.0,0.0,1.0,1.0,1.0,0.0,0.0,3,223,1.0,0.0,0.33,0.14,0.0,0.0,1.0,0.97,0
0,tcp,http,SF,240,293,0,0,0,0,0,1,0,0,0,0,0,0,0,0,0,0,19,20,0.0,0.0,0.0,0.0,1.0,0.0,0.1,255,255,1.0,0.0,0.0,0.0,0.0,0.0,0.03,0.03,0
0,tcp,ftp_data,SF,334,0,0,0,0,0,0,1,0,0,0,0,0,0,0,0,0,0,1,1,0.0,0.0,0.0,0.0,1.0,0.0,0.0,3,29,1.0,0.0,1.0,0.14,0.0,0.0,0.0,0.0,1
2,tcp,ftp,SF,1215,2449,0,0,0,28,0,1,0,0,0,0,0,0,0,0,0,1,1,1,0.0,0.0,0.0,0.0,1.0,0.0,0.0,227,55,0.24,0.02,0.0,0.0,0.0,0.0,0.01,0.0,1
0,udp,domain_u,SF,46,143,0,0,0,0,0,0,0,0,0,0,0,0,0,0,0,0,6,6,0.0,0.0,0.0,0.0,1.0,0.0,0.0,255,254,1.0,0.01,0.0,0.0,0.0,0.0,0.0,0.0,0
0,tcp,http,SF,337,188,0,0,0,0,0,1,0,0,0,0,0,0,0,0,0,0,1,13,0.0,0.0,0.0,0.0,1.0,0.0,0.23,26,255,1.0,0.0,0.04,0.02,0.0,0.0,0.0,0.0,0
0,tcp,http,RSTO,0,0,0,0,0,0,0,1,0,0,0,0,0,0,0,0,0,0,2,2,0.0,0.0,0.5,0.5,1.0,0.0,0.0,2,255,1.0,0.0,1.0,0.02,0.0,0.0,0.5,0.0,0
27,tcp,ftp,SF,1484,4152,0,0,0,30,0,1,0,0,0,0,0,0,0,0,0,1,1,1,0.0,0.0,0.0,0.0,1.0,0.0,0.0,130,30,0.23,0.05,0.01,0.0,0.0,0.0,0.0,0.0,0
0,tcp,http,SF,237,396,0,0,0,0,0,1,0,0,0,0,0,0,0,0,0,0,6,6,0.0,0.0,0.0,0.0,1.0,0.0,0.0,255,255,1.0,0.0,0.0,0.0,0.0,0.0,0.0,0.0,0
0,tcp,smtp,SF,940,331,0,0,0,0,0,1,0,0,0,0,0,0,0,0,0,0,1,2,0.0,0.0,0.0,0.0,1.0,0.0,1.0,41,90,0.44,0.12,0.02,0.02,0.0,0.0,0.0,0.0,0
1,tcp,ftp,SF,1222,2451,0,0,0,28,0,1,0,0,0,0,0,0,0,0,0,1,1,1,0.0,0.0,0.0,0.0,1.0,0.0,0.0,255,124,0.49,0.02,0.0,0.0,0.0,0.0,0.0,0.0,1
0,tcp,http,SF,308,1587,0,0,0,0,0,1,0,0,0,0,0,0,0,0,0,0,4,5,0.0,0.0,0.0,0.0,1.0,0.0,0.4,255,255,1.0,0.0,0.0,0.0,0.0,0.0,0.0,0.0,0
0,tcp,http,SF,168,2944,0,0,0,0,0,1,0,0,0,0,0,0,0,0,0,0,1,1,0.0,0.0,0.0,0.0,1.0,0.0,0.0,98,255,1.0,0.0,0.01,0.05,0.0,0.0,0.0,0.0,0
52,tcp,ftp,SF,703,2070,0,0,0,14,0,1,0,0,0,0,0,0,0,0,0,1,1,1,0.0,0.0,0.0,0.0,1.0,0.0,0.0,1,1,1.0,0.0,1.0,0.0,0.0,0.0,0.0,0.0,0
1,tcp,ftp,SF,1242,2451,0,0,0,28,0,1,0,0,0,0,0,0,0,0,0,1,1,1,0.0,0.0,0.0,0.0,1.0,0.0,0.0,255,89,0.35,0.02,0.0,0.0,0.0,0.0,0.0,0.0,1
1,tcp,ftp,SF,1240,2451,0,0,0,28,0,1,0,0,0,0,0,0,0,0,0,1,1,1,0.0,0.0,0.0,0.0,1.0,0.0,0.0,255,118,0.46,0.02,0.0,0.0,0.0,0.0,0.0,0.0,1
0,tcp,http,SF,209,253,0,0,0,0,0,1,0,0,0,0,0,0,0,0,0,0,7,7,0.0,0.0,0.0,0.0,1.0,0.0,0.0,255,255,1.0,0.0,0.0,0.0,0.0,0.0,0.0,0.0,0
1,tcp,smtp,SF,3253,369,0,0,0,0,0,1,0,0,0,0,0,0,0,0,0,0,1,2,0.0,0.0,0.0,0.0,1.0,0.0,1.0,12,82,1.0,0.0,0.08,0.02,0.0,0.0,0.0,0.0,0
0,tcp,http,SF,235,1840,0,0,0,0,0,1,0,0,0,0,0,0,0,0,0,0,2,2,0.0,0.0,0.0,0.0,1.0,0.0,0.0,255,255,1.0,0.0,0.0,0.0,0.0,0.0,0.0,0.0,0
0,tcp,ftp_data,SF,334,0,0,0,0,0,0,1,0,0,0,0,0,0,0,0,0,0,1,1,0.0,0.0,0.0,0.0,1.0,0.0,0.0,9,49,1.0,0.0,1.0,0.14,0.0,0.0,0.0,0.0,1
0,udp,domain_u,SF,30,0,0,0,0,0,0,0,0,0,0,0,0,0,0,0,0,0,1,4,0.0,0.0,0.0,0.0,1.0,0.0,0.75,146,13,0.09,0.05,0.09,0.0,0.0,0.0,0.0,0.0,0
0,tcp,smtp,SF,957,331,0,0,0,0,0,1,0,0,0,0,0,0,0,0,0,0,1,2,0.0,0.0,0.0,0.0,1.0,0.0,1.0,147,20,0.14,0.52,0.01,0.0,0.0,0.0,0.0,0.0,0
0,udp,domain_u,SF,45,111,0,0,0,0,0,0,0,0,0,0,0,0,0,0,0,0,66,146,0.0,0.0,0.0,0.0,1.0,0.0,0.01,255,254,1.0,0.01,0.0,0.0,0.0,0.0,0.0,0.0,0
0,tcp,http,SF,326,1639,0,0,0,0,0,1,0,0,0,0,0,0,0,0,0,0,6,6,0.0,0.0,0.0,0.0,1.0,0.0,0.0,76,255,1.0,0.0,0.01,0.05,0.0,0.0,0.0,0.0,0
3,tcp,telnet,RSTO,0,15,0,0,0,0,0,0,0,0,0,0,0,0,0,0,0,0,4,1,0.0,0.0,0.25,1.0,0.25,0.5,0.0,255,3,0.01,0.04,0.0,0.0,0.0,0.0,0.0,0.33,0
0,tcp,http,SF,203,307,0,0,0,0,0,1,0,0,0,0,0,0,0,0,0,0,7,21,0.0,0.0,0.0,0.0,1.0,0.0,0.14,255,255,1.0,0.0,0.0,0.0,0.0,0.0,0.0,0.0,0
0,tcp,smtp,S0,0,0,0,0,0,0,0,0,0,0,0,0,0,0,0,0,0,0,2,2,0.5,0.5,0.0,0.0,1.0,0.0,0.0,162,148,0.59,0.02,0.01,0.01,0.01,0.01,0.0,0.0,0
0,tcp,http,SF,232,12268,0,0,0,0,0,1,0,0,0,0,0,0,0,0,0,0,2,2,0.0,0.0,0.0,0.0,1.0,0.0,0.0,10,149,1.0,0.0,0.1,0.01,0.0,0.0,0.0,0.0,0
0,tcp,ftp_data,SF,334,0,0,0,0,0,0,1,0,0,0,0,0,0,0,0,0,0,1,1,0.0,0.0,0.0,0.0,1.0,0.0,0.0,2,2,1.0,0.0,1.0,0.0,0.0,0.0,0.0,0.0,1
0,tcp,http,SF,296,1761,0,0,0,0,0,1,0,0,0,0,0,0,0,0,0,0,18,24,0.0,0.0,0.0,0.0,1.0,0.0,0.17,255,255,1.0,0.0,0.0,0.0,0.0,0.0,0.0,0.0,0
0,tcp,http,SF,241,1946,0,0,0,0,0,1,0,0,0,0,0,0,0,0,0,0,3,3,0.0,0.0,0.0,0.0,1.0,0.0,0.0,26,255,1.0,0.0,0.04,0.04,0.0,0.0,0.0,0.0,0
0,tcp,http,SF,287,1456,0,0,0,0,0,1,0,0,0,0,0,0,0,0,0,0,17,17,0.0,0.0,0.0,0.0,1.0,0.0,0.0,255,255,1.0,0.0,0.0,0.0,0.0,0.0,0.0,0.0,0
0,tcp,ftp_data,SF,334,0,0,0,0,0,0,1,0,0,0,0,0,0,0,0,0,0,1,1,0.0,0.0,0.0,0.0,1.0,0.0,0.0,5,15,1.0,0.0,1.0,0.27,0.0,0.0,0.0,0.0,1
0,udp,domain_u,SF,44,69,0,0,0,0,0,0,0,0,0,0,0,0,0,0,0,0,241,240,0.0,0.0,0.0,0.0,1.0,0.01,0.0,255,250,0.98,0.01,0.0,0.0,0.0,0.0,0.0,0.0,0
0,tcp,http,SF,325,1252,0,0,0,0,0,1,0,0,0,0,0,0,0,0,0,0,24,24,0.0,0.0,0.0,0.0,1.0,0.0,0.0,50,255,1.0,0.0,0.02,0.01,0.0,0.0,0.0,0.0,0
0,tcp,http,REJ,0,0,0,0,0,0,0,0,0,0,0,0,0,0,0,0,0,0,1,2,0.0,0.0,1.0,1.0,1.0,0.0,1.0,37,255,1.0,0.0,0.03,0.3,0.0,0.0,1.0,1.0,0
0,tcp,ftp_data,SF,334,0,0,0,0,0,0,1,0,0,0,0,0,0,0,0,0,0,2,2,0.0,0.0,0.0,0.0,1.0,0.0,0.0,2,12,1.0,0.0,1.0,0.33,0.0,0.0,0.0,0.0,1
0,tcp,http,SF,239,1588,0,0,0,0,0,1,0,0,0,0,0,0,0,0,0,0,10,10,0.0,0.0,0.0,0.0,1.0,0.0,0.0,255,255,1.0,0.0,0.0,0.0,0.0,0.0,0.0,0.0,0
0,tcp,http,SF,217,1885,0,0,0,0,0,1,0,0,0,0,0,0,0,0,0,0,4,26,0.0,0.0,0.0,0.0,1.0,0.0,0.08,20,255,1.0,0.0,0.05,0.05,0.0,0.0,0.0,0.0,0
0,tcp,ftp_data,SF,334,0,0,0,0,0,0,1,0,0,0,0,0,0,0,0,0,0,1,1,0.0,0.0,0.0,0.0,1.0,0.0,0.0,3,23,1.0,0.0,1.0,0.22,0.0,0.0,0.0,0.0,1
0,tcp,smtp,SF,1247,365,0,0,0,0,0,1,0,0,0,0,0,0,0,0,0,0,1,2,0.0,0.0,0.0,0.0,1.0,0.0,1.0,20,1,0.05,0.15,0.05,0.0,0.0,0.0,0.0,0.0,0
0,tcp,http,SF,251,327,0,0,0,0,0,1,0,0,0,0,0,0,0,0,0,0,3,16,0.0,0.06,0.0,0.0,1.0,0.0,0.25,113,255,1.0,0.0,0.01,0.01,0.0,0.0,0.01,0.0,0
0,tcp,http,SF,208,1880,0,0,0,0,0,1,0,0,0,0,0,0,0,0,0,0,4,4,0.0,0.0,0.0,0.0,1.0,0.0,0.0,4,255,1.0,0.0,0.25,0.02,0.0,0.0,0.0,0.0,0
0,tcp,http,SF,316,406,0,0,0,0,0,1,0,0,0,0,0,0,0,0,0,0,16,17,0.0,0.0,0.0,0.0,1.0,0.0,0.12,255,255,1.0,0.0,0.0,0.0,0.0,0.0,0.0,0.0,0
0,udp,domain_u,SF,45,111,0,0,0,0,0,0,0,0,0,0,0,0,0,0,0,0,301,301,0.0,0.0,0.0,0.0,1.0,0.0,0.0,255,251,0.98,0.01,0.0,0.0,0.0,0.0,0.0,0.0,0
0,udp,domain_u,SF,43,129,0,0,0,0,0,0,0,0,0,0,0,0,0,0,0,0,67,197,0.0,0.0,0.0,0.0,1.0,0.0,0.01,125,223,0.89,0.02,0.89,0.01,0.0,0.0,0.06,0.0,0
0,tcp,http,SF,223,1227,0,0,0,0,0,1,0,0,0,0,0,0,0,0,0,0,9,9,0.0,0.0,0.0,0.0,1.0,0.0,0.0,162,162,1.0,0.0,0.01,0.0,0.0,0.0,0.0,0.0,0
4708,udp,other,SF,146,105,0,0,0,0,0,0,0,0,0,0,0,0,0,0,0,0,4,1,0.0,0.0,0.0,0.0,0.25,0.75,0.0,255,1,0.0,0.63,0.95,0.0,0.0,0.0,0.0,0.0,0
0,tcp,ftp_data,SF,334,0,0,0,0,0,0,1,0,0,0,0,0,0,0,0,0,0,2,2,0.0,0.0,0.0,0.0,1.0,0.0,0.0,2,12,1.0,0.0,1.0,0.25,0.0,0.0,0.0,0.0,1
0,udp,domain_u,SF,133,45,0,0,0,0,0,0,0,0,0,0,0,0,0,0,0,0,297,296,0.0,0.0,0.0,0.0,1.0,0.01,0.0,186,153,0.82,0.01,0.42,0.0,0.0,0.0,0.0,0.0,0
0,tcp,http,SF,164,30880,0,0,0,1,0,1,1,0,0,0,0,0,0,0,0,0,1,1,0.0,0.0,0.0,0.0,1.0,0.0,0.0,255,255,1.0,0.0,0.0,0.0,0.0,0.0,0.0,0.0,0
0,tcp,http,REJ,0,0,0,0,0,0,0,0,0,0,0,0,0,0,0,0,0,0,1,1,0.0,0.0,1.0,1.0,1.0,0.0,0.0,10,24,1.0,0.0,0.1,0.29,0.0,0.0,1.0,1.0,0
0,tcp,http,SF,371,1176,0,0,0,0,0,1,0,0,0,0,0,0,0,0,0,0,17,22,0.0,0.0,0.0,0.0,1.0,0.0,0.14,255,255,1.0,0.0,0.0,0.0,0.0,0.0,0.0,0.0,0
0,tcp,http,SF,216,284,0,0,0,0,0,1,0,0,0,0,0,0,0,0,0,0,42,42,0.0,0.0,0.0,0.0,1.0,0.0,0.0,207,255,1.0,0.0,0.0,0.02,0.0,0.0,0.0,0.0,0
0,tcp,http,SF,205,397,0,0,0,0,0,1,0,0,0,0,0,0,0,0,0,0,12,12,0.0,0.0,0.0,0.0,1.0,0.0,0.0,12,255,1.0,0.0,0.08,0.02,0.0,0.0,0.0,0.0,0
0,tcp,http,SF,309,2507,0,0,0,0,0,1,0,0,0,0,0,0,0,0,0,0,1,1,0.0,0.0,0.0,0.0,1.0,0.0,0.0,255,255,1.0,0.0,0.0,0.0,0.0,0.0,0.0,0.0,0
0,tcp,ftp_data,SF,12,0,0,0,0,0,0,0,0,0,0,0,0,0,0,0,0,0,2,2,0.0,0.0,0.0,0.0,1.0,0.0,0.0,86,88,0.35,0.05,0.35,0.02,0.0,0.0,0.01,0.0,0
0,tcp,finger,SF,8,427,0,0,0,0,0,0,0,0,0,0,0,0,0,0,0,0,4,1,0.0,0.0,0.0,0.0,0.25,0.5,0.0,255,5,0.02,0.03,0.0,0.0,0.0,0.0,0.0,0.0,0
0,udp,domain_u,SF,86,0,0,0,0,0,0,0,0,0,0,0,0,0,0,0,0,0,1,2,0.0,0.0,0.0,0.0,1.0,0.0,1.0,20,20,1.0,0.0,1.0,0.0,0.0,0.0,0.0,0.0,0
0,tcp,ftp_data,SF,37,0,0,0,0,0,0,1,0,0,0,0,0,0,0,0,0,0,2,2,0.0,0.0,0.0,0.0,1.0,0.0,0.0,255,7,0.03,0.06,0.03,0.0,0.85,0.0,0.01,0.0,0
0,tcp,http,SF,218,6049,0,0,0,0,0,1,0,0,0,0,0,0,0,0,0,0,2,2,0.0,0.0,0.0,0.0,1.0,0.0,0.0,31,255,1.0,0.0,0.03,0.02,0.0,0.0,0.0,0.0,0
0,tcp,http,SF,271,520,0,0,0,0,0,1,0,0,0,0,0,0,0,0,0,0,1,9,0.0,0.0,0.0,0.0,1.0,0.0,0.22,7,255,1.0,0.0,0.14,0.06,0.0,0.0,0.0,0.0,0
27,tcp,ftp,SF,1443,4152,0,0,0,30,0,1,0,0,0,0,0,0,0,0,0,1,1,1,0.0,0.0,0.0,0.0,1.0,0.0,0.0,2,2,1.0,0.0,0.5,0.0,0.0,0.0,0.0,0.0,0
0,tcp,smtp,SF,1672,374,0,0,0,0,0,1,0,0,0,0,0,0,0,0,0,0,1,3,0.0,0.0,0.0,0.0,1.0,0.0,1.0,81,240,0.9,0.05,0.01,0.01,0.0,0.0,0.0,0.0,0
0,udp,domain_u,SF,42,135,0,0,0,0,0,0,0,0,0,0,0,0,0,0,0,0,79,159,0.0,0.0,0.0,0.0,0.99,0.03,0.01,255,242,0.95,0.01,0.0,0.0,0.0,0.0,0.0,0.0,0
1,tcp,smtp,SF,1863,331,0,0,0,0,0,1,0,0,0,0,0,0,0,0,0,0,1,4,0.0,0.0,0.0,0.0,1.0,0.0,1.0,4,157,1.0,0.0,0.25,0.02,0.0,0.0,0.0,0.0,0
0,tcp,http,SF,239,504,0,0,0,0,0,1,0,0,0,0,0,0,0,0,0,0,25,25,0.0,0.0,0.0,0.0,1.0,0.0,0.0,255,255,1.0,0.0,0.0,0.0,0.0,0.0,0.0,0.0,0
0,tcp,other,SF,334,0,0,0,0,0,0,1,0,0,0,0,0,0,0,0,0,0,1,1,0.0,0.0,0.0,0.0,1.0,0.0,0.0,5,1,0.2,0.4,1.0,0.0,0.0,0.0,0.0,0.0,1
0,tcp,http,SF,325,215,0,0,0,0,0,1,0,0,0,0,0,0,0,0,0,0,5,7,0.0,0.0,0.0,0.0,1.0,0.0,0.43,52,255,1.0,0.0,0.02,0.12,0.0,0.0,0.56,0.72,0
3,tcp,smtp,SF,1013,328,0,0,0,0,0,1,0,0,0,0,0,0,0,0,0,0,1,2,0.0,0.0,0.0,0.0,1.0,0.0,1.0,84,56,0.67,0.06,0.01,0.0,0.01,0.02,0.0,0.0,0
0,udp,domain_u,SF,46,145,0,0,0,0,0,0,0,0,0,0,0,0,0,0,0,0,77,157,0.0,0.0,0.0,0.0,1.0,0.0,0.01,255,254,1.0,0.01,0.0,0.0,0.0,0.0,0.0,0.0,0
0,udp,domain_u,SF,91,0,0,0,0,0,0,0,0,0,0,0,0,0,0,0,0,0,1,1,0.0,0.0,0.0,0.0,1.0,0.0,0.0,103,79,0.77,0.02,0.77,0.0,0.0,0.0,0.0,0.0,0
0,tcp,http,SF,292,381,0,0,0,0,0,1,0,0,0,0,0,0,0,0,0,0,2,2,0.0,0.0,0.0,0.0,1.0,0.0,0.0,34,248,1.0,0.0,0.03,0.03,0.0,0.0,0.0,0.0,0
0,tcp,http,SF,240,2195,0,0,0,0,0,1,0,0,0,0,0,0,0,0,0,0,3,3,0.0,0.0,0.0,0.0,1.0,0.0,0.0,51,255,1.0,0.0,0.02,0.04,0.0,0.02,0.0,0.0,0
1,tcp,smtp,SF,6234,331,0,0,0,0,0,1,0,0,0,0,0,0,0,0,0,0,1,3,0.0,0.0,0.0,0.0,1.0,0.0,1.0,142,201,0.83,0.03,0.01,0.01,0.0,0.0,0.0,0.0,0
0,tcp,http,SF,196,5790,0,0,0,0,0,1,0,0,0,0,0,0,0,0,0,0,2,2,0.5,0.5,0.0,0.0,1.0,0.0,0.0,255,255,1.0,0.0,0.0,0.0,0.0,0.0,0.0,0.0,0
0,tcp,http,REJ,0,0,0,0,0,0,0,0,0,0,0,0,0,0,0,0,0,0,1,1,0.0,0.0,1.0,1.0,1.0,0.0,0.0,9,255,1.0,0.0,0.11,0.15,0.0,0.0,1.0,0.77,0
0,tcp,http,SF,327,308,0,0,0,0,0,1,0,0,0,0,0,0,0,0,0,0,17,26,0.0,0.0,0.0,0.0,1.0,0.0,0.08,255,255,1.0,0.0,0.0,0.0,0.0,0.0,0.0,0.0,0
0,tcp,smtp,SF,1180,332,0,0,0,0,0,1,0,0,0,0,0,0,0,0,0,0,1,1,0.0,0.0,0.0,0.0,1.0,0.0,0.0,56,154,0.77,0.09,0.02,0.02,0.0,0.0,0.0,0.0,0
0,icmp,eco_i,SF,30,0,0,0,0,0,0,0,0,0,0,0,0,0,0,0,0,0,2,2,0.0,0.0,0.0,0.0,1.0,0.0,0.0,219,219,1.0,0.0,1.0,0.0,0.0,0.0,0.0,0.0,0
0,tcp,ftp_data,SF,245,0,0,0,0,0,0,1,0,0,0,1,0,0,0,0,0,0,2,2,0.0,0.0,0.0,0.0,1.0,0.0,0.0,17,21,0.12,0.18,0.12,0.14,0.0,0.05,0.0,0.0,0
0,udp,private,SF,105,145,0,0,0,0,0,0,0,0,0,0,0,0,0,0,0,0,1,1,0.0,0.0,0.0,0.0,1.0,0.0,0.0,12,4,0.33,0.25,0.08,0.0,0.0,0.0,0.0,0.0,0
0,tcp,http,SF,345,1066,0,0,0,0,0,1,0,0,0,0,0,0,0,0,0,0,4,4,0.0,0.0,0.0,0.0,1.0,0.0,0.0,255,255,1.0,0.0,0.0,0.0,0.0,0.0,0.0,0.0,0
0,tcp,http,SF,212,1400,0,0,0,0,0,1,0,0,0,0,0,0,0,0,0,0,3,3,0.33,0.33,0.0,0.0,1.0,0.0,0.0,255,255,1.0,0.0,0.0,0.0,0.01,0.01,0.0,0.0,0
0,tcp,http,SF,192,318,0,0,0,0,0,1,0,0,0,0,0,0,0,0,0,0,2,4,0.0,0.0,0.0,0.0,1.0,0.0,0.5,75,255,1.0,0.0,0.01,0.04,0.0,0.0,0.0,0.0,0
0,tcp,http,SF,219,2487,0,0,0,0,0,1,0,0,0,0,0,0,0,0,0,0,4,4,0.0,0.0,0.0,0.0,1.0,0.0,0.0,4,255,1.0,0.0,0.25,0.06,0.0,0.0,0.0,0.0,0
0,udp,ntp_u,SF,48,48,0,0,0,0,0,0,0,0,0,0,0,0,0,0,0,0,1,1,0.0,0.0,0.0,0.0,1.0,0.0,0.0,20,6,0.3,0.1,0.3,0.0,0.0,0.0,0.0,0.0,0
0,tcp,http,SF,200,893,0,0,0,0,0,1,0,0,0,0,0,0,0,0,0,0,9,10,0.0,0.0,0.0,0.0,1.0,0.0,0.2,255,255,1.0,0.0,0.0,0.0,0.0,0.0,0.0,0.0,0
39,tcp,telnet,SF,124,11352,0,0,0,0,0,1,0,0,0,0,0,0,0,0,0,0,2,1,0.0,0.0,0.0,0.0,0.5,1.0,0.0,97,1,0.01,0.06,0.01,0.0,0.01,0.0,0.0,0.0,0
0,tcp,http,SF,290,8618,0,0,0,0,0,1,0,0,0,0,0,0,0,0,0,0,2,12,0.0,0.0,0.0,0.0,1.0,0.0,0.17,28,255,1.0,0.0,0.04,0.02,0.0,0.0,0.0,0.01,0
1,tcp,ftp,SF,1235,2451,0,0,0,28,0,1,0,0,0,0,0,0,0,0,0,1,1,1,0.0,0.0,0.0,0.0,1.0,0.0,0.0,184,12,0.07,0.03,0.01,0.0,0.01,0.0,0.01,0.0,1
0,tcp,http,SF,324,3330,0,0,0,0,0,1,0,0,0,0,0,0,0,0,0,0,6,6,0.0,0.0,0.0,0.0,1.0,0.0,0.0,8,9,1.0,0.0,0.12,0.22,0.0,0.0,0.0,0.0,0
5,tcp,smtp,SF,1808,366,0,0,0,0,0,1,0,0,0,0,0,0,0,0,0,0,1,1,0.0,0.0,0.0,0.0,1.0,0.0,0.0,158,107,0.39,0.03,0.01,0.02,0.0,0.0,0.0,0.0,0
0,tcp,http,SF,306,607,0,0,0,0,0,1,0,0,0,0,0,0,0,0,0,0,17,30,0.06,0.03,0.0,0.0,1.0,0.0,0.07,255,255,1.0,0.0,0.0,0.0,0.01,0.01,0.02,0.02,0
0,icmp,urp_i,SF,181,0,0,0,0,0,0,0,0,0,0,0,0,0,0,0,0,0,2,1,0.0,0.0,0.0,0.0,0.5,1.0,0.0,255,15,0.06,0.01,0.07,0.0,0.0,0.0,0.0,0.0,0
0,tcp,http,SF,261,392,0,0,0,0,0,1,0,0,0,0,0,0,0,0,0,0,29,44,0.0,0.0,0.0,0.0,1.0,0.0,0.05,255,255,1.0,0.0,0.0,0.0,0.0,0.0,0.0,0.0,0
0,tcp,http,S0,0,0,0,0,0,0,0,0,0,0,0,0,0,0,0,0,0,0,2,2,0.5,0.5,0.0,0.0,1.0,0.0,0.0,2,255,1.0,0.0,1.0,0.05,0.5,0.0,0.0,0.01,0
0,udp,domain_u,SF,46,71,0,0,0,0,0,0,0,0,0,0,0,0,0,0,0,0,253,253,0.0,0.0,0.0,0.0,1.0,0.0,0.0,255,254,1.0,0.01,0.0,0.0,0.0,0.0,0.0,0.0,0
0,udp,domain_u,SF,45,79,0,0,0,0,0,0,0,0,0,0,0,0,0,0,0,0,308,308,0.0,0.0,0.0,0.0,1.0,0.0,0.0,255,254,1.0,0.01,0.0,0.0,0.0,0.0,0.0,0.0,0
0,tcp,http,SF,198,310,0,0,0,0,0,1,0,0,0,0,0,0,0,0,0,0,8,8,0.0,0.0,0.0,0.0,1.0,0.0,0.0,122,255,1.0,0.0,0.01,0.05,0.0,0.0,0.0,0.0,0
0,tcp,http,SF,306,1075,0,0,0,0,0,1,0,0,0,0,0,0,0,0,0,0,7,15,0.0,0.0,0.0,0.0,1.0,0.0,0.13,255,247,0.97,0.01,0.0,0.0,0.0,0.0,0.0,0.0,0
0,tcp,http,SF,257,3973,0,0,0,0,0,1,0,0,0,0,0,0,0,0,0,0,1,1,0.0,0.0,0.0,0.0,1.0,0.0,0.0,255,255,1.0,0.0,0.0,0.0,0.0,0.0,0.0,0.0,0
3,tcp,ftp,SF,1242,2451,0,0,0,28,0,1,0,0,0,0,0,0,0,0,0,1,1,1,0.0,0.0,0.0,0.0,1.0,0.0,0.0,255,99,0.39,0.02,0.0,0.0,0.0,0.0,0.0,0.0,1
0,tcp,http,SF,289,593,0,0,0,0,0,1,0,0,0,0,0,0,0,0,0,0,6,32,0.0,0.0,0.0,0.0,1.0,0.0,0.09,255,255,1.0,0.0,0.0,0.0,0.0,0.0,0.0,0.0,0
0,tcp,ftp_data,SF,334,0,0,0,0,0,0,1,0,0,0,0,0,0,0,0,0,0,2,2,0.0,0.0,0.0,0.0,1.0,0.0,0.0,4,30,1.0,0.0,1.0,0.2,0.0,0.0,0.0,0.0,1
1,tcp,ftp,SF,1236,2450,0,0,0,28,0,1,0,0,0,0,0,0,0,0,0,1,1,1,0.0,0.0,0.0,0.0,1.0,0.0,0.0,255,86,0.34,0.02,0.0,0.0,0.0,0.0,0.0,0.0,1
0,tcp,http,SF,318,762,0,0,0,0,0,1,0,0,0,0,0,0,0,0,0,0,8,9,0.0,0.0,0.0,0.0,1.0,0.0,0.22,255,255,1.0,0.0,0.0,0.0,0.0,0.0,0.0,0.0,0
0,tcp,http,S0,0,0,0,0,0,0,0,0,0,0,0,0,0,0,0,0,0,0,2,3,0.5,0.33,0.0,0.0,1.0,0.0,0.67,29,255,1.0,0.0,0.07,0.02,0.03,0.01,0.0,0.0,0
0,tcp,ftp_data,SF,3676,0,0,0,0,0,0,1,0,0,0,0,0,0,0,0,0,0,8,8,0.0,0.0,0.0,0.0,1.0,0.0,0.0,14,14,1.0,0.0,1.0,0.0,0.0,0.0,0.0,0.0,0
0,udp,domain_u,SF,43,133,0,0,0,0,0,0,0,0,0,0,0,0,0,0,0,0,31,31,0.0,0.0,0.0,0.0,1.0,0.0,0.0,176,121,0.69,0.02,0.01,0.0,0.0,0.0,0.0,0.0,0
0,tcp,http,SF,226,2904,0,0,0,0,0,1,0,0,0,0,0,0,0,0,0,0,33,33,0.0,0.0,0.0,0.0,1.0,0.0,0.0,255,255,1.0,0.0,0.0,0.0,0.0,0.0,0.0,0.0,0
0,tcp,http,SF,193,2580,0,0,0,0,0,1,0,0,0,0,0,0,0,0,0,0,3,3,0.0,0.0,0.0,0.0,1.0,0.0,0.0,3,255,1.0,0.0,0.33,0.03,0.0,0.01,0.0,0.0,0
0,tcp,http,SF,316,637,0,0,0,0,0,1,0,0,0,0,0,0,0,0,0,0,16,26,0.0,0.0,0.0,0.0,1.0,0.0,0.12,255,255,1.0,0.0,0.0,0.0,0.0,0.0,0.0,0.0,0
0,tcp,smtp,SF,1182,336,0,0,0,0,0,1,0,0,0,0,0,0,0,0,0,0,1,1,0.0,0.0,0.0,0.0,1.0,0.0,0.0,84,191,0.94,0.02,0.01,0.01,0.0,0.0,0.0,0.0,0
0,tcp,http,SF,207,660,0,0,0,0,0,1,0,0,0,0,0,0,0,0,0,0,7,7,0.0,0.0,0.0,0.0,1.0,0.0,0.0,255,255,1.0,0.0,0.0,0.0,0.0,0.0,0.0,0.0,0
2,tcp,ftp_data,SF,2194619,0,0,0,0,0,0,0,0,0,0,0,0,0,0,0,0,0,3,2,0.0,0.0,0.0,0.0,0.67,0.67,0.0,255,36,0.14,0.47,0.14,0.0,0.0,0.0,0.0,0.0,0
0,udp,domain_u,SF,44,44,0,0,0,0,0,0,0,0,0,0,0,0,0,0,0,0,108,188,0.0,0.0,0.0,0.0,1.0,0.0,0.01,255,255,1.0,0.0,0.01,0.0,0.0,0.0,0.0,0.0,0
0,tcp,http,SF,217,935,0,0,0,0,0,1,0,0,0,0,0,0,0,0,0,0,1,1,0.0,0.0,0.0,0.0,1.0,0.0,0.0,1,255,1.0,0.0,1.0,0.08,0.0,0.0,0.0,0.0,0
0,tcp,smtp,SF,731,332,0,0,0,0,0,1,0,0,0,0,0,0,0,0,0,0,1,1,0.0,0.0,0.0,0.0,1.0,0.0,0.0,22,119,0.41,0.18,0.05,0.02,0.0,0.0,0.05,0.0,0
1,tcp,ftp,SF,1225,2451,0,0,0,28,0,1,0,0,0,0,0,0,0,0,0,1,1,1,0.0,0.0,0.0,0.0,1.0,0.0,0.0,249,77,0.31,0.02,0.0,0.0,0.0,0.0,0.01,0.0,1
3924,udp,other,SF,146,105,0,0,0,0,0,0,0,0,0,0,0,0,0,0,0,0,1,1,0.0,0.0,0.0,0.0,1.0,0.0,0.0,255,2,0.01,0.74,0.98,0.0,0.0,0.0,0.0,0.0,0
0,tcp,http,SF,247,3047,0,0,0,0,0,1,0,0,0,0,0,0,0,0,0,0,1,19,0.0,0.0,0.0,0.0,1.0,0.0,0.26,17,255,1.0,0.0,0.06,0.05,0.0,0.0,0.0,0.0,0
0,tcp,http,SF,293,1658,0,0,0,0,0,1,0,0,0,0,0,0,0,0,0,0,5,5,0.0,0.0,0.0,0.0,1.0,0.0,0.0,92,255,1.0,0.0,0.01,0.03,0.01,0.01,0.0,0.01,0
0,tcp,http,SF,190,14358,0,0,0,0,0,1,0,0,0,0,0,0,0,0,0,0,19,20,0.0,0.0,0.0,0.0,1.0,0.0,0.1,19,255,1.0,0.0,0.05,0.01,0.0,0.0,0.0,0.0,0
2,tcp,ftp,SF,1146,2443,0,0,0,28,0,1,0,0,0,0,0,0,0,0,0,1,1,1,0.0,0.0,0.0,0.0,1.0,0.0,0.0,255,100,0.39,0.02,0.0,0.0,0.0,0.0,0.01,0.0,1
0,tcp,http,SF,185,1838,0,0,0,0,0,1,0,0,0,0,0,0,0,0,0,0,6,7,0.0,0.0,0.0,0.0,1.0,0.0,0.29,20,255,1.0,0.0,0.05,0.05,0.0,0.0,0.05,0.0,0
1,tcp,ftp,SF,1222,2451,0,0,0,28,0,1,0,0,0,0,0,0,0,0,0,1,1,1,0.0,0.0,0.0,0.0,1.0,0.0,0.0,212,40,0.19,0.02,0.0,0.0,0.0,0.0,0.01,0.0,1
0,tcp,ftp_data,SF,334,0,0,0,0,0,0,1,0,0,0,0,0,0,0,0,0,0,2,2,0.0,0.0,0.0,0.0,1.0,0.0,0.0,4,10,1.0,0.0,1.0,0.2,0.0,0.0,0.0,0.0,1
0,tcp,http,SF,216,6717,0,0,0,0,0,1,0,0,0,0,0,0,0,0,0,0,9,9,0.0,0.0,0.0,0.0,1.0,0.0,0.0,255,255,1.0,0.0,0.0,0.0,0.0,0.0,0.0,0.0,0
6,tcp,smtp,SF,11707,1434,0,0,0,0,0,1,0,0,0,0,0,0,0,0,0,0,1,1,0.0,0.0,0.0,0.0,1.0,0.0,0.0,79,143,0.38,0.05,0.01,0.01,0.0,0.0,0.0,0.0,0
0,tcp,http,SF,224,567,0,0,0,0,0,1,0,0,0,0,0,0,0,0,0,0,3,3,0.0,0.0,0.0,0.0,1.0,0.0,0.0,92,255,1.0,0.0,0.01,0.05,0.0,0.0,0.0,0.0,0
0,tcp,http,SF,289,4520,0,0,0,0,0,1,0,0,0,0,0,0,0,0,0,0,2,6,0.5,0.17,0.0,0.0,1.0,0.0,0.33,30,255,1.0,0.0,0.03,0.02,0.03,0.0,0.0,0.0,0
0,tcp,http,SF,222,1289,0,0,0,0,0,1,0,0,0,0,0,0,0,0,0,0,13,13,0.0,0.0,0.0,0.0,1.0,0.0,0.0,255,255,1.0,0.0,0.0,0.0,0.0,0.0,0.0,0.0,0
3,tcp,smtp,SF,1828,341,0,0,0,0,0,1,0,0,0,0,0,0,0,0,0,0,1,1,0.0,0.0,0.0,0.0,1.0,0.0,0.0,103,178,0.68,0.04,0.01,0.01,0.0,0.0,0.0,0.0,0
0,tcp,http,SF,365,807,0,0,0,0,0,1,0,0,0,0,0,0,0,0,0,0,16,16,0.0,0.0,0.0,0.0,1.0,0.0,0.0,132,239,1.0,0.0,0.01,0.06,0.0,0.0,0.0,0.0,0
0,udp,other,SF,516,4,0,0,0,0,0,0,0,0,0,0,0,0,0,0,0,0,157,157,0.0,0.0,0.0,0.0,1.0,0.0,0.0,157,157,1.0,0.0,1.0,0.0,0.0,0.0,0.0,0.0,0
0,tcp,ftp_data,SF,7233,0,0,0,0,0,0,1,0,0,0,0,0,0,0,0,0,0,12,12,0.0,0.0,0.0,0.0,1.0,0.0,0.0,193,85,0.31,0.04,0.31,0.02,0.0,0.0,0.0,0.0,0
0,tcp,ftp,SF,36,197,0,0,0,0,0,1,0,0,0,0,1,0,0,0,0,1,1,1,0.0,0.0,0.0,0.0,1.0,0.0,0.0,255,1,0.0,0.05,0.0,0.0,0.39,0.0,0.05,0.0,1
0,udp,domain_u,SF,43,113,0,0,0,0,0,0,0,0,0,0,0,0,0,0,0,0,65,65,0.0,0.0,0.0,0.0,1.0,0.0,0.0,255,213,0.84,0.01,0.0,0.0,0.0,0.0,0.0,0.0,0
0,tcp,smtp,SF,1471,442,0,0,0,0,0,1,0,0,0,0,0,0,0,0,0,0,1,3,0.0,0.0,0.0,0.0,1.0,0.0,1.0,255,57,0.22,0.02,0.0,0.0,0.68,0.0,0.0,0.0,0
0,tcp,http,SF,299,1695,0,0,0,0,0,1,0,0,0,0,0,0,0,0,0,0,8,11,0.0,0.0,0.0,0.0,1.0,0.0,0.27,225,255,1.0,0.0,0.0,0.01,0.0,0.0,0.0,0.0,0
32,tcp,smtp,SF,2307,325,0,0,0,0,0,1,0,0,0,0,0,0,0,0,0,0,1,2,0.0,0.0,0.0,0.0,1.0,0.0,1.0,34,183,0.82,0.09,0.03,0.01,0.0,0.0,0.0,0.0,0
0,tcp,http,SF,232,2192,0,0,0,0,0,1,0,0,0,0,0,0,0,0,0,0,15,15,0.0,0.0,0.0,0.0,1.0,0.0,0.0,15,255,1.0,0.0,0.07,0.04,0.0,0.0,0.0,0.0,0
0,tcp,ftp_data,SF,252,0,0,0,0,0,0,1,0,0,0,0,0,0,0,0,0,0,2,2,0.0,0.0,0.0,0.0,1.0,0.0,0.0,209,79,0.32,0.02,0.32,0.03,0.0,0.0,0.0,0.0,0
0,tcp,http,REJ,0,0,0,0,0,0,0,0,0,0,0,0,0,0,0,0,0,0,1,1,0.0,0.0,1.0,1.0,1.0,0.0,0.0,42,44,1.0,0.0,0.02,0.05,0.0,0.0,1.0,1.0,0
0,tcp,http,SF,319,1719,0,0,0,0,0,1,0,0,0,0,0,0,0,0,0,0,22,22,0.0,0.0,0.0,0.0,1.0,0.0,0.0,23,255,1.0,0.0,0.04,0.02,0.0,0.0,0.0,0.0,0
0,tcp,http,SF,342,5005,0,0,0,0,0,1,0,0,0,0,0,0,0,0,0,0,2,2,0.0,0.0,0.0,0.0,1.0,0.0,0.0,255,255,1.0,0.0,0.0,0.0,0.0,0.0,0.0,0.0,0
28,tcp,ftp,SF,1502,4152,0,0,0,30,0,1,0,0,0,0,0,0,0,0,0,1,1,1,0.0,0.0,0.0,0.0,1.0,0.0,0.0,53,13,0.25,0.11,0.02,0.0,0.0,0.0,0.0,0.0,0
0,tcp,ftp_data,SF,334,0,0,0,0,0,0,1,0,0,0,0,0,0,0,0,0,0,1,1,0.0,0.0,0.0,0.0,1.0,0.0,0.0,255,83,0.33,0.07,0.35,0.0,0.02,0.05,0.0,0.0,1
0,tcp,http,SF,296,2472,0,0,0,0,0,1,0,0,0,0,0,0,0,0,0,0,11,11,0.0,0.0,0.0,0.0,1.0,0.0,0.0,37,255,1.0,0.0,0.03,0.01,0.0,0.0,0.0,0.0,0
0,tcp,http,SF,281,7568,0,0,0,0,0,1,0,0,0,0,0,0,0,0,0,0,4,4,0.0,0.0,0.0,0.0,1.0,0.0,0.0,32,255,1.0,0.0,0.03,0.07,0.0,0.0,0.0,0.0,0
0,udp,other,SF,516,4,0,0,0,0,0,0,0,0,0,0,0,0,0,0,0,0,437,437,0.0,0.0,0.0,0.0,1.0,0.0,0.0,255,255,1.0,0.0,1.0,0.0,0.0,0.0,0.0,0.0,0
0,tcp,http,SF,277,2454,0,0,0,0,0,1,0,0,0,0,0,0,0,0,0,0,2,10,0.0,0.0,0.0,0.0,1.0,0.0,0.2,5,255,1.0,0.0,0.2,0.06,0.0,0.0,0.0,0.0,0
9,tcp,ftp_data,SF,0,5150836,0,0,0,0,0,0,0,0,0,0,0,0,0,0,0,0,1,1,0.0,0.0,0.0,0.0,1.0,0.0,0.0,6,6,1.0,0.0,1.0,0.0,0.0,0.0,0.0,0.0,1
0,tcp,http,SF,229,796,0,0,0,0,0,1,0,0,0,0,0,0,0,0,0,0,1,44,0.0,0.0,0.0,0.0,1.0,0.0,0.07,18,254,1.0,0.0,0.06,0.06,0.0,0.0,0.0,0.0,0
1,tcp,smtp,SF,726,371,0,0,0,0,0,1,0,0,0,0,0,0,0,0,0,0,1,3,0.0,0.0,0.0,0.0,1.0,0.0,1.0,91,154,0.49,0.07,0.01,0.01,0.0,0.01,0.0,0.0,0
0,udp,domain_u,SF,44,74,0,0,0,0,0,0,0,0,0,0,0,0,0,0,0,0,123,123,0.0,0.0,0.0,0.0,0.99,0.02,0.02,255,254,1.0,0.01,0.0,0.0,0.0,0.0,0.0,0.0,0
5,tcp,smtp,SF,722,334,0,0,0,0,0,1,0,0,0,0,0,0,0,0,0,0,1,1,0.0,0.0,0.0,0.0,1.0,0.0,0.0,137,116,0.47,0.03,0.01,0.02,0.0,0.0,0.03,0.04,0
4739,udp,other,SF,147,105,0,0,0,0,0,0,0,0,0,0,0,0,0,0,0,0,1,1,0.0,0.0,0.0,0.0,1.0,0.0,0.0,255,2,0.01,0.69,0.96,0.0,0.0,0.0,0.0,0.0,0
0,tcp,ftp_data,SF,641,0,0,0,0,0,0,1,0,0,0,0,0,0,0,0,0,0,2,3,0.0,0.0,0.0,0.0,1.0,0.0,0.67,33,10,0.15,0.09,0.15,0.2,0.0,0.0,0.0,0.0,0
3995,udp,other,SF,145,105,0,0,0,0,0,0,0,0,0,0,0,0,0,0,0,0,1,1,0.0,0.0,0.0,0.0,1.0,0.0,0.0,255,3,0.01,0.76,0.98,0.0,0.0,0.0,0.0,0.0,0
0,tcp,http,SF,328,1643,0,0,0,0,0,1,0,0,0,0,0,0,0,0,0,0,1,1,0.0,0.0,0.0,0.0,1.0,0.0,0.0,190,255,1.0,0.0,0.01,0.01,0.0,0.0,0.0,0.0,0
0,tcp,http,SF,218,281,0,0,0,0,0,1,0,0,0,0,0,0,0,0,0,0,2,3,0.0,0.0,0.0,0.0,1.0,0.0,0.67,53,255,1.0,0.0,0.02,0.04,0.0,0.0,0.0,0.0,0
0,tcp,ftp_data,SF,145258,0,0,0,0,0,0,0,0,0,0,0,0,0,0,0,0,0,1,1,0.0,0.0,0.0,0.0,1.0,0.0,0.0,56,76,0.36,0.07,0.36,0.03,0.0,0.0,0.0,0.0,0
0,tcp,telnet,RSTO,126,179,0,0,0,1,1,0,0,0,0,0,0,0,0,0,0,0,2,2,0.0,0.0,1.0,1.0,1.0,0.0,0.0,43,43,1.0,0.0,0.02,0.0,0.05,0.05,0.95,0.95,1
0,udp,other,SF,146,0,0,0,0,0,0,0,0,0,0,0,0,0,0,0,0,0,1,1,0.0,0.0,0.0,0.0,1.0,0.0,0.0,206,1,0.0,0.15,0.22,0.0,0.0,0.0,0.0,0.0,0
0,tcp,http,SF,245,3631,0,0,0,0,0,1,0,0,0,0,0,0,0,0,0,0,3,6,0.0,0.5,0.0,0.0,1.0,0.0,0.33,42,255,1.0,0.0,0.02,0.03,0.0,0.01,0.0,0.0,0
1,tcp,smtp,SF,1247,372,0,0,0,0,0,1,0,0,0,0,0,0,0,0,0,0,1,3,0.0,0.0,0.0,0.0,1.0,0.0,1.0,42,168,0.83,0.07,0.02,0.02,0.0,0.0,0.0,0.0,0
0,tcp,ftp_data,SF,613,0,0,0,0,0,0,1,0,0,0,1,0,0,0,0,0,0,1,2,0.0,0.0,0.0,0.0,1.0,0.0,1.0,1,84,1.0,0.0,1.0,0.02,0.0,0.0,0.0,0.0,1
0,tcp,ftp_data,SF,334,0,0,0,0,0,0,1,0,0,0,0,0,0,0,0,0,0,1,1,0.0,0.0,0.0,0.0,1.0,0.0,0.0,16,48,0.94,0.12,1.0,0.1,0.0,0.0,0.0,0.0,1
0,tcp,http,SF,164,18275,0,0,0,0,0,1,0,0,0,0,0,0,0,0,0,0,13,13,0.0,0.0,0.0,0.0,1.0,0.0,0.0,255,255,1.0,0.0,0.0,0.0,0.0,0.0,0.0,0.0,0
0,tcp,http,SF,314,2745,0,0,0,0,0,1,0,0,0,0,0,0,0,0,0,0,10,10,0.0,0.0,0.0,0.0,1.0,0.0,0.0,10,255,1.0,0.0,0.1,0.04,0.0,0.0,0.0,0.0,0
0,tcp,ftp_data,SF,334,0,0,0,0,0,0,1,0,0,0,0,0,0,0,0,0,0,2,2,0.0,0.0,0.0,0.0,1.0,0.0,0.0,2,14,1.0,0.0,1.0,0.29,0.0,0.0,0.0,0.0,1
12,tcp,ftp_data,SF,7045,0,0,0,0,0,0,1,0,0,0,0,0,0,0,0,0,0,2,2,0.0,0.0,0.0,0.0,1.0,0.0,0.0,2,34,1.0,0.0,1.0,0.15,0.0,0.0,0.0,0.0,1
0,tcp,http,SF,309,3248,0,0,0,0,0,1,0,0,0,0,0,0,0,0,0,0,9,18,0.0,0.0,0.0,0.0,1.0,0.0,0.17,9,255,1.0,0.0,0.11,0.01,0.0,0.0,0.0,0.0,0
2,tcp,ftp_data,SF,2194619,0,0,0,0,0,0,1,0,0,0,0,0,0,0,0,0,0,1,1,0.0,0.0,0.0,0.0,1.0,0.0,0.0,146,116,0.6,0.03,0.6,0.02,0.0,0.01,0.0,0.0,0
0,tcp,http,SF,298,4425,0,0,0,0,0,1,0,0,0,0,0,0,0,0,0,0,2,2,0.0,0.0,0.0,0.0,1.0,0.0,0.0,2,255,1.0,0.0,0.5,0.03,0.0,0.0,0.0,0.0,0
0,tcp,http,SF,256,4486,0,0,0,0,0,1,0,0,0,0,0,0,0,0,0,0,1,3,0.0,0.0,0.0,0.67,1.0,0.0,1.0,237,223,0.94,0.01,0.0,0.0,0.0,0.0,0.0,0.0,0
0,tcp,http,SF,237,607,0,0,0,0,0,1,0,0,0,0,0,0,0,0,0,0,5,5,0.2,0.2,0.0,0.0,1.0,0.0,0.0,255,255,1.0,0.0,0.0,0.0,0.0,0.0,0.01,0.01,0
5049,tcp,ftp_data,SF,5135678,0,0,0,0,1,0,1,0,0,0,0,0,0,0,0,0,0,1,1,0.0,0.0,0.0,0.0,1.0,0.0,0.0,6,41,1.0,0.0,1.0,0.15,0.0,0.02,0.0,0.0,1
0,udp,domain_u,SF,45,45,0,0,0,0,0,0,0,0,0,0,0,0,0,0,0,0,99,179,0.0,0.0,0.0,0.0,0.99,0.02,0.01,255,254,1.0,0.01,0.01,0.0,0.0,0.0,0.0,0.0,0
0,tcp,http,SF,317,609,0,0,0,0,0,1,0,0,0,0,0,0,0,0,0,0,2,4,0.0,0.0,0.0,0.0,1.0,0.0,0.5,253,255,1.0,0.0,0.0,0.01,0.0,0.0,0.0,0.0,0
1,tcp,smtp,SF,878,327,0,0,0,0,0,1,0,0,0,0,0,0,0,0,0,0,1,1,0.0,0.0,0.0,0.0,1.0,0.0,0.0,255,124,0.49,0.03,0.0,0.0,0.0,0.0,0.0,0.0,0
0,tcp,http,SF,292,269,0,0,0,0,0,1,0,0,0,0,0,0,0,0,0,0,14,34,0.0,0.0,0.0,0.0,1.0,0.0,0.15,255,255,1.0,0.0,0.0,0.0,0.0,0.0,0.0,0.0,0
1,tcp,smtp,SF,1917,335,0,0,0,0,0,1,0,0,0,0,0,0,0,0,0,0,2,6,0.0,0.0,0.0,0.0,1.0,0.0,0.83,167,240,0.96,0.01,0.01,0.01,0.0,0.0,0.0,0.0,0
57,tcp,telnet,SF,122,7475,0,0,0,0,0,1,0,0,0,0,0,0,0,0,0,0,1,1,0.0,0.0,0.0,0.0,1.0,0.0,0.0,255,2,0.01,0.02,0.0,0.0,0.0,0.0,0.0,0.0,0
0,tcp,ftp_data,SF,334,0,0,0,0,0,0,1,0,0,0,0,0,0,0,0,0,0,1,1,0.0,0.0,0.0,0.0,1.0,0.0,0.0,1,55,1.0,0.0,1.0,0.11,0.0,0.0,0.0,0.0,1
0,tcp,smtp,SF,594,325,0,0,0,0,0,1,0,0,0,0,0,0,0,0,0,0,1,1,0.0,0.0,0.0,0.0,1.0,0.0,0.0,219,118,0.54,0.02,0.0,0.0,0.0,0.0,0.0,0.0,0
0,udp,domain_u,SF,44,126,0,0,0,0,0,0,0,0,0,0,0,0,0,0,0,0,80,160,0.0,0.0,0.0,0.0,1.0,0.0,0.01,255,254,1.0,0.01,0.0,0.0,0.0,0.0,0.0,0.0,0
0,udp,private,SF,105,147,0,0,0,0,0,0,0,0,0,0,0,0,0,0,0,0,1,1,0.0,0.0,0.0,0.0,1.0,0.0,0.0,5,5,1.0,0.0,0.2,0.0,0.0,0.0,0.0,0.0,0
0,tcp,http,SF,224,2538,0,0,0,0,0,1,0,0,0,0,0,0,0,0,0,0,28,28,0.0,0.0,0.0,0.0,1.0,0.0,0.0,33,255,1.0,0.0,0.03,0.03,0.03,0.0,0.0,0.0,0
0,tcp,http,SF,215,5786,0,0,0,0,0,1,0,0,0,0,0,0,0,0,0,0,8,8,0.0,0.0,0.0,0.0,1.0,0.0,0.0,8,255,1.0,0.0,0.12,0.03,0.0,0.01,0.0,0.0,0
0,icmp,eco_i,SF,30,0,0,0,0,0,0,0,0,0,0,0,0,0,0,0,0,0,2,2,0.0,0.0,0.0,0.0,1.0,0.0,0.0,224,224,1.0,0.0,1.0,0.0,0.0,0.0,0.0,0.0,0
0,tcp,http,SF,234,291,0,0,0,0,0,1,0,0,0,0,0,0,0,0,0,0,12,20,0.0,0.0,0.0,0.0,1.0,0.0,0.2,255,255,1.0,0.0,0.0,0.0,0.0,0.0,0.0,0.0,0
0,tcp,ftp_data,SF,334,0,0,0,0,0,0,1,0,0,0,0,0,0,0,0,0,0,2,2,0.0,0.0,0.0,0.0,1.0,0.0,0.0,8,35,1.0,0.0,1.0,0.11,0.0,0.0,0.0,0.0,1
0,tcp,telnet,RSTO,126,179,0,0,0,1,1,0,0,0,0,0,0,0,0,0,0,0,1,1,0.0,0.0,1.0,1.0,1.0,0.0,0.0,45,45,1.0,0.0,0.02,0.0,0.04,0.04,0.96,0.96,1
0,tcp,http,SF,225,4203,0,0,0,0,0,1,0,0,0,0,0,0,0,0,0,0,5,5,0.0,0.0,0.0,0.0,1.0,0.0,0.0,60,255,1.0,0.0,0.02,0.01,0.0,0.0,0.0,0.0,0
0,tcp,http,REJ,0,0,0,0,0,0,0,0,0,0,0,0,0,0,0,0,0,0,1,2,0.0,0.0,1.0,1.0,1.0,0.0,1.0,5,27,1.0,0.0,0.2,0.26,0.0,0.0,1.0,1.0,0
0,tcp,http,SF,253,173,0,0,0,0,0,1,0,0,0,0,0,0,0,0,0,0,10,10,0.0,0.0,0.0,0.0,1.0,0.0,0.0,61,255,1.0,0.0,0.02,0.01,0.0,0.0,0.0,0.0,0
2,tcp,ftp,SF,1231,2451,0,0,0,28,0,1,0,0,0,0,0,0,0,0,0,1,1,1,0.0,0.0,0.0,0.0,1.0,0.0,0.0,225,53,0.24,0.02,0.0,0.0,0.0,0.0,0.01,0.0,1
4,tcp,ftp_data,SF,832,0,0,0,0,0,0,1,0,0,0,0,0,0,0,0,0,0,1,1,0.0,0.0,0.0,0.0,1.0,0.0,0.0,7,37,1.0,0.0,1.0,0.14,0.0,0.0,0.0,0.0,1
0,tcp,http,SF,220,4265,0,0,0,0,0,1,0,0,0,0,0,0,0,0,0,0,32,32,0.0,0.0,0.0,0.0,1.0,0.0,0.0,67,111,1.0,0.0,0.01,0.04,0.0,0.0,0.0,0.0,0
0,tcp,ftp_data,SF,334,0,0,0,0,0,0,1,0,0,0,0,0,0,0,0,0,0,2,2,0.0,0.0,0.0,0.0,1.0,0.0,0.0,8,18,1.0,0.0,1.0,0.17,0.0,0.0,0.0,0.0,1
220,udp,other,SF,147,105,0,0,0,0,0,0,0,0,0,0,0,0,0,0,0,0,1,1,0.0,0.0,0.0,0.0,1.0,0.0,0.0,255,1,0.0,0.69,0.95,0.0,0.0,0.0,0.0,0.0,0
0,udp,domain_u,SF,44,128,0,0,0,0,0,0,0,0,0,0,0,0,0,0,0,0,54,184,0.0,0.0,0.0,0.0,1.0,0.0,0.01,112,223,0.88,0.02,0.88,0.01,0.0,0.0,0.07,0.0,0
0,tcp,http,SF,201,6143,0,0,0,0,0,1,0,0,0,0,0,0,0,0,0,0,12,13,0.0,0.0,0.0,0.0,1.0,0.0,0.15,31,255,1.0,0.0,0.03,0.05,0.0,0.0,0.0,0.0,0
0,tcp,http,SF,241,1899,0,0,0,0,0,1,0,0,0,0,0,0,0,0,0,0,15,15,0.0,0.0,0.0,0.0,1.0,0.0,0.0,15,78,1.0,0.0,0.07,0.06,0.0,0.0,0.0,0.0,0
1,tcp,telnet,SF,123,2053,0,0,0,1,0,1,0,0,0,0,0,0,0,0,0,1,1,1,0.0,0.0,0.0,0.0,1.0,0.0,0.0,52,52,1.0,0.0,0.02,0.0,0.04,0.04,0.94,0.94,1
0,udp,domain_u,SF,43,107,0,0,0,0,0,0,0,0,0,0,0,0,0,0,0,0,2,4,0.0,0.0,0.0,0.0,1.0,0.0,0.5,255,251,0.98,0.01,0.0,0.0,0.0,0.0,0.0,0.0,0
0,udp,domain_u,SF,45,76,0,0,0,0,0,0,0,0,0,0,0,0,0,0,0,0,130,130,0.0,0.0,0.0,0.0,1.0,0.0,0.0,255,181,0.71,0.01,0.0,0.0,0.0,0.0,0.0,0.0,0
0,tcp,http,SF,225,2445,0,0,0,0,0,1,0,0,0,0,0,0,0,0,0,0,4,5,0.0,0.0,0.0,0.0,1.0,0.0,0.4,255,255,1.0,0.0,0.0,0.0,0.0,0.0,0.0,0.0,0
0,tcp,http,SF,351,961,0,0,0,0,0,1,0,0,0,0,0,0,0,0,0,0,5,6,0.0,0.0,0.0,0.0,1.0,0.0,0.33,58,255,1.0,0.0,0.02,0.01,0.0,0.0,0.0,0.0,0
0,tcp,ftp_data,SF,334,0,0,0,0,0,0,1,0,0,0,0,0,0,0,0,0,0,1,1,0.0,0.0,0.0,0.0,1.0,0.0,0.0,13,40,1.0,0.0,1.0,0.1,0.0,0.0,0.0,0.0,1
0,tcp,ftp_data,SF,319,0,0,0,0,0,0,0,0,0,0,0,0,0,0,0,0,0,2,2,0.0,0.0,0.0,0.0,1.0,0.0,0.0,6,2,0.33,0.5,0.33,0.0,0.0,0.0,0.0,0.0,0
1,tcp,ftp,SF,1251,2453,0,0,0,28,0,1,0,0,0,0,0,0,0,0,0,1,1,1,0.0,0.0,0.0,0.0,1.0,0.0,0.0,255,111,0.44,0.02,0.01,0.0,0.0,0.0,0.01,0.0,1
0,tcp,http,SF,240,1699,0,0,0,0,0,1,0,0,0,0,0,0,0,0,0,0,1,2,0.0,0.0,0.0,0.0,1.0,0.0,1.0,2,223,1.0,0.0,0.5,0.12,0.0,0.0,0.0,0.0,0
0,tcp,ftp_data,SF,334,0,0,0,0,0,0,1,0,0,0,0,0,0,0,0,0,0,2,2,0.0,0.0,0.0,0.0,1.0,0.0,0.0,255,85,0.33,0.07,0.35,0.0,0.01,0.04,0.0,0.0,1
23,udp,domain_u,SF,95,39,0,0,0,0,0,0,0,0,0,0,0,0,0,0,0,0,1,1,0.0,0.0,0.0,0.0,1.0,0.0,0.0,38,30,0.79,0.05,0.79,0.0,0.0,0.0,0.0,0.0,0
5044,tcp,ftp_data,SF,5131424,0,0,0,0,2,0,1,0,0,0,0,0,0,0,0,0,0,1,1,0.0,0.0,0.0,0.0,1.0,0.0,0.0,6,33,1.0,0.0,1.0,0.09,0.0,0.0,0.0,0.0,1
0,tcp,http,SF,303,2757,0,0,0,0,0,1,0,0,0,0,0,0,0,0,0,0,6,10,0.0,0.0,0.0,0.0,1.0,0.0,0.4,33,255,1.0,0.0,0.03,0.04,0.0,0.0,0.0,0.0,0
0,tcp,ftp,SF,1260,2453,0,0,0,28,0,1,0,0,0,0,0,0,0,0,0,1,1,1,0.0,0.0,0.0,0.0,1.0,0.0,0.0,117,15,0.13,0.05,0.01,0.0,0.02,0.0,0.07,0.0,1
0,udp,domain_u,SF,43,131,0,0,0,0,0,0,0,0,0,0,0,0,0,0,0,0,74,154,0.0,0.0,0.0,0.0,1.0,0.0,0.01,255,254,1.0,0.01,0.0,0.0,0.0,0.0,0.0,0.0,0
0,tcp,ftp_data,SF,10389,0,0,0,0,0,0,1,0,0,0,0,0,0,0,0,0,0,3,3,0.0,0.0,0.0,0.0,1.0,0.0,0.0,168,30,0.18,0.04,0.18,0.0,0.0,0.0,0.0,0.0,0
0,tcp,http,SF,237,7542,0,0,0,4,0,1,4,0,0,0,0,0,0,0,0,0,1,1,0.0,0.0,0.0,0.0,1.0,0.0,0.0,1,255,1.0,0.0,1.0,0.02,0.0,0.0,0.0,0.0,0
0,udp,domain_u,SF,45,135,0,0,0,0,0,0,0,0,0,0,0,0,0,0,0,0,165,165,0.0,0.0,0.0,0.0,1.0,0.0,0.0,90,51,0.57,0.03,0.01,0.0,0.0,0.0,0.0,0.0,0
0,udp,domain_u,SF,44,70,0,0,0,0,0,0,0,0,0,0,0,0,0,0,0,0,174,174,0.0,0.0,0.0,0.0,1.0,0.0,0.0,255,255,1.0,0.0,0.01,0.0,0.0,0.0,0.0,0.0,0
12,tcp,ftp_data,SF,7045,0,0,0,0,0,0,1,0,0,0,0,0,0,0,0,0,0,2,2,0.0,0.0,0.0,0.0,1.0,0.0,0.0,2,32,1.0,0.0,1.0,0.16,0.0,0.0,0.0,0.0,1
2,tcp,ftp,SF,1239,2449,0,0,0,28,0,1,0,0,0,0,0,0,0,0,0,1,1,1,0.0,0.0,0.0,0.0,1.0,0.0,0.0,255,83,0.33,0.02,0.0,0.0,0.0,0.0,0.0,0.0,1
10217,tcp,telnet,SF,2646,12894,0,0,0,0,0,1,0,0,0,0,10,0,0,0,0,0,1,1,0.0,0.0,0.0,0.0,1.0,0.0,0.0,11,5,0.27,0.18,0.09,0.4,0.0,0.0,0.0,0.0,0
0,tcp,smtp,SF,647,278,0,0,0,0,0,1,0,0,0,0,0,0,0,0,0,0,1,1,0.0,0.0,0.0,0.0,1.0,0.0,0.0,255,32,0.13,0.49,0.0,0.0,0.0,0.0,0.0,0.0,0
0,tcp,http,SF,244,1178,0,0,0,0,0,1,0,0,0,0,0,0,0,0,0,0,11,11,0.0,0.0,0.0,0.0,1.0,0.0,0.0,96,255,1.0,0.0,0.01,0.01,0.0,0.0,0.0,0.0,0
0,tcp,http,REJ,0,0,0,0,0,0,0,0,0,0,0,0,0,0,0,0,0,0,1,3,0.0,0.0,1.0,1.0,1.0,0.0,1.0,11,254,1.0,0.0,0.09,0.25,0.0,0.0,1.0,0.89,0
0,tcp,http,SF,306,6492,0,0,0,0,0,1,0,0,0,0,0,0,0,0,0,0,2,2,0.0,0.0,0.0,0.0,1.0,0.0,0.0,2,183,1.0,0.0,0.5,0.04,0.0,0.0,0.0,0.0,0
0,tcp,http,SF,325,3983,0,0,0,0,0,1,0,0,0,0,0,0,0,0,0,0,5,5,0.2,0.2,0.0,0.0,1.0,0.0,0.0,215,255,1.0,0.0,0.0,0.02,0.0,0.0,0.0,0.0,0
0,tcp,http,SF,231,241,0,0,0,0,0,1,0,0,0,0,0,0,0,0,0,0,1,1,0.0,0.0,0.0,0.0,1.0,0.0,0.0,1,255,1.0,0.0,1.0,0.02,0.0,0.0,0.0,0.0,0
0,tcp,http,SF,155,9484,0,0,0,0,0,1,0,0,0,0,0,0,0,0,0,0,2,2,0.0,0.0,0.0,0.0,1.0,0.0,0.0,2,255,1.0,0.0,0.5,0.02,0.0,0.0,0.0,0.0,0
0,tcp,ftp_data,SF,8325,0,0,0,0,0,0,0,0,0,0,0,0,0,0,0,0,0,17,17,0.0,0.0,0.0,0.0,1.0,0.0,0.0,87,46,0.53,0.03,0.53,0.0,0.0,0.0,0.0,0.0,0
0,tcp,ftp_data,SF,334,0,0,0,0,0,0,1,0,0,0,0,0,0,0,0,0,0,1,1,0.0,0.0,0.0,0.0,1.0,0.0,0.0,255,70,0.27,0.13,0.37,0.0,0.02,0.01,0.0,0.0,1
0,tcp,http,SF,245,188,0,0,0,0,0,1,0,0,0,0,0,0,0,0,0,0,1,36,0.0,0.0,0.0,0.0,1.0,0.0,0.17,30,255,1.0,0.0,0.03,0.04,0.03,0.01,0.0,0.01,0
0,tcp,http,SF,198,3176,0,0,0,0,0,1,0,0,0,0,0,0,0,0,0,0,7,7,0.0,0.0,0.0,0.0,1.0,0.0,0.0,219,255,1.0,0.0,0.0,0.01,0.0,0.0,0.0,0.0,0
0,udp,domain_u,SF,43,126,0,0,0,0,0,0,0,0,0,0,0,0,0,0,0,0,7,79,0.0,0.0,0.0,0.0,1.0,0.0,0.03,255,255,1.0,0.0,0.0,0.0,0.0,0.0,0.0,0.0,0
0,tcp,http,SF,284,3338,0,0,0,0,0,1,0,0,0,0,0,0,0,0,0,0,1,1,0.0,0.0,0.0,0.0,1.0,0.0,0.0,24,255,1.0,0.0,0.04,0.05,0.0,0.0,0.0,0.0,0
0,tcp,http,SF,217,292,0,0,0,0,0,1,0,0,0,0,0,0,0,0,0,0,14,14,0.0,0.0,0.0,0.0,1.0,0.0,0.0,186,255,1.0,0.0,0.01,0.02,0.0,0.0,0.0,0.0,0
16,tcp,smtp,SF,947,330,0,0,0,0,0,1,0,0,0,0,0,0,0,0,0,0,1,1,0.0,0.0,0.0,0.0,1.0,0.0,0.0,37,28,0.76,0.08,0.03,0.0,0.0,0.0,0.0,0.0,0
0,tcp,http,REJ,0,0,0,0,0,0,0,0,0,0,0,0,0,0,0,0,0,0,1,1,0.0,0.0,1.0,1.0,1.0,0.0,0.0,83,255,1.0,0.0,0.01,0.05,0.0,0.0,1.0,1.0,0
0,tcp,http,SF,257,259,0,0,0,0,0,1,0,0,0,0,0,0,0,0,0,0,27,27,0.0,0.0,0.0,0.0,1.0,0.0,0.0,255,255,1.0,0.0,0.0,0.0,0.0,0.0,0.0,0.0,0
0,tcp,http,SF,253,1217,0,0,0,0,0,1,0,0,0,0,0,0,0,0,0,0,5,5,0.0,0.0,0.0,0.0,1.0,0.0,0.0,5,255,1.0,0.0,0.2,0.06,0.0,0.0,0.0,0.01,0
1,tcp,smtp,SF,1031,337,0,0,0,0,0,1,0,0,0,0,0,0,0,0,0,0,1,1,0.0,0.0,0.0,0.0,1.0,0.0,0.0,92,35,0.38,0.05,0.01,0.0,0.0,0.0,0.0,0.0,0
5051,tcp,ftp_data,SF,5135678,0,0,0,0,3,0,1,0,0,0,0,0,0,0,0,0,0,1,1,0.0,0.0,0.0,0.0,1.0,0.0,0.0,1,34,1.0,0.0,1.0,0.15,0.0,0.0,0.0,0.0,1
0,tcp,smtp,SF,1444,282,0,0,0,0,0,1,0,0,0,0,0,0,0,0,0,0,1,1,0.0,0.0,0.0,0.0,1.0,0.0,0.0,255,203,0.8,0.02,0.0,0.0,0.0,0.0,0.0,0.0,0
0,tcp,smtp,SF,873,454,0,0,0,0,0,1,0,0,0,0,0,0,0,0,0,0,149,6,0.99,0.0,0.0,0.0,0.01,0.06,1.0,255,3,0.01,0.07,0.0,0.0,0.98,0.0,0.0,0.0,0
0,tcp,http,SF,219,1211,0,0,0,0,0,1,0,0,0,0,0,0,0,0,0,0,4,4,0.0,0.0,0.0,0.0,1.0,0.0,0.0,255,255,1.0,0.0,0.0,0.0,0.0,0.0,0.0,0.0,0
0,tcp,ftp_data,SF,1363,0,0,0,0,0,0,0,0,0,0,0,0,0,0,0,0,0,18,18,0.0,0.0,0.0,0.0,1.0,0.0,0.0,255,112,0.44,0.03,0.44,0.0,0.0,0.0,0.0,0.0,0
0,tcp,ftp_data,SF,334,0,0,0,0,0,0,1,0,0,0,0,0,0,0,0,0,0,1,1,0.0,0.0,0.0,0.0,1.0,0.0,0.0,13,23,1.0,0.0,1.0,0.13,0.0,0.0,0.0,0.0,1
0,tcp,http,SF,342,1053,0,0,0,0,0,1,0,0,0,0,0,0,0,0,0,0,4,8,0.0,0.0,0.0,0.0,1.0,0.0,0.25,10,255,1.0,0.0,0.1,0.03,0.0,0.0,0.0,0.0,0
0,tcp,http,SF,369,294,0,0,0,0,0,1,0,0,0,0,0,0,0,0,0,0,13,25,0.0,0.0,0.0,0.0,1.0,0.0,0.16,33,231,1.0,0.0,0.03,0.21,0.0,0.0,0.09,0.77,0
0,udp,domain_u,SF,44,131,0,0,0,0,0,0,0,0,0,0,0,0,0,0,0,0,76,156,0.0,0.0,0.0,0.0,0.99,0.03,0.01,255,242,0.95,0.01,0.0,0.0,0.0,0.0,0.0,0.0,0
2126,udp,other,SF,147,105,0,0,0,0,0,0,0,0,0,0,0,0,0,0,0,0,3,1,0.0,0.0,0.0,0.0,0.33,0.67,0.0,255,3,0.01,0.56,0.86,0.0,0.0,0.0,0.0,0.0,0
0,tcp,other,SF,59,0,0,0,0,0,0,1,0,0,0,0,0,0,0,0,0,0,10,1,0.1,0.0,0.0,0.0,0.1,0.4,0.0,76,1,0.01,0.12,0.32,0.0,0.01,0.0,0.01,0.0,0
0,tcp,http,SF,236,296,0,0,0,0,0,1,0,0,0,0,0,0,0,0,0,0,4,4,0.0,0.0,0.0,0.0,1.0,0.0,0.0,255,255,1.0,0.0,0.0,0.0,0.0,0.0,0.0,0.0,0
0,tcp,http,SF,206,5323,0,0,0,0,0,1,0,0,0,0,0,0,0,0,0,0,3,3,0.0,0.0,0.0,0.0,1.0,0.0,0.0,105,255,1.0,0.0,0.01,0.03,0.0,0.0,0.0,0.0,0
2,tcp,ftp_data,SF,0,1159100,0,0,0,0,0,0,0,0,0,0,0,0,0,0,0,0,1,1,0.0,0.0,0.0,0.0,1.0,0.0,0.0,18,18,1.0,0.0,1.0,0.0,0.0,0.0,0.0,0.0,1
0,tcp,http,SF,215,478,0,0,0,0,0,1,0,0,0,0,0,0,0,0,0,0,26,27,0.0,0.0,0.0,0.0,1.0,0.0,0.07,255,255,1.0,0.0,0.0,0.0,0.0,0.0,0.0,0.0,0
0,tcp,http,SF,347,1600,0,0,0,0,0,1,0,0,0,0,0,0,0,0,0,0,10,10,0.0,0.0,0.0,0.0,1.0,0.0,0.0,134,255,1.0,0.0,0.01,0.03,0.0,0.0,0.0,0.0,0
10,tcp,ftp_data,SF,0,5155468,0,0,0,0,0,0,0,0,0,0,0,0,0,0,0,0,1,1,0.0,0.0,0.0,0.0,1.0,0.0,0.0,4,4,1.0,0.0,1.0,0.0,0.0,0.0,0.0,0.0,1
0,tcp,ftp_data,SF,7321,0,0,0,0,0,0,1,0,0,0,0,0,0,0,0,0,0,2,2,0.0,0.0,0.0,0.0,1.0,0.0,0.0,66,3,0.05,0.08,0.05,0.0,0.0,0.0,0.0,0.0,0
0,tcp,http,SF,202,421,0,0,0,0,0,1,0,0,0,0,0,0,0,0,0,0,13,24,0.0,0.0,0.0,0.0,1.0,0.0,0.17,246,246,1.0,0.0,0.0,0.0,0.0,0.0,0.0,0.0,0
0,tcp,ftp_data,SF,7162,0,0,0,0,0,0,0,0,0,0,0,0,0,0,0,0,0,4,4,0.0,0.0,0.0,0.0,1.0,0.0,0.0,67,96,0.45,0.07,0.45,0.02,0.01,0.0,0.0,0.0,0
0,tcp,http,SF,228,12884,0,0,0,0,0,1,0,0,0,0,0,0,0,0,0,0,4,4,0.0,0.0,0.0,0.0,1.0,0.0,0.0,255,255,1.0,0.0,0.0,0.0,0.0,0.0,0.0,0.0,0
0,tcp,smtp,SF,1153,329,0,0,0,0,0,1,0,0,0,0,0,0,0,0,0,0,1,1,0.0,0.0,0.0,0.0,1.0,0.0,0.0,207,106,0.51,0.03,0.0,0.0,0.0,0.0,0.0,0.0,0
5057,tcp,ftp_data,SF,5135678,0,0,0,0,0,0,1,0,0,0,0,0,0,0,0,0,0,1,1,0.0,0.0,0.0,0.0,1.0,0.0,0.0,1,1,1.0,0.0,1.0,0.0,0.0,0.0,0.0,0.0,1
0,tcp,http,SF,197,17329,0,0,0,0,0,1,0,0,0,0,0,0,0,0,0,0,20,20,0.0,0.0,0.0,0.0,1.0,0.0,0.0,166,255,1.0,0.0,0.01,0.03,0.0,0.0,0.01,0.01,0
0,tcp,http,SF,319,3930,0,0,0,0,0,1,0,0,0,0,0,0,0,0,0,0,3,8,0.0,0.0,0.0,0.0,1.0,0.0,0.38,11,255,1.0,0.0,0.09,0.07,0.0,0.0,0.0,0.0,0
0,tcp,http,SF,274,4841,0,0,0,0,0,1,0,0,0,0,0,0,0,0,0,0,1,2,0.0,0.0,0.0,0.0,1.0,0.0,1.0,37,255,1.0,0.0,0.03,0.09,0.0,0.0,0.0,0.0,0
826,tcp,telnet,SF,759,25224,0,0,0,0,0,1,2,0,0,0,0,0,0,0,0,0,1,1,0.0,0.0,0.0,0.0,1.0,0.0,0.0,255,90,0.35,0.02,0.0,0.0,0.58,0.76,0.0,0.01,0
0,tcp,http,SF,212,2917,0,0,0,0,0,1,0,0,0,0,0,0,0,0,0,0,6,20,0.0,0.0,0.0,0.0,1.0,0.0,0.1,46,255,1.0,0.0,0.02,0.04,0.0,0.0,0.0,0.0,0
0,tcp,ftp_data,SF,334,0,0,0,0,0,0,1,0,0,0,0,0,0,0,0,0,0,2,2,0.0,0.0,0.0,0.0,1.0,0.0,0.0,12,39,1.0,0.0,1.0,0.1,0.0,0.0,0.0,0.0,1
0,tcp,smtp,SF,1849,327,0,0,0,0,0,1,0,0,0,0,0,0,0,0,0,0,1,1,0.0,0.0,0.0,0.0,1.0,0.0,0.0,43,183,0.86,0.07,0.02,0.01,0.0,0.0,0.0,0.0,0
0,tcp,http,REJ,0,0,0,0,0,0,0,0,0,0,0,0,0,0,0,0,0,0,1,2,0.0,0.0,1.0,1.0,1.0,0.0,1.0,68,255,1.0,0.0,0.01,0.06,0.0,0.0,0.94,0.98,0
0,udp,domain_u,SF,44,78,0,0,0,0,0,0,0,0,0,0,0,0,0,0,0,0,199,199,0.0,0.0,0.0,0.0,1.0,0.0,0.0,255,231,0.91,0.01,0.0,0.0,0.0,0.0,0.0,0.0,0
0,tcp,ftp_data,SF,373,0,0,0,0,0,0,1,0,0,0,0,0,0,0,0,0,0,1,1,0.0,0.0,0.0,0.0,1.0,0.0,0.0,255,64,0.25,0.02,0.06,0.0,0.72,0.77,0.0,0.0,0
0,udp,private,SF,105,146,0,0,0,0,0,0,0,0,0,0,0,0,0,0,0,0,1,1,0.0,0.0,0.0,0.0,1.0,0.0,0.0,156,146,0.94,0.02,0.01,0.0,0.0,0.0,0.0,0.0,0
0,tcp,http,SF,282,1146,0,0,0,0,0,1,0,0,0,0,0,0,0,0,0,0,20,20,0.0,0.0,0.0,0.0,1.0,0.0,0.0,255,255,1.0,0.0,0.0,0.0,0.0,0.0,0.0,0.0,0
0,icmp,eco_i,SF,30,0,0,0,0,0,0,0,0,0,0,0,0,0,0,0,0,0,1,1,0.0,0.0,0.0,0.0,1.0,0.0,0.0,38,90,0.97,0.05,0.97,0.31,0.0,0.0,0.0,0.0,0
1,tcp,ftp,SF,1241,2451,0,0,0,28,0,1,0,0,0,0,0,0,0,0,0,1,1,1,0.0,0.0,0.0,0.0,1.0,0.0,0.0,255,111,0.44,0.02,0.0,0.0,0.0,0.0,0.0,0.0,1
0,tcp,http,SF,246,9370,0,0,0,0,0,1,0,0,0,0,0,0,0,0,0,0,4,18,0.0,0.0,0.0,0.0,1.0,0.0,0.11,34,255,1.0,0.0,0.03,0.02,0.0,0.0,0.21,0.03,0
0,udp,domain_u,SF,44,126,0,0,0,0,0,0,0,0,0,0,0,0,0,0,0,0,87,134,0.0,0.0,0.0,0.0,1.0,0.0,0.01,255,253,0.99,0.01,0.0,0.0,0.0,0.0,0.0,0.0,0
0,tcp,ftp_data,SF,12286,0,0,0,0,0,0,1,0,0,0,0,0,0,0,0,0,0,7,7,0.0,0.0,0.0,0.0,1.0,0.0,0.0,255,35,0.14,0.05,0.14,0.0,0.44,0.0,0.02,0.0,0
0,tcp,http,SF,234,2239,0,0,0,0,0,1,0,0,0,0,0,0,0,0,0,0,7,7,0.0,0.0,0.0,0.0,1.0,0.0,0.0,86,83,0.97,0.02,0.01,0.0,0.0,0.0,0.0,0.0,0
0,tcp,http,SF,330,3501,0,0,0,0,0,1,0,0,0,0,0,0,0,0,0,0,8,8,0.0,0.0,0.0,0.0,1.0,0.0,0.0,111,255,1.0,0.0,0.01,0.02,0.0,0.0,0.0,0.0,0
0,tcp,http,SF,223,6344,0,0,0,0,0,1,0,0,0,0,0,0,0,0,0,0,2,3,0.0,0.0,0.0,0.0,1.0,0.0,0.67,45,255,1.0,0.0,0.02,0.04,0.0,0.02,0.0,0.0,0
0,tcp,http,SF,236,6037,0,0,0,0,0,1,0,0,0,0,0,0,0,0,0,0,10,10,0.0,0.0,0.1,0.1,1.0,0.0,0.0,83,255,1.0,0.0,0.02,0.02,0.0,0.0,0.01,0.0,0
0,udp,domain_u,SF,34,0,0,0,0,0,0,0,0,0,0,0,0,0,0,0,0,0,1,2,0.0,0.0,0.0,0.0,1.0,0.0,1.0,195,35,0.18,0.03,0.18,0.0,0.0,0.0,0.0,0.0,0
0,tcp,ftp_data,SF,259,0,0,0,0,0,0,1,0,0,0,1,0,0,0,0,0,0,2,2,0.0,0.0,0.0,0.0,1.0,0.0,0.0,49,2,0.04,0.08,0.04,0.0,0.0,0.0,0.0,0.0,0
6,tcp,ftp,SF,1229,2451,0,0,0,28,0,1,0,0,0,0,0,0,0,0,0,1,1,1,0.0,0.0,0.0,0.0,1.0,0.0,0.0,190,18,0.09,0.03,0.01,0.0,0.01,0.0,0.01,0.0,1
0,tcp,ftp_data,SF,245,0,0,0,0,0,0,1,0,0,0,1,0,0,0,0,0,0,2,2,0.0,0.0,0.0,0.0,1.0,0.0,0.0,48,8,0.04,0.12,0.04,0.25,0.02,0.0,0.0,0.0,0
0,tcp,ftp_data,SF,95,0,0,0,0,0,0,0,0,0,0,0,0,0,0,0,0,0,1,1,0.0,0.0,0.0,0.0,1.0,0.0,0.0,53,7,0.13,0.08,0.13,0.0,0.0,0.0,0.0,0.0,0
0,tcp,ftp_data,SF,334,0,0,0,0,0,0,1,0,0,0,0,0,0,0,0,0,0,1,1,0.0,0.0,0.0,0.0,1.0,0.0,0.0,7,47,1.0,0.0,1.0,0.13,0.0,0.0,0.0,0.0,1
0,udp,other,SF,145,0,0,0,0,0,0,0,0,0,0,0,0,0,0,0,0,0,1,1,0.0,0.0,0.0,0.0,1.0,0.0,0.0,255,1,0.0,0.62,0.83,0.0,0.0,0.0,0.0,0.0,0
0,tcp,http,REJ,0,0,0,0,0,0,0,0,0,0,0,0,0,0,0,0,0,0,1,1,0.0,0.0,1.0,1.0,1.0,0.0,0.0,28,20,0.71,0.07,0.04,0.0,0.0,0.0,0.71,1.0,0
0,tcp,http,SF,234,1212,0,0,0,0,0,1,0,0,0,0,0,0,0,0,0,0,4,4,0.0,0.0,0.0,0.0,1.0,0.0,0.0,203,255,1.0,0.0,0.0,0.02,0.0,0.0,0.0,0.0,0
0,tcp,http,SF,203,6066,0,0,0,0,0,1,0,0,0,0,0,0,0,0,0,0,3,15,0.0,0.0,0.0,0.0,1.0,0.0,0.2,72,255,1.0,0.0,0.01,0.03,0.0,0.0,0.0,0.0,0
0,udp,domain_u,SF,46,76,0,0,0,0,0,0,0,0,0,0,0,0,0,0,0,0,153,153,0.0,0.0,0.0,0.0,1.0,0.0,0.0,255,254,1.0,0.01,0.0,0.0,0.0,0.0,0.0,0.0,0
5061,tcp,ftp_data,SF,5133876,0,0,0,0,3,0,1,0,0,0,0,0,0,0,0,0,0,1,1,0.0,0.0,0.0,0.0,1.0,0.0,0.0,8,38,1.0,0.0,1.0,0.13,0.0,0.0,0.0,0.0,1
0,tcp,http,SF,299,2649,0,0,0,0,0,1,0,0,0,0,0,0,0,0,0,0,24,24,0.0,0.0,0.0,0.0,1.0,0.0,0.0,181,255,1.0,0.0,0.01,0.02,0.0,0.0,0.0,0.0,0
0,tcp,smtp,SF,976,401,0,0,0,0,0,1,0,0,0,0,0,0,0,0,0,0,16,3,0.94,0.0,0.0,0.0,0.06,0.12,1.0,49,232,0.67,0.06,0.02,0.01,0.31,0.0,0.0,0.0,0
5051,tcp,ftp_data,SF,5135678,0,0,0,0,3,0,1,0,0,0,0,0,0,0,0,0,0,1,2,0.0,0.0,0.0,0.0,1.0,0.0,1.0,7,34,1.0,0.0,1.0,0.09,0.0,0.0,0.0,0.0,1
0,tcp,ftp_data,SF,37,0,0,0,0,0,0,0,0,0,0,0,0,0,0,0,0,0,2,2,0.0,0.0,0.0,0.0,1.0,0.0,0.0,255,52,0.2,0.02,0.2,0.0,0.41,0.0,0.0,0.0,0
0,tcp,http,SF,291,3591,0,0,0,0,0,1,0,0,0,0,0,0,0,0,0,0,28,34,0.0,0.0,0.0,0.0,1.0,0.0,0.06,255,255,1.0,0.0,0.0,0.0,0.0,0.0,0.0,0.0,0
0,tcp,smtp,SF,932,328,0,0,0,0,0,1,0,0,0,0,0,0,0,0,0,0,1,1,0.0,0.0,0.0,0.0,1.0,0.0,0.0,255,13,0.05,0.58,0.0,0.0,0.0,0.08,0.0,0.0,0
0,tcp,http,SF,244,302,0,0,0,0,0,1,0,0,0,0,0,0,0,0,0,0,6,6,0.0,0.0,0.0,0.0,1.0,0.0,0.0,30,255,1.0,0.0,0.03,0.1,0.0,0.0,0.0,0.0,0
0,tcp,http,SF,327,5989,0,0,0,0,0,1,0,0,0,0,0,0,0,0,0,0,13,14,0.0,0.0,0.0,0.0,1.0,0.0,0.14,92,255,1.0,0.0,0.01,0.04,0.0,0.01,0.0,0.0,0
0,tcp,smtp,SF,1518,327,0,0,0,0,0,1,0,0,0,1,0,0,0,0,0,0,1,1,0.0,0.0,0.0,0.0,1.0,0.0,0.0,9,36,0.89,0.22,0.11,0.06,0.0,0.0,0.0,0.0,0
0,udp,domain_u,SF,43,75,0,0,0,0,0,0,0,0,0,0,0,0,0,0,0,0,160,160,0.0,0.0,0.0,0.0,1.0,0.0,0.0,255,255,1.0,0.0,0.01,0.0,0.0,0.0,0.0,0.0,0
0,tcp,other,SF,3775,0,0,0,0,0,0,1,0,0,0,0,0,0,0,0,0,0,22,1,0.05,0.0,0.0,0.0,0.05,0.32,0.0,255,1,0.0,0.04,0.22,0.0,0.0,0.0,0.0,0.0,0
0,tcp,http,SF,355,5030,0,0,0,0,0,1,0,0,0,0,0,0,0,0,0,0,2,2,0.0,0.0,0.0,0.0,1.0,0.0,0.0,255,255,1.0,0.0,0.0,0.0,0.0,0.0,0.0,0.0,0
0,udp,private,SF,215,0,0,0,0,0,0,0,0,0,0,0,0,0,0,0,0,0,1,1,0.0,0.0,0.0,0.0,1.0,0.0,0.0,255,214,0.84,0.01,0.84,0.0,0.0,0.0,0.0,0.0,0
0,tcp,http,SF,312,462,0,0,0,0,0,1,0,0,0,0,0,0,0,0,0,0,5,5,0.0,0.0,0.0,0.0,1.0,0.0,0.0,255,255,1.0,0.0,0.0,0.0,0.0,0.0,0.0,0.0,0
0,udp,domain_u,SF,46,46,0,0,0,0,0,0,0,0,0,0,0,0,0,0,0,0,110,190,0.0,0.0,0.0,0.0,1.0,0.0,0.01,255,254,1.0,0.01,0.01,0.0,0.0,0.0,0.0,0.0,0
0,tcp,smtp,SF,820,323,0,0,0,0,0,1,0,0,0,0,0,0,0,0,0,0,1,1,0.0,0.0,0.0,0.0,1.0,0.0,0.0,58,247,0.98,0.03,0.02,0.02,0.0,0.0,0.0,0.0,0
0,udp,domain_u,SF,42,42,0,0,0,0,0,0,0,0,0,0,0,0,0,0,0,0,163,163,0.0,0.0,0.0,0.0,1.0,0.0,0.0,255,255,1.0,0.0,0.0,0.0,0.0,0.0,0.0,0.0,0
0,udp,domain_u,SF,45,134,0,0,0,0,0,0,0,0,0,0,0,0,0,0,0,0,318,318,0.0,0.0,0.0,0.0,1.0,0.0,0.0,255,254,1.0,0.01,0.0,0.0,0.0,0.0,0.0,0.0,0
29,tcp,ftp,SF,1067,3081,0,0,0,22,0,1,0,0,0,0,0,0,0,0,0,1,1,1,0.0,0.0,0.0,0.0,1.0,0.0,0.0,255,60,0.24,0.02,0.0,0.0,0.0,0.0,0.0,0.0,0
0,udp,private,SF,105,147,0,0,0,0,0,0,0,0,0,0,0,0,0,0,0,0,1,1,0.0,0.0,0.0,0.0,1.0,0.0,0.0,48,47,0.98,0.04,0.02,0.0,0.0,0.0,0.0,0.0,0
0,tcp,http,SF,238,1627,0,0,0,0,0,1,0,0,0,0,0,0,0,0,0,0,20,20,0.0,0.0,0.0,0.0,1.0,0.0,0.0,255,255,1.0,0.0,0.0,0.0,0.0,0.0,0.0,0.0,0
0,tcp,ftp_data,SF,1690,0,0,0,0,0,0,1,0,0,0,0,0,0,0,0,0,0,4,4,0.0,0.0,0.0,0.0,1.0,0.0,0.0,10,10,1.0,0.0,1.0,0.0,0.0,0.0,0.0,0.0,0
0,tcp,http,SF,329,306,0,0,0,0,0,1,0,0,0,0,0,0,0,0,0,0,2,22,0.0,0.0,0.0,0.0,1.0,0.0,0.14,2,255,1.0,0.0,0.5,0.01,0.0,0.0,0.0,0.0,0
0,tcp,http,SF,211,11379,0,0,0,0,0,1,0,0,0,0,0,0,0,0,0,0,5,5,0.0,0.0,0.0,0.0,1.0,0.0,0.0,26,255,1.0,0.0,0.04,0.06,0.0,0.0,0.0,0.0,0
0,udp,domain_u,SF,45,45,0,0,0,0,0,0,0,0,0,0,0,0,0,0,0,0,150,230,0.0,0.0,0.0,0.0,1.0,0.0,0.01,255,255,1.0,0.0,0.01,0.0,0.0,0.0,0.0,0.0,0
0,udp,domain_u,SF,45,45,0,0,0,0,0,0,0,0,0,0,0,0,0,0,0,0,124,124,0.0,0.0,0.0,0.0,1.0,0.0,0.0,255,254,1.0,0.01,0.0,0.0,0.0,0.0,0.0,0.0,0
0,tcp,ftp_data,SF,15722,0,0,0,0,0,0,1,0,0,0,0,1,0,0,0,0,0,22,22,0.0,0.0,0.0,0.0,1.0,0.0,0.0,11,78,1.0,0.0,1.0,0.04,0.0,0.0,0.0,0.0,0
0,tcp,http,SF,328,871,0,0,0,0,0,1,0,0,0,0,0,0,0,0,0,0,14,16,0.0,0.0,0.0,0.0,1.0,0.0,0.12,35,255,1.0,0.0,0.03,0.06,0.0,0.0,0.0,0.29,0
0,tcp,ftp_data,SF,334,0,0,0,0,0,0,1,0,0,0,0,0,0,0,0,0,0,2,2,0.0,0.0,0.0,0.0,1.0,0.0,0.0,14,49,1.0,0.0,1.0,0.12,0.0,0.02,0.0,0.0,1
0,tcp,http,SF,307,2698,0,0,0,0,0,1,0,0,0,0,0,0,1,0,0,0,4,4,0.0,0.0,0.0,0.0,1.0,0.0,0.0,255,238,0.93,0.01,0.0,0.0,0.0,0.0,0.02,0.01,0
0,tcp,smtp,SF,859,325,0,0,0,0,0,1,0,0,0,0,0,0,0,0,0,0,1,1,0.0,0.0,0.0,0.0,1.0,0.0,0.0,161,248,0.97,0.01,0.01,0.01,0.0,0.0,0.0,0.0,0
0,udp,domain_u,SF,42,42,0,0,0,0,0,0,0,0,0,0,0,0,0,0,0,0,6,10,0.0,0.0,0.0,0.0,1.0,0.0,0.3,255,233,0.91,0.01,0.01,0.0,0.0,0.0,0.0,0.0,0
5260,udp,other,SF,146,105,0,0,0,0,0,0,0,0,0,0,0,0,0,0,0,0,1,1,0.0,0.0,0.0,0.0,1.0,0.0,0.0,255,4,0.02,0.57,0.81,0.0,0.0,0.0,0.0,0.0,0
0,udp,domain_u,SF,44,80,0,0,0,0,0,0,0,0,0,0,0,0,0,0,0,0,73,153,0.0,0.0,0.0,0.0,1.0,0.0,0.01,255,254,1.0,0.01,0.0,0.0,0.0,0.0,0.0,0.0,0
32,tcp,ftp,SF,104,449,0,0,0,2,0,1,0,0,0,0,1,0,1,0,0,1,1,1,0.0,0.0,0.0,0.0,1.0,0.0,0.0,1,1,1.0,0.0,1.0,0.0,0.0,0.0,0.0,0.0,1
0,tcp,http,SF,199,4166,0,0,0,0,0,1,0,0,0,0,0,0,0,0,0,0,3,7,0.0,0.0,0.0,0.0,1.0,0.0,0.29,3,255,1.0,0.0,0.33,0.04,0.0,0.0,0.0,0.04,0
0,tcp,ftp_data,SF,1376,0,0,0,0,0,0,1,0,0,0,0,0,0,0,0,0,0,3,3,0.0,0.0,0.0,0.0,1.0,0.0,0.0,255,119,0.47,0.03,0.47,0.0,0.0,0.0,0.0,0.0,0
0,tcp,http,REJ,0,0,0,0,0,0,0,0,0,0,0,0,0,0,0,0,0,0,1,1,0.0,0.0,1.0,1.0,1.0,0.0,0.0,14,107,1.0,0.0,0.07,0.02,0.07,0.01,0.93,0.89,0
0,tcp,http,SF,317,10931,0,0,0,0,0,1,0,0,0,0,0,0,0,0,0,0,10,10,0.0,0.0,0.0,0.0,1.0,0.0,0.0,77,255,1.0,0.0,0.01,0.02,0.0,0.0,0.0,0.0,0
0,udp,domain_u,SF,45,71,0,0,0,0,0,0,0,0,0,0,0,0,0,0,0,0,148,148,0.0,0.0,0.0,0.0,1.0,0.0,0.0,255,254,1.0,0.01,0.0,0.0,0.0,0.0,0.0,0.0,0
1,tcp,ftp,SF,1237,2449,0,0,0,28,0,1,0,0,0,0,0,0,0,0,0,1,1,1,0.0,0.0,0.0,0.0,1.0,0.0,0.0,245,73,0.3,0.02,0.0,0.0,0.0,0.0,0.01,0.0,1
0,tcp,smtp,SF,772,481,0,0,0,0,0,1,0,0,0,0,0,0,0,0,0,0,1,1,0.0,0.0,0.0,0.0,1.0,0.0,0.0,255,14,0.05,0.01,0.0,0.0,0.0,0.0,0.05,0.0,0
1,udp,private,SF,105,146,0,0,0,0,0,0,0,0,0,0,0,0,0,0,0,0,1,1,0.0,0.0,0.0,0.0,1.0,0.0,0.0,255,246,0.96,0.01,0.0,0.0,0.0,0.0,0.0,0.0,0
0,udp,domain_u,SF,46,112,0,0,0,0,0,0,0,0,0,0,0,0,0,0,0,0,221,220,0.0,0.0,0.0,0.0,1.0,0.01,0.0,110,77,0.7,0.02,0.01,0.0,0.0,0.0,0.0,0.0,0
0,tcp,http,SF,208,759,0,0,0,0,0,1,0,0,0,0,0,0,0,0,0,0,3,9,0.0,0.0,0.0,0.0,1.0,0.0,0.44,125,255,1.0,0.0,0.01,0.02,0.0,0.0,0.0,0.0,0
0,udp,domain_u,SF,45,77,0,0,0,0,0,0,0,0,0,0,0,0,0,0,0,0,258,262,0.0,0.0,0.0,0.0,1.0,0.0,0.01,255,220,0.86,0.01,0.0,0.0,0.0,0.0,0.0,0.0,0
0,tcp,http,REJ,0,0,0,0,0,0,0,0,0,0,0,0,0,0,0,0,0,0,1,1,0.0,0.0,1.0,1.0,1.0,0.0,0.0,15,223,1.0,0.0,0.07,0.15,0.0,0.0,1.0,0.95,0
3,tcp,smtp,SF,1956,329,0,0,0,0,0,1,0,0,0,0,0,0,1,0,0,0,1,2,0.0,0.0,0.0,0.0,1.0,0.0,1.0,61,240,0.97,0.03,0.02,0.01,0.0,0.0,0.0,0.0,0
31,tcp,ftp,SF,1434,4152,0,0,0,30,0,1,0,0,0,0,0,0,0,0,0,1,1,1,0.0,0.0,0.0,0.0,1.0,0.0,0.0,201,44,0.22,0.02,0.0,0.0,0.0,0.0,0.0,0.0,0
0,tcp,http,SF,207,457,0,0,0,0,0,1,0,0,0,0,0,0,0,0,0,0,1,2,0.0,0.0,0.0,0.0,1.0,0.0,1.0,33,255,1.0,0.0,0.03,0.05,0.0,0.0,0.0,0.01,0
0,tcp,time,S0,0,0,0,0,0,0,0,0,0,0,0,0,0,0,0,0,0,0,2,2,0.5,0.5,0.0,0.0,1.0,0.0,0.0,23,23,1.0,0.0,0.09,0.0,0.13,0.13,0.0,0.0,0
0,tcp,http,SF,248,703,0,0,0,0,0,1,0,0,0,0,0,0,0,0,0,0,18,18,0.0,0.0,0.0,0.0,1.0,0.0,0.0,229,255,1.0,0.0,0.0,0.02,0.0,0.0,0.0,0.0,0
31,tcp,ftp,SF,1455,4152,0,0,0,30,0,1,0,0,0,0,0,0,0,0,0,1,1,1,0.0,0.0,0.0,0.0,1.0,0.0,0.0,93,13,0.14,0.03,0.01,0.0,0.0,0.0,0.0,0.0,0
3577,udp,other,SF,145,105,0,0,0,0,0,0,0,0,0,0,0,0,0,0,0,0,1,1,0.0,0.0,0.0,0.0,1.0,0.0,0.0,255,4,0.02,0.4,0.8,0.0,0.0,0.0,0.0,0.0,0
0,tcp,ftp_data,SF,334,0,0,0,0,0,0,1,0,0,0,0,0,0,0,0,0,0,2,2,0.0,0.0,0.0,0.0,1.0,0.0,0.0,6,10,1.0,0.0,1.0,0.2,0.0,0.0,0.0,0.0,1
1,tcp,ftp,SF,1208,2449,0,0,0,28,0,1,0,0,0,0,0,0,0,0,0,1,1,1,0.0,0.0,0.0,0.0,1.0,0.0,0.0,255,101,0.4,0.02,0.0,0.0,0.0,0.0,0.0,0.0,1
9,tcp,ftp_data,SF,0,5150938,0,0,0,0,0,0,0,0,0,0,0,0,0,0,0,0,1,1,0.0,0.0,0.0,0.0,1.0,0.0,0.0,15,15,1.0,0.0,1.0,0.0,0.0,0.0,0.0,0.0,1
0,udp,domain_u,SF,44,44,0,0,0,0,0,0,0,0,0,0,0,0,0,0,0,0,171,170,0.0,0.0,0.0,0.0,0.99,0.01,0.0,255,254,1.0,0.01,0.01,0.0,0.0,0.0,0.0,0.0,0
0,icmp,eco_i,SF,30,0,0,0,0,0,0,0,0,0,0,0,0,0,0,0,0,0,2,1,0.0,0.0,0.0,0.0,0.5,1.0,0.0,255,2,0.01,0.01,0.01,0.0,0.0,0.0,0.0,0.0,0
0,tcp,ftp_data,SF,6601,0,0,0,0,0,0,1,0,0,0,0,0,0,0,0,0,0,6,6,0.0,0.0,0.0,0.0,1.0,0.0,0.0,12,41,1.0,0.0,1.0,0.07,0.0,0.0,0.0,0.0,0
0,tcp,ftp_data,SF,246,0,0,0,0,0,0,1,0,0,0,0,0,0,0,0,0,0,1,1,0.0,0.0,0.0,0.0,1.0,0.0,0.0,5,13,1.0,0.0,1.0,0.15,0.0,0.0,0.0,0.0,1
0,tcp,http,SF,156,11431,0,0,0,0,0,1,0,0,0,0,0,0,0,0,0,0,1,1,0.0,0.0,0.0,0.0,1.0,0.0,0.0,15,255,1.0,0.0,0.07,0.04,0.0,0.0,0.0,0.0,0
0,tcp,http,SF,299,1787,0,0,0,0,0,1,0,0,0,0,0,0,0,0,0,0,2,2,0.0,0.0,0.0,0.0,1.0,0.0,0.0,29,255,1.0,0.0,0.03,0.02,0.0,0.0,0.0,0.0,0
0,tcp,http,SF,212,4556,0,0,0,0,0,1,0,0,0,0,0,0,0,0,0,0,3,17,0.0,0.0,0.0,0.0,1.0,0.0,0.18,255,255,1.0,0.0,0.0,0.0,0.0,0.0,0.0,0.0,0
0,tcp,http,SF,227,429,0,0,0,0,0,1,0,0,0,0,0,0,0,0,0,0,13,19,0.0,0.0,0.0,0.0,1.0,0.0,0.16,255,255,1.0,0.0,0.0,0.0,0.0,0.0,0.0,0.0,0
10121,tcp,ftp,SF,980,2191,0,0,0,19,0,1,0,0,0,0,0,0,0,0,0,1,1,1,0.0,0.0,0.0,0.0,1.0,0.0,0.0,255,16,0.06,0.02,0.0,0.0,0.16,0.0,0.0,0.0,1
0,udp,private,SF,105,0,0,0,0,0,0,0,0,0,0,0,0,0,0,0,0,0,2,2,0.0,0.0,0.0,0.0,1.0,0.0,0.0,240,195,0.81,0.01,0.01,0.0,0.0,0.0,0.0,0.0,0
0,tcp,http,S0,0,0,0,0,0,0,0,0,0,0,0,0,0,0,0,0,0,0,2,5,0.5,0.2,0.0,0.2,1.0,0.0,0.4,255,255,1.0,0.0,0.01,0.0,0.0,0.0,0.0,0.0,0
0,tcp,http,SF,157,1374,0,0,0,0,0,1,0,0,0,0,0,0,0,0,0,0,1,1,0.0,0.0,0.0,0.0,1.0,0.0,0.0,8,255,1.0,0.0,0.12,0.04,0.0,0.02,0.0,0.0,0
0,tcp,http,SF,305,1219,0,0,0,0,0,1,0,0,0,0,0,0,0,0,0,0,4,36,0.0,0.0,0.0,0.0,1.0,0.0,0.08,122,255,1.0,0.0,0.01,0.02,0.0,0.0,0.0,0.0,0
0,tcp,ftp_data,SF,334,0,0,0,0,0,0,1,0,0,0,0,0,0,0,0,0,0,2,2,0.0,0.0,0.0,0.0,1.0,0.0,0.0,14,25,1.0,0.0,1.0,0.08,0.0,0.0,0.0,0.0,1
1,tcp,ftp,SF,1191,2447,0,0,0,28,0,1,0,0,0,0,0,0,0,0,0,1,1,1,0.0,0.0,0.0,0.0,1.0,0.0,0.0,255,94,0.37,0.02,0.0,0.0,0.0,0.0,0.0,0.0,1
3,tcp,smtp,SF,2255,336,0,0,0,0,0,1,0,0,0,0,0,0,0,0,0,0,1,1,0.0,0.0,0.0,0.0,1.0,0.0,0.0,33,161,0.58,0.09,0.03,0.01,0.0,0.0,0.0,0.0,0
0,tcp,http,SF,212,261,0,0,0,0,0,1,0,0,0,0,0,0,0,0,0,0,8,8,0.0,0.0,0.0,0.0,1.0,0.0,0.0,111,255,1.0,0.0,0.01,0.03,0.0,0.0,0.0,0.0,0
0,tcp,http,SF,181,11928,0,0,0,0,0,1,0,0,0,0,0,0,0,0,0,0,2,2,0.0,0.0,0.0,0.0,1.0,0.0,0.0,255,255,1.0,0.0,0.0,0.0,0.0,0.0,0.0,0.0,0
0,tcp,http,SF,164,3687,0,0,0,0,0,1,0,0,0,0,0,0,0,0,0,0,1,1,0.0,0.0,0.0,0.0,1.0,0.0,0.0,40,255,1.0,0.0,0.03,0.03,0.0,0.0,0.0,0.0,0
0,tcp,http,SF,242,1488,0,0,0,0,0,1,0,0,0,0,0,0,0,0,0,0,21,21,0.0,0.0,0.0,0.0,1.0,0.0,0.0,153,255,1.0,0.0,0.01,0.02,0.0,0.0,0.0,0.0,0
0,tcp,http,SF,345,2090,0,0,0,0,0,1,0,0,0,0,0,0,0,0,0,0,4,4,0.0,0.0,0.0,0.0,1.0,0.0,0.0,255,255,1.0,0.0,0.0,0.0,0.0,0.0,0.0,0.0,0
0,tcp,smtp,SF,1562,325,0,0,0,0,0,1,0,0,0,0,0,0,0,0,0,0,1,4,0.0,0.0,0.0,0.0,1.0,0.0,1.0,180,245,0.96,0.01,0.01,0.01,0.0,0.0,0.0,0.0,0
0,udp,domain_u,SF,45,132,0,0,0,0,0,0,0,0,0,0,0,0,0,0,0,0,99,181,0.0,0.0,0.0,0.0,1.0,0.0,0.02,255,254,1.0,0.01,0.0,0.0,0.0,0.0,0.0,0.0,0
0,tcp,http,SF,192,5408,0,0,0,0,0,1,0,0,0,0,0,0,0,0,0,0,13,14,0.0,0.0,0.0,0.0,1.0,0.0,0.14,33,255,1.0,0.0,0.03,0.03,0.03,0.01,0.06,0.01,0
0,tcp,http,SF,204,1896,0,0,0,0,0,1,0,0,0,0,0,0,0,0,0,0,2,8,0.0,0.12,0.0,0.0,1.0,0.0,0.38,138,255,1.0,0.0,0.01,0.04,0.0,0.0,0.0,0.0,0
0,udp,domain_u,SF,42,42,0,0,0,0,0,0,0,0,0,0,0,0,0,0,0,0,6,12,0.0,0.0,0.0,0.0,1.0,0.0,0.25,52,226,0.87,0.04,0.87,0.01,0.1,0.0,0.0,0.0,0
0,udp,domain_u,SF,43,129,0,0,0,0,0,0,0,0,0,0,0,0,0,0,0,0,68,148,0.0,0.0,0.0,0.0,1.0,0.0,0.01,255,243,0.95,0.01,0.0,0.0,0.0,0.0,0.0,0.0,0
0,udp,private,SF,105,147,0,0,0,0,0,0,0,0,0,0,0,0,0,0,0,0,2,2,0.0,0.0,0.0,0.0,1.0,0.0,0.0,255,247,0.97,0.01,0.01,0.0,0.0,0.0,0.0,0.0,0
299,tcp,telnet,SF,112,847,0,0,0,0,0,0,0,0,0,0,0,0,0,0,0,0,1,1,0.0,0.0,0.0,0.0,1.0,0.0,0.0,255,48,0.19,0.02,0.0,0.0,0.22,0.31,0.0,0.0,1
0,tcp,ftp_data,SF,334,0,0,0,0,0,0,1,0,0,0,0,0,0,0,0,0,0,2,2,0.0,0.0,0.0,0.0,1.0,0.0,0.0,8,22,1.0,0.0,1.0,0.14,0.0,0.0,0.0,0.0,1
0,tcp,ftp_data,SF,567,0,0,0,0,0,0,1,0,0,0,6,0,0,0,0,0,0,1,1,0.0,0.0,0.0,0.0,1.0,0.0,0.0,1,53,1.0,0.0,1.0,0.04,0.0,0.0,0.0,0.0,0
0,tcp,http,SF,245,167,0,0,0,0,0,1,0,0,0,0,0,0,0,0,0,0,1,2,0.0,0.0,0.0,0.0,1.0,0.0,1.0,40,255,1.0,0.0,0.03,0.04,0.0,0.0,0.0,0.0,0
0,tcp,http,SF,404,8846,0,0,0,0,0,1,0,0,0,0,0,0,0,0,0,0,7,7,0.0,0.0,0.0,0.0,1.0,0.0,0.0,109,245,1.0,0.0,0.01,0.16,0.0,0.0,0.11,0.6,0
0,udp,domain_u,SF,46,135,0,0,0,0,0,0,0,0,0,0,0,0,0,0,0,0,139,219,0.0,0.0,0.0,0.0,1.0,0.0,0.01,255,255,1.0,0.0,0.0,0.0,0.0,0.0,0.0,0.0,0
0,tcp,ftp_data,SF,334,0,0,0,0,0,0,1,0,0,0,0,0,0,0,0,0,0,1,1,0.0,0.0,0.0,0.0,1.0,0.0,0.0,1,31,1.0,0.0,1.0,0.13,0.0,0.0,0.0,0.0,1
0,tcp,http,SF,199,2107,0,0,0,0,0,1,0,0,0,0,0,0,0,0,0,0,3,3,0.0,0.0,0.0,0.0,1.0,0.0,0.0,64,255,1.0,0.0,0.02,0.05,0.0,0.01,0.0,0.0,0
0,udp,domain_u,SF,45,75,0,0,0,0,0,0,0,0,0,0,0,0,0,0,0,0,75,155,0.0,0.0,0.0,0.0,1.0,0.0,0.01,255,254,1.0,0.01,0.0,0.0,0.0,0.0,0.0,0.0,0
0,udp,domain_u,SF,30,30,0,0,0,0,0,0,0,0,0,0,0,0,0,0,0,0,1,3,0.0,0.0,0.0,0.0,1.0,0.0,1.0,158,147,0.93,0.01,0.01,0.0,0.0,0.0,0.0,0.0,0
0,tcp,http,SF,222,807,0,0,0,0,0,1,0,0,0,0,0,0,0,0,0,0,3,3,0.0,0.0,0.0,0.0,1.0,0.0,0.0,3,174,1.0,0.0,0.33,0.03,0.0,0.0,0.0,0.0,0
0,tcp,http,SF,323,279,0,0,0,0,0,1,0,0,0,0,0,0,0,0,0,0,2,22,0.0,0.05,0.0,0.0,1.0,0.0,0.18,48,255,1.0,0.0,0.02,0.03,0.0,0.0,0.0,0.0,0
1,tcp,smtp,SF,937,373,0,0,0,0,0,1,0,0,0,0,0,0,0,0,0,0,1,2,0.0,0.0,0.0,0.0,1.0,0.0,1.0,67,240,0.88,0.06,0.01,0.01,0.0,0.0,0.0,0.0,0
0,udp,domain_u,SF,44,110,0,0,0,0,0,0,0,0,0,0,0,0,0,0,0,0,80,160,0.0,0.0,0.0,0.0,1.0,0.0,0.01,255,254,1.0,0.01,0.0,0.0,0.0,0.0,0.0,0.0,0
0,icmp,urp_i,SF,183,0,0,0,0,0,0,0,0,0,0,0,0,0,0,0,0,0,2,1,0.0,0.0,0.0,0.0,0.5,1.0,0.0,255,16,0.06,0.01,0.09,0.0,0.0,0.0,0.0,0.0,0
0,tcp,http,SF,309,1307,0,0,0,0,0,1,0,0,0,0,0,0,0,0,0,0,3,3,0.0,0.0,0.0,0.0,1.0,0.0,0.0,3,255,1.0,0.0,0.33,0.04,0.0,0.0,0.0,0.0,0
0,tcp,http,REJ,0,0,0,0,0,0,0,0,0,0,0,0,0,0,0,0,0,0,1,1,0.0,0.0,1.0,1.0,1.0,0.0,0.0,58,241,1.0,0.0,0.02,0.16,0.0,0.0,1.0,0.93,0
0,tcp,http,SF,331,5541,0,0,0,0,0,1,0,0,0,0,0,0,0,0,0,0,1,26,0.0,0.0,0.0,0.0,1.0,0.0,0.12,15,255,1.0,0.0,0.07,0.06,0.0,0.0,0.0,0.0,0
5,tcp,smtp,SF,1174,369,0,0,0,0,0,1,0,0,0,0,0,0,0,0,0,0,1,2,0.0,0.0,0.0,0.0,1.0,0.0,1.0,130,237,0.98,0.02,0.01,0.01,0.0,0.0,0.0,0.0,0
0,tcp,ftp_data,SF,740,0,0,0,0,0,0,0,0,0,0,0,0,0,0,0,0,0,1,1,0.0,0.0,0.0,0.0,1.0,0.0,0.0,153,34,0.2,0.03,0.2,0.06,0.0,0.0,0.0,0.0,0
0,tcp,ftp_data,SF,334,0,0,0,0,0,0,1,0,0,0,0,0,0,0,0,0,0,1,1,0.0,0.0,0.0,0.0,1.0,0.0,0.0,7,17,1.0,0.0,1.0,0.18,0.0,0.0,0.0,0.0,1
0,tcp,http,SF,227,7571,0,0,0,0,0,1,0,0,0,0,0,0,0,0,0,0,3,25,0.0,0.0,0.0,0.0,1.0,0.0,0.16,148,255,1.0,0.0,0.01,0.01,0.0,0.0,0.0,0.0,0
0,udp,ntp_u,SF,48,48,0,0,0,0,0,0,0,0,0,0,0,0,0,0,0,0,2,2,0.0,0.0,0.0,0.0,1.0,0.0,0.0,131,42,0.32,0.02,0.32,0.0,0.0,0.0,0.0,0.0,0
0,tcp,smtp,SF,125,239,0,0,0,0,0,1,0,0,0,0,0,0,0,0,0,0,2,1,0.0,0.0,0.0,0.0,0.5,1.0,0.0,118,92,0.31,0.6,0.01,0.02,0.0,0.0,0.56,0.0,0
0,tcp,http,S0,0,0,0,0,0,0,0,0,0,0,0,0,0,0,0,0,0,0,2,9,1.0,0.22,0.0,0.0,1.0,0.0,0.33,5,255,1.0,0.0,0.2,0.04,1.0,0.02,0.0,0.0,0
0,tcp,smtp,SF,1372,384,0,0,0,0,0,1,0,0,0,0,0,0,0,0,0,0,1,3,0.0,0.0,0.0,0.0,1.0,0.0,1.0,255,82,0.32,0.05,0.0,0.0,0.33,0.0,0.02,0.0,0
0,tcp,http,SF,289,978,0,0,0,0,0,1,0,0,0,0,0,0,0,0,0,0,6,22,0.0,0.0,0.0,0.0,1.0,0.0,0.09,40,255,1.0,0.0,0.03,0.03,0.0,0.0,0.0,0.0,0
0,tcp,http,SF,312,527,0,0,0,0,0,1,0,0,0,0,0,0,0,0,0,0,7,7,0.0,0.0,0.0,0.0,1.0,0.0,0.0,255,255,1.0,0.0,0.0,0.0,0.0,0.0,0.0,0.0,0
0,tcp,http,SF,217,2032,0,0,0,0,0,1,0,0,0,0,0,0,0,0,0,0,2,42,0.0,0.0,0.0,0.0,1.0,0.0,0.05,55,55,1.0,0.0,0.02,0.0,0.0,0.0,0.0,0.0,0
0,tcp,http,SF,231,9703,0,0,0,0,0,1,0,0,0,0,0,0,0,0,0,0,6,6,0.0,0.0,0.0,0.0,1.0,0.0,0.0,255,255,1.0,0.0,0.01,0.0,0.0,0.0,0.0,0.0,0
0,udp,domain_u,SF,29,0,0,0,0,0,0,0,0,0,0,0,0,0,0,0,0,0,1,2,0.0,0.0,0.0,0.0,1.0,0.0,1.0,30,80,0.13,0.13,0.13,0.04,0.0,0.0,0.0,0.0,0
0,tcp,smtp,SF,1872,366,0,0,0,0,0,1,0,0,0,0,0,0,0,0,0,0,3,4,0.0,0.0,0.0,0.0,0.33,1.0,1.0,70,172,0.74,0.06,0.01,0.02,0.01,0.01,0.0,0.0,0
0,tcp,http,SF,313,3222,0,0,0,0,0,1,0,0,0,0,0,0,0,0,0,0,1,2,0.0,0.0,0.0,0.0,1.0,0.0,1.0,255,253,0.99,0.01,0.0,0.0,0.0,0.0,0.0,0.0,0
0,tcp,http,SF,344,261,0,0,0,0,0,1,0,0,0,0,0,0,0,0,0,0,2,2,0.0,0.0,0.0,0.0,1.0,0.0,0.0,151,255,1.0,0.0,0.01,0.03,0.0,0.0,0.0,0.0,0
0,tcp,http,SF,310,1331,0,0,0,0,0,1,0,0,0,0,0,0,0,0,0,0,6,6,0.0,0.0,0.0,0.0,1.0,0.0,0.0,6,255,1.0,0.0,0.17,0.04,0.0,0.0,0.0,0.0,0
0,tcp,http,REJ,0,0,0,0,0,0,0,0,0,0,0,0,0,0,0,0,0,0,1,1,0.0,0.0,1.0,1.0,1.0,0.0,0.0,7,154,1.0,0.0,0.14,0.21,0.0,0.0,1.0,1.0,0
0,tcp,http,SF,230,2239,0,0,0,0,0,1,0,0,0,0,0,0,0,0,0,0,6,7,0.0,0.0,0.0,0.14,1.0,0.0,0.29,255,249,0.98,0.01,0.0,0.0,0.02,0.02,0.0,0.0,0
0,tcp,http,SF,206,955,0,0,0,0,0,1,0,0,0,0,0,0,0,0,0,0,8,18,0.0,0.0,0.0,0.0,1.0,0.0,0.17,255,255,1.0,0.0,0.0,0.0,0.0,0.0,0.0,0.0,0
0,tcp,ftp_data,SF,334,0,0,0,0,0,0,1,0,0,0,0,0,0,0,0,0,0,2,2,0.0,0.0,0.0,0.0,1.0,0.0,0.0,10,49,1.0,0.0,1.0,0.14,0.0,0.0,0.0,0.0,1
0,tcp,ftp_data,SF,334,0,0,0,0,0,0,1,0,0,0,0,0,0,0,0,0,0,2,2,0.0,0.0,0.0,0.0,1.0,0.0,0.0,2,32,1.0,0.0,1.0,0.16,0.0,0.0,0.0,0.0,1
0,tcp,smtp,SF,1215,340,0,0,0,0,0,1,0,0,0,0,0,0,0,0,0,0,1,1,0.0,0.0,0.0,0.0,1.0,0.0,0.0,161,154,0.65,0.03,0.01,0.01,0.0,0.0,0.0,0.0,0
0,tcp,smtp,SF,1318,335,0,0,0,2,0,1,0,0,0,0,0,0,0,0,0,0,1,1,0.0,0.0,0.0,0.0,1.0,0.0,0.0,17,164,0.94,0.12,0.06,0.01,0.0,0.02,0.0,0.0,0
0,tcp,http,SF,207,5981,0,0,0,0,0,1,0,0,0,0,0,0,0,0,0,0,23,23,0.0,0.0,0.0,0.0,1.0,0.0,0.0,87,255,1.0,0.0,0.01,0.01,0.01,0.0,0.0,0.0,0
0,udp,domain_u,SF,43,43,0,0,0,0,0,0,0,0,0,0,0,0,0,0,0,0,118,117,0.0,0.0,0.0,0.0,0.99,0.02,0.0,255,254,1.0,0.01,0.0,0.0,0.0,0.0,0.0,0.0,0
0,tcp,http,SF,324,431,0,0,0,0,0,1,0,0,0,0,0,0,0,0,0,0,4,5,0.0,0.0,0.0,0.0,1.0,0.0,0.4,107,255,1.0,0.0,0.01,0.02,0.0,0.0,0.0,0.0,0
0,udp,domain_u,SF,32,0,0,0,0,0,0,0,0,0,0,0,0,0,0,0,0,0,2,4,0.0,0.0,0.0,0.0,0.5,1.0,0.75,144,47,0.17,0.03,0.17,0.04,0.0,0.0,0.0,0.0,0
0,tcp,ftp_data,SF,245,0,0,0,0,0,0,0,0,0,0,0,0,0,0,0,0,0,1,2,0.0,0.0,0.0,0.0,1.0,0.0,1.0,50,25,0.04,0.1,0.04,0.08,0.0,0.0,0.0,0.0,0
0,udp,domain_u,SF,46,142,0,0,0,0,0,0,0,0,0,0,0,0,0,0,0,0,91,171,0.0,0.0,0.0,0.0,1.0,0.0,0.01,255,253,0.99,0.01,0.0,0.0,0.0,0.0,0.0,0.0,0
0,tcp,http,SF,299,13833,0,0,0,0,0,1,0,0,0,0,0,0,0,0,0,0,9,9,0.0,0.0,0.11,0.11,1.0,0.0,0.0,9,255,1.0,0.0,0.11,0.04,0.0,0.0,0.11,0.0,0
0,tcp,smtp,SF,1339,325,0,0,0,0,0,1,0,0,0,0,0,0,0,0,0,0,1,1,0.0,0.0,0.0,0.0,1.0,0.0,0.0,32,189,0.69,0.09,0.03,0.01,0.0,0.0,0.0,0.0,0
0,tcp,ftp_data,SF,245,0,0,0,0,0,0,1,0,0,0,1,0,0,0,0,0,0,2,2,0.0,0.0,0.0,0.0,1.0,0.0,0.0,13,2,0.15,0.15,0.15,0.0,0.0,0.0,0.0,0.0,0
0,tcp,http,SF,215,2955,0,0,0,0,0,1,0,0,0,0,0,0,0,0,0,0,1,1,0.0,0.0,0.0,0.0,1.0,0.0,0.0,25,255,1.0,0.0,0.04,0.07,0.0,0.0,0.0,0.0,0
0,tcp,ftp_data,SF,4539,0,0,0,0,0,0,0,0,0,0,0,0,0,0,0,0,0,20,20,0.0,0.0,0.0,0.0,1.0,0.0,0.0,213,65,0.31,0.03,0.31,0.0,0.0,0.0,0.0,0.0,0
12539,tcp,telnet,SF,4075,19525,0,0,0,0,0,1,0,0,0,0,15,0,0,0,0,0,1,1,0.0,0.0,0.0,0.0,1.0,0.0,0.0,33,4,0.12,0.12,0.03,0.0,0.03,0.25,0.0,0.0,0
0,tcp,http,SF,225,1481,0,0,0,0,0,1,0,0,0,0,0,0,0,0,0,0,1,1,0.0,0.0,0.0,0.0,1.0,0.0,0.0,104,255,1.0,0.0,0.01,0.03,0.0,0.0,0.0,0.0,0
0,tcp,http,SF,242,1870,0,0,0,0,0,1,0,0,0,0,0,0,0,0,0,0,8,9,0.12,0.22,0.0,0.0,1.0,0.0,0.22,20,255,1.0,0.0,0.05,0.02,0.05,0.0,0.0,0.0,0
0,tcp,http,SF,251,4014,0,0,0,0,0,1,0,0,0,0,0,0,0,0,0,0,7,7,0.0,0.0,0.0,0.0,1.0,0.0,0.0,227,255,1.0,0.0,0.0,0.01,0.0,0.0,0.0,0.0,0
0,tcp,smtp,SF,732,390,0,0,0,0,0,1,0,0,0,0,0,0,0,0,0,0,1,2,0.0,0.0,0.0,0.0,1.0,0.0,1.0,255,10,0.04,0.9,0.0,0.0,0.89,0.0,0.0,0.0,0
0,tcp,http,SF,208,706,0,0,0,0,0,1,0,0,0,0,0,0,0,0,0,0,28,28,0.0,0.0,0.0,0.0,1.0,0.0,0.0,255,255,1.0,0.0,0.0,0.0,0.0,0.0,0.0,0.0,0
0,tcp,ftp_data,SF,334,0,0,0,0,0,0,1,0,0,0,0,0,0,0,0,0,0,2,2,0.0,0.0,0.0,0.0,1.0,0.0,0.0,8,26,1.0,0.0,1.0,0.15,0.0,0.0,0.0,0.0,1
0,tcp,http,SF,223,7937,0,0,0,0,0,1,0,0,0,0,0,0,0,0,0,0,11,11,0.0,0.0,0.0,0.0,1.0,0.0,0.0,255,255,1.0,0.0,0.0,0.0,0.0,0.0,0.0,0.0,0
0,tcp,smtp,S0,0,0,0,0,0,0,0,0,0,0,0,0,0,0,0,0,0,0,2,2,0.5,0.5,0.0,0.0,1.0,0.0,0.0,165,165,0.67,0.04,0.01,0.01,0.01,0.01,0.0,0.0,0
0,tcp,http,SF,200,4016,0,0,0,0,0,1,0,0,0,0,0,0,0,0,0,0,1,1,0.0,0.0,0.0,0.0,1.0,0.0,0.0,244,244,1.0,0.0,0.0,0.0,0.0,0.0,0.0,0.0,0
0,tcp,http,REJ,0,0,0,0,0,0,0,0,0,0,0,0,0,0,0,0,0,0,2,2,0.0,0.0,1.0,1.0,1.0,0.0,0.0,27,255,1.0,0.0,0.04,0.14,0.0,0.0,0.96,1.0,0
0,tcp,http,SF,203,3419,0,0,0,0,0,1,0,0,0,0,0,0,0,0,0,0,18,36,0.06,0.08,0.0,0.0,1.0,0.0,0.14,18,255,1.0,0.0,0.06,0.07,0.06,0.01,0.0,0.0,0
0,tcp,ftp_data,SF,383,0,0,0,0,0,0,1,0,0,0,0,0,0,0,0,0,0,2,1,0.0,0.0,0.0,0.0,0.5,1.0,0.0,164,47,0.21,0.03,0.21,0.04,0.0,0.0,0.0,0.0,0
0,udp,domain_u,SF,33,0,0,0,0,0,0,0,0,0,0,0,0,0,0,0,0,0,1,2,0.0,0.0,0.0,0.0,1.0,0.0,1.0,67,33,0.13,0.07,0.13,0.06,0.0,0.0,0.0,0.0,0
0,tcp,ftp_data,SF,334,0,0,0,0,0,0,1,0,0,0,0,0,0,0,0,0,0,2,2,0.0,0.0,0.0,0.0,1.0,0.0,0.0,255,68,0.27,0.08,0.32,0.0,0.01,0.01,0.0,0.0,1
0,tcp,http,SF,298,310,0,0,0,0,0,1,0,0,0,0,0,0,0,0,0,0,26,26,0.0,0.0,0.0,0.0,1.0,0.0,0.0,61,255,1.0,0.0,0.02,0.02,0.0,0.0,0.0,0.0,0
0,udp,domain_u,SF,44,126,0,0,0,0,0,0,0,0,0,0,0,0,0,0,0,0,66,146,0.0,0.0,0.0,0.0,1.0,0.0,0.01,255,254,1.0,0.01,0.0,0.0,0.0,0.0,0.0,0.0,0
0,tcp,http,SF,360,3737,0,0,0,0,0,1,0,0,0,0,0,0,0,0,0,0,7,7,0.0,0.0,0.0,0.0,1.0,0.0,0.0,255,255,1.0,0.0,0.0,0.0,0.0,0.0,0.0,0.0,0
0,icmp,eco_i,SF,30,0,0,0,0,0,0,0,0,0,0,0,0,0,0,0,0,0,1,1,0.0,0.0,0.0,0.0,1.0,0.0,0.0,59,131,1.0,0.0,1.0,0.28,0.0,0.0,0.0,0.0,0
0,tcp,http,SF,291,1124,0,0,0,0,0,1,0,0,0,0,0,0,0,0,0,0,7,11,0.0,0.0,0.0,0.0,1.0,0.0,0.27,55,255,1.0,0.0,0.02,0.02,0.0,0.0,0.0,0.0,0
2,tcp,smtp,SF,5925,369,0,0,0,0,0,1,0,0,0,0,0,0,0,0,0,0,1,3,0.0,0.0,0.0,0.0,1.0,0.0,1.0,191,166,0.75,0.03,0.01,0.01,0.0,0.0,0.0,0.0,0
0,tcp,http,SF,219,2918,0,0,0,0,0,1,0,0,0,0,0,0,0,0,0,0,2,2,0.0,0.0,0.0,0.0,1.0,0.0,0.0,14,255,1.0,0.0,0.07,0.04,0.0,0.0,0.0,0.0,0
0,tcp,http,SF,206,2229,0,0,0,0,0,1,0,0,0,0,0,0,0,0,0,0,5,5,0.0,0.0,0.0,0.0,1.0,0.0,0.0,5,255,1.0,0.0,0.2,0.06,0.0,0.0,0.0,0.0,0
0,tcp,http,SF,183,3605,0,0,0,0,0,1,0,0,0,0,0,0,0,0,0,0,4,9,0.0,0.0,0.0,0.0,1.0,0.0,0.22,113,255,1.0,0.0,0.01,0.02,0.0,0.0,0.0,0.0,0
5,tcp,smtp,SF,728,328,0,0,0,0,0,1,0,0,0,0,0,0,0,0,0,0,1,2,0.0,0.0,0.0,0.0,1.0,0.0,1.0,121,192,0.85,0.02,0.01,0.01,0.0,0.0,0.0,0.0,0
0,tcp,http,SF,294,616,0,0,0,0,0,1,0,0,0,0,0,0,0,0,0,0,16,18,0.0,0.0,0.0,0.0,1.0,0.0,0.11,255,255,1.0,0.0,0.0,0.0,0.0,0.0,0.0,0.0,0
0,tcp,http,SF,209,401,0,0,0,0,0,1,0,0,0,0,0,0,0,0,0,0,8,8,0.0,0.0,0.0,0.0,1.0,0.0,0.0,62,255,1.0,0.0,0.02,0.03,0.0,0.0,0.0,0.0,0
0,tcp,http,SF,227,1856,0,0,0,0,0,1,0,0,0,0,0,0,0,0,0,0,10,10,0.0,0.0,0.0,0.0,1.0,0.0,0.0,255,255,1.0,0.0,0.0,0.0,0.0,0.0,0.0,0.0,0
0,tcp,smtp,SF,1274,328,0,0,0,0,0,1,0,0,0,0,0,0,0,0,0,0,1,1,0.0,0.0,0.0,0.0,1.0,0.0,0.0,33,139,0.36,0.15,0.03,0.01,0.0,0.0,0.0,0.0,0
0,tcp,http,SF,329,3276,0,0,0,0,0,1,0,0,0,0,0,0,0,0,0,0,15,16,0.0,0.0,0.0,0.0,1.0,0.0,0.12,255,255,1.0,0.0,0.0,0.0,0.0,0.0,0.0,0.0,0
0,udp,private,SF,105,146,0,0,0,0,0,0,0,0,0,0,0,0,0,0,0,0,5,1,0.0,0.0,0.0,0.0,0.2,0.4,0.0,34,34,1.0,0.0,0.03,0.0,0.0,0.0,0.0,0.0,0
1,tcp,smtp,SF,2454,331,0,0,0,0,0,1,0,0,0,0,0,0,0,0,0,0,1,2,0.0,0.0,0.0,0.0,1.0,0.0,1.0,142,124,0.61,0.02,0.01,0.02,0.0,0.0,0.0,0.0,0
0,tcp,http,SF,212,1854,0,0,0,0,0,1,0,0,0,0,0,0,0,0,0,0,8,12,0.0,0.0,0.0,0.0,1.0,0.0,0.25,8,255,1.0,0.0,0.12,0.03,0.0,0.0,0.0,0.0,0
0,tcp,ftp,SF,1232,2451,0,0,0,28,0,1,0,0,0,0,0,0,0,0,0,1,1,1,0.0,0.0,0.0,0.0,1.0,0.0,0.0,255,122,0.48,0.02,0.0,0.0,0.0,0.0,0.0,0.0,1
0,tcp,smtp,SF,3217,333,0,0,0,0,0,1,0,0,0,0,0,0,0,0,0,0,1,1,0.0,0.0,0.0,0.0,1.0,0.0,0.0,192,142,0.44,0.03,0.01,0.01,0.0,0.0,0.0,0.0,0
0,tcp,http,SF,213,20669,0,0,0,0,0,1,0,0,0,0,0,0,0,0,0,0,1,3,0.0,0.0,0.0,0.0,1.0,0.0,0.67,2,255,1.0,0.0,0.5,0.03,0.0,0.0,0.0,0.0,0
0,tcp,http,SF,296,702,0,0,0,0,0,1,0,0,0,0,0,0,0,0,0,0,15,25,0.0,0.0,0.0,0.0,1.0,0.0,0.2,255,255,1.0,0.0,0.0,0.0,0.0,0.0,0.0,0.0,0
0,udp,domain_u,SF,45,111,0,0,0,0,0,0,0,0,0,0,0,0,0,0,0,0,64,144,0.0,0.0,0.0,0.0,1.0,0.0,0.01,255,231,0.91,0.01,0.0,0.0,0.0,0.0,0.0,0.0,0
0,tcp,ftp_data,SF,334,0,0,0,0,0,0,1,0,0,0,0,0,0,0,0,0,0,2,2,0.0,0.0,0.0,0.0,1.0,0.0,0.0,16,43,1.0,0.0,1.0,0.09,0.0,0.0,0.0,0.0,1
0,tcp,ftp_data,SF,245,0,0,0,0,0,0,1,0,0,0,1,0,0,0,0,0,0,2,2,0.0,0.0,0.0,0.0,1.0,0.0,0.0,2,121,1.0,0.0,1.0,0.02,0.0,0.0,0.0,0.0,0
0,tcp,smtp,SF,1041,330,0,0,0,0,0,1,0,0,0,0,0,0,0,0,0,0,1,1,0.0,0.0,0.0,0.0,1.0,0.0,0.0,82,184,0.72,0.07,0.01,0.01,0.0,0.0,0.0,0.0,0
0,tcp,http,SF,296,732,0,0,0,0,0,1,0,0,0,0,0,0,0,0,0,0,3,4,0.33,0.25,0.0,0.25,1.0,0.0,0.5,255,255,1.0,0.0,0.0,0.0,0.0,0.0,0.0,0.0,0
0,udp,private,SF,105,145,0,0,0,0,0,0,0,0,0,0,0,0,0,0,0,0,1,1,0.0,0.0,0.0,0.0,1.0,0.0,0.0,23,23,1.0,0.0,0.04,0.0,0.0,0.0,0.0,0.0,0
0,tcp,ftp_data,SF,22,0,0,0,0,0,0,1,0,0,0,0,0,0,0,0,0,0,2,2,0.0,0.0,0.0,0.0,1.0,0.0,0.0,103,14,0.08,0.05,0.08,0.14,0.01,0.0,0.0,0.0,0
1,tcp,ftp,SF,1238,2449,0,0,0,28,0,1,0,0,0,0,0,0,0,0,0,1,1,1,0.0,0.0,0.0,0.0,1.0,0.0,0.0,251,79,0.31,0.02,0.0,0.0,0.0,0.0,0.01,0.0,1
0,udp,domain_u,SF,46,73,0,0,0,0,0,0,0,0,0,0,0,0,0,0,0,0,168,168,0.0,0.0,0.0,0.0,1.0,0.0,0.0,255,254,1.0,0.01,0.0,0.0,0.0,0.0,0.0,0.0,0
0,tcp,auth,SF,14,41,0,0,0,0,0,0,0,0,0,0,0,0,0,0,0,0,1,1,0.0,0.0,0.0,0.0,1.0,0.0,0.0,48,5,0.08,0.08,0.02,0.4,0.0,0.0,0.0,0.0,0
0,udp,domain_u,SF,44,73,0,0,0,0,0,0,0,0,0,0,0,0,0,0,0,0,148,147,0.0,0.0,0.0,0.0,0.99,0.01,0.0,255,254,1.0,0.01,0.01,0.0,0.0,0.0,0.0,0.0,0
1,tcp,ftp,SF,1238,2451,0,0,0,28,0,1,0,0,0,0,0,0,0,0,0,1,1,1,0.0,0.0,0.0,0.0,1.0,0.0,0.0,255,107,0.42,0.02,0.0,0.0,0.0,0.0,0.0,0.0,1
0,tcp,http,SF,344,7333,0,0,0,0,0,1,0,0,0,0,0,0,0,0,0,0,10,10,0.0,0.0,0.0,0.0,1.0,0.0,0.0,255,255,1.0,0.0,0.0,0.0,0.01,0.01,0.0,0.0,0
0,tcp,ftp_data,SF,192,0,0,0,0,0,0,1,0,0,0,0,0,0,0,0,0,0,1,1,0.0,0.0,0.0,0.0,1.0,0.0,0.0,182,74,0.27,0.02,0.27,0.03,0.0,0.0,0.01,0.0,0
0,tcp,http,SF,214,1281,0,0,0,0,0,1,0,0,0,0,0,0,0,0,0,0,19,19,0.0,0.0,0.0,0.0,1.0,0.0,0.0,255,255,1.0,0.0,0.0,0.0,0.0,0.0,0.0,0.0,0
0,tcp,http,REJ,0,0,0,0,0,0,0,0,0,0,0,0,0,0,0,0,0,0,1,1,0.0,0.0,1.0,1.0,1.0,0.0,0.0,1,253,1.0,0.0,1.0,0.15,0.0,0.0,1.0,0.57,0
0,tcp,http,SF,219,4823,0,0,0,0,0,1,0,0,0,0,0,0,0,0,0,0,3,3,0.0,0.0,0.0,0.0,1.0,0.0,0.0,3,255,1.0,0.0,0.33,0.02,0.0,0.01,0.0,0.0,0
0,tcp,http,SF,321,1374,0,0,0,0,0,1,0,0,0,0,0,0,0,0,0,0,2,2,0.0,0.0,0.0,0.0,1.0,0.0,0.0,255,255,1.0,0.0,0.0,0.0,0.0,0.0,0.0,0.0,0
0,tcp,telnet,RSTO,126,179,0,0,0,1,1,0,0,0,0,0,0,0,0,0,0,0,2,2,0.0,0.0,1.0,1.0,1.0,0.0,0.0,35,35,1.0,0.0,0.03,0.0,0.06,0.06,0.94,0.94,1
2,tcp,ftp_data,SF,2194619,0,0,0,0,0,0,1,0,0,0,0,0,0,0,0,0,0,1,1,0.0,0.0,0.0,0.0,1.0,0.0,0.0,144,25,0.17,0.03,0.17,0.0,0.0,0.0,0.0,0.0,0
1014,udp,other,SF,145,105,0,0,0,0,0,0,0,0,0,0,0,0,0,0,0,0,3,1,0.0,0.0,0.0,0.0,0.33,0.67,0.0,255,2,0.01,0.33,0.75,0.0,0.0,0.0,0.0,0.0,0
0,tcp,http,SF,247,3040,0,0,0,0,0,1,0,0,0,0,0,0,0,0,0,0,1,1,0.0,0.0,0.0,0.0,1.0,0.0,0.0,27,255,1.0,0.0,0.04,0.02,0.0,0.0,0.0,0.0,0
0,tcp,ftp_data,SF,334,0,0,0,0,0,0,1,0,0,0,0,0,0,0,0,0,0,2,2,0.0,0.0,0.0,0.0,1.0,0.0,0.0,8,20,1.0,0.0,1.0,0.1,0.0,0.0,0.0,0.0,1
0,tcp,http,SF,203,314,0,0,0,0,0,1,0,0,0,0,0,0,0,0,0,0,29,31,0.0,0.0,0.0,0.0,1.0,0.0,0.1,255,255,1.0,0.0,0.0,0.0,0.0,0.0,0.0,0.0,0
0,tcp,http,S0,0,0,0,0,0,0,0,0,0,0,0,0,0,0,0,0,0,0,2,2,0.5,0.5,0.0,0.0,1.0,0.0,0.0,50,255,1.0,0.0,0.04,0.02,0.02,0.01,0.0,0.0,0
0,tcp,http,SF,215,1623,0,0,0,0,0,1,0,0,0,0,0,0,0,0,0,0,13,15,0.0,0.0,0.0,0.0,1.0,0.0,0.13,76,255,1.0,0.0,0.01,0.04,0.0,0.0,0.0,0.0,0
0,tcp,smtp,SF,1022,331,0,0,0,0,0,1,0,0,0,0,1,0,0,0,0,0,1,2,0.0,0.0,0.0,0.0,1.0,0.0,1.0,231,178,0.7,0.02,0.0,0.01,0.0,0.01,0.0,0.0,0
4,tcp,ftp,SF,60,190,0,0,0,0,1,0,0,0,0,0,0,0,0,0,0,0,1,1,0.0,0.0,0.0,0.0,1.0,0.0,0.0,26,6,0.23,0.12,0.04,0.0,0.0,0.0,0.0,0.0,0
0,tcp,http,SF,243,274,0,0,0,0,0,1,0,0,0,0,0,0,0,0,0,0,8,8,0.0,0.0,0.0,0.0,1.0,0.0,0.0,255,255,1.0,0.0,0.0,0.0,0.0,0.0,0.0,0.0,0
0,tcp,http,SF,288,1309,0,0,0,0,0,1,0,0,0,0,0,0,0,0,0,0,2,2,0.0,0.0,0.0,0.0,1.0,0.0,0.0,196,255,1.0,0.0,0.01,0.01,0.0,0.0,0.0,0.0,0
0,tcp,http,SF,247,700,0,0,0,0,0,1,0,0,0,0,0,0,0,0,0,0,21,21,0.0,0.0,0.0,0.0,1.0,0.0,0.0,255,255,1.0,0.0,0.0,0.0,0.0,0.0,0.0,0.0,0
0,tcp,http,SF,234,1645,0,0,0,0,0,1,0,0,0,0,0,0,0,0,0,0,5,22,0.0,0.0,0.0,0.0,1.0,0.0,0.09,255,255,1.0,0.0,0.0,0.0,0.0,0.0,0.0,0.0,0
0,tcp,ftp_data,SF,246,0,0,0,0,0,0,1,0,0,0,0,0,0,0,0,0,0,2,1,0.0,0.0,0.0,0.0,0.5,1.0,0.0,255,83,0.33,0.07,0.35,0.0,0.02,0.05,0.0,0.0,1
0,tcp,http,SF,237,7262,0,0,0,0,0,1,0,0,0,0,0,0,0,0,0,0,1,6,0.0,0.0,0.0,0.0,1.0,0.0,0.33,22,255,1.0,0.0,0.05,0.02,0.0,0.0,0.0,0.0,0
0,udp,domain_u,SF,45,81,0,0,0,0,0,0,0,0,0,0,0,0,0,0,0,0,109,110,0.0,0.0,0.0,0.0,1.0,0.0,0.02,255,253,0.99,0.01,0.0,0.0,0.0,0.0,0.0,0.0,0
21,tcp,ftp,SF,241,774,0,0,0,4,0,1,0,0,0,0,0,0,0,0,0,1,1,1,0.0,0.0,0.0,0.0,1.0,0.0,0.0,159,33,0.21,0.04,0.01,0.0,0.0,0.0,0.01,0.03,0
0,tcp,http,SF,302,2535,0,0,0,0,0,1,0,0,0,0,0,0,0,0,0,0,5,6,0.0,0.0,0.0,0.0,1.0,0.0,0.33,14,255,1.0,0.0,0.07,0.02,0.0,0.0,0.0,0.0,0
0,tcp,http,SF,271,389,0,0,0,0,0,1,0,0,0,0,0,0,0,0,0,0,1,1,0.0,0.0,0.0,0.0,1.0,0.0,0.0,234,255,1.0,0.0,0.0,0.01,0.02,0.02,0.0,0.0,0
29,tcp,ftp,SF,336,1063,0,0,0,6,0,1,0,0,0,0,0,0,0,0,0,1,1,1,0.0,0.0,0.0,0.0,1.0,0.0,0.0,213,58,0.27,0.02,0.01,0.0,0.0,0.0,0.0,0.0,0
0,tcp,http,SF,298,1453,0,0,0,0,0,1,0,0,0,0,0,0,0,0,0,0,12,12,0.0,0.0,0.0,0.0,1.0,0.0,0.0,31,255,1.0,0.0,0.03,0.03,0.0,0.0,0.0,0.0,0
0,tcp,http,S1,216,26280,0,0,0,0,0,1,0,0,0,0,0,0,0,0,0,0,2,2,0.5,0.5,0.0,0.0,1.0,0.0,0.0,2,255,1.0,0.0,0.5,0.03,0.5,0.01,0.0,0.0,0
0,tcp,ftp_data,SF,20658,0,0,0,0,0,0,0,0,0,0,0,0,0,0,0,0,0,1,1,0.0,0.0,0.0,0.0,1.0,0.0,0.0,140,39,0.28,0.04,0.28,0.0,0.0,0.0,0.0,0.0,0
0,udp,private,SF,105,147,0,0,0,0,0,0,0,0,0,0,0,0,0,0,0,0,4,1,0.0,0.0,0.0,0.0,0.25,0.5,0.0,255,246,0.96,0.01,0.0,0.0,0.0,0.0,0.0,0.0,0
0,tcp,http,SF,275,4049,0,0,0,0,0,1,0,0,0,0,0,0,0,0,0,0,1,1,0.0,0.0,0.0,0.0,1.0,0.0,0.0,143,255,1.0,0.0,0.01,0.03,0.01,0.01,0.01,0.0,0
0,tcp,ftp_data,SF,305,0,0,0,0,0,0,1,0,0,0,2,0,0,0,0,0,0,1,1,0.0,0.0,0.0,0.0,1.0,0.0,0.0,29,103,0.83,0.07,0.83,0.03,0.0,0.0,0.0,0.0,0
0,tcp,http,SF,253,6359,0,0,0,0,0,1,0,0,0,0,0,0,0,0,0,0,6,6,0.0,0.0,0.0,0.0,1.0,0.0,0.0,29,156,1.0,0.0,0.03,0.07,0.03,0.01,0.0,0.0,0
0,tcp,ftp_data,SF,334,0,0,0,0,0,0,1,0,0,0,0,0,0,0,0,0,0,1,1,0.0,0.0,0.0,0.0,1.0,0.0,0.0,5,23,1.0,0.0,1.0,0.22,0.0,0.0,0.0,0.0,1
2,tcp,smtp,SF,11378,1474,0,0,0,0,0,1,0,0,0,0,0,0,0,0,0,0,1,2,0.0,0.5,0.0,0.0,1.0,0.0,1.0,117,192,0.73,0.03,0.01,0.01,0.0,0.01,0.0,0.0,0
0,tcp,http,SF,218,495,0,0,0,0,0,1,0,0,0,0,0,0,0,0,0,0,4,13,0.0,0.0,0.0,0.0,1.0,0.0,0.15,19,255,1.0,0.0,0.05,0.01,0.0,0.0,0.0,0.0,0
0,udp,domain_u,SF,44,113,0,0,0,0,0,0,0,0,0,0,0,0,0,0,0,0,1,3,0.0,0.0,0.0,0.0,1.0,0.0,0.67,255,234,0.92,0.01,0.0,0.0,0.0,0.0,0.02,0.0,0
5,tcp,auth,SF,14,37,0,0,0,0,0,0,0,0,0,0,0,0,0,0,0,0,1,1,0.0,0.0,0.0,0.0,1.0,0.0,0.0,253,15,0.06,0.06,0.01,0.0,0.0,0.0,0.0,0.0,0
1,tcp,smtp,SF,1193,281,0,0,0,0,0,1,0,0,0,0,0,0,0,0,0,0,1,1,0.0,0.0,0.0,0.0,1.0,0.0,0.0,192,121,0.45,0.04,0.01,0.02,0.0,0.0,0.01,0.0,0
0,tcp,http,SF,320,15650,0,0,0,0,0,1,0,0,0,0,0,0,0,0,0,0,15,15,0.0,0.0,0.0,0.0,1.0,0.0,0.0,255,255,1.0,0.0,0.0,0.0,0.0,0.0,0.0,0.0,0
0,tcp,ftp,SF,1231,2451,0,0,0,28,0,1,0,0,0,0,0,0,0,0,0,1,1,1,0.0,0.0,0.0,0.0,1.0,0.0,0.0,255,90,0.35,0.02,0.0,0.0,0.0,0.0,0.01,0.0,1
0,tcp,http,SF,206,343,0,0,0,0,0,1,0,0,0,0,0,0,0,0,0,0,1,1,0.0,0.0,0.0,0.0,1.0,0.0,0.0,82,255,1.0,0.0,0.01,0.01,0.0,0.01,0.0,0.0,0
0,tcp,http,SF,199,30328,0,0,0,0,0,1,0,0,0,0,0,0,0,0,0,0,2,2,0.0,0.0,0.0,0.0,1.0,0.0,0.0,255,255,1.0,0.0,0.0,0.0,0.0,0.0,0.0,0.0,0
0,icmp,urh_i,SF,36,0,0,0,0,0,0,0,0,0,0,0,0,0,0,0,0,0,1,1,0.0,0.0,0.0,0.0,1.0,0.0,0.0,124,39,0.31,0.06,0.31,0.0,0.0,0.0,0.0,0.0,0
0,udp,domain_u,SF,44,70,0,0,0,0,0,0,0,0,0,0,0,0,0,0,0,0,298,298,0.0,0.0,0.0,0.0,1.0,0.0,0.0,255,215,0.84,0.01,0.0,0.0,0.0,0.0,0.0,0.0,0
0,tcp,http,SF,219,718,0,0,0,0,0,1,0,0,0,0,0,0,0,0,0,0,2,2,0.0,0.0,0.0,0.0,1.0,0.0,0.0,255,255,1.0,0.0,0.0,0.0,0.0,0.0,0.0,0.0,0
0,tcp,ftp_data,SF,3888,0,0,0,0,0,0,1,0,0,0,0,0,0,0,0,0,0,9,9,0.0,0.0,0.0,0.0,1.0,0.0,0.0,134,45,0.31,0.04,0.31,0.04,0.01,0.0,0.0,0.0,0
0,tcp,http,SF,282,821,0,0,0,0,0,1,0,0,0,0,0,0,0,0,0,0,4,27,0.0,0.0,0.0,0.0,1.0,0.0,0.11,4,255,1.0,0.0,0.25,0.06,0.0,0.0,0.0,0.0,0
0,tcp,smtp,SF,2689,328,0,0,0,0,0,1,0,0,0,0,0,0,0,0,0,0,1,1,0.0,0.0,0.0,0.0,1.0,0.0,0.0,121,80,0.66,0.05,0.01,0.0,0.0,0.0,0.0,0.0,0
0,tcp,ftp_data,SF,334,0,0,0,0,0,0,1,0,0,0,0,0,0,0,0,0,0,2,2,0.0,0.0,0.0,0.0,1.0,0.0,0.0,6,32,1.0,0.0,1.0,0.19,0.0,0.0,0.0,0.0,1
0,tcp,http,SF,275,1586,0,0,0,0,0,1,0,0,0,0,0,0,0,0,0,0,6,7,0.0,0.0,0.0,0.0,1.0,0.0,0.29,28,255,1.0,0.0,0.04,0.01,0.0,0.0,0.0,0.0,0
356,udp,other,SF,147,105,0,0,0,0,0,0,0,0,0,0,0,0,0,0,0,0,1,1,0.0,0.0,0.0,0.0,1.0,0.0,0.0,255,2,0.01,0.58,0.92,0.0,0.0,0.0,0.0,0.0,0
0,tcp,http,SF,316,2345,0,0,0,0,0,1,0,0,0,0,0,0,0,0,0,0,1,29,0.0,0.03,0.0,0.0,1.0,0.0,0.07,1,255,1.0,0.0,1.0,0.04,0.0,0.01,0.0,0.0,0
0,tcp,http,SF,208,1416,0,0,0,0,0,1,0,0,0,0,0,0,0,0,0,0,27,27,0.0,0.0,0.0,0.0,1.0,0.0,0.0,110,255,1.0,0.0,0.01,0.04,0.0,0.0,0.0,0.0,0
0,tcp,http,SF,297,2239,0,0,0,0,0,1,0,0,0,0,0,0,0,0,0,0,5,5,0.0,0.0,0.0,0.0,1.0,0.0,0.0,255,254,1.0,0.01,0.0,0.0,0.0,0.0,0.0,0.0,0
0,udp,domain_u,SF,43,71,0,0,0,0,0,0,0,0,0,0,0,0,0,0,0,0,138,138,0.0,0.0,0.0,0.0,1.0,0.0,0.0,255,254,1.0,0.01,0.0,0.0,0.0,0.0,0.0,0.0,0
0,tcp,ftp_data,SF,0,5696,0,0,0,0,0,1,0,0,0,0,0,0,0,0,0,0,1,1,0.0,0.0,0.0,0.0,1.0,0.0,0.0,1,39,1.0,0.0,1.0,0.05,0.0,0.0,0.0,0.0,0
0,udp,domain_u,SF,44,136,0,0,0,0,0,0,0,0,0,0,0,0,0,0,0,0,178,177,0.0,0.0,0.0,0.0,0.99,0.01,0.0,67,34,0.51,0.03,0.01,0.0,0.0,0.0,0.0,0.0,0
0,icmp,eco_i,SF,30,0,0,0,0,0,0,0,0,0,0,0,0,0,0,0,0,0,1,1,0.0,0.0,0.0,0.0,1.0,0.0,0.0,53,131,1.0,0.0,1.0,0.31,0.0,0.0,0.0,0.0,0
16,udp,domain_u,SF,93,34,0,0,0,0,0,0,0,0,0,0,0,0,0,0,0,0,1,1,0.0,0.0,0.0,0.0,1.0,0.0,0.0,206,139,0.67,0.01,0.67,0.0,0.0,0.0,0.0,0.0,0
0,tcp,telnet,S1,539,44731,0,0,0,0,0,0,0,0,0,0,0,0,0,0,0,0,1,1,1.0,1.0,0.0,0.0,1.0,0.0,0.0,1,3,1.0,0.0,1.0,1.0,1.0,0.33,0.0,0.0,0
0,tcp,ftp_data,SF,12,0,0,0,0,0,0,1,0,0,0,0,0,0,0,0,0,0,1,3,0.0,0.0,0.0,0.0,1.0,0.0,0.67,18,65,0.22,0.17,0.22,0.03,0.0,0.0,0.0,0.0,0
0,tcp,http,SF,255,1659,0,0,0,0,0,1,0,0,0,0,0,0,0,0,0,0,3,6,0.0,0.0,0.0,0.0,1.0,0.0,0.67,3,255,1.0,0.0,0.33,0.02,0.0,0.0,0.0,0.0,0
5990,udp,other,SF,146,105,0,0,0,0,0,0,0,0,0,0,0,0,0,0,0,0,1,1,0.0,0.0,0.0,0.0,1.0,0.0,0.0,255,1,0.0,0.62,0.88,0.0,0.0,0.0,0.0,0.0,0
0,tcp,http,REJ,0,0,0,0,0,0,0,0,0,0,0,0,0,0,0,0,0,0,1,1,0.0,0.0,1.0,1.0,1.0,0.0,0.0,5,255,1.0,0.0,0.2,0.21,0.0,0.0,1.0,1.0,0
0,tcp,http,REJ,0,0,0,0,0,0,0,0,0,0,0,0,0,0,0,0,0,0,1,1,0.0,0.0,1.0,1.0,1.0,0.0,0.0,38,229,1.0,0.0,0.03,0.13,0.0,0.0,1.0,0.93,0
0,udp,domain_u,SF,45,136,0,0,0,0,0,0,0,0,0,0,0,0,0,0,0,0,67,147,0.0,0.0,0.0,0.0,1.0,0.0,0.01,255,238,0.93,0.02,0.0,0.0,0.0,0.0,0.0,0.0,0
15161,tcp,ftp,SF,370,1208,0,0,0,6,0,1,0,0,0,0,0,0,0,0,0,1,1,1,0.0,0.0,0.0,0.0,1.0,0.0,0.0,255,1,0.0,0.02,0.0,0.0,0.22,0.0,0.0,0.0,1
0,tcp,ftp,SF,1234,2451,0,0,0,28,0,1,0,0,0,0,0,0,0,0,0,1,1,1,0.0,0.0,0.0,0.0,1.0,0.0,0.0,255,105,0.41,0.02,0.0,0.0,0.0,0.0,0.0,0.0,1
0,tcp,ftp_data,SF,334,0,0,0,0,0,0,1,0,0,0,0,0,0,0,0,0,0,2,2,0.0,0.0,0.0,0.0,1.0,0.0,0.0,14,41,1.0,0.0,1.0,0.1,0.0,0.0,0.0,0.0,1
0,tcp,http,SF,208,81172,0,0,0,0,0,1,0,0,0,0,0,0,0,0,0,0,4,4,0.0,0.0,0.0,0.0,1.0,0.0,0.0,4,255,1.0,0.0,0.25,0.05,0.0,0.0,0.0,0.0,0
0,tcp,smtp,SF,1406,333,0,0,0,0,0,1,0,0,0,0,0,0,0,0,0,0,1,1,0.0,0.0,0.0,0.0,1.0,0.0,0.0,128,126,0.59,0.06,0.01,0.02,0.01,0.0,0.0,0.0,0
1,tcp,ftp,SF,1176,2447,0,0,0,28,0,1,0,0,0,0,0,0,0,0,0,1,1,1,0.0,0.0,0.0,0.0,1.0,0.0,0.0,255,57,0.22,0.02,0.0,0.0,0.0,0.0,0.0,0.0,1
0,icmp,eco_i,SF,30,0,0,0,0,0,0,0,0,0,0,0,0,0,0,0,0,0,1,1,0.0,0.0,0.0,0.0,1.0,0.0,0.0,90,131,1.0,0.0,1.0,0.17,0.0,0.0,0.0,0.0,0
0,tcp,http,SF,250,1471,0,0,0,0,0,1,0,0,0,0,0,0,0,0,0,0,6,6,0.0,0.0,0.0,0.0,1.0,0.0,0.0,104,255,1.0,0.0,0.01,0.01,0.0,0.0,0.0,0.0,0
0,tcp,ftp_data,SF,334,0,0,0,0,0,0,1,0,0,0,0,0,0,0,0,0,0,2,2,0.0,0.0,0.0,0.0,1.0,0.0,0.0,6,14,1.0,0.0,1.0,0.21,0.0,0.0,0.0,0.0,1
0,tcp,http,SF,350,3098,0,0,0,0,0,1,0,0,0,0,0,0,0,0,0,0,28,47,0.0,0.0,0.0,0.0,1.0,0.0,0.09,108,255,1.0,0.0,0.01,0.01,0.01,0.0,0.0,0.01,0
0,tcp,http,REJ,0,0,0,0,0,0,0,0,0,0,0,0,0,0,0,0,0,0,1,1,0.0,0.0,1.0,1.0,1.0,0.0,0.0,94,80,0.85,0.04,0.01,0.0,0.0,0.0,0.85,1.0,0
3,tcp,smtp,SF,2613,373,0,0,0,0,0,1,0,0,0,0,0,0,0,0,0,0,1,1,0.0,0.0,0.0,0.0,1.0,0.0,0.0,94,190,0.59,0.06,0.01,0.01,0.0,0.01,0.0,0.0,0
0,tcp,smtp,SF,641,334,0,0,0,0,0,1,0,0,0,0,0,0,0,0,0,0,1,1,0.0,0.0,0.0,0.0,1.0,0.0,0.0,145,163,0.54,0.05,0.01,0.01,0.0,0.0,0.0,0.0,0
0,udp,private,SF,105,146,0,0,0,0,0,0,0,0,0,0,0,0,0,0,0,0,1,1,0.0,0.0,0.0,0.0,1.0,0.0,0.0,62,58,0.94,0.03,0.02,0.0,0.0,0.0,0.0,0.0,0
0,tcp,ftp,SF,1230,2449,0,0,0,28,0,1,0,0,0,0,0,0,0,0,0,1,1,1,0.0,0.0,0.0,0.0,1.0,0.0,0.0,173,1,0.01,0.03,0.01,0.0,0.01,0.0,0.01,0.0,1
0,tcp,http,SF,253,5372,0,0,0,0,0,1,0,0,0,0,0,0,0,0,0,0,1,1,0.0,0.0,0.0,0.0,1.0,0.0,0.0,3,3,1.0,0.0,0.33,0.0,0.0,0.0,0.0,0.0,0
0,tcp,http,SF,219,1357,0,0,0,0,0,1,0,0,0,0,0,0,0,0,0,0,10,17,0.0,0.0,0.0,0.0,1.0,0.0,0.18,13,255,1.0,0.0,0.08,0.02,0.0,0.0,0.0,0.0,0
0,tcp,finger,SF,9,223,0,0,0,0,0,0,0,0,0,0,0,0,0,0,0,0,1,1,0.0,0.0,0.0,0.0,1.0,0.0,0.0,104,7,0.03,0.11,0.01,0.29,0.01,0.0,0.0,0.0,0
0,tcp,ftp_data,SF,334,0,0,0,0,0,0,1,0,0,0,0,0,0,0,0,0,0,2,2,0.0,0.0,0.0,0.0,1.0,0.0,0.0,6,48,1.0,0.0,1.0,0.15,0.0,0.0,0.0,0.0,1
0,udp,domain_u,SF,44,113,0,0,0,0,0,0,0,0,0,0,0,0,0,0,0,0,1,2,0.0,0.0,0.0,0.0,1.0,0.0,1.0,32,29,0.91,0.06,0.03,0.0,0.0,0.0,0.0,0.0,0
0,tcp,http,SF,296,715,0,0,0,0,0,1,0,0,0,0,0,0,0,0,0,0,10,10,0.0,0.0,0.0,0.0,1.0,0.0,0.0,214,255,1.0,0.0,0.0,0.01,0.0,0.0,0.0,0.0,0
5044,tcp,ftp_data,SF,5131424,0,0,0,0,1,0,1,0,0,0,0,0,0,0,0,0,0,1,1,0.0,0.0,0.0,0.0,1.0,0.0,0.0,6,39,1.0,0.0,1.0,0.13,0.0,0.0,0.0,0.0,1
0,tcp,http,SF,221,4624,0,0,0,0,0,1,0,0,0,0,0,0,0,0,0,0,13,13,0.0,0.0,0.0,0.0,1.0,0.0,0.0,255,255,1.0,0.0,0.0,0.0,0.0,0.0,0.0,0.0,0
2,tcp,ftp,SF,1239,2449,0,0,0,28,0,1,0,0,0,0,0,0,0,0,0,1,1,1,0.0,0.0,0.0,0.0,1.0,0.0,0.0,203,31,0.15,0.02,0.0,0.0,0.0,0.0,0.01,0.0,1
0,tcp,http,SF,324,3198,0,0,0,0,0,1,0,0,0,0,0,0,0,0,0,0,2,32,0.0,0.0,0.0,0.0,1.0,0.0,0.09,141,255,1.0,0.0,0.01,0.02,0.0,0.0,0.0,0.0,0
0,tcp,http,REJ,0,0,0,0,0,0,0,0,0,0,0,0,0,0,0,0,0,0,1,1,0.0,0.0,1.0,1.0,1.0,0.0,0.0,37,255,1.0,0.0,0.03,0.13,0.0,0.0,0.51,0.82,0
0,tcp,http,SF,233,1645,0,0,0,0,0,1,0,0,0,0,0,0,0,0,0,0,4,4,0.0,0.0,0.0,0.0,1.0,0.0,0.0,203,255,1.0,0.0,0.0,0.01,0.0,0.0,0.03,0.03,0
0,tcp,ftp_data,SF,334,0,0,0,0,0,0,1,0,0,0,0,0,0,0,0,0,0,1,1,0.0,0.0,0.0,0.0,1.0,0.0,0.0,3,44,1.0,0.0,1.0,0.16,0.0,0.0,0.0,0.0,1
0,tcp,http,SF,221,6553,0,0,0,0,0,1,0,0,0,0,0,0,0,0,0,0,2,2,0.0,0.0,0.0,0.0,1.0,0.0,0.0,9,255,1.0,0.0,0.11,0.06,0.0,0.0,0.0,0.0,0
0,tcp,ftp_data,S3,12984,0,0,0,0,0,0,1,0,0,0,0,0,0,0,0,0,0,2,2,0.5,0.5,0.0,0.0,1.0,0.0,0.0,191,47,0.1,0.06,0.14,0.04,0.03,0.06,0.0,0.0,0
0,tcp,http,SF,263,13332,0,0,0,0,0,1,0,0,0,0,0,0,1,0,0,0,3,4,0.0,0.0,0.0,0.0,1.0,0.0,0.5,255,245,0.96,0.02,0.0,0.0,0.0,0.0,0.0,0.0,0
0,tcp,ftp_data,SF,334,0,0,0,0,0,0,1,0,0,0,0,0,0,0,0,0,0,2,2,0.0,0.0,0.0,0.0,1.0,0.0,0.0,8,49,1.0,0.0,1.0,0.14,0.0,0.0,0.0,0.0,1
0,tcp,http,SF,178,8541,0,0,0,0,0,1,0,0,0,0,0,0,0,0,0,0,1,1,0.0,0.0,0.0,0.0,1.0,0.0,0.0,255,211,0.83,0.02,0.0,0.0,0.0,0.0,0.0,0.0,0
0,tcp,http,SF,208,655,0,0,0,0,0,1,0,0,0,0,0,0,0,0,0,0,49,55,0.0,0.0,0.0,0.0,1.0,0.0,0.05,255,255,1.0,0.0,0.0,0.0,0.0,0.0,0.0,0.0,0
0,tcp,http,SF,327,1738,0,0,0,0,0,1,0,0,0,0,0,0,0,0,0,0,32,32,0.0,0.0,0.0,0.0,1.0,0.0,0.0,87,255,1.0,0.0,0.01,0.03,0.0,0.0,0.0,0.0,0
279,tcp,telnet,SF,193,5725,0,0,0,0,0,1,2,0,0,0,0,0,0,0,0,0,1,1,0.0,0.0,0.0,0.0,1.0,0.0,0.0,255,64,0.25,0.02,0.0,0.0,0.8,0.94,0.0,0.0,0
0,tcp,http,SF,353,1408,0,0,0,0,0,1,0,0,0,0,0,0,0,0,0,0,4,10,0.0,0.0,0.0,0.0,1.0,0.0,0.3,255,255,1.0,0.0,0.0,0.0,0.0,0.0,0.0,0.0,0
0,tcp,ftp_data,SF,383,0,0,0,0,0,0,1,0,0,0,0,0,0,0,0,0,0,2,2,0.0,0.0,0.0,0.0,1.0,0.0,0.0,95,93,0.09,0.05,0.09,0.02,0.0,0.0,0.03,0.0,0
0,udp,domain_u,SF,45,45,0,0,0,0,0,0,0,0,0,0,0,0,0,0,0,0,6,15,0.0,0.0,0.0,0.0,1.0,0.0,0.13,39,37,0.95,0.05,0.05,0.0,0.0,0.0,0.0,0.0,0
0,tcp,http,SF,233,11470,0,0,0,0,0,1,0,0,0,0,0,0,0,0,0,0,2,2,0.0,0.0,0.0,0.0,1.0,0.0,0.0,20,255,1.0,0.0,0.05,0.05,0.0,0.01,0.0,0.0,0
0,tcp,http,SF,333,3679,0,0,0,0,0,1,0,0,0,0,0,0,0,0,0,0,20,20,0.0,0.0,0.0,0.0,1.0,0.0,0.0,190,255,1.0,0.0,0.01,0.02,0.0,0.0,0.0,0.0,0
0,tcp,http,SF,213,4556,0,0,0,0,0,1,0,0,0,0,0,0,0,0,0,0,1,12,0.0,0.0,0.0,0.0,1.0,0.0,0.25,249,255,1.0,0.0,0.0,0.01,0.0,0.0,0.0,0.0,0
0,tcp,http,SF,313,5294,0,0,0,0,0,1,0,0,0,0,0,0,0,0,0,0,4,4,0.0,0.0,0.0,0.0,1.0,0.0,0.0,42,255,1.0,0.0,0.02,0.03,0.0,0.0,0.0,0.0,0
0,tcp,http,SF,236,1112,0,0,0,0,0,1,0,0,0,0,0,0,0,0,0,0,10,11,0.0,0.0,0.0,0.0,1.0,0.0,0.18,215,255,1.0,0.0,0.0,0.01,0.0,0.0,0.0,0.0,0
3,tcp,ftp_data,SF,2194619,0,0,0,0,0,0,1,0,0,0,0,0,0,0,0,0,0,2,2,0.0,0.0,0.0,0.0,1.0,0.0,0.0,167,50,0.23,0.03,0.23,0.04,0.0,0.0,0.0,0.0,0
0,udp,domain_u,SF,44,128,0,0,0,0,0,0,0,0,0,0,0,0,0,0,0,0,313,312,0.0,0.0,0.0,0.0,1.0,0.01,0.0,255,251,0.98,0.01,0.0,0.0,0.0,0.0,0.0,0.0,0
0,tcp,http,SF,322,4902,0,0,0,0,0,1,0,0,0,0,0,0,0,0,0,0,1,10,0.0,0.0,0.0,0.0,1.0,0.0,0.3,11,255,1.0,0.0,0.09,0.03,0.0,0.0,0.0,0.0,0
0,tcp,http,SF,202,1263,0,0,0,0,0,1,0,0,0,0,0,0,0,0,0,0,1,2,0.0,0.0,0.0,0.0,1.0,0.0,1.0,255,255,1.0,0.0,0.0,0.0,0.0,0.0,0.0,0.0,0
0,udp,domain_u,SF,46,100,0,0,0,0,0,0,0,0,0,0,0,0,0,0,0,0,189,188,0.0,0.0,0.0,0.0,0.99,0.01,0.0,255,254,1.0,0.01,0.0,0.0,0.0,0.0,0.0,0.0,0
0,tcp,http,SF,226,1301,0,0,0,0,0,1,0,0,0,0,0,0,0,0,0,0,5,5,0.0,0.0,0.0,0.0,1.0,0.0,0.0,14,255,1.0,0.0,0.07,0.03,0.0,0.0,0.0,0.0,0
2,tcp,http,REJ,0,0,0,0,0,0,0,0,0,0,0,0,0,0,0,0,0,0,1,1,0.0,0.0,1.0,1.0,1.0,0.0,0.0,183,158,0.86,0.02,0.01,0.0,0.0,0.0,0.86,1.0,0
0,tcp,http,SF,146,8871,0,0,0,0,0,1,0,0,0,0,0,0,0,0,0,0,18,18,0.0,0.0,0.0,0.0,1.0,0.0,0.0,155,255,1.0,0.0,0.01,0.02,0.0,0.0,0.0,0.0,0
0,udp,domain_u,SF,43,43,0,0,0,0,0,0,0,0,0,0,0,0,0,0,0,0,54,134,0.0,0.0,0.0,0.0,1.0,0.0,0.01,255,255,1.0,0.0,0.01,0.0,0.0,0.0,0.0,0.0,0
4,tcp,smtp,SF,1042,281,0,0,0,0,0,1,0,0,0,0,0,0,0,0,0,0,1,3,0.0,0.0,0.0,0.0,1.0,0.0,1.0,185,170,0.72,0.03,0.01,0.01,0.0,0.0,0.0,0.0,0
0,tcp,ftp_data,SF,334,0,0,0,0,0,0,1,0,0,0,0,0,0,0,0,0,0,1,1,0.0,0.0,0.0,0.0,1.0,0.0,0.0,3,11,1.0,0.0,1.0,0.27,0.0,0.0,0.0,0.0,1
0,tcp,http,SF,328,6716,0,0,0,0,0,1,0,0,0,0,0,0,0,0,0,0,7,7,0.0,0.0,0.0,0.0,1.0,0.0,0.0,24,50,1.0,0.0,0.04,0.04,0.0,0.0,0.0,0.0,0
0,tcp,http,RSTO,0,0,0,0,0,0,0,1,0,0,0,0,0,0,0,0,0,0,2,2,0.0,0.0,0.5,0.5,1.0,0.0,0.0,2,255,1.0,0.0,1.0,0.04,0.0,0.02,0.5,0.0,0
0,tcp,http,SF,349,2920,0,0,0,0,0,1,0,0,0,0,0,0,0,0,0,0,7,7,0.0,0.0,0.0,0.0,1.0,0.0,0.0,78,255,1.0,0.0,0.01,0.15,0.01,0.0,0.26,0.76,0
0,tcp,http,SF,295,443,0,0,0,0,0,1,0,0,0,0,0,0,0,0,0,0,9,9,0.0,0.0,0.0,0.0,1.0,0.0,0.0,107,255,1.0,0.0,0.01,0.04,0.0,0.0,0.0,0.0,0
0,tcp,http,SF,209,2352,0,0,0,0,0,1,0,0,0,0,0,0,0,0,0,0,27,27,0.0,0.0,0.0,0.0,1.0,0.0,0.0,255,255,1.0,0.0,0.0,0.0,0.0,0.0,0.0,0.0,0
826,udp,other,SF,146,105,0,0,0,0,0,0,0,0,0,0,0,0,0,0,0,0,2,2,0.0,0.0,0.0,0.0,1.0,0.0,0.0,255,2,0.01,0.46,0.74,0.0,0.0,0.0,0.0,0.0,0
0,tcp,http,SF,353,2064,0,0,0,0,0,1,0,0,0,0,0,0,0,0,0,0,12,14,0.0,0.0,0.0,0.0,1.0,0.0,0.14,255,255,1.0,0.0,0.0,0.0,0.0,0.0,0.0,0.0,0
3,tcp,smtp,SF,1579,341,0,0,0,0,0,1,0,0,0,0,0,0,0,0,0,0,1,1,0.0,0.0,0.0,0.0,1.0,0.0,0.0,112,214,0.84,0.04,0.01,0.01,0.0,0.0,0.0,0.0,0
0,tcp,http,SF,204,978,0,0,0,0,0,1,0,0,0,0,0,0,0,0,0,0,4,5,0.0,0.0,0.0,0.0,1.0,0.0,0.4,255,255,1.0,0.0,0.0,0.0,0.0,0.0,0.0,0.0,0
0,tcp,http,REJ,0,0,0,0,0,0,0,0,0,0,0,0,0,0,0,0,0,0,1,1,0.0,0.0,1.0,1.0,1.0,0.0,0.0,15,60,1.0,0.0,0.07,0.28,0.0,0.0,1.0,1.0,0
0,tcp,http,REJ,0,0,0,0,0,0,0,0,0,0,0,0,0,0,0,0,0,0,1,1,0.0,0.0,1.0,1.0,1.0,0.0,0.0,255,214,0.84,0.02,0.0,0.0,0.0,0.0,0.84,1.0,0
0,tcp,http,SF,266,2535,0,0,0,0,0,1,0,0,0,0,0,0,0,0,0,0,28,29,0.0,0.0,0.0,0.0,1.0,0.0,0.07,47,255,1.0,0.0,0.02,0.03,0.0,0.0,0.0,0.0,0
0,tcp,http,SF,285,32099,0,0,0,0,0,1,0,0,0,0,0,0,0,0,0,0,11,11,0.0,0.0,0.0,0.0,1.0,0.0,0.0,80,255,1.0,0.0,0.01,0.07,0.0,0.0,0.0,0.0,0
0,tcp,http,SF,239,6349,0,0,0,0,0,1,0,0,0,0,0,0,0,0,0,0,16,17,0.0,0.0,0.0,0.0,1.0,0.0,0.12,43,255,1.0,0.0,0.02,0.06,0.0,0.0,0.0,0.0,0
0,tcp,ftp,SF,1268,2451,0,0,0,28,0,1,0,0,0,0,0,0,0,0,0,1,1,1,0.0,0.0,0.0,0.0,1.0,0.0,0.0,174,2,0.01,0.03,0.01,0.0,0.01,0.0,0.01,0.0,1
0,tcp,ftp_data,SF,59,0,0,0,0,0,0,1,0,0,0,0,0,0,0,0,0,0,158,8,0.95,0.0,0.0,0.0,0.05,0.06,0.0,255,14,0.05,0.06,0.05,0.0,0.95,0.0,0.0,0.0,0
0,tcp,ftp_data,SF,383,0,0,0,0,0,0,1,0,0,0,0,0,0,0,0,0,0,2,2,0.0,0.0,0.0,0.0,1.0,0.0,0.0,39,22,0.56,0.1,0.56,0.0,0.0,0.0,0.0,0.0,0
0,tcp,smtp,SF,2041,486,0,0,0,0,0,1,0,0,0,0,0,0,0,0,0,0,1,1,0.0,0.0,0.0,0.0,1.0,0.0,0.0,255,114,0.45,0.04,0.0,0.0,0.12,0.0,0.02,0.0,0
0,tcp,http,SF,211,9419,0,0,0,0,0,1,0,0,0,0,0,0,0,0,0,0,8,8,0.0,0.0,0.0,0.0,1.0,0.0,0.0,89,255,1.0,0.0,0.01,0.02,0.01,0.0,0.0,0.0,0
0,tcp,ftp_data,SF,334,0,0,0,0,0,0,1,0,0,0,0,0,0,0,0,0,0,2,2,0.0,0.0,0.0,0.0,1.0,0.0,0.0,4,52,1.0,0.0,1.0,0.1,0.0,0.0,0.0,0.0,1
2410,udp,other,SF,145,105,0,0,0,0,0,0,0,0,0,0,0,0,0,0,0,0,4,2,0.0,0.0,0.0,0.0,0.5,0.5,0.0,219,2,0.01,0.55,0.91,0.0,0.0,0.0,0.0,0.0,0
0,tcp,http,SF,215,4320,0,0,0,0,0,1,0,0,0,0,0,0,0,0,0,0,5,13,0.0,0.0,0.0,0.0,1.0,0.0,0.54,14,255,1.0,0.0,0.07,0.04,0.0,0.0,0.0,0.0,0
0,tcp,http,SF,248,354,0,0,0,0,0,1,0,0,0,0,0,0,0,0,0,0,6,6,0.0,0.0,0.0,0.0,1.0,0.0,0.0,77,255,1.0,0.0,0.01,0.03,0.0,0.0,0.0,0.0,0
0,tcp,http,SF,244,481,0,0,0,0,0,1,0,0,0,0,0,0,0,0,0,0,2,10,0.0,0.0,0.0,0.0,1.0,0.0,0.4,255,255,1.0,0.0,0.0,0.0,0.0,0.0,0.0,0.0,0
116,tcp,smtp,SF,1377,400,0,0,0,0,0,1,0,0,0,0,0,0,0,0,0,0,1,1,0.0,0.0,0.0,0.0,1.0,0.0,0.0,51,170,0.73,0.06,0.02,0.02,0.0,0.0,0.0,0.0,0
0,tcp,http,SF,234,4137,0,0,0,0,0,1,0,0,0,0,0,0,0,0,0,0,18,18,0.0,0.0,0.0,0.0,1.0,0.0,0.0,84,255,1.0,0.0,0.01,0.05,0.0,0.0,0.0,0.0,0
0,udp,domain_u,SF,46,46,0,0,0,0,0,0,0,0,0,0,0,0,0,0,0,0,132,198,0.0,0.0,0.0,0.0,1.0,0.0,0.01,255,255,1.0,0.0,0.01,0.0,0.0,0.0,0.0,0.0,0
0,tcp,http,SF,253,464,0,0,0,0,0,1,0,0,0,0,0,0,0,0,0,0,1,23,0.0,0.0,0.0,0.0,1.0,0.0,0.17,201,241,1.0,0.0,0.0,0.01,0.0,0.0,0.0,0.0,0
2,tcp,http,SF,179,7931,0,0,0,0,0,1,0,0,0,0,0,0,0,0,0,0,2,1,0.0,0.0,0.0,0.0,0.5,1.0,0.0,255,244,0.96,0.01,0.0,0.0,0.0,0.0,0.0,0.0,0
0,tcp,ftp_data,SF,4753,0,0,0,0,0,0,1,0,0,0,0,0,1,0,0,0,0,17,16,0.0,0.0,0.0,0.0,0.94,0.12,0.0,115,47,0.19,0.06,0.19,0.04,0.0,0.0,0.0,0.0,0
0,tcp,ftp_data,SF,334,0,0,0,0,0,0,1,0,0,0,0,0,0,0,0,0,0,2,2,0.0,0.0,0.0,0.0,1.0,0.0,0.0,2,40,1.0,0.0,1.0,0.15,0.0,0.0,0.0,0.0,1
0,tcp,http,SF,171,631,0,0,0,0,0,1,0,0,0,0,0,0,0,0,0,0,2,3,0.0,0.0,0.0,0.0,1.0,0.0,0.67,28,255,1.0,0.0,0.04,0.01,0.0,0.0,0.0,0.0,0
0,udp,other,SF,516,4,0,0,0,0,0,0,0,0,0,0,0,0,0,0,0,0,425,425,0.0,0.0,0.0,0.0,1.0,0.0,0.0,255,255,1.0,0.0,1.0,0.0,0.0,0.0,0.0,0.0,0
0,udp,other,SF,147,0,0,0,0,0,0,0,0,0,0,0,0,0,0,0,0,0,5,1,0.0,0.0,0.0,0.0,0.2,0.6,0.0,255,1,0.0,0.47,0.93,0.0,0.0,0.0,0.0,0.0,0
0,tcp,ftp_data,SF,4892,0,0,0,0,0,0,0,0,0,0,0,0,0,0,0,0,0,16,17,0.0,0.0,0.0,0.0,1.0,0.0,0.12,66,81,0.53,0.08,0.41,0.02,0.0,0.0,0.03,0.0,0
0,udp,domain_u,SF,44,75,0,0,0,0,0,0,0,0,0,0,0,0,0,0,0,0,122,122,0.0,0.0,0.0,0.0,1.0,0.0,0.0,255,254,1.0,0.01,0.0,0.0,0.0,0.0,0.0,0.0,0
0,tcp,ftp_data,SF,12,0,0,0,0,0,0,1,0,0,0,0,0,0,0,0,0,0,2,2,0.0,0.0,0.0,0.0,1.0,0.0,0.0,38,24,0.16,0.13,0.16,0.08,0.0,0.0,0.0,0.0,0
0,icmp,urp_i,SF,87,0,0,0,0,0,0,0,0,0,0,0,0,0,0,0,0,0,4,1,0.0,0.0,0.0,0.0,0.25,0.5,0.0,255,4,0.02,0.01,0.02,0.0,0.0,0.0,0.0,0.0,0
0,tcp,http,REJ,0,0,0,0,0,0,0,0,0,0,0,0,0,0,0,0,0,0,1,2,0.0,0.0,1.0,1.0,1.0,0.0,1.0,3,94,1.0,0.0,0.33,0.18,0.0,0.0,1.0,1.0,0
0,tcp,http,SF,204,1337,0,0,0,0,0,1,0,0,0,0,0,0,0,0,0,0,30,31,0.0,0.0,0.0,0.0,1.0,0.0,0.06,255,255,1.0,0.0,0.0,0.0,0.0,0.0,0.0,0.0,0
0,tcp,http,SF,330,10117,0,0,0,0,0,1,0,0,0,0,0,0,0,0,0,0,5,5,0.0,0.0,0.0,0.0,1.0,0.0,0.0,27,255,1.0,0.0,0.04,0.01,0.0,0.0,0.0,0.0,0
1,tcp,smtp,SF,1136,365,0,0,0,0,0,1,0,0,0,0,0,0,0,0,0,0,1,1,0.0,0.0,0.0,0.0,1.0,0.0,0.0,32,9,0.28,0.06,0.03,0.0,0.0,0.0,0.0,0.0,0
0,icmp,ecr_i,SF,30,0,0,0,0,0,0,0,0,0,0,0,0,0,0,0,0,0,1,1,0.0,0.0,0.0,0.0,1.0,0.0,0.0,8,9,1.0,0.0,1.0,0.22,0.0,0.0,0.0,0.0,0
0,udp,domain_u,SF,45,76,0,0,0,0,0,0,0,0,0,0,0,0,0,0,0,0,228,228,0.0,0.0,0.0,0.0,1.0,0.0,0.0,255,255,1.0,0.0,0.01,0.0,0.0,0.0,0.0,0.0,0
0,tcp,http,SF,326,2833,0,0,0,0,0,1,0,0,0,0,0,0,0,0,0,0,3,5,0.0,0.0,0.0,0.0,1.0,0.0,0.4,255,255,1.0,0.0,0.0,0.0,0.0,0.0,0.0,0.0,0
27,tcp,ftp,SF,1435,4152,0,0,0,30,0,1,0,0,0,0,0,0,0,0,0,1,1,1,0.0,0.0,0.0,0.0,1.0,0.0,0.0,56,15,0.27,0.05,0.02,0.0,0.0,0.0,0.0,0.0,0
0,tcp,http,SF,331,1650,0,0,0,0,0,1,0,0,0,0,0,0,0,0,0,0,7,46,0.0,0.0,0.0,0.0,1.0,0.0,0.13,212,255,1.0,0.0,0.0,0.02,0.0,0.0,0.0,0.0,0
0,tcp,http,SF,285,1691,0,0,0,0,0,1,0,0,0,0,0,0,0,0,0,0,13,13,0.0,0.0,0.0,0.0,1.0,0.0,0.0,28,255,1.0,0.0,0.04,0.04,0.0,0.0,0.0,0.0,0
0,tcp,http,SF,334,280,0,0,0,0,0,1,0,0,0,0,0,0,0,0,0,0,6,6,0.0,0.0,0.0,0.0,1.0,0.0,0.0,255,255,1.0,0.0,0.0,0.0,0.0,0.0,0.0,0.0,0
1,tcp,ftp,SF,1199,2449,0,0,0,28,0,1,0,0,0,0,0,0,0,0,0,1,1,1,0.0,0.0,0.0,0.0,1.0,0.0,0.0,255,45,0.18,0.02,0.0,0.0,0.04,0.0,0.0,0.0,1
0,udp,domain_u,SF,88,0,0,0,0,0,0,0,0,0,0,0,0,0,0,0,0,0,1,2,0.0,0.0,0.0,0.0,1.0,0.0,1.0,84,30,0.36,0.05,0.36,0.0,0.0,0.0,0.0,0.0,0
0,udp,other,SF,146,0,0,0,0,0,0,0,0,0,0,0,0,0,0,0,0,0,3,1,0.0,0.0,0.0,0.0,0.33,1.0,0.0,255,1,0.0,0.49,0.89,0.0,0.0,0.0,0.0,0.0,0
0,tcp,http,SF,330,557,0,0,0,0,0,1,0,0,0,0,0,0,0,0,0,0,4,4,0.0,0.0,0.0,0.0,1.0,0.0,0.0,4,255,1.0,0.0,0.25,0.09,0.0,0.0,0.0,0.0,0
0,tcp,http,REJ,0,0,0,0,0,0,0,0,0,0,0,0,0,0,0,0,0,0,1,1,0.0,0.0,1.0,1.0,1.0,0.0,0.0,21,104,1.0,0.0,0.05,0.2,0.0,0.0,1.0,1.0,0
0,tcp,http,SF,330,256,0,0,0,0,0,1,0,0,0,0,0,0,0,0,0,0,4,4,0.0,0.0,0.0,0.0,1.0,0.0,0.0,193,255,1.0,0.0,0.01,0.01,0.0,0.0,0.0,0.0,0
0,tcp,ftp_data,SF,334,0,0,0,0,0,0,1,0,0,0,0,0,0,0,0,0,0,2,2,0.0,0.0,0.0,0.0,1.0,0.0,0.0,7,44,1.0,0.0,1.0,0.11,0.0,0.0,0.0,0.0,1
0,tcp,ftp_data,SF,334,0,0,0,0,0,0,1,0,0,0,0,0,0,0,0,0,0,1,1,0.0,0.0,0.0,0.0,1.0,0.0,0.0,3,15,1.0,0.0,1.0,0.13,0.0,0.0,0.0,0.0,1
1,tcp,ftp,SF,1250,2451,0,0,0,28,0,1,0,0,0,0,0,0,0,0,0,1,1,1,0.0,0.0,0.0,0.0,1.0,0.0,0.0,247,75,0.3,0.02,0.0,0.0,0.0,0.0,0.01,0.0,1
1,tcp,ftp,SF,1262,2451,0,0,0,28,0,1,0,0,0,0,0,0,0,0,0,1,1,1,0.0,0.0,0.0,0.0,1.0,0.0,0.0,255,61,0.24,0.02,0.0,0.0,0.0,0.0,0.0,0.0,1
0,tcp,http,SF,348,388,0,0,0,0,0,1,0,0,0,0,0,0,0,0,0,0,6,6,0.0,0.0,0.0,0.0,1.0,0.0,0.0,50,255,1.0,0.0,0.02,0.04,0.0,0.0,0.0,0.0,0
0,tcp,http,SF,214,296,0,0,0,0,0,1,0,0,0,0,0,0,0,0,0,0,5,6,0.0,0.0,0.0,0.0,1.0,0.0,0.33,28,255,1.0,0.0,0.04,0.03,0.0,0.0,0.0,0.02,0
0,tcp,ftp,SF,1236,2451,0,0,0,28,0,1,0,0,0,0,0,0,0,0,0,1,1,1,0.0,0.0,0.0,0.0,1.0,0.0,0.0,119,17,0.14,0.05,0.01,0.0,0.02,0.0,0.07,0.0,1
0,tcp,smtp,SF,1785,388,0,0,0,0,0,1,0,0,0,0,0,0,0,0,0,0,1,1,0.0,0.0,0.0,0.0,1.0,0.0,0.0,255,127,0.5,0.02,0.0,0.0,0.44,0.47,0.0,0.0,0
0,tcp,ftp,SF,1233,2449,0,0,0,28,0,1,0,0,0,0,0,0,0,0,0,1,1,1,0.0,0.0,0.0,0.0,1.0,0.0,0.0,255,98,0.38,0.02,0.0,0.0,0.0,0.0,0.01,0.0,1
0,tcp,http,SF,279,6377,0,0,0,0,0,1,0,0,0,0,0,0,0,0,0,0,5,5,0.0,0.0,0.0,0.0,1.0,0.0,0.0,173,255,1.0,0.0,0.01,0.02,0.0,0.0,0.0,0.0,0
0,tcp,http,SF,243,557,0,0,0,0,0,1,0,0,0,0,0,0,0,0,0,0,8,23,0.0,0.0,0.0,0.0,1.0,0.0,0.22,89,255,1.0,0.0,0.01,0.04,0.0,0.0,0.0,0.0,0
0,tcp,http,SF,289,2223,0,0,0,0,0,1,0,0,0,0,0,0,0,0,0,0,7,7,0.0,0.0,0.0,0.0,1.0,0.0,0.0,7,255,1.0,0.0,0.14,0.06,0.0,0.01,0.0,0.0,0
0,tcp,smtp,SF,1036,391,0,0,0,0,0,1,0,0,0,0,0,0,0,0,0,0,1,1,0.0,0.0,0.0,0.0,1.0,0.0,0.0,255,105,0.41,0.04,0.0,0.0,0.16,0.0,0.02,0.0,0
0,tcp,http,SF,253,4849,0,0,0,0,0,1,0,0,0,0,0,0,0,0,0,0,13,13,0.0,0.0,0.0,0.0,1.0,0.0,0.0,81,255,1.0,0.0,0.01,0.03,0.0,0.0,0.0,0.0,0
0,tcp,http,SF,249,290,0,0,0,0,0,1,0,0,0,0,0,0,0,0,0,0,29,36,0.0,0.0,0.0,0.0,1.0,0.0,0.14,255,255,1.0,0.0,0.0,0.0,0.0,0.0,0.0,0.0,0
0,tcp,smtp,SF,665,332,0,0,0,0,0,1,0,0,0,0,0,0,0,0,0,0,1,1,0.0,0.0,0.0,0.0,1.0,0.0,0.0,92,143,0.33,0.05,0.01,0.01,0.0,0.0,0.0,0.0,0
0,tcp,http,SF,200,1059,0,0,0,0,0,1,0,0,0,0,0,0,0,0,0,0,16,34,0.0,0.0,0.0,0.0,1.0,0.0,0.06,60,255,1.0,0.0,0.02,0.03,0.0,0.01,0.0,0.0,0
0,udp,domain_u,SF,44,129,0,0,0,0,0,0,0,0,0,0,0,0,0,0,0,0,236,312,0.0,0.0,0.0,0.0,1.0,0.0,0.01,255,253,0.99,0.01,0.0,0.0,0.0,0.0,0.0,0.0,0
0,udp,private,SF,105,146,0,0,0,0,0,0,0,0,0,0,0,0,0,0,0,0,1,1,0.0,0.0,0.0,0.0,1.0,0.0,0.0,3,3,1.0,0.0,0.33,0.0,0.0,0.0,0.0,0.0,0
0,udp,domain_u,SF,44,113,0,0,0,0,0,0,0,0,0,0,0,0,0,0,0,0,1,9,0.0,0.0,0.0,0.0,1.0,0.0,0.33,30,27,0.9,0.07,0.03,0.0,0.0,0.0,0.0,0.0,0
0,tcp,http,SF,302,1408,0,0,0,0,0,1,0,0,0,0,0,0,0,0,0,0,19,19,0.0,0.0,0.0,0.0,1.0,0.0,0.0,19,255,1.0,0.0,0.05,0.02,0.0,0.0,0.0,0.0,0
0,tcp,http,SF,214,5892,0,0,0,0,0,1,0,0,0,0,0,0,0,0,0,0,11,39,0.0,0.36,0.0,0.0,1.0,0.0,0.08,11,255,1.0,0.0,0.09,0.03,0.0,0.0,0.0,0.0,0
0,tcp,http,SF,354,2085,0,0,0,0,0,1,0,0,0,0,0,0,0,0,0,0,7,10,0.0,0.0,0.0,0.0,1.0,0.0,0.3,139,255,1.0,0.0,0.01,0.05,0.0,0.0,0.0,0.0,0
1,tcp,smtp,SF,844,334,0,0,0,0,0,1,0,0,0,0,0,0,0,0,0,0,1,1,0.0,0.0,0.0,0.0,1.0,0.0,0.0,74,126,0.41,0.08,0.01,0.02,0.01,0.02,0.0,0.0,0
0,tcp,http,SF,231,2698,0,0,0,0,0,1,0,0,0,0,0,0,1,0,0,0,4,5,0.0,0.0,0.0,0.2,1.0,0.0,0.4,255,250,0.98,0.01,0.0,0.0,0.0,0.0,0.0,0.0,0
2,tcp,ftp,SF,1233,2451,0,0,0,28,0,1,0,0,0,0,0,0,0,0,0,1,1,1,0.0,0.0,0.0,0.0,1.0,0.0,0.0,255,120,0.47,0.02,0.0,0.0,0.0,0.0,0.01,0.0,1
0,tcp,ftp_data,SF,334,0,0,0,0,0,0,1,0,0,0,0,0,0,0,0,0,0,1,1,0.0,0.0,0.0,0.0,1.0,0.0,0.0,7,15,1.0,0.0,1.0,0.2,0.0,0.0,0.0,0.0,1
0,tcp,ftp_data,SF,334,0,0,0,0,0,0,1,0,0,0,0,0,0,0,0,0,0,1,1,0.0,0.0,0.0,0.0,1.0,0.0,0.0,6,46,1.0,0.0,1.0,0.04,0.0,0.02,0.0,0.0,1
0,tcp,ftp_data,SF,1363,0,0,0,0,0,0,1,0,0,0,0,0,0,0,0,0,0,20,19,0.0,0.0,0.0,0.0,0.95,0.1,0.0,245,103,0.42,0.03,0.42,0.0,0.0,0.01,0.0,0.0,0
0,tcp,http,SF,288,15621,0,0,0,0,0,1,0,0,0,0,0,0,0,0,0,0,8,8,0.0,0.0,0.0,0.0,1.0,0.0,0.0,191,255,1.0,0.0,0.01,0.03,0.0,0.0,0.0,0.0,0
0,tcp,smtp,SF,977,326,0,0,0,0,0,1,0,0,0,0,0,0,0,0,0,0,1,1,0.0,0.0,0.0,0.0,1.0,0.0,0.0,147,177,0.69,0.03,0.01,0.01,0.0,0.0,0.0,0.0,0
0,tcp,ftp_data,SF,334,0,0,0,0,0,0,1,0,0,0,0,0,0,0,0,0,0,2,2,0.0,0.0,0.0,0.0,1.0,0.0,0.0,2,12,1.0,0.0,1.0,0.42,0.0,0.0,0.0,0.0,1
0,tcp,smtp,SF,2541,328,0,0,0,0,0,1,0,0,0,0,0,0,0,0,0,0,1,2,0.0,0.0,0.0,0.0,1.0,0.0,1.0,120,130,0.55,0.06,0.01,0.02,0.01,0.01,0.0,0.0,0
0,udp,domain_u,SF,42,42,0,0,0,0,0,0,0,0,0,0,0,0,0,0,0,0,19,30,0.0,0.0,0.0,0.0,1.0,0.0,0.1,255,254,1.0,0.01,0.01,0.0,0.0,0.0,0.0,0.0,0
0,tcp,http,SF,211,977,0,0,0,0,0,1,0,0,0,0,0,0,0,0,0,0,1,2,0.0,0.0,0.0,0.0,1.0,0.0,1.0,2,255,1.0,0.0,0.5,0.02,0.0,0.0,0.0,0.0,0
0,tcp,http,S3,305,5381,0,0,0,0,0,1,0,0,0,0,0,0,0,0,0,0,14,14,0.07,0.07,0.0,0.0,1.0,0.0,0.0,255,255,1.0,0.0,0.0,0.0,0.0,0.0,0.0,0.0,0
0,tcp,http,SF,312,1339,0,0,0,0,0,1,0,0,0,0,0,0,0,0,0,0,25,46,0.0,0.0,0.0,0.0,1.0,0.0,0.04,25,255,1.0,0.0,0.04,0.04,0.0,0.01,0.0,0.0,0
11,udp,private,SF,105,146,0,0,0,0,0,0,0,0,0,0,0,0,0,0,0,0,2,2,0.0,0.0,0.0,0.0,1.0,0.0,0.0,255,243,0.95,0.01,0.02,0.0,0.0,0.0,0.0,0.0,0
0,tcp,http,SF,295,426,0,0,0,0,0,1,0,0,0,0,0,0,0,0,0,0,1,2,0.0,0.0,0.0,0.0,1.0,0.0,1.0,66,255,1.0,0.0,0.02,0.03,0.0,0.0,0.0,0.0,0
0,tcp,http,SF,160,2954,0,0,0,0,0,1,0,0,0,0,0,0,0,0,0,0,1,2,0.0,0.0,0.0,0.0,1.0,0.0,1.0,4,255,1.0,0.0,0.25,0.03,0.0,0.0,0.0,0.0,0
0,tcp,http,SF,253,346,0,0,0,0,0,1,0,0,0,0,0,0,0,0,0,0,3,14,0.0,0.0,0.0,0.0,1.0,0.0,0.21,29,255,1.0,0.0,0.03,0.02,0.0,0.0,0.0,0.0,0
2,tcp,ftp,SF,1209,2449,0,0,0,28,0,1,0,0,0,0,0,0,0,0,0,1,1,1,0.0,0.0,0.0,0.0,1.0,0.0,0.0,209,37,0.18,0.02,0.0,0.0,0.0,0.0,0.01,0.0,1
0,tcp,auth,SF,10,36,0,0,0,0,0,1,0,0,0,0,0,0,0,0,0,0,2,1,0.0,0.0,0.0,0.0,0.5,1.0,0.0,1,12,1.0,0.0,1.0,0.25,0.0,0.0,0.0,0.0,0
5595,udp,other,SF,146,105,0,0,0,0,0,0,0,0,0,0,0,0,0,0,0,0,1,1,0.0,0.0,0.0,0.0,1.0,0.0,0.0,255,1,0.0,0.66,1.0,0.0,0.0,0.0,0.0,0.0,0
0,tcp,http,REJ,0,0,0,0,0,0,0,0,0,0,0,0,0,0,0,0,0,0,1,1,0.0,0.0,1.0,1.0,1.0,0.0,0.0,28,255,1.0,0.0,0.04,0.23,0.0,0.0,1.0,1.0,0
0,tcp,http,SF,363,4815,0,0,0,0,0,1,0,0,0,0,0,0,0,0,0,0,2,4,0.0,0.0,0.0,0.0,1.0,0.0,0.75,119,255,1.0,0.0,0.01,0.02,0.0,0.0,0.0,0.0,0
0,tcp,ftp_data,SF,59,0,0,0,0,0,0,1,0,0,0,0,0,0,0,0,0,0,16,16,0.0,0.0,0.0,0.0,1.0,0.0,0.0,255,126,0.49,0.02,0.49,0.0,0.0,0.0,0.0,0.0,0
0,icmp,eco_i,SF,30,0,0,0,0,0,0,0,0,0,0,0,0,0,0,0,0,0,2,1,0.0,0.0,0.0,0.0,0.5,1.0,0.0,233,2,0.01,0.01,0.04,0.0,0.0,0.0,0.0,0.0,0
0,tcp,auth,SF,13,38,0,0,0,0,0,1,0,0,0,0,0,0,0,0,0,0,2,1,0.0,0.0,0.0,0.0,0.5,1.0,0.0,218,3,0.01,0.02,0.0,0.0,0.0,0.0,0.0,0.0,0
0,tcp,http,SF,350,1931,0,0,0,0,0,1,0,0,0,0,0,0,0,0,0,0,2,2,0.0,0.0,0.0,0.0,1.0,0.0,0.0,24,255,1.0,0.0,0.04,0.04,0.04,0.01,0.0,0.0,0
0,tcp,pop_3,SF,52,3883,0,0,0,0,0,1,0,0,0,0,0,0,0,0,0,0,2,1,0.0,0.0,0.0,0.0,0.5,1.0,0.0,149,8,0.03,0.05,0.01,0.25,0.01,0.0,0.01,0.0,0
0,icmp,urp_i,SF,181,0,0,0,0,0,0,0,0,0,0,0,0,0,0,0,0,0,3,3,0.0,0.0,0.0,0.0,1.0,0.0,0.0,255,127,0.5,0.01,0.65,0.0,0.0,0.0,0.0,0.0,0
0,tcp,http,SF,261,14319,0,0,0,0,0,1,0,0,0,0,0,0,0,0,0,0,1,1,0.0,0.0,0.0,0.0,1.0,0.0,0.0,19,255,1.0,0.0,0.05,0.03,0.0,0.0,0.0,0.0,0
26,tcp,ftp,SF,116,451,0,0,0,2,0,1,0,0,0,0,1,0,1,0,0,1,1,1,0.0,0.0,0.0,0.0,1.0,0.0,0.0,1,1,1.0,0.0,1.0,0.0,0.0,0.0,0.0,0.0,1
0,tcp,http,SF,257,8888,0,0,0,0,0,1,0,0,0,0,0,0,0,0,0,0,5,5,0.0,0.0,0.0,0.0,1.0,0.0,0.0,21,255,1.0,0.0,0.05,0.05,0.0,0.0,0.0,0.0,0
0,tcp,http,SF,237,302,0,0,0,0,0,1,0,0,0,0,0,0,0,0,0,0,3,3,0.0,0.0,0.0,0.0,1.0,0.0,0.0,8,255,1.0,0.0,0.12,0.07,0.0,0.0,0.0,0.0,0
3,tcp,smtp,SF,2152,329,0,0,0,0,0,1,0,0,0,0,0,0,0,0,0,0,1,1,0.0,0.0,0.0,0.0,1.0,0.0,0.0,147,132,0.5,0.1,0.01,0.02,0.01,0.0,0.0,0.0,0
0,udp,other,SF,516,4,0,0,0,0,0,0,0,0,0,0,0,0,0,0,0,0,442,442,0.0,0.0,0.0,0.0,1.0,0.0,0.0,255,255,1.0,0.0,1.0,0.0,0.0,0.0,0.0,0.0,0
0,tcp,other,SF,59,0,0,0,0,0,0,1,0,0,0,0,0,0,0,0,0,0,7,1,0.0,0.0,0.0,0.0,0.14,0.29,0.0,235,1,0.0,0.05,0.23,0.0,0.01,0.0,0.0,0.0,0
0,udp,domain_u,SF,45,130,0,0,0,0,0,0,0,0,0,0,0,0,0,0,0,0,79,159,0.0,0.0,0.0,0.0,1.0,0.0,0.01,255,255,1.0,0.0,0.0,0.0,0.0,0.0,0.0,0.0,0
0,tcp,ftp_data,SF,501760,0,0,0,0,0,0,1,0,0,0,0,0,0,0,0,0,0,2,2,0.0,0.0,0.0,0.0,1.0,0.0,0.0,93,36,0.39,0.03,0.39,0.0,0.0,0.0,0.0,0.0,0
0,tcp,http,SF,217,255,0,0,0,0,0,1,0,0,0,0,0,0,0,0,0,0,3,4,0.0,0.0,0.0,0.0,1.0,0.0,0.5,255,255,1.0,0.0,0.0,0.0,0.0,0.0,0.0,0.0,0
0,udp,domain_u,SF,45,111,0,0,0,0,0,0,0,0,0,0,0,0,0,0,0,0,185,184,0.0,0.0,0.0,0.0,0.99,0.01,0.0,74,41,0.55,0.03,0.01,0.0,0.0,0.0,0.0,0.0,0
0,tcp,http,SF,228,1240,0,0,0,0,0,1,0,0,0,0,0,0,0,0,0,0,1,1,0.0,0.0,0.0,0.0,1.0,0.0,0.0,1,254,1.0,0.0,1.0,0.06,0.0,0.0,0.0,0.0,0
1,tcp,smtp,SF,971,333,0,0,0,0,0,1,0,0,0,0,0,0,0,0,0,0,1,3,0.0,0.0,0.0,0.0,1.0,0.0,1.0,171,121,0.43,0.04,0.01,0.02,0.0,0.0,0.01,0.0,0
0,tcp,http,SF,194,1425,0,0,0,0,0,1,0,0,0,0,0,0,0,0,0,0,10,10,0.0,0.0,0.0,0.0,1.0,0.0,0.0,31,255,1.0,0.0,0.03,0.04,0.0,0.0,0.0,0.0,0
0,tcp,http,SF,363,6956,0,0,0,0,0,1,0,0,0,0,0,0,0,0,0,0,7,12,0.0,0.0,0.0,0.0,1.0,0.0,0.17,255,255,1.0,0.0,0.0,0.0,0.0,0.0,0.0,0.0,0
0,tcp,ftp_data,SF,491,0,0,0,0,0,0,1,0,0,0,5,0,0,0,0,0,0,1,1,0.0,0.0,0.0,0.0,1.0,0.0,0.0,146,79,0.5,0.03,0.5,0.03,0.0,0.0,0.03,0.0,0
0,tcp,http,SF,257,4611,0,0,0,0,0,1,0,0,0,0,0,0,0,0,0,0,1,1,0.0,0.0,0.0,0.0,1.0,0.0,0.0,255,239,0.94,0.01,0.0,0.0,0.0,0.0,0.0,0.0,0
0,tcp,ftp_data,SF,740,0,0,0,0,0,0,0,0,0,0,0,0,0,0,0,0,0,2,2,0.0,0.0,0.0,0.0,1.0,0.0,0.0,63,62,0.1,0.05,0.1,0.03,0.0,0.0,0.0,0.0,0
0,tcp,http,SF,297,1695,0,0,0,0,0,1,0,0,0,0,0,0,0,0,0,0,5,14,0.0,0.0,0.0,0.0,1.0,0.0,0.21,92,255,1.0,0.0,0.01,0.04,0.0,0.0,0.0,0.0,0
0,udp,domain_u,SF,46,76,0,0,0,0,0,0,0,0,0,0,0,0,0,0,0,0,114,113,0.0,0.0,0.0,0.0,0.99,0.02,0.0,255,254,1.0,0.01,0.01,0.0,0.0,0.0,0.0,0.0,0
0,tcp,http,SF,286,1188,0,0,0,0,0,1,0,0,0,0,0,0,0,0,0,0,16,16,0.0,0.0,0.0,0.0,1.0,0.0,0.0,16,16,1.0,0.0,0.06,0.0,0.0,0.0,0.0,0.0,0
0,tcp,smtp,SF,1135,325,0,0,0,0,0,1,0,0,0,0,0,0,0,0,0,0,1,1,0.0,0.0,0.0,0.0,1.0,0.0,0.0,10,181,0.7,0.3,0.1,0.01,0.0,0.0,0.0,0.0,0
0,tcp,http,SF,198,2406,0,0,0,0,0,1,0,0,0,0,0,0,0,0,0,0,1,35,0.0,0.0,0.0,0.0,1.0,0.0,0.09,127,255,1.0,0.0,0.01,0.03,0.0,0.01,0.01,0.0,0
1714,udp,other,SF,146,105,0,0,0,0,0,0,0,0,0,0,0,0,0,0,0,0,4,2,0.0,0.0,0.0,0.0,0.5,0.5,0.0,255,2,0.01,0.66,0.9,0.0,0.0,0.0,0.0,0.0,0
0,udp,other,SF,145,0,0,0,0,0,0,0,0,0,0,0,0,0,0,0,0,0,1,1,0.0,0.0,0.0,0.0,1.0,0.0,0.0,255,1,0.0,0.62,0.88,0.0,0.0,0.0,0.0,0.0,0
0,tcp,http,REJ,0,0,0,0,0,0,0,0,0,0,0,0,0,0,0,0,0,0,1,1,0.0,0.0,1.0,1.0,1.0,0.0,0.0,51,45,0.88,0.04,0.02,0.0,0.0,0.0,0.88,1.0,0
0,tcp,http,SF,209,3208,0,0,0,0,0,1,0,0,0,0,0,0,0,0,0,0,23,23,0.0,0.0,0.0,0.0,1.0,0.0,0.0,23,255,1.0,0.0,0.04,0.07,0.0,0.01,0.0,0.0,0
1,tcp,ftp,SF,1238,2451,0,0,0,28,0,1,0,0,0,0,0,0,0,0,0,1,1,1,0.0,0.0,0.0,0.0,1.0,0.0,0.0,255,123,0.48,0.02,0.0,0.0,0.0,0.0,0.01,0.0,1
0,tcp,http,SF,312,2507,0,0,0,0,0,1,0,0,0,0,0,0,0,0,0,0,6,9,0.0,0.0,0.0,0.33,1.0,0.0,0.44,84,75,0.89,0.02,0.01,0.0,0.01,0.01,0.0,0.0,0
0,tcp,ftp_data,SF,334,0,0,0,0,0,0,1,0,0,0,0,0,0,0,0,0,0,2,2,0.0,0.0,0.0,0.0,1.0,0.0,0.0,222,83,0.36,0.02,0.36,0.02,0.0,0.0,0.0,0.0,1
2594,udp,other,SF,145,105,0,0,0,0,0,0,0,0,0,0,0,0,0,0,0,0,1,1,0.0,0.0,0.0,0.0,1.0,0.0,0.0,255,1,0.0,0.87,0.99,0.0,0.0,0.0,0.0,0.0,0
0,tcp,http,SF,236,2033,0,0,0,0,0,1,0,0,0,0,0,0,0,0,0,0,7,7,0.0,0.0,0.0,0.0,1.0,0.0,0.0,144,255,1.0,0.0,0.01,0.02,0.0,0.0,0.0,0.0,0
2,tcp,smtp,SF,1681,331,0,0,0,0,0,1,0,0,0,0,0,0,0,0,0,0,1,2,0.0,0.0,0.0,0.0,1.0,0.0,1.0,42,161,0.24,0.1,0.02,0.02,0.0,0.0,0.0,0.0,0
0,tcp,http,SF,297,304,0,0,0,0,0,1,0,0,0,0,0,0,0,0,0,0,17,17,0.0,0.0,0.0,0.0,1.0,0.0,0.0,255,255,1.0,0.0,0.0,0.0,0.0,0.0,0.0,0.0,0
0,tcp,ftp_data,SF,63,0,0,0,0,0,0,1,0,0,0,0,0,0,0,0,0,0,1,1,0.0,0.0,0.0,0.0,1.0,0.0,0.0,255,41,0.16,0.05,0.16,0.0,0.42,0.0,0.02,0.0,0
40,tcp,ftp,SF,1064,3081,0,0,0,22,0,1,0,0,0,0,0,0,0,0,0,1,1,1,0.0,0.0,0.0,0.0,1.0,0.0,0.0,119,27,0.23,0.03,0.01,0.0,0.03,0.07,0.01,0.0,0
0,tcp,http,SF,285,10993,0,0,0,0,0,1,0,0,0,0,0,0,0,0,0,0,4,4,0.0,0.0,0.0,0.0,1.0,0.0,0.0,79,255,1.0,0.0,0.01,0.03,0.0,0.0,0.0,0.0,0
0,tcp,http,SF,296,1600,0,0,0,0,0,1,0,0,0,0,0,0,0,0,0,0,9,9,0.0,0.0,0.0,0.0,1.0,0.0,0.0,85,255,1.0,0.0,0.01,0.04,0.0,0.0,0.0,0.0,0
0,tcp,http,SF,223,1875,0,0,0,0,0,1,0,0,0,0,0,0,0,0,0,0,13,13,0.0,0.0,0.0,0.0,1.0,0.0,0.0,43,255,1.0,0.0,0.02,0.04,0.0,0.0,0.0,0.0,0
0,udp,domain_u,SF,44,80,0,0,0,0,0,0,0,0,0,0,0,0,0,0,0,0,239,239,0.0,0.0,0.0,0.0,1.0,0.0,0.0,255,230,0.9,0.01,0.0,0.0,0.0,0.0,0.0,0.0,0
0,tcp,smtp,SF,631,328,0,0,0,0,0,1,0,0,0,0,0,0,0,0,0,0,1,1,0.0,0.0,0.0,0.0,1.0,0.0,0.0,14,13,0.93,0.14,0.07,0.0,0.0,0.0,0.0,0.0,0
0,tcp,http,SF,288,751,0,0,0,0,0,1,0,0,0,0,0,0,0,0,0,0,16,48,0.0,0.0,0.0,0.0,1.0,0.0,0.08,70,255,1.0,0.0,0.01,0.01,0.0,0.0,0.0,0.0,0
0,udp,domain_u,SF,44,131,0,0,0,0,0,0,0,0,0,0,0,0,0,0,0,0,76,156,0.0,0.0,0.0,0.0,1.0,0.0,0.01,255,255,1.0,0.0,0.0,0.0,0.0,0.0,0.0,0.0,0
0,tcp,http,SF,234,6850,0,0,0,0,0,1,0,0,0,0,0,0,0,0,0,0,1,1,0.0,0.0,0.0,0.0,1.0,0.0,0.0,13,255,1.0,0.0,0.08,0.04,0.0,0.0,0.0,0.0,0
3,tcp,auth,SF,10,37,0,0,0,0,0,1,0,0,0,0,0,0,0,0,0,0,1,1,0.0,0.0,0.0,0.0,1.0,0.0,0.0,231,6,0.03,0.03,0.0,0.0,0.0,0.0,0.0,0.0,0
0,tcp,http,SF,217,758,0,0,0,0,0,1,0,0,0,0,0,0,0,0,0,0,25,25,0.0,0.0,0.0,0.0,1.0,0.0,0.0,25,255,1.0,0.0,0.04,0.01,0.0,0.0,0.0,0.0,0
0,tcp,http,SF,226,3127,0,0,0,0,0,1,0,0,0,0,0,0,0,0,0,0,20,20,0.0,0.0,0.0,0.0,1.0,0.0,0.0,65,255,1.0,0.0,0.02,0.04,0.0,0.0,0.0,0.0,0
0,tcp,pop_3,SF,52,1171,0,0,0,0,0,1,0,0,0,0,0,0,0,0,0,0,1,1,0.0,0.0,0.0,0.0,1.0,0.0,0.0,77,1,0.01,0.08,0.01,0.0,0.0,0.0,0.01,0.0,0
0,tcp,http,SF,236,5056,0,0,0,0,0,1,0,0,0,0,0,0,0,0,0,0,8,40,0.0,0.03,0.0,0.0,1.0,0.0,0.12,8,255,1.0,0.0,0.12,0.02,0.0,0.0,0.0,0.0,0
0,tcp,http,SF,182,12246,0,0,0,0,0,1,0,0,0,0,0,0,0,0,0,0,2,2,0.0,0.0,0.0,0.0,1.0,0.0,0.0,81,255,1.0,0.0,0.01,0.02,0.0,0.0,0.21,0.07,0
0,tcp,http,SF,205,791,0,0,0,0,0,1,0,0,0,0,0,0,0,0,0,0,19,19,0.0,0.0,0.0,0.0,1.0,0.0,0.0,43,255,1.0,0.0,0.02,0.04,0.0,0.0,0.0,0.0,0
32,tcp,ftp,SF,1503,4152,0,0,0,30,0,1,0,0,0,0,0,0,0,0,0,1,1,2,0.0,0.0,0.0,0.0,1.0,0.0,1.0,113,23,0.2,0.04,0.01,0.0,0.0,0.0,0.0,0.0,0
8837,tcp,IRC,RSTR,941,6160,0,0,0,0,0,0,0,0,0,0,0,0,0,0,0,0,1,1,0.0,0.0,1.0,1.0,1.0,0.0,0.0,69,24,0.35,0.03,0.01,0.0,0.01,0.04,0.28,0.79,0
0,tcp,http,SF,171,389,0,0,0,0,0,1,0,0,0,0,0,0,0,0,0,0,4,5,0.0,0.0,0.0,0.0,1.0,0.0,0.4,204,255,1.0,0.0,0.0,0.01,0.01,0.01,0.0,0.0,0
0,tcp,http,SF,220,3408,0,0,0,0,0,1,0,0,0,0,0,0,0,0,0,0,10,10,0.0,0.0,0.0,0.0,1.0,0.0,0.0,10,255,1.0,0.0,0.1,0.03,0.0,0.0,0.0,0.0,0
0,tcp,ftp_data,SF,245,0,0,0,0,0,0,1,0,0,0,1,0,0,0,0,0,0,2,2,0.0,0.0,0.0,0.0,1.0,0.0,0.0,108,42,0.16,0.67,0.15,0.05,0.0,0.0,0.59,0.02,0
0,tcp,ftp_data,SF,960,0,0,0,0,0,0,1,0,0,0,0,0,0,0,0,0,0,2,2,0.0,0.0,0.0,0.0,1.0,0.0,0.0,22,34,0.27,0.23,0.27,0.06,0.0,0.0,0.0,0.0,0
0,tcp,ftp_data,SF,334,0,0,0,0,0,0,1,0,0,0,0,0,0,0,0,0,0,1,1,0.0,0.0,0.0,0.0,1.0,0.0,0.0,5,39,1.0,0.0,1.0,0.05,0.0,0.0,0.0,0.0,1
0,tcp,ftp_data,SF,6601,0,0,0,0,0,0,0,0,0,0,0,0,0,0,0,0,0,15,15,0.0,0.0,0.0,0.0,1.0,0.0,0.0,186,67,0.36,0.03,0.36,0.0,0.0,0.0,0.0,0.0,0
0,tcp,ftp_data,SF,334,0,0,0,0,0,0,1,0,0,0,0,0,0,0,0,0,0,2,2,0.0,0.0,0.0,0.0,1.0,0.0,0.0,6,54,1.0,0.0,1.0,0.09,0.0,0.0,0.0,0.0,1
0,tcp,ftp_data,SF,334,0,0,0,0,0,0,1,0,0,0,0,0,0,0,0,0,0,2,2,0.0,0.0,0.0,0.0,1.0,0.0,0.0,11,36,1.0,0.0,1.0,0.14,0.0,0.0,0.0,0.0,1
0,tcp,http,SF,222,888,0,0,0,0,0,1,0,0,0,0,0,0,0,0,0,0,17,18,0.0,0.0,0.0,0.0,1.0,0.0,0.11,60,255,1.0,0.0,0.02,0.03,0.0,0.0,0.0,0.0,0
0,tcp,http,SF,370,395,0,0,0,0,0,1,0,0,0,0,0,0,0,0,0,0,19,20,0.0,0.0,0.0,0.0,1.0,0.0,0.1,255,255,1.0,0.0,0.0,0.0,0.0,0.0,0.0,0.0,0
0,tcp,http,SF,219,495,0,0,0,0,0,1,0,0,0,0,0,0,0,0,0,0,26,27,0.0,0.0,0.0,0.0,1.0,0.0,0.07,255,255,1.0,0.0,0.0,0.0,0.0,0.0,0.0,0.0,0
0,tcp,http,SF,259,426,0,0,0,0,0,1,0,0,0,0,0,0,0,0,0,0,1,1,0.0,0.0,0.0,0.0,1.0,0.0,0.0,37,255,1.0,0.0,0.03,0.02,0.0,0.0,0.0,0.0,0
0,tcp,smtp,SF,672,331,0,0,0,0,0,1,0,0,0,0,0,0,0,0,0,0,1,2,0.0,0.0,0.0,0.0,1.0,0.0,1.0,1,1,1.0,0.0,1.0,0.0,0.0,0.0,0.0,0.0,0
0,tcp,http,SF,230,2229,0,0,0,0,0,1,0,0,0,0,0,0,0,0,0,0,3,3,0.0,0.0,0.0,0.0,1.0,0.0,0.0,37,255,1.0,0.0,0.03,0.03,0.05,0.01,0.0,0.0,0
0,tcp,ftp_data,SF,334,0,0,0,0,0,0,1,0,0,0,0,0,0,0,0,0,0,2,2,0.0,0.0,0.0,0.0,1.0,0.0,0.0,9,46,1.0,0.0,1.0,0.11,0.0,0.0,0.0,0.0,1
0,tcp,http,SF,220,18912,0,0,0,0,0,1,0,0,0,0,0,0,0,0,0,0,3,3,0.0,0.0,0.0,0.0,1.0,0.0,0.0,30,255,1.0,0.0,0.03,0.01,0.0,0.0,0.0,0.0,0
0,udp,domain_u,SF,127,44,0,0,0,0,0,0,0,0,0,0,0,0,0,0,0,0,268,267,0.0,0.0,0.0,0.0,1.0,0.01,0.0,157,124,0.79,0.01,0.32,0.0,0.0,0.0,0.0,0.0,0
0,tcp,http,SF,315,788,0,0,0,0,0,1,0,0,0,0,0,0,0,0,0,0,11,11,0.0,0.0,0.0,0.0,1.0,0.0,0.0,12,255,1.0,0.0,0.08,0.05,0.0,0.01,0.0,0.0,0
0,tcp,smtp,SF,1580,330,0,0,0,0,0,1,0,0,0,0,0,0,0,0,0,0,1,1,0.0,0.0,0.0,0.0,1.0,0.0,0.0,126,49,0.39,0.04,0.01,0.0,0.0,0.0,0.0,0.0,0
1,tcp,ftp,SF,1264,2451,0,0,0,28,0,1,0,0,0,0,0,0,0,0,0,1,1,1,0.0,0.0,0.0,0.0,1.0,0.0,0.0,255,138,0.54,0.02,0.0,0.0,0.0,0.0,0.0,0.0,1
0,tcp,http,SF,220,2367,0,0,0,0,0,1,0,0,0,0,0,0,0,0,0,0,3,5,0.0,0.0,0.0,0.0,1.0,0.0,0.6,139,255,1.0,0.0,0.01,0.03,0.0,0.0,0.0,0.0,0
0,tcp,http,SF,192,44107,0,0,0,0,0,1,0,0,0,0,0,0,0,0,0,0,12,12,0.0,0.0,0.0,0.0,1.0,0.0,0.0,12,36,1.0,0.0,0.08,0.06,0.0,0.0,0.0,0.0,0
0,tcp,http,SF,234,1122,0,0,0,0,0,1,0,0,0,0,0,0,0,0,0,0,8,8,0.0,0.0,0.0,0.0,1.0,0.0,0.0,35,255,1.0,0.0,0.03,0.02,0.0,0.0,0.0,0.0,0
0,tcp,http,SF,299,1210,0,0,0,0,0,1,0,0,0,0,0,0,0,0,0,0,14,14,0.0,0.0,0.0,0.0,1.0,0.0,0.0,31,255,1.0,0.0,0.03,0.02,0.0,0.0,0.0,0.0,0
0,tcp,http,SF,256,2078,0,0,0,0,0,1,0,0,0,0,0,0,0,0,0,0,22,22,0.0,0.0,0.0,0.0,1.0,0.0,0.0,48,255,1.0,0.0,0.02,0.02,0.0,0.0,0.0,0.0,0
0,tcp,http,SF,318,6250,0,0,0,0,0,1,0,0,0,0,0,0,0,0,0,0,7,7,0.0,0.0,0.0,0.0,1.0,0.0,0.0,255,255,1.0,0.0,0.0,0.0,0.0,0.0,0.0,0.0,0
1,tcp,smtp,SF,1171,332,0,0,0,0,0,1,0,0,0,0,0,0,0,0,0,0,1,5,0.0,0.0,0.0,0.0,1.0,0.0,1.0,165,206,0.82,0.04,0.01,0.01,0.0,0.0,0.0,0.0,0
5044,tcp,ftp_data,SF,5131424,0,0,0,0,2,0,1,0,0,0,0,0,0,0,0,0,0,1,1,0.0,0.0,0.0,0.0,1.0,0.0,0.0,9,36,1.0,0.0,1.0,0.11,0.0,0.0,0.0,0.0,1
9,tcp,ftp_data,SF,0,5153460,0,0,0,0,0,0,0,0,0,0,0,0,0,0,0,0,3,3,0.0,0.0,0.0,0.0,1.0,0.0,0.0,3,3,1.0,0.0,1.0,0.0,0.0,0.0,0.0,0.0,1
0,tcp,http,SF,289,738,0,0,0,0,0,1,0,0,0,0,0,0,0,0,0,0,15,19,0.0,0.0,0.0,0.0,1.0,0.0,0.11,72,255,1.0,0.0,0.01,0.04,0.0,0.0,0.0,0.0,0
0,tcp,ftp_data,SF,7196,0,0,0,0,0,0,1,0,0,0,0,0,0,0,0,0,0,4,4,0.0,0.0,0.0,0.0,1.0,0.0,0.0,4,69,1.0,0.0,1.0,0.03,0.0,0.01,0.0,0.0,0
0,tcp,http,SF,333,5241,0,0,0,0,0,1,0,0,0,0,0,0,0,0,0,0,14,51,0.0,0.0,0.0,0.0,1.0,0.0,0.08,14,255,1.0,0.0,0.07,0.02,0.0,0.0,0.0,0.0,0
0,tcp,ftp_data,SF,252,0,0,0,0,0,0,1,0,0,0,0,0,0,0,0,0,0,1,1,0.0,0.0,0.0,0.0,1.0,0.0,0.0,62,45,0.15,0.11,0.15,0.07,0.0,0.0,0.0,0.0,0
0,tcp,smtp,SF,919,335,0,0,0,0,0,1,0,0,0,0,0,0,0,0,0,0,1,1,0.0,0.0,0.0,0.0,1.0,0.0,0.0,62,157,0.97,0.03,0.02,0.01,0.0,0.0,0.0,0.0,0
0,tcp,http,REJ,0,0,0,0,0,0,0,0,0,0,0,0,0,0,0,0,0,0,1,1,0.0,0.0,1.0,1.0,1.0,0.0,0.0,51,253,1.0,0.0,0.02,0.07,0.0,0.0,1.0,1.0,0
0,udp,domain_u,SF,44,44,0,0,0,0,0,0,0,0,0,0,0,0,0,0,0,0,64,145,0.0,0.0,0.0,0.0,1.0,0.0,0.01,255,255,1.0,0.0,0.01,0.0,0.0,0.0,0.0,0.0,0
0,tcp,ftp_data,SF,334,0,0,0,0,0,0,1,0,0,0,0,0,0,0,0,0,0,1,1,0.0,0.0,0.0,0.0,1.0,0.0,0.0,252,102,0.4,0.02,0.4,0.0,0.0,0.0,0.0,0.0,1
0,tcp,http,SF,192,13525,0,0,0,0,0,1,0,0,0,0,0,0,0,0,0,0,3,4,0.0,0.0,0.0,0.0,1.0,0.0,0.5,3,255,1.0,0.0,0.33,0.05,0.0,0.0,0.0,0.0,0
26,tcp,ftp,SF,361,1181,0,0,0,7,0,1,0,0,0,0,0,0,0,0,0,1,1,1,0.0,0.0,0.0,0.0,1.0,0.0,0.0,1,1,1.0,0.0,1.0,0.0,0.0,0.0,0.0,0.0,0
3,tcp,smtp,SF,1526,332,0,0,0,0,0,1,0,0,0,0,0,0,0,0,0,0,1,2,0.0,0.0,0.0,0.0,1.0,0.0,1.0,78,69,0.74,0.08,0.01,0.03,0.0,0.0,0.0,0.0,0
0,tcp,ftp_data,SF,334,0,0,0,0,0,0,1,0,0,0,0,0,0,0,0,0,0,2,2,0.0,0.0,0.0,0.0,1.0,0.0,0.0,255,52,0.2,0.03,0.2,0.0,0.0,0.0,0.0,0.0,1
0,tcp,ftp_data,SF,641,0,0,0,0,0,0,1,0,0,0,0,0,0,0,0,0,0,2,2,0.0,0.0,0.0,0.0,1.0,0.0,0.0,6,118,0.83,0.33,0.83,0.03,0.0,0.01,0.0,0.0,0
0,tcp,http,SF,223,805,0,0,0,0,0,1,0,0,0,0,0,0,0,0,0,0,30,31,0.0,0.0,0.0,0.0,1.0,0.0,0.06,106,255,1.0,0.0,0.01,0.05,0.01,0.0,0.0,0.0,0
0,udp,domain_u,SF,42,42,0,0,0,0,0,0,0,0,0,0,0,0,0,0,0,0,3,5,0.0,0.0,0.0,0.0,1.0,0.0,0.4,62,61,0.98,0.03,0.02,0.0,0.0,0.0,0.0,0.0,0
0,tcp,ftp_data,SF,11,0,0,0,0,0,0,1,0,0,0,0,0,0,0,0,0,0,2,2,0.0,0.0,0.0,0.0,1.0,0.0,0.0,28,68,0.5,0.11,0.5,0.03,0.0,0.0,0.0,0.0,0
0,tcp,http,REJ,0,0,0,0,0,0,0,0,0,0,0,0,0,0,0,0,0,0,1,1,0.0,0.0,1.0,1.0,1.0,0.0,0.0,4,46,1.0,0.0,0.25,0.28,0.0,0.0,1.0,1.0,0
0,tcp,smtp,SF,836,331,0,0,0,0,0,1,0,0,0,0,0,0,0,0,0,0,1,1,0.0,0.0,0.0,0.0,1.0,0.0,0.0,153,131,0.86,0.03,0.01,0.0,0.0,0.0,0.0,0.0,0
0,tcp,http,SF,147,3842,0,0,0,0,0,1,0,0,0,0,0,0,0,0,0,0,2,13,0.0,0.0,0.0,0.0,1.0,0.0,0.15,29,255,1.0,0.0,0.03,0.08,0.0,0.0,0.0,0.0,0
3,tcp,ftp_data,SF,2194619,0,0,0,0,0,0,1,0,0,0,0,0,0,0,0,0,0,2,2,0.0,0.0,0.0,0.0,1.0,0.0,0.0,188,40,0.21,0.02,0.21,0.0,0.01,0.0,0.0,0.0,0
0,udp,domain_u,SF,43,126,0,0,0,0,0,0,0,0,0,0,0,0,0,0,0,0,273,273,0.0,0.0,0.0,0.0,1.0,0.0,0.0,255,251,0.98,0.01,0.0,0.0,0.0,0.0,0.0,0.0,0
0,tcp,http,SF,223,474,0,0,0,0,0,1,0,0,0,0,0,0,0,0,0,0,1,14,0.0,0.0,0.0,0.0,1.0,0.0,0.14,13,255,1.0,0.0,0.08,0.02,0.0,0.0,0.08,0.0,0
0,tcp,http,SF,228,274,0,0,0,0,0,1,0,0,0,0,0,0,0,0,0,0,7,13,0.0,0.0,0.0,0.0,1.0,0.0,0.15,255,255,1.0,0.0,0.0,0.0,0.01,0.01,0.02,0.02,0
0,tcp,http,SF,257,4084,0,0,0,0,0,1,0,0,0,0,0,0,0,0,0,0,1,1,0.0,0.0,0.0,0.0,1.0,0.0,0.0,3,255,1.0,0.0,0.33,0.02,0.0,0.0,0.0,0.0,0
0,tcp,http,SF,234,894,0,0,0,0,0,1,0,0,0,0,0,0,0,0,0,0,1,2,0.0,0.0,0.0,0.0,1.0,0.0,1.0,1,255,1.0,0.0,1.0,0.04,0.0,0.0,0.0,0.0,0
56,tcp,ftp,SF,883,2586,0,0,0,18,0,1,0,0,0,0,0,0,0,0,0,1,1,1,0.0,0.0,0.0,0.0,1.0,0.0,0.0,96,21,0.22,0.04,0.01,0.0,0.04,0.1,0.01,0.0,0
1,tcp,smtp,SF,905,326,0,0,0,0,0,1,0,0,0,0,0,0,0,0,0,0,1,2,0.0,0.0,0.0,0.0,1.0,0.0,1.0,156,80,0.51,0.04,0.01,0.0,0.0,0.0,0.0,0.0,0
0,tcp,http,SF,208,1425,0,0,0,0,0,1,0,0,0,0,0,0,0,0,0,0,7,7,0.0,0.0,0.0,0.0,1.0,0.0,0.0,7,255,1.0,0.0,0.14,0.01,0.0,0.0,0.0,0.0,0
0,tcp,http,SF,337,1084,0,0,0,0,0,1,0,0,0,0,0,0,0,0,0,0,1,1,0.0,0.0,0.0,0.0,1.0,0.0,0.0,7,255,1.0,0.0,0.14,0.09,0.0,0.0,0.0,0.0,0
4,tcp,ftp_data,SF,832,0,0,0,0,0,0,1,0,0,0,0,0,0,0,0,0,0,1,1,0.0,0.0,0.0,0.0,1.0,0.0,0.0,8,35,1.0,0.0,1.0,0.11,0.0,0.0,0.0,0.0,1
0,tcp,smtp,SF,1505,329,0,0,0,0,0,1,0,0,0,0,0,0,0,0,0,0,1,1,0.0,0.0,0.0,0.0,1.0,0.0,0.0,6,191,1.0,0.0,0.17,0.02,0.0,0.0,0.0,0.0,0
0,tcp,http,REJ,0,0,0,0,0,0,0,0,0,0,0,0,0,0,0,0,0,0,1,1,0.0,0.0,1.0,1.0,1.0,0.0,0.0,36,238,1.0,0.0,0.03,0.24,0.0,0.0,1.0,1.0,0
0,tcp,http,SF,238,7339,0,0,0,0,0,1,0,0,0,0,0,0,0,0,0,0,4,4,0.0,0.0,0.0,0.0,1.0,0.0,0.0,116,255,1.0,0.0,0.01,0.02,0.0,0.0,0.0,0.0,0
0,tcp,http,SF,176,5163,0,0,0,0,0,1,0,0,0,0,0,0,0,0,0,0,1,5,0.0,0.0,0.0,0.0,1.0,0.0,0.6,255,245,0.96,0.01,0.0,0.0,0.0,0.0,0.0,0.0,0
0,udp,domain_u,SF,44,69,0,0,0,0,0,0,0,0,0,0,0,0,0,0,0,0,174,174,0.0,0.0,0.0,0.0,1.0,0.0,0.0,255,255,1.0,0.0,0.01,0.0,0.0,0.0,0.0,0.0,0
0,tcp,http,S2,155,13543,0,0,0,0,0,1,0,0,0,0,0,0,0,0,0,0,1,24,1.0,0.04,0.0,0.0,1.0,0.0,0.17,1,255,1.0,0.0,1.0,0.06,1.0,0.0,0.0,0.0,0
0,tcp,http,SF,238,343,0,0,0,0,0,1,0,0,0,0,0,0,0,0,0,0,15,57,0.0,0.0,0.0,0.0,1.0,0.0,0.04,255,255,1.0,0.0,0.0,0.0,0.0,0.0,0.0,0.0,0
0,udp,domain_u,SF,45,45,0,0,0,0,0,0,0,0,0,0,0,0,0,0,0,0,182,184,0.0,0.0,0.0,0.0,1.0,0.0,0.01,255,230,0.9,0.01,0.0,0.0,0.0,0.0,0.0,0.0,0
0,tcp,http,SF,253,1977,0,0,0,0,0,1,0,0,0,0,0,0,0,0,0,0,1,1,0.0,0.0,0.0,0.0,1.0,0.0,0.0,255,246,0.96,0.01,0.0,0.0,0.0,0.0,0.0,0.0,0
0,tcp,ftp_data,SF,151,0,0,0,0,0,0,1,0,0,0,0,0,0,0,0,0,0,2,3,0.0,0.0,0.0,0.0,1.0,0.0,0.67,180,101,0.51,0.03,0.51,0.02,0.0,0.0,0.0,0.0,0
0,tcp,http,SF,171,6172,0,0,0,0,0,1,0,0,0,0,0,0,0,0,0,0,6,6,0.0,0.0,0.0,0.0,1.0,0.0,0.0,29,255,1.0,0.0,0.03,0.04,0.0,0.0,0.0,0.0,0
2,tcp,ftp,SF,1218,2449,0,0,0,28,0,1,0,0,0,0,0,0,0,0,0,1,1,1,0.0,0.0,0.0,0.0,1.0,0.0,0.0,255,125,0.49,0.02,0.01,0.0,0.0,0.0,0.01,0.0,1
0,tcp,ftp_data,SF,334,0,0,0,0,0,0,1,0,0,0,0,0,0,0,0,0,0,2,2,0.0,0.0,0.0,0.0,1.0,0.0,0.0,2,20,1.0,0.0,1.0,0.2,0.0,0.0,0.0,0.0,1
0,tcp,http,SF,179,118,0,0,0,0,0,1,0,0,0,0,0,0,0,0,0,0,2,21,0.0,0.0,0.0,0.0,1.0,0.0,0.14,187,255,1.0,0.0,0.01,0.02,0.0,0.0,0.0,0.0,0
0,tcp,smtp,SF,109,408,0,0,0,0,0,1,0,0,0,0,0,0,0,0,0,0,1,2,0.0,0.0,0.0,0.0,1.0,0.0,1.0,255,98,0.38,0.03,0.0,0.0,0.0,0.0,0.0,0.0,0
0,tcp,http,S0,0,0,0,0,0,0,0,0,0,0,0,0,0,0,0,0,0,0,2,2,0.5,0.5,0.0,0.0,1.0,0.0,0.0,64,64,1.0,0.0,0.03,0.0,0.05,0.05,0.0,0.0,0
0,tcp,http,SF,259,821,0,0,0,0,0,1,0,0,0,0,0,0,0,0,0,0,8,8,0.0,0.0,0.0,0.0,1.0,0.0,0.0,255,255,1.0,0.0,0.0,0.0,0.0,0.0,0.0,0.0,0
4,tcp,smtp,SF,3080,329,0,0,0,0,0,1,0,0,0,0,0,0,0,0,0,0,1,2,0.0,0.0,0.0,0.0,1.0,0.0,1.0,23,163,0.22,0.09,0.04,0.01,0.0,0.0,0.0,0.0,0
0,tcp,ftp,SF,1258,2451,0,0,0,28,0,1,0,0,0,0,0,0,0,0,0,1,1,1,0.0,0.0,0.0,0.0,1.0,0.0,0.0,255,131,0.51,0.02,0.0,0.0,0.0,0.0,0.0,0.0,1
0,udp,domain_u,SF,45,45,0,0,0,0,0,0,0,0,0,0,0,0,0,0,0,0,110,110,0.0,0.0,0.0,0.0,1.0,0.0,0.0,255,254,1.0,0.01,0.0,0.0,0.0,0.0,0.0,0.0,0
0,tcp,http,SF,266,261,0,0,0,0,0,1,0,0,0,0,0,0,0,0,0,0,11,11,0.0,0.0,0.0,0.0,1.0,0.0,0.0,255,255,1.0,0.0,0.0,0.0,0.0,0.0,0.0,0.0,0
0,tcp,http,SF,229,1733,0,0,0,0,0,1,0,0,0,0,0,0,0,0,0,0,2,2,0.0,0.0,0.0,0.0,1.0,0.0,0.0,2,255,1.0,0.0,0.5,0.02,0.0,0.0,0.0,0.0,0
2470,udp,other,SF,146,105,0,0,0,0,0,0,0,0,0,0,0,0,0,0,0,0,2,2,0.0,0.0,0.0,0.0,1.0,0.0,0.0,255,2,0.01,0.64,0.96,0.0,0.0,0.0,0.0,0.0,0
0,tcp,http,SF,223,413,0,0,0,0,0,1,0,0,0,0,0,0,0,0,0,0,5,5,0.0,0.0,0.0,0.0,1.0,0.0,0.0,173,255,1.0,0.0,0.01,0.01,0.0,0.0,0.09,0.06,0
0,tcp,ftp,SF,1225,2451,0,0,0,28,0,1,0,0,0,0,0,0,0,0,0,1,1,1,0.0,0.0,0.0,0.0,1.0,0.0,0.0,255,56,0.22,0.02,0.0,0.0,0.0,0.0,0.0,0.0,1
0,udp,domain_u,SF,45,79,0,0,0,0,0,0,0,0,0,0,0,0,0,0,0,0,156,156,0.0,0.0,0.0,0.0,1.0,0.0,0.0,255,255,1.0,0.0,0.0,0.0,0.0,0.0,0.0,0.0,0
0,tcp,http,SF,200,1545,0,0,0,0,0,1,0,0,0,0,0,0,0,0,0,0,5,5,0.0,0.0,0.0,0.0,1.0,0.0,0.0,15,255,1.0,0.0,0.07,0.04,0.0,0.0,0.0,0.0,0
0,tcp,http,SF,268,745,0,0,0,0,0,1,0,0,0,0,0,0,0,0,0,0,3,6,0.0,0.0,0.0,0.0,1.0,0.0,0.33,7,255,1.0,0.0,0.14,0.04,0.0,0.0,0.0,0.0,0
0,udp,private,SF,105,145,0,0,0,0,0,0,0,0,0,0,0,0,0,0,0,0,1,1,0.0,0.0,0.0,0.0,1.0,0.0,0.0,122,107,0.88,0.02,0.01,0.0,0.0,0.0,0.0,0.0,0
0,tcp,http,REJ,0,0,0,0,0,0,0,0,0,0,0,0,0,0,0,0,0,0,1,1,0.0,0.0,1.0,1.0,1.0,0.0,0.0,128,255,1.0,0.0,0.01,0.08,0.01,0.0,0.18,0.52,0
0,tcp,http,SF,225,3191,0,0,0,0,0,1,0,0,0,0,0,0,0,0,0,0,2,2,0.0,0.0,0.0,0.0,1.0,0.0,0.0,22,147,1.0,0.0,0.05,0.1,0.0,0.0,0.0,0.0,0
0,tcp,smtp,SF,832,332,0,0,0,0,0,1,0,0,0,0,0,0,0,0,0,0,1,1,0.0,0.0,0.0,0.0,1.0,0.0,0.0,45,166,0.27,0.07,0.02,0.02,0.0,0.0,0.0,0.0,0
0,udp,private,SF,105,145,0,0,0,0,0,0,0,0,0,0,0,0,0,0,0,0,1,1,0.0,0.0,0.0,0.0,1.0,0.0,0.0,215,209,0.97,0.01,0.01,0.0,0.0,0.0,0.0,0.0,0
0,tcp,http,SF,284,11711,0,0,0,0,0,1,0,0,0,0,0,0,0,0,0,0,6,6,0.0,0.0,0.0,0.0,1.0,0.0,0.0,60,255,1.0,0.0,0.02,0.03,0.0,0.0,0.0,0.0,0
1264,tcp,IRC,RSTR,86,983,0,0,0,0,0,0,0,0,0,0,0,0,0,0,0,0,1,1,0.0,0.0,1.0,1.0,1.0,0.0,0.0,67,22,0.33,0.03,0.01,0.0,0.01,0.05,0.25,0.77,0
0,udp,domain_u,SF,33,0,0,0,0,0,0,0,0,0,0,0,0,0,0,0,0,0,1,2,0.0,0.0,0.0,0.0,1.0,0.0,1.0,220,25,0.11,0.03,0.11,0.0,0.0,0.0,0.0,0.0,0
0,udp,domain_u,SF,44,150,0,0,0,0,0,0,0,0,0,0,0,0,0,0,0,0,43,123,0.0,0.0,0.0,0.0,1.0,0.0,0.02,255,253,0.99,0.01,0.0,0.0,0.0,0.0,0.0,0.0,0
0,tcp,http,SF,288,12040,0,0,0,0,0,1,0,0,0,0,0,0,0,0,0,0,7,7,0.0,0.0,0.0,0.0,1.0,0.0,0.0,7,255,1.0,0.0,0.14,0.04,0.0,0.0,0.0,0.0,0
0,tcp,http,SF,318,3359,0,0,0,0,0,1,0,0,0,0,0,0,0,0,0,0,17,20,0.0,0.0,0.0,0.0,1.0,0.0,0.15,255,255,1.0,0.0,0.0,0.0,0.0,0.0,0.0,0.0,0
0,udp,domain_u,SF,45,45,0,0,0,0,0,0,0,0,0,0,0,0,0,0,0,0,183,183,0.0,0.0,0.0,0.0,1.0,0.0,0.0,255,255,1.0,0.0,0.0,0.0,0.0,0.0,0.0,0.0,0
12,tcp,ftp_data,SF,7045,0,0,0,0,0,0,1,0,0,0,0,0,0,0,0,0,0,1,1,0.0,0.0,0.0,0.0,1.0,0.0,0.0,255,69,0.27,0.08,0.32,0.0,0.01,0.01,0.0,0.0,1
0,tcp,http,SF,238,1249,0,0,0,0,0,1,0,0,0,0,0,0,0,0,0,0,10,25,0.0,0.0,0.0,0.0,1.0,0.0,0.12,76,255,1.0,0.0,0.01,0.03,0.0,0.01,0.0,0.0,0
0,tcp,smtp,SF,9210,333,0,0,0,0,0,1,0,0,0,0,0,0,0,0,0,0,1,2,0.0,0.0,0.0,0.0,1.0,0.0,1.0,89,56,0.47,0.07,0.01,0.04,0.0,0.0,0.0,0.0,0
0,tcp,http,SF,323,3805,0,0,0,0,0,1,0,0,0,0,0,0,0,0,0,0,8,8,0.0,0.0,0.0,0.0,1.0,0.0,0.0,8,255,1.0,0.0,0.12,0.05,0.0,0.0,0.0,0.0,0
0,udp,domain_u,SF,46,134,0,0,0,0,0,0,0,0,0,0,0,0,0,0,0,0,64,144,0.0,0.0,0.0,0.0,1.0,0.0,0.01,255,254,1.0,0.01,0.0,0.0,0.0,0.0,0.0,0.0,0
43,tcp,telnet,SF,181,18836,0,0,0,0,0,1,0,0,0,0,0,0,0,0,0,0,1,1,0.0,0.0,0.0,0.0,1.0,0.0,0.0,1,2,1.0,0.0,1.0,1.0,0.0,0.0,0.0,0.0,0
0,tcp,http,SF,177,2011,0,0,0,0,0,1,0,0,0,0,0,0,0,0,0,0,2,3,0.0,0.0,0.0,0.33,1.0,0.0,0.67,255,254,1.0,0.01,0.0,0.0,0.0,0.0,0.0,0.0,0
0,tcp,ftp_data,SF,334,0,0,0,0,0,0,1,0,0,0,0,0,0,0,0,0,0,1,1,0.0,0.0,0.0,0.0,1.0,0.0,0.0,6,6,1.0,0.0,1.0,0.0,0.0,0.0,0.0,0.0,1
0,tcp,http,SF,240,858,0,0,0,0,0,1,0,0,0,0,0,0,0,0,0,0,7,20,0.0,0.0,0.0,0.0,1.0,0.0,0.2,27,255,1.0,0.0,0.04,0.06,0.0,0.0,0.0,0.0,0
0,udp,domain_u,SF,46,129,0,0,0,0,0,0,0,0,0,0,0,0,0,0,0,0,31,246,0.0,0.0,0.0,0.0,1.0,0.0,0.01,89,200,0.83,0.02,0.83,0.01,0.0,0.0,0.12,0.0,0
0,udp,domain_u,SF,44,70,0,0,0,0,0,0,0,0,0,0,0,0,0,0,0,0,311,310,0.0,0.0,0.0,0.0,1.0,0.01,0.0,255,254,1.0,0.01,0.0,0.0,0.0,0.0,0.0,0.0,0
20,tcp,ftp,SF,246,773,0,0,0,4,0,1,0,0,0,0,0,0,0,0,0,1,1,1,0.0,0.0,0.0,0.0,1.0,0.0,0.0,255,49,0.19,0.02,0.0,0.0,0.0,0.0,0.0,0.0,0
0,udp,other,SF,145,0,0,0,0,0,0,0,0,0,0,0,0,0,0,0,0,0,1,1,0.0,0.0,0.0,0.0,1.0,0.0,0.0,255,3,0.01,0.68,0.95,0.0,0.0,0.0,0.0,0.0,0
0,tcp,http,SF,324,453,0,0,0,0,0,1,0,0,0,0,0,0,0,0,0,0,14,14,0.0,0.0,0.0,0.0,1.0,0.0,0.0,255,255,1.0,0.0,0.0,0.0,0.0,0.0,0.0,0.0,0
0,tcp,http,SF,269,2232,0,0,0,0,0,1,0,0,0,0,0,0,0,0,0,0,16,22,0.0,0.0,0.0,0.0,1.0,0.0,0.18,255,255,1.0,0.0,0.0,0.0,0.0,0.0,0.0,0.0,0
0,tcp,http,SF,358,2085,0,0,0,0,0,1,0,0,0,0,0,0,0,0,0,0,10,12,0.0,0.0,0.0,0.0,1.0,0.0,0.17,255,255,1.0,0.0,0.0,0.0,0.01,0.01,0.0,0.0,0
2,tcp,ftp,SF,1196,2449,0,0,0,28,0,1,0,0,0,0,0,0,0,0,0,1,1,1,0.0,0.0,0.0,0.0,1.0,0.0,0.0,185,13,0.07,0.03,0.01,0.0,0.01,0.0,0.01,0.0,1
0,tcp,http,SF,334,2124,0,0,0,0,0,1,0,0,0,0,0,0,0,0,0,0,16,17,0.0,0.0,0.0,0.0,1.0,0.0,0.12,16,255,1.0,0.0,0.06,0.02,0.0,0.0,0.0,0.0,0
0,tcp,http,SF,339,8292,0,0,0,0,0,1,0,0,0,0,0,0,0,0,0,0,14,28,0.0,0.0,0.0,0.0,1.0,0.0,0.11,80,255,1.0,0.0,0.01,0.01,0.0,0.0,0.0,0.0,0
0,tcp,http,SF,303,2013,0,0,0,0,0,1,0,0,0,0,0,0,0,0,0,0,2,2,0.0,0.0,0.0,0.0,1.0,0.0,0.0,255,247,0.97,0.01,0.0,0.0,0.0,0.0,0.0,0.0,0
0,tcp,http,SF,281,360,0,0,0,0,0,1,0,0,0,0,0,0,0,0,0,0,20,21,0.0,0.0,0.0,0.0,1.0,0.0,0.1,255,255,1.0,0.0,0.0,0.0,0.0,0.0,0.06,0.06,0
0,tcp,http,SF,297,327,0,0,0,0,0,1,0,0,0,0,0,0,0,0,0,0,26,26,0.0,0.0,0.0,0.0,1.0,0.0,0.0,26,255,1.0,0.0,0.04,0.02,0.0,0.0,0.0,0.0,0
0,tcp,http,SF,213,810,0,0,0,0,0,1,0,0,0,0,0,0,0,0,0,0,35,35,0.03,0.03,0.0,0.0,1.0,0.0,0.0,255,255,1.0,0.0,0.0,0.0,0.0,0.0,0.0,0.0,0
0,tcp,ftp_data,SF,334,0,0,0,0,0,0,1,0,0,0,0,0,0,0,0,0,0,2,2,0.0,0.0,0.0,0.0,1.0,0.0,0.0,2,55,1.0,0.0,1.0,0.13,0.0,0.02,0.0,0.0,1
302,udp,other,SF,147,105,0,0,0,0,0,0,0,0,0,0,0,0,0,0,0,0,1,1,0.0,0.0,0.0,0.0,1.0,0.0,0.0,255,1,0.0,0.63,0.94,0.0,0.0,0.0,0.0,0.0,0
0,tcp,http,SF,220,1522,0,0,0,0,0,1,0,0,0,0,0,0,0,0,0,0,7,8,0.0,0.0,0.0,0.0,1.0,0.0,0.25,7,255,1.0,0.0,0.14,0.02,0.0,0.0,0.0,0.0,0
0,tcp,http,SF,169,370,0,0,0,0,0,1,0,0,0,0,0,0,0,0,0,0,4,4,0.0,0.0,0.0,0.0,1.0,0.0,0.0,10,255,1.0,0.0,0.1,0.04,0.0,0.0,0.0,0.0,0
21,tcp,ftp,SF,246,774,0,0,0,4,0,1,0,0,0,0,0,0,0,0,0,1,1,1,0.0,0.0,0.0,0.0,1.0,0.0,0.0,241,42,0.17,0.02,0.0,0.0,0.0,0.0,0.0,0.0,0
0,tcp,ftp_data,SF,383,0,0,0,0,0,0,1,0,0,0,0,0,0,0,0,0,0,2,2,0.0,0.0,0.0,0.0,1.0,0.0,0.0,255,77,0.3,0.02,0.3,0.0,0.0,0.0,0.03,0.0,0
0,udp,domain_u,SF,46,72,0,0,0,0,0,0,0,0,0,0,0,0,0,0,0,0,213,212,0.0,0.0,0.0,0.0,1.0,0.01,0.0,255,239,0.94,0.02,0.0,0.0,0.0,0.0,0.0,0.0,0
0,tcp,http,SF,259,392,0,0,0,0,0,1,0,0,0,0,0,0,0,0,0,0,4,4,0.0,0.0,0.0,0.0,1.0,0.0,0.0,73,255,1.0,0.0,0.01,0.02,0.0,0.0,0.0,0.0,0
0,tcp,http,SF,223,1367,0,0,0,0,0,1,0,0,0,0,0,0,0,0,0,0,6,6,0.0,0.0,0.0,0.0,1.0,0.0,0.0,24,255,1.0,0.0,0.04,0.03,0.0,0.0,0.0,0.0,0
0,tcp,http,SF,217,7956,0,0,0,0,0,1,0,0,0,0,0,0,0,0,0,0,2,2,0.0,0.0,0.0,0.0,1.0,0.0,0.0,22,255,1.0,0.0,0.05,0.05,0.0,0.0,0.0,0.0,0
2,tcp,smtp,SF,1187,361,0,0,0,0,0,1,0,0,0,0,0,0,0,0,0,0,1,3,0.0,0.0,0.0,0.0,1.0,0.0,1.0,97,179,0.69,0.04,0.01,0.02,0.0,0.01,0.0,0.0,0
0,tcp,http,SF,240,2252,0,0,0,0,0,1,0,0,0,0,0,0,0,0,0,0,4,4,0.0,0.0,0.0,0.0,1.0,0.0,0.0,255,255,1.0,0.0,0.0,0.0,0.0,0.0,0.0,0.0,0
10120,tcp,ftp,SF,1020,2201,0,0,0,4,0,1,0,0,0,0,0,0,0,0,0,1,1,1,0.0,0.0,0.0,0.0,1.0,0.0,0.0,255,15,0.06,0.02,0.0,0.0,0.16,0.0,0.0,0.0,1
0,tcp,http,SF,202,2257,0,0,0,0,0,1,0,0,0,0,0,0,0,0,0,0,16,17,0.0,0.0,0.0,0.0,1.0,0.0,0.12,17,255,1.0,0.0,0.06,0.04,0.0,0.0,0.0,0.0,0
0,tcp,ftp_data,SF,334,0,0,0,0,0,0,1,0,0,0,0,0,0,0,0,0,0,2,2,0.0,0.0,0.0,0.0,1.0,0.0,0.0,3,28,1.0,0.0,1.0,0.18,0.0,0.04,0.0,0.0,1
0,udp,domain_u,SF,46,132,0,0,0,0,0,0,0,0,0,0,0,0,0,0,0,0,34,249,0.0,0.0,0.0,0.0,1.0,0.0,0.01,92,200,0.84,0.02,0.84,0.01,0.0,0.0,0.12,0.0,0
0,tcp,finger,SF,7,220,0,0,0,0,0,0,0,0,0,0,0,0,0,0,0,0,1,1,0.0,0.0,0.0,0.0,1.0,0.0,0.0,8,11,0.12,0.25,0.12,0.27,0.0,0.27,0.0,0.0,0
2,tcp,ftp,SF,1222,2451,0,0,0,28,0,1,0,0,0,0,0,0,0,0,0,1,1,1,0.0,0.0,0.0,0.0,1.0,0.0,0.0,255,119,0.47,0.02,0.0,0.0,0.0,0.0,0.01,0.0,1
0,udp,domain_u,SF,34,0,0,0,0,0,0,0,0,0,0,0,0,0,0,0,0,0,1,3,0.0,0.0,0.0,0.0,1.0,0.0,0.67,225,16,0.07,0.03,0.07,0.0,0.0,0.0,0.0,0.0,0
0,tcp,http,SF,305,2013,0,0,0,0,0,1,0,0,0,0,0,0,0,0,0,0,2,2,0.0,0.0,0.0,0.0,1.0,0.0,0.0,255,234,0.92,0.01,0.0,0.0,0.0,0.0,0.0,0.0,0
0,tcp,http,SF,241,10419,0,0,0,0,0,1,0,0,0,0,0,0,0,0,0,0,11,28,0.0,0.0,0.0,0.0,1.0,0.0,0.07,11,255,1.0,0.0,0.09,0.07,0.0,0.0,0.0,0.0,0
27,tcp,smtp,SF,12035,1458,0,0,0,0,0,1,0,0,0,0,0,0,0,0,0,0,1,1,0.0,0.0,0.0,0.0,1.0,0.0,0.0,142,110,0.77,0.03,0.01,0.0,0.0,0.0,0.0,0.0,0
2,tcp,ftp,SF,1199,2447,0,0,0,28,0,1,0,0,0,0,0,0,0,0,0,1,1,1,0.0,0.0,0.0,0.0,1.0,0.0,0.0,248,76,0.31,0.02,0.0,0.0,0.0,0.0,0.01,0.0,1
0,tcp,ftp_data,SF,334,0,0,0,0,0,0,1,0,0,0,0,0,0,0,0,0,0,1,1,0.0,0.0,0.0,0.0,1.0,0.0,0.0,9,36,1.0,0.0,1.0,0.11,0.0,0.0,0.0,0.0,1
0,udp,domain_u,SF,42,133,0,0,0,0,0,0,0,0,0,0,0,0,0,0,0,0,213,290,0.0,0.0,0.0,0.0,1.0,0.01,0.01,215,176,0.82,0.01,0.0,0.0,0.0,0.0,0.0,0.0,0
0,udp,other,SF,113,0,0,0,0,0,0,0,0,0,0,0,0,0,0,0,0,0,22,21,0.0,0.0,0.0,0.0,0.95,0.09,0.0,255,21,0.08,0.55,0.08,0.0,0.0,0.0,0.0,0.0,0
0,tcp,http,SF,220,406,0,0,0,0,0,1,0,0,0,0,0,0,0,0,0,0,6,9,0.0,0.0,0.0,0.0,1.0,0.0,0.22,255,255,1.0,0.0,0.0,0.0,0.0,0.0,0.0,0.0,0
0,udp,domain_u,SF,42,42,0,0,0,0,0,0,0,0,0,0,0,0,0,0,0,0,10,18,0.0,0.0,0.0,0.0,1.0,0.0,0.22,255,243,0.95,0.01,0.0,0.0,0.0,0.0,0.0,0.0,0
0,tcp,http,SF,200,2208,0,0,0,0,0,1,0,0,0,0,0,0,0,0,0,0,23,26,0.0,0.0,0.0,0.0,1.0,0.0,0.12,103,255,1.0,0.0,0.01,0.02,0.0,0.0,0.0,0.0,0
0,tcp,http,SF,325,1747,0,0,0,0,0,1,0,0,0,0,0,0,0,0,0,0,9,10,0.0,0.0,0.0,0.0,1.0,0.0,0.2,26,255,1.0,0.0,0.04,0.03,0.0,0.0,0.0,0.0,0
0,tcp,http,SF,218,5473,0,0,0,0,0,1,0,0,0,0,0,0,0,0,0,0,41,41,0.0,0.0,0.0,0.0,1.0,0.0,0.0,136,255,1.0,0.0,0.01,0.01,0.0,0.0,0.0,0.0,0
0,tcp,http,SF,200,1794,0,0,0,0,0,1,0,0,0,0,0,0,0,0,0,0,6,16,0.0,0.0,0.0,0.0,1.0,0.0,0.19,7,255,1.0,0.0,0.14,0.02,0.0,0.0,0.0,0.0,0
0,tcp,telnet,S1,0,0,0,0,0,0,0,0,0,0,0,0,0,0,0,0,0,0,1,1,1.0,1.0,0.0,0.0,1.0,0.0,0.0,154,2,0.01,0.12,0.01,0.0,0.01,0.5,0.0,0.0,0
12,tcp,ftp_data,SF,7045,0,0,0,0,0,0,1,0,0,0,0,0,0,0,0,0,0,1,1,0.0,0.0,0.0,0.0,1.0,0.0,0.0,8,8,1.0,0.0,1.0,0.0,0.0,0.0,0.0,0.0,1
0,tcp,http,SF,208,498,0,0,0,0,0,1,0,0,0,0,0,0,0,0,0,0,14,14,0.0,0.0,0.0,0.0,1.0,0.0,0.0,64,255,1.0,0.0,0.02,0.02,0.0,0.0,0.0,0.0,0
0,tcp,http,SF,207,512,0,0,0,0,0,1,0,0,0,0,0,0,0,0,0,0,9,9,0.0,0.0,0.0,0.0,1.0,0.0,0.0,64,144,1.0,0.0,0.02,0.02,0.0,0.0,0.0,0.0,0
0,tcp,http,SF,321,1001,0,0,0,0,0,1,0,0,0,0,0,0,0,0,0,0,18,26,0.0,0.0,0.0,0.0,1.0,0.0,0.08,63,231,1.0,0.0,0.02,0.03,0.0,0.0,0.02,0.0,0
0,tcp,http,SF,255,2134,0,0,0,0,0,1,0,0,0,0,0,0,0,0,0,0,8,8,0.0,0.0,0.0,0.0,1.0,0.0,0.0,17,255,1.0,0.0,0.06,0.04,0.0,0.0,0.0,0.0,0
0,tcp,http,SF,343,429,0,0,0,0,0,1,0,0,0,0,0,0,0,0,0,0,35,39,0.0,0.0,0.0,0.0,1.0,0.0,0.1,132,255,1.0,0.0,0.01,0.02,0.0,0.0,0.0,0.0,0
0,tcp,http,SF,210,61957,0,0,0,0,0,1,0,0,0,0,0,0,0,0,0,0,6,6,0.0,0.0,0.0,0.0,1.0,0.0,0.0,219,255,1.0,0.0,0.0,0.01,0.0,0.0,0.0,0.0,0
30,tcp,ftp,SF,1496,4152,0,0,0,30,0,1,0,0,0,0,0,0,0,0,0,1,1,1,0.0,0.0,0.0,0.0,1.0,0.0,0.0,91,24,0.26,0.03,0.01,0.0,0.0,0.0,0.0,0.0,0
0,tcp,ftp_data,SF,334,0,0,0,0,0,0,1,0,0,0,0,0,0,0,0,0,0,1,1,0.0,0.0,0.0,0.0,1.0,0.0,0.0,8,45,1.0,0.0,1.0,0.11,0.0,0.0,0.0,0.0,1
0,tcp,http,SF,177,3314,0,0,0,0,0,1,0,0,0,0,0,0,0,0,0,0,2,7,0.0,0.0,0.0,0.0,1.0,0.0,0.29,40,245,1.0,0.0,0.03,0.01,0.0,0.01,0.03,0.01,0
0,tcp,http,SF,228,3446,0,0,0,0,0,1,0,0,0,0,0,0,0,0,0,0,1,8,0.0,0.0,0.0,0.0,1.0,0.0,0.25,31,255,1.0,0.0,0.03,0.04,0.0,0.0,0.42,0.06,0
10,tcp,ftp_data,SF,0,5150790,0,0,0,0,0,0,0,0,0,0,0,0,0,0,0,0,1,1,0.0,0.0,0.0,0.0,1.0,0.0,0.0,11,11,1.0,0.0,1.0,0.0,0.0,0.0,0.0,0.0,1
0,tcp,http,SF,231,2507,0,0,0,0,0,1,0,0,0,0,0,0,0,0,0,0,4,4,0.0,0.0,0.0,0.0,1.0,0.0,0.0,166,166,1.0,0.0,0.01,0.0,0.0,0.0,0.0,0.0,0
0,tcp,telnet,RSTR,126,179,0,0,0,2,1,0,0,0,0,0,0,0,0,0,0,0,1,1,0.0,0.0,1.0,1.0,1.0,0.0,0.0,36,36,1.0,0.0,0.03,0.0,0.06,0.06,0.94,0.94,1
0,tcp,http,SF,164,4723,0,0,0,0,0,1,0,0,0,0,0,0,0,0,0,0,1,11,0.0,0.0,0.0,0.0,1.0,0.0,0.18,6,255,1.0,0.0,0.17,0.06,0.0,0.0,0.0,0.0,0
0,icmp,urp_i,SF,181,0,0,0,0,0,0,0,0,0,0,0,0,0,0,0,0,0,4,3,0.0,0.0,0.0,0.0,0.75,0.5,0.0,255,90,0.35,0.01,0.47,0.0,0.0,0.0,0.0,0.0,0
9415,udp,other,SF,147,105,0,0,0,0,0,0,0,0,0,0,0,0,0,0,0,0,1,1,0.0,0.0,0.0,0.0,1.0,0.0,0.0,255,1,0.0,0.83,0.99,0.0,0.0,0.0,0.0,0.0,0
0,tcp,http,SF,243,1386,0,0,0,0,0,1,0,0,0,0,0,0,0,0,0,0,17,17,0.0,0.0,0.0,0.0,1.0,0.0,0.0,165,255,1.0,0.0,0.01,0.02,0.0,0.0,0.0,0.0,0
0,tcp,smtp,SF,1577,330,0,0,0,0,0,1,0,0,0,0,0,0,0,0,0,0,1,2,0.0,0.0,0.0,0.0,1.0,0.0,1.0,103,214,0.64,0.03,0.01,0.01,0.0,0.0,0.0,0.0,0
0,tcp,smtp,SF,1189,332,0,0,0,0,0,1,0,0,0,0,0,0,2,0,0,0,1,2,0.0,0.0,0.0,0.0,1.0,0.0,1.0,75,162,0.6,0.07,0.01,0.02,0.0,0.0,0.0,0.0,0
0,tcp,telnet,S1,1960,6893,0,0,0,0,0,1,0,0,0,0,8,0,0,0,0,0,1,1,1.0,1.0,0.0,0.0,1.0,0.0,0.0,178,27,0.15,0.02,0.01,0.07,0.12,0.78,0.0,0.0,0
0,tcp,http,SF,193,2408,0,0,0,0,0,1,0,0,0,0,0,0,0,0,0,0,9,10,0.0,0.0,0.0,0.0,1.0,0.0,0.2,113,255,1.0,0.0,0.01,0.02,0.0,0.0,0.0,0.0,0
0,tcp,ftp_data,SF,334,0,0,0,0,0,0,1,0,0,0,0,0,0,0,0,0,0,1,1,0.0,0.0,0.0,0.0,1.0,0.0,0.0,1,39,1.0,0.0,1.0,0.15,0.0,0.0,0.0,0.0,1
0,tcp,http,REJ,0,0,0,0,0,0,0,0,0,0,0,0,0,0,0,0,0,0,1,1,0.0,0.0,1.0,1.0,1.0,0.0,0.0,45,255,1.0,0.0,0.02,0.13,0.0,0.0,1.0,0.96,0
0,icmp,eco_i,SF,30,0,0,0,0,0,0,0,0,0,0,0,0,0,0,0,0,0,2,2,0.0,0.0,0.0,0.0,1.0,0.0,0.0,235,235,1.0,0.0,1.0,0.0,0.0,0.0,0.0,0.0,0
0,udp,domain_u,SF,46,72,0,0,0,0,0,0,0,0,0,0,0,0,0,0,0,0,289,289,0.0,0.0,0.0,0.0,1.0,0.0,0.0,255,248,0.97,0.01,0.0,0.0,0.0,0.0,0.0,0.0,0
0,tcp,ftp_data,SF,334,0,0,0,0,0,0,1,0,0,0,0,0,0,0,0,0,0,2,2,0.0,0.0,0.0,0.0,1.0,0.0,0.0,9,21,1.0,0.0,1.0,0.19,0.0,0.0,0.0,0.0,1
0,tcp,http,SF,269,944,0,0,0,0,0,1,0,0,0,0,0,0,0,0,0,0,22,22,0.0,0.0,0.0,0.0,1.0,0.0,0.0,255,255,1.0,0.0,0.0,0.0,0.0,0.0,0.0,0.0,0
0,tcp,http,SF,323,2912,0,0,0,0,0,1,0,0,0,0,0,0,0,0,0,0,2,36,0.0,0.0,0.0,0.0,1.0,0.0,0.11,76,255,1.0,0.0,0.01,0.01,0.0,0.0,0.01,0.0,0
0,tcp,smtp,SF,704,362,0,0,0,0,0,1,0,0,0,0,0,0,0,0,0,0,1,2,0.0,0.0,0.0,0.0,1.0,0.0,1.0,173,170,0.65,0.03,0.01,0.01,0.0,0.0,0.0,0.0,0
0,udp,domain_u,SF,31,0,0,0,0,0,0,0,0,0,0,0,0,0,0,0,0,0,1,2,0.0,0.0,0.0,0.0,1.0,0.0,1.0,78,39,0.21,0.05,0.21,0.08,0.0,0.0,0.0,0.0,0
2,tcp,time,SF,0,4,0,0,0,0,0,0,0,0,0,0,0,0,0,0,0,0,1,1,0.0,0.0,0.0,0.0,1.0,0.0,0.0,2,2,1.0,0.0,0.5,0.0,0.0,0.0,0.0,0.0,0
0,tcp,http,SF,301,10063,0,0,0,0,0,1,0,0,0,0,0,0,0,0,0,0,9,10,0.0,0.0,0.0,0.0,1.0,0.0,0.2,255,255,1.0,0.0,0.0,0.0,0.0,0.0,0.0,0.0,0
0,tcp,http,SF,219,189,0,0,0,0,0,1,0,0,0,0,0,0,0,0,0,0,23,23,0.0,0.0,0.0,0.0,1.0,0.0,0.0,255,255,1.0,0.0,0.0,0.0,0.0,0.0,0.0,0.0,0
10128,tcp,ftp,SF,979,2187,0,0,0,4,0,1,0,0,0,0,0,0,0,0,0,1,1,1,0.0,0.0,0.0,0.0,1.0,0.0,0.0,255,8,0.03,0.02,0.0,0.0,0.19,0.0,0.0,0.0,1
0,tcp,http,SF,193,1093,0,0,0,0,0,1,0,0,0,0,0,0,0,0,0,0,2,2,0.0,0.0,0.0,0.0,1.0,0.0,0.0,179,255,1.0,0.0,0.01,0.04,0.0,0.0,0.0,0.0,0
0,icmp,urp_i,SF,65,0,0,0,0,0,0,0,0,0,0,0,0,0,0,0,0,0,9,2,0.0,0.0,0.0,0.0,0.22,0.22,0.0,255,16,0.06,0.01,0.06,0.0,0.0,0.0,0.0,0.0,0
0,tcp,http,REJ,0,0,0,0,0,0,0,0,0,0,0,0,0,0,0,0,0,0,1,1,0.0,0.0,1.0,1.0,1.0,0.0,0.0,81,201,1.0,0.0,0.01,0.09,0.0,0.0,1.0,0.96,0
0,icmp,eco_i,SF,30,0,0,0,0,0,0,0,0,0,0,0,0,0,0,0,0,0,2,52,0.0,0.0,0.0,0.0,0.5,1.0,1.0,109,108,0.02,0.03,0.16,0.5,0.0,0.0,0.0,0.0,0
0,tcp,http,SF,206,188,0,0,0,0,0,1,0,0,0,0,0,0,0,0,0,0,3,21,0.33,0.1,0.0,0.0,1.0,0.0,0.14,25,36,1.0,0.0,0.04,0.17,0.04,0.03,0.88,0.89,0
0,tcp,http,SF,205,313,0,0,0,0,0,1,0,0,0,0,0,0,0,0,0,0,33,33,0.0,0.0,0.0,0.0,1.0,0.0,0.0,255,255,1.0,0.0,0.0,0.0,0.0,0.0,0.32,0.32,0
0,tcp,ftp_data,SF,334,0,0,0,0,0,0,1,0,0,0,0,0,0,0,0,0,0,1,1,0.0,0.0,0.0,0.0,1.0,0.0,0.0,3,21,1.0,0.0,1.0,0.24,0.0,0.0,0.0,0.0,1
0,tcp,http,SF,331,1862,0,0,0,0,0,1,0,0,0,0,0,0,0,0,0,0,8,8,0.0,0.0,0.0,0.0,1.0,0.0,0.0,82,255,1.0,0.0,0.01,0.02,0.0,0.0,0.0,0.0,0
0,tcp,http,SF,355,254,0,0,0,0,0,1,0,0,0,0,0,0,0,0,0,0,6,8,0.0,0.0,0.0,0.0,1.0,0.0,0.25,151,255,1.0,0.0,0.01,0.04,0.0,0.0,0.0,0.0,0
0,tcp,http,SF,210,1888,0,0,0,0,0,1,0,0,0,0,0,0,0,0,0,0,15,15,0.0,0.0,0.0,0.0,1.0,0.0,0.0,36,255,1.0,0.0,0.03,0.05,0.0,0.0,0.0,0.0,0
0,tcp,http,SF,315,575,0,0,0,0,0,1,0,0,0,0,0,0,0,0,0,0,3,4,0.0,0.0,0.0,0.0,1.0,0.0,0.5,255,255,1.0,0.0,0.0,0.0,0.0,0.0,0.0,0.0,0
0,tcp,http,SF,225,3758,0,0,0,0,0,1,0,0,0,0,0,0,0,0,0,0,5,5,0.0,0.0,0.0,0.0,1.0,0.0,0.0,168,255,1.0,0.0,0.01,0.03,0.0,0.0,0.0,0.0,0
10127,tcp,ftp,SF,1038,2206,0,0,0,5,0,1,0,0,0,0,0,0,0,0,0,1,1,1,0.0,0.0,0.0,0.0,1.0,0.0,0.0,255,12,0.05,0.02,0.0,0.0,0.17,0.0,0.0,0.0,1
0,tcp,http,REJ,0,0,0,0,0,0,0,0,0,0,0,0,0,0,0,0,0,0,22,22,0.0,0.0,0.77,0.77,1.0,0.0,0.0,57,251,1.0,0.0,0.02,0.17,0.0,0.0,0.91,0.98,0
0,tcp,smtp,SF,3144,407,0,0,0,0,0,1,0,0,0,0,0,0,0,0,0,0,1,1,0.0,0.0,0.0,0.0,1.0,0.0,0.0,60,232,0.73,0.05,0.02,0.01,0.25,0.0,0.0,0.0,0
0,tcp,http,SF,191,5211,0,0,0,0,0,1,0,0,0,0,0,0,0,0,0,0,15,30,0.0,0.0,0.0,0.03,1.0,0.0,0.07,41,255,1.0,0.0,0.02,0.04,0.0,0.0,0.0,0.0,0
0,tcp,http,SF,203,928,0,0,0,0,0,1,0,0,0,0,0,0,0,0,0,0,1,1,0.0,0.0,0.0,0.0,1.0,0.0,0.0,1,251,1.0,0.0,1.0,0.05,0.0,0.0,0.0,0.0,0
0,tcp,http,SF,254,3938,0,0,0,0,0,1,0,0,0,0,0,0,0,0,0,0,2,2,0.0,0.0,0.0,0.0,1.0,0.0,0.0,8,255,1.0,0.0,0.12,0.03,0.0,0.0,0.0,0.0,0
0,tcp,http,SF,281,754,0,0,0,0,0,1,0,0,0,0,0,0,0,0,0,0,3,3,0.0,0.0,0.0,0.0,1.0,0.0,0.0,19,255,1.0,0.0,0.05,0.03,0.0,0.0,0.05,0.0,0
0,tcp,smtp,SF,3600,387,0,0,0,0,0,1,0,0,0,0,0,0,0,0,0,0,1,1,0.0,0.0,0.0,0.0,1.0,0.0,0.0,255,16,0.06,0.02,0.0,0.0,0.87,0.0,0.0,0.0,0
0,tcp,http,SF,204,1651,0,0,0,0,0,1,0,0,0,0,0,0,0,0,0,0,11,11,0.0,0.0,0.0,0.0,1.0,0.0,0.0,252,255,1.0,0.0,0.0,0.01,0.0,0.0,0.0,0.0,0
6,tcp,smtp,SF,1687,366,0,0,0,0,0,1,0,0,0,0,0,0,0,0,0,0,1,1,0.0,0.0,0.0,0.0,1.0,0.0,0.0,170,122,0.72,0.02,0.01,0.0,0.0,0.0,0.0,0.0,0
0,tcp,http,SF,199,181,0,0,0,0,0,1,0,0,0,0,0,0,0,0,0,0,7,17,0.0,0.0,0.0,0.0,1.0,0.0,0.18,255,255,1.0,0.0,0.0,0.0,0.0,0.0,0.0,0.0,0
0,udp,domain_u,SF,44,75,0,0,0,0,0,0,0,0,0,0,0,0,0,0,0,0,239,239,0.0,0.0,0.0,0.0,1.0,0.01,0.01,255,255,1.0,0.0,0.0,0.0,0.0,0.0,0.0,0.0,0
1,tcp,smtp,SF,3346,374,0,0,0,0,0,1,0,0,0,0,0,0,0,0,0,0,1,2,0.0,0.0,0.0,0.0,1.0,0.0,1.0,21,175,0.86,0.14,0.05,0.01,0.0,0.01,0.0,0.0,0
0,tcp,http,SF,328,301,0,0,0,0,0,1,0,0,0,0,0,0,0,0,0,0,3,3,0.0,0.0,0.0,0.0,1.0,0.0,0.0,25,255,1.0,0.0,0.04,0.05,0.0,0.0,0.0,0.0,0
0,tcp,smtp,SF,944,332,0,0,0,0,0,1,0,0,0,0,0,0,0,0,0,0,1,1,0.0,0.0,0.0,0.0,1.0,0.0,0.0,222,166,0.65,0.02,0.0,0.01,0.0,0.0,0.0,0.0,0
2,tcp,ftp,SF,1199,2447,0,0,0,28,0,1,0,0,0,0,0,0,0,0,0,1,1,1,0.0,0.0,0.0,0.0,1.0,0.0,0.0,199,27,0.14,0.03,0.01,0.0,0.01,0.0,0.01,0.0,1
0,tcp,ftp_data,SF,748,0,0,0,0,0,0,0,0,0,0,0,0,0,0,0,0,0,1,1,0.0,0.0,0.0,0.0,1.0,0.0,0.0,25,39,0.2,0.08,0.2,0.05,0.0,0.0,0.0,0.0,0
0,tcp,ftp_data,SF,1214,0,0,0,0,0,0,0,0,0,0,0,0,0,0,0,0,0,13,13,0.0,0.0,0.0,0.0,1.0,0.0,0.0,255,133,0.52,0.01,0.52,0.0,0.0,0.01,0.0,0.0,0
0,tcp,smtp,SF,1824,334,0,0,0,0,0,1,0,0,0,0,0,0,0,0,0,0,1,1,0.0,0.0,0.0,0.0,1.0,0.0,0.0,181,244,0.97,0.01,0.01,0.01,0.0,0.0,0.0,0.0,0
0,tcp,ftp_data,SF,12,0,0,0,0,0,0,1,0,0,0,0,0,0,0,0,0,0,116,2,0.99,0.0,0.0,0.0,0.01,0.07,1.0,255,19,0.07,0.09,0.1,0.0,0.77,0.0,0.01,0.0,0
0,udp,domain_u,SF,30,0,0,0,0,0,0,0,0,0,0,0,0,0,0,0,0,0,1,2,0.0,0.0,0.0,0.0,1.0,0.0,1.0,41,26,0.15,0.12,0.15,0.08,0.0,0.0,0.0,0.0,0
0,tcp,smtp,SF,2092,336,0,0,0,0,0,1,0,0,0,0,0,0,0,0,0,0,1,1,0.0,0.0,0.0,0.0,1.0,0.0,0.0,81,126,0.96,0.02,0.01,0.02,0.0,0.0,0.0,0.0,0
0,tcp,other,SF,4539,0,0,0,0,0,0,1,0,0,0,0,0,0,0,0,0,0,23,1,0.04,0.0,0.0,0.0,0.04,0.43,0.0,148,1,0.01,0.1,0.37,0.0,0.02,0.0,0.0,0.0,0
5051,tcp,ftp_data,SF,5135678,0,0,0,0,0,0,1,0,0,0,0,0,0,0,0,0,0,1,1,0.0,0.0,0.0,0.0,1.0,0.0,0.0,10,21,1.0,0.0,1.0,0.1,0.0,0.0,0.0,0.0,1
1,tcp,smtp,SF,821,332,0,0,0,0,0,1,0,0,0,0,0,0,0,0,0,0,1,2,0.0,0.0,0.0,0.0,1.0,0.0,1.0,163,204,0.72,0.02,0.01,0.01,0.0,0.0,0.0,0.0,0
0,tcp,http,SF,233,1061,0,0,0,0,0,1,0,0,0,0,0,0,0,0,0,0,13,14,0.0,0.0,0.0,0.0,1.0,0.0,0.14,92,255,1.0,0.0,0.01,0.04,0.0,0.0,0.0,0.0,0
0,tcp,http,SF,264,1254,0,0,0,0,0,1,0,0,0,0,0,0,0,0,0,0,10,16,0.0,0.0,0.0,0.0,1.0,0.0,0.25,255,255,1.0,0.0,0.0,0.0,0.0,0.0,0.0,0.0,0
0,tcp,telnet,RSTO,126,179,0,0,0,1,1,0,0,0,0,0,0,0,0,0,0,0,2,2,0.0,0.0,1.0,1.0,1.0,0.0,0.0,16,16,1.0,0.0,0.06,0.0,0.06,0.06,0.94,0.94,1
0,tcp,http,SF,223,6086,0,0,0,0,0,1,0,0,0,0,0,0,0,0,0,0,5,5,0.2,0.2,0.0,0.0,1.0,0.0,0.0,255,255,1.0,0.0,0.0,0.0,0.0,0.0,0.0,0.0,0
22,udp,domain_u,SF,42,42,0,0,0,0,0,0,0,0,0,0,0,0,0,0,0,0,4,6,0.0,0.0,0.0,0.0,1.0,0.0,0.33,255,250,0.98,0.01,0.01,0.0,0.0,0.0,0.0,0.0,0
0,tcp,smtp,SF,11402,1553,0,0,0,0,0,1,0,0,0,0,0,0,0,0,0,0,144,1,0.99,0.0,0.0,0.0,0.01,0.07,0.0,255,11,0.04,0.06,0.0,0.0,0.95,0.0,0.0,0.0,0
0,tcp,http,REJ,0,0,0,0,0,0,0,0,0,0,0,0,0,0,0,0,0,0,17,17,0.0,0.0,0.71,0.71,1.0,0.0,0.0,17,255,1.0,0.0,0.06,0.01,0.0,0.0,0.71,0.06,0
0,udp,private,SF,105,146,0,0,0,0,0,0,0,0,0,0,0,0,0,0,0,0,1,1,0.0,0.0,0.0,0.0,1.0,0.0,0.0,219,207,0.95,0.01,0.0,0.0,0.0,0.0,0.0,0.0,0
0,tcp,smtp,SF,4095,368,0,0,0,0,0,1,0,0,0,0,0,0,0,0,0,0,1,4,0.0,0.0,0.0,0.0,1.0,0.0,1.0,50,203,1.0,0.0,0.02,0.01,0.0,0.0,0.0,0.0,0
0,tcp,http,SF,340,414,0,0,0,0,0,1,0,0,0,0,0,0,0,0,0,0,4,5,0.0,0.0,0.0,0.0,1.0,0.0,0.4,103,255,1.0,0.0,0.01,0.03,0.0,0.0,0.0,0.02,0
5039,tcp,ftp_data,SF,5133876,0,0,0,0,3,0,1,0,0,0,0,0,0,0,0,0,0,1,1,0.0,0.0,0.0,0.0,1.0,0.0,0.0,4,41,1.0,0.0,1.0,0.12,0.0,0.0,0.0,0.0,1
0,tcp,ftp_data,SF,12,0,0,0,0,0,0,1,0,0,0,0,0,0,0,0,0,0,1,1,0.0,0.0,0.0,0.0,1.0,0.0,0.0,175,63,0.36,0.02,0.36,0.0,0.0,0.0,0.0,0.0,0
0,tcp,http,SF,252,961,0,0,0,0,0,1,0,0,0,0,0,0,0,0,0,0,12,14,0.0,0.0,0.0,0.0,1.0,0.0,0.21,255,255,1.0,0.0,0.0,0.0,0.0,0.0,0.0,0.0,0
0,tcp,http,REJ,0,0,0,0,0,0,0,0,0,0,0,0,0,0,0,0,0,0,1,1,0.0,0.0,1.0,1.0,1.0,0.0,0.0,5,255,1.0,0.0,0.2,0.06,0.0,0.0,1.0,0.95,0
0,tcp,http,SF,331,1686,0,0,0,0,0,1,0,0,0,0,0,0,0,0,0,0,22,23,0.0,0.0,0.0,0.0,1.0,0.0,0.09,185,255,1.0,0.0,0.01,0.01,0.0,0.0,0.0,0.0,0
0,tcp,http,SF,195,1767,0,0,0,0,0,1,0,0,0,0,0,0,0,0,0,0,2,7,0.0,0.0,0.0,0.0,1.0,0.0,0.43,20,255,1.0,0.0,0.05,0.01,0.0,0.0,0.0,0.0,0
0,tcp,http,SF,208,1053,0,0,0,0,0,1,0,0,0,0,0,0,0,0,0,0,27,41,0.0,0.0,0.0,0.0,1.0,0.0,0.1,255,255,1.0,0.0,0.0,0.0,0.0,0.0,0.0,0.0,0
0,tcp,http,SF,279,13622,0,0,0,0,0,1,0,0,0,0,0,0,0,0,0,0,2,2,0.0,0.0,0.0,0.0,1.0,0.0,0.0,2,255,1.0,0.0,0.5,0.03,0.0,0.0,0.0,0.0,0
0,tcp,http,SF,293,657,0,0,0,0,0,1,0,0,0,0,0,0,0,0,0,0,30,30,0.0,0.0,0.0,0.0,1.0,0.0,0.0,30,255,1.0,0.0,0.03,0.04,0.0,0.0,0.0,0.0,0
0,tcp,ftp_data,SF,334,0,0,0,0,0,0,1,0,0,0,0,0,0,0,0,0,0,2,2,0.0,0.0,0.0,0.0,1.0,0.0,0.0,4,32,1.0,0.0,1.0,0.12,0.0,0.0,0.0,0.0,1
10,tcp,ftp_data,SF,0,5151154,0,0,0,0,0,0,0,0,0,0,0,0,0,0,0,0,1,1,0.0,0.0,0.0,0.0,1.0,0.0,0.0,16,16,1.0,0.0,1.0,0.0,0.0,0.0,0.0,0.0,1
5,tcp,telnet,SF,136,3355,0,0,0,0,0,1,0,0,0,0,0,0,0,0,0,0,1,1,0.0,0.0,0.0,0.0,1.0,0.0,0.0,255,64,0.25,0.02,0.0,0.0,0.0,0.0,0.0,0.0,0
2,tcp,ftp,SF,1221,2449,0,0,0,28,0,1,0,0,0,0,0,0,0,0,0,1,1,1,0.0,0.0,0.0,0.0,1.0,0.0,0.0,255,139,0.55,0.02,0.0,0.0,0.0,0.0,0.0,0.0,1
0,tcp,http,SF,235,1314,0,0,0,0,0,1,0,0,0,0,0,0,0,0,0,0,9,9,0.0,0.0,0.0,0.0,1.0,0.0,0.0,28,255,1.0,0.0,0.04,0.02,0.0,0.0,0.0,0.0,0
0,tcp,ftp_data,SF,12165,0,0,0,0,0,0,1,0,0,0,0,0,0,0,0,0,0,5,5,0.0,0.0,0.0,0.0,1.0,0.0,0.0,251,123,0.48,0.02,0.48,0.02,0.0,0.0,0.0,0.0,0
0,tcp,http,SF,312,9284,0,0,0,0,0,1,0,0,0,0,0,0,0,0,0,0,13,36,0.0,0.0,0.0,0.0,1.0,0.0,0.06,255,255,1.0,0.0,0.0,0.0,0.0,0.0,0.0,0.0,0
0,tcp,http,SF,211,1024,0,0,0,0,0,1,0,0,0,0,0,0,0,0,0,0,15,20,0.0,0.0,0.0,0.0,1.0,0.0,0.1,35,255,1.0,0.0,0.03,0.03,0.0,0.0,0.0,0.0,0
0,tcp,http,SF,224,1905,0,0,0,0,0,1,0,0,0,0,0,0,0,0,0,0,16,16,0.0,0.0,0.0,0.0,1.0,0.0,0.0,255,255,1.0,0.0,0.0,0.0,0.0,0.0,0.0,0.0,0
0,tcp,smtp,SF,2838,531,0,0,0,0,0,1,0,0,0,0,0,0,0,0,0,0,1,6,0.0,0.0,0.0,0.0,1.0,0.0,1.0,255,35,0.14,0.01,0.0,0.0,0.0,0.0,0.86,0.0,0
0,tcp,http,SF,278,28772,0,0,0,0,0,1,0,0,0,0,0,0,0,0,0,0,9,9,0.0,0.0,0.0,0.0,1.0,0.0,0.0,50,255,1.0,0.0,0.02,0.06,0.0,0.0,0.0,0.0,0
0,tcp,http,SF,244,990,0,0,0,0,0,1,0,0,0,0,0,0,0,0,0,0,33,33,0.0,0.0,0.0,0.0,1.0,0.0,0.0,71,255,1.0,0.0,0.01,0.01,0.0,0.0,0.2,0.07,0
0,tcp,smtp,SF,1133,328,0,0,0,0,0,1,0,0,0,0,0,0,0,0,0,0,1,1,0.0,0.0,0.0,0.0,1.0,0.0,0.0,29,120,0.59,0.14,0.03,0.03,0.0,0.0,0.0,0.0,0
0,tcp,http,SF,214,2046,0,0,0,0,0,1,0,0,0,0,0,0,0,0,0,0,6,25,0.0,0.0,0.0,0.0,1.0,0.0,0.12,6,255,1.0,0.0,0.17,0.03,0.0,0.0,0.0,0.0,0
0,udp,domain_u,SF,46,134,0,0,0,0,0,0,0,0,0,0,0,0,0,0,0,0,3,42,0.0,0.0,0.0,0.0,1.0,0.0,0.05,255,248,0.97,0.01,0.0,0.0,0.0,0.0,0.0,0.0,0
0,tcp,http,REJ,0,0,0,0,0,0,0,0,0,0,0,0,0,0,0,0,0,0,1,2,0.0,0.0,1.0,1.0,1.0,0.0,1.0,10,255,1.0,0.0,0.1,0.14,0.0,0.0,1.0,1.0,0
0,tcp,ftp_data,SF,334,0,0,0,0,0,0,1,0,0,0,0,0,0,0,0,0,0,1,1,0.0,0.0,0.0,0.0,1.0,0.0,0.0,1,44,1.0,0.0,1.0,0.14,0.0,0.0,0.0,0.0,1
4,tcp,ftp_data,SF,832,0,0,0,0,0,0,1,0,0,0,0,0,0,0,0,0,0,2,1,0.0,0.0,0.0,0.0,0.5,1.0,0.0,255,83,0.33,0.07,0.35,0.0,0.02,0.05,0.0,0.0,1
0,tcp,http,SF,221,1268,0,0,0,0,0,1,0,0,0,0,0,0,0,0,0,0,10,10,0.0,0.0,0.0,0.0,1.0,0.0,0.0,255,255,1.0,0.0,0.0,0.0,0.0,0.0,0.0,0.0,0
1,tcp,ftp,SF,1142,2443,0,0,0,28,0,1,0,0,0,0,0,0,0,0,0,1,1,1,0.0,0.0,0.0,0.0,1.0,0.0,0.0,201,29,0.14,0.02,0.0,0.0,0.0,0.0,0.01,0.0,1
0,tcp,smtp,SF,826,328,0,0,0,0,0,1,0,0,0,0,0,0,0,0,0,0,1,1,0.0,0.0,0.0,0.0,1.0,0.0,0.0,214,155,0.72,0.02,0.0,0.0,0.0,0.0,0.0,0.0,0
0,tcp,http,REJ,0,0,0,0,0,0,0,0,0,0,0,0,0,0,0,0,0,0,1,2,0.0,0.0,1.0,1.0,1.0,0.0,1.0,2,145,1.0,0.0,0.5,0.2,0.0,0.0,1.0,1.0,0
5084,tcp,ftp,SF,1048,2279,0,0,0,20,0,1,0,0,0,0,0,0,0,0,0,1,1,1,0.0,0.0,0.0,0.0,1.0,0.0,0.0,255,21,0.08,0.02,0.0,0.0,0.14,0.0,0.0,0.0,1
0,udp,domain_u,SF,45,135,0,0,0,0,0,0,0,0,0,0,0,0,0,0,0,0,69,149,0.0,0.0,0.0,0.0,1.0,0.0,0.01,255,254,1.0,0.01,0.0,0.0,0.0,0.0,0.0,0.0,0
0,tcp,ftp_data,SF,35195,0,0,0,0,0,0,0,0,0,0,0,0,0,0,0,0,0,22,22,0.0,0.0,0.0,0.0,1.0,0.0,0.0,215,67,0.31,0.03,0.31,0.0,0.0,0.0,0.0,0.0,0
0,tcp,http,SF,318,23484,0,0,0,0,0,1,0,0,0,0,0,0,0,0,0,0,5,5,0.0,0.0,0.0,0.0,1.0,0.0,0.0,64,255,1.0,0.0,0.02,0.01,0.0,0.01,0.0,0.0,0
0,tcp,http,SF,291,1236,0,0,0,0,0,1,0,0,0,0,0,0,0,0,0,0,30,32,0.0,0.0,0.0,0.0,1.0,0.0,0.06,66,255,1.0,0.0,0.02,0.04,0.0,0.0,0.0,0.0,0
0,tcp,smtp,SF,1136,340,0,0,0,0,0,1,0,0,0,0,0,0,0,0,0,0,1,1,0.0,0.0,0.0,0.0,1.0,0.0,0.0,157,180,0.64,0.03,0.01,0.01,0.0,0.0,0.0,0.0,0
0,tcp,ftp_data,SF,12,0,0,0,0,0,0,1,0,0,0,0,0,0,0,0,0,0,1,1,0.0,0.0,0.0,0.0,1.0,0.0,0.0,79,24,0.3,0.05,0.3,0.0,0.0,0.0,0.0,0.0,0
24,tcp,ftp,SF,337,1069,0,0,0,6,0,1,0,0,0,0,0,0,0,0,0,1,1,1,0.0,0.0,0.0,0.0,1.0,0.0,0.0,218,39,0.18,0.04,0.0,0.0,0.0,0.0,0.01,0.05,0
28,tcp,ftp,SF,871,2579,0,0,0,18,0,1,0,0,0,0,0,0,0,0,0,1,1,1,0.0,0.0,0.0,0.0,1.0,0.0,0.0,177,47,0.27,0.03,0.01,0.0,0.0,0.0,0.01,0.02,0
0,tcp,ftp_data,SF,334,0,0,0,0,0,0,1,0,0,0,0,0,0,0,0,0,0,1,1,0.0,0.0,0.0,0.0,1.0,0.0,0.0,3,46,1.0,0.0,1.0,0.13,0.0,0.0,0.0,0.0,1
14,tcp,telnet,SF,127,2103,0,0,0,0,0,1,0,0,0,0,0,0,0,0,0,0,1,1,0.0,0.0,0.0,0.0,1.0,0.0,0.0,217,1,0.0,0.01,0.0,0.0,0.0,0.0,0.83,0.0,0
0,tcp,ftp_data,SF,334,0,0,0,0,0,0,1,0,0,0,0,0,0,0,0,0,0,2,2,0.0,0.0,0.0,0.0,1.0,0.0,0.0,28,4,0.14,0.07,0.14,0.0,0.0,0.0,0.0,0.0,1
2229,udp,other,SF,146,105,0,0,0,0,0,0,0,0,0,0,0,0,0,0,0,0,2,2,0.0,0.0,0.0,0.0,1.0,0.0,0.0,255,2,0.01,0.85,0.99,0.0,0.0,0.0,0.0,0.0,0
0,tcp,http,SF,279,1857,0,0,0,0,0,1,0,0,0,0,0,0,0,0,0,0,20,22,0.05,0.05,0.0,0.0,1.0,0.0,0.09,255,255,1.0,0.0,0.0,0.0,0.0,0.0,0.0,0.0,0
0,udp,domain_u,SF,44,131,0,0,0,0,0,0,0,0,0,0,0,0,0,0,0,0,3,23,0.0,0.0,0.0,0.0,1.0,0.0,0.09,255,255,1.0,0.0,0.0,0.0,0.0,0.0,0.0,0.0,0
29,udp,domain_u,SF,27,27,0,0,0,0,0,0,0,0,0,0,0,0,0,0,0,0,1,3,0.0,0.0,0.0,0.0,1.0,0.0,0.67,4,2,0.5,0.5,0.25,0.0,0.0,0.0,0.0,0.0,0
0,tcp,http,SF,218,678,0,0,0,0,0,1,0,0,0,0,0,0,0,0,0,0,8,8,0.0,0.0,0.0,0.0,1.0,0.0,0.0,255,255,1.0,0.0,0.0,0.0,0.0,0.0,0.0,0.0,0
1,tcp,smtp,SF,703,337,0,0,0,0,0,1,0,0,0,0,0,0,0,0,0,0,1,1,0.0,0.0,0.0,0.0,1.0,0.0,0.0,65,23,0.35,0.06,0.02,0.0,0.0,0.0,0.0,0.0,0
0,udp,domain_u,SF,43,131,0,0,0,0,0,0,0,0,0,0,0,0,0,0,0,0,70,150,0.0,0.0,0.0,0.0,0.99,0.03,0.01,255,199,0.78,0.02,0.0,0.0,0.0,0.0,0.0,0.0,0
0,tcp,ftp_data,SF,334,0,0,0,0,0,0,1,0,0,0,0,0,0,0,0,0,0,2,2,0.0,0.0,0.0,0.0,1.0,0.0,0.0,4,44,1.0,0.0,1.0,0.07,0.0,0.0,0.0,0.0,1
0,udp,private,SF,105,145,0,0,0,0,0,0,0,0,0,0,0,0,0,0,0,0,4,1,0.0,0.0,0.0,0.0,0.25,0.5,0.0,255,230,0.9,0.01,0.0,0.0,0.0,0.0,0.0,0.0,0
0,udp,domain_u,SF,45,78,0,0,0,0,0,0,0,0,0,0,0,0,0,0,0,0,259,259,0.0,0.0,0.0,0.0,1.0,0.0,0.0,255,254,1.0,0.01,0.0,0.0,0.0,0.0,0.0,0.0,0
5,tcp,http,S2,310,3746371,0,0,0,0,0,1,0,0,0,0,0,0,0,0,0,0,1,1,1.0,1.0,0.0,0.0,1.0,0.0,0.0,58,255,1.0,0.0,0.02,0.03,0.03,0.01,0.0,0.0,0
0,tcp,time,SF,0,4,0,0,0,0,0,0,0,0,0,0,0,0,0,0,0,0,1,1,0.0,0.0,0.0,0.0,1.0,0.0,0.0,22,22,1.0,0.0,0.05,0.0,0.09,0.09,0.0,0.0,0
0,udp,domain_u,SF,46,127,0,0,0,0,0,0,0,0,0,0,0,0,0,0,0,0,76,156,0.0,0.0,0.0,0.0,1.0,0.0,0.01,255,253,0.99,0.01,0.0,0.0,0.0,0.0,0.0,0.0,0
0,tcp,http,SF,321,1448,0,0,0,0,0,1,0,0,0,0,0,0,0,0,0,0,2,2,0.0,0.0,0.0,0.0,1.0,0.0,0.0,122,255,1.0,0.0,0.01,0.04,0.0,0.0,0.0,0.0,0
0,tcp,http,SF,163,30113,0,0,0,0,0,1,0,0,0,0,0,0,0,0,0,0,1,5,0.0,0.0,0.0,0.0,1.0,0.0,0.4,255,255,1.0,0.0,0.0,0.0,0.01,0.01,0.0,0.0,0
0,udp,domain_u,SF,46,80,0,0,0,0,0,0,0,0,0,0,0,0,0,0,0,0,250,249,0.0,0.0,0.0,0.0,1.0,0.01,0.0,255,254,1.0,0.01,0.0,0.0,0.0,0.0,0.0,0.0,0
0,tcp,ftp_data,SF,334,0,0,0,0,0,0,1,0,0,0,0,0,0,0,0,0,0,1,1,0.0,0.0,0.0,0.0,1.0,0.0,0.0,7,25,1.0,0.0,1.0,0.16,0.0,0.0,0.0,0.0,1
0,tcp,ftp_data,SF,246,0,0,0,0,0,0,1,0,0,0,0,0,0,0,0,0,0,1,1,0.0,0.0,0.0,0.0,1.0,0.0,0.0,15,50,1.0,0.0,1.0,0.12,0.0,0.02,0.0,0.0,1
0,tcp,ftp_data,SF,501760,0,0,0,0,0,0,1,0,0,0,0,0,0,0,0,0,0,2,2,0.0,0.0,0.0,0.0,1.0,0.0,0.0,47,57,0.43,0.04,0.43,0.04,0.0,0.0,0.0,0.0,0
0,udp,private,SF,105,146,0,0,0,0,0,0,0,0,0,0,0,0,0,0,0,0,1,1,0.0,0.0,0.0,0.0,1.0,0.0,0.0,59,58,0.98,0.03,0.02,0.0,0.0,0.0,0.0,0.0,0
0,tcp,http,SF,201,3428,0,0,0,0,0,1,0,0,0,0,0,0,0,0,0,0,7,13,0.0,0.0,0.0,0.0,1.0,0.0,0.38,63,255,1.0,0.0,0.02,0.02,0.0,0.0,0.0,0.0,0
0,tcp,telnet,S1,2050,12042,0,0,0,0,0,1,0,0,0,0,10,0,0,0,0,0,1,1,1.0,1.0,0.0,0.0,1.0,0.0,0.0,255,22,0.09,0.06,0.0,0.0,0.53,0.09,0.01,0.09,0
0,tcp,http,SF,246,707,0,0,0,0,0,1,0,0,0,0,0,0,0,0,0,0,16,16,0.0,0.0,0.0,0.0,1.0,0.0,0.0,56,255,1.0,0.0,0.02,0.02,0.0,0.0,0.0,0.0,0
4290,udp,other,SF,145,105,0,0,0,0,0,0,0,0,0,0,0,0,0,0,0,0,4,2,0.0,0.0,0.0,0.0,0.5,0.5,0.0,255,2,0.01,0.4,0.8,0.0,0.0,0.0,0.0,0.0,0
0,tcp,http,REJ,0,0,0,0,0,0,0,0,0,0,0,0,0,0,0,0,0,0,1,1,0.0,0.0,1.0,1.0,1.0,0.0,0.0,1,255,1.0,0.0,1.0,0.06,0.0,0.0,1.0,0.62,0
0,tcp,http,SF,224,280,0,0,0,0,0,1,0,0,0,0,0,0,0,0,0,0,5,5,0.0,0.0,0.0,0.0,1.0,0.0,0.0,255,255,1.0,0.0,0.0,0.0,0.0,0.0,0.0,0.0,0
0,tcp,http,SF,218,458,0,0,0,0,0,1,0,0,0,0,0,0,0,0,0,0,35,48,0.0,0.0,0.0,0.0,1.0,0.0,0.08,255,255,1.0,0.0,0.0,0.0,0.0,0.0,0.0,0.0,0
0,tcp,http,SF,308,4297,0,0,0,0,0,1,0,0,0,0,0,0,0,0,0,0,19,19,0.0,0.0,0.0,0.0,1.0,0.0,0.0,255,255,1.0,0.0,0.0,0.0,0.0,0.0,0.0,0.0,0
10127,tcp,ftp,SF,998,2191,0,0,0,5,0,1,0,0,0,0,0,0,0,0,0,1,1,1,0.0,0.0,0.0,0.0,1.0,0.0,0.0,255,6,0.02,0.02,0.0,0.0,0.2,0.0,0.0,0.0,1
0,tcp,http,SF,241,398,0,0,0,0,0,1,0,0,0,0,0,0,0,0,0,0,5,6,0.0,0.0,0.0,0.0,1.0,0.0,0.33,87,255,1.0,0.0,0.01,0.05,0.0,0.0,0.41,0.56,0
0,tcp,ftp_data,SF,11,0,0,0,0,0,0,1,0,0,0,0,0,0,0,0,0,0,1,1,0.0,0.0,0.0,0.0,1.0,0.0,0.0,4,91,1.0,0.0,1.0,0.02,0.0,0.0,0.0,0.0,0
0,tcp,http,SF,214,1218,0,0,0,0,0,1,0,0,0,0,0,0,0,0,0,0,8,13,0.0,0.08,0.0,0.0,1.0,0.0,0.23,18,255,1.0,0.0,0.06,0.03,0.0,0.0,0.0,0.0,0
0,tcp,http,SF,282,1227,0,0,0,0,0,1,0,0,0,0,0,0,0,0,0,0,2,32,0.0,0.0,0.0,0.0,1.0,0.0,0.06,175,175,1.0,0.0,0.01,0.0,0.0,0.0,0.0,0.0,0
0,tcp,http,SF,224,1885,0,0,0,0,0,1,0,0,0,0,0,0,0,0,0,0,1,1,0.0,0.0,0.0,0.0,1.0,0.0,0.0,40,255,1.0,0.0,0.03,0.04,0.0,0.0,0.0,0.0,0
5,tcp,smtp,SF,1583,413,0,0,0,0,0,1,0,0,0,0,0,0,0,0,0,0,1,1,0.0,0.0,0.0,0.0,1.0,0.0,0.0,13,111,0.54,0.23,0.08,0.02,0.0,0.0,0.0,0.0,0
0,tcp,smtp,SF,938,326,0,0,0,0,0,1,0,0,0,0,0,0,0,0,0,0,1,3,0.0,0.0,0.0,0.0,1.0,0.0,1.0,85,33,0.39,0.05,0.01,0.0,0.0,0.0,0.0,0.0,0
12,tcp,pop_3,SF,66,3226,0,0,0,0,0,1,0,0,0,0,0,0,0,0,0,0,1,1,0.0,0.0,0.0,0.0,1.0,0.0,0.0,1,1,1.0,0.0,1.0,0.0,0.0,0.0,0.0,0.0,0
0,tcp,http,SF,276,651,0,0,0,0,0,1,0,0,0,0,0,0,0,0,0,0,9,17,0.0,0.0,0.0,0.0,1.0,0.0,0.18,24,255,1.0,0.0,0.04,0.03,0.0,0.0,0.04,0.01,0
5,tcp,private,SF,473,1,0,0,0,0,0,1,0,0,0,0,0,0,0,0,0,0,1,1,0.0,0.0,0.0,0.0,1.0,0.0,0.0,2,1,0.5,1.0,0.5,0.0,0.0,0.0,0.0,0.0,0
1,tcp,ftp,SF,1210,2449,0,0,0,28,0,1,0,0,0,0,0,0,0,0,0,1,1,1,0.0,0.0,0.0,0.0,1.0,0.0,0.0,208,36,0.17,0.02,0.0,0.0,0.0,0.0,0.01,0.0,1
0,tcp,http,SF,234,338,0,0,0,1,0,1,0,0,0,0,0,0,0,0,0,0,31,31,0.0,0.0,0.0,0.0,1.0,0.0,0.0,255,255,1.0,0.0,0.0,0.0,0.0,0.0,0.0,0.0,0
0,tcp,http,SF,210,765,0,0,0,0,0,1,0,0,0,0,0,0,0,0,0,0,1,2,0.0,0.0,0.0,0.0,1.0,0.0,1.0,33,255,1.0,0.0,0.03,0.01,0.0,0.0,0.03,0.01,0
0,tcp,http,SF,235,2332,0,0,0,0,0,1,0,0,0,0,0,0,0,0,0,0,1,1,0.0,0.0,0.0,0.0,1.0,0.0,0.0,39,255,1.0,0.0,0.03,0.04,0.0,0.0,0.0,0.01,0
0,tcp,smtp,SF,876,330,0,0,0,0,0,1,0,0,0,0,0,0,0,0,0,0,1,1,0.0,0.0,0.0,0.0,1.0,0.0,0.0,62,50,0.81,0.08,0.02,0.0,0.0,0.0,0.0,0.0,0
0,tcp,ftp_data,SF,0,5,0,0,0,0,0,0,0,0,0,0,0,0,0,0,0,0,1,1,0.0,0.0,0.0,0.0,1.0,0.0,0.0,2,5,1.0,0.0,1.0,0.4,0.0,0.0,0.0,0.0,1
0,tcp,ftp_data,SF,61298,0,0,0,0,0,0,1,0,0,0,0,0,0,0,0,0,0,9,9,0.0,0.0,0.0,0.0,1.0,0.0,0.0,255,37,0.15,0.05,0.15,0.0,0.43,0.0,0.02,0.0,0
0,icmp,urp_i,SF,78,0,0,0,0,0,0,0,0,0,0,0,0,0,0,0,0,0,8,3,0.0,0.0,0.0,0.0,0.38,0.25,0.0,255,24,0.09,0.01,0.09,0.0,0.0,0.0,0.0,0.0,0
1,tcp,smtp,SF,866,337,0,0,0,0,0,1,0,0,0,0,0,0,0,0,0,0,1,4,0.0,0.25,0.0,0.0,1.0,0.0,1.0,249,115,0.44,0.03,0.0,0.02,0.0,0.0,0.0,0.0,0
0,tcp,http,REJ,0,0,0,0,0,0,0,0,0,0,0,0,0,0,0,0,0,0,1,1,0.0,0.0,1.0,1.0,1.0,0.0,0.0,41,255,1.0,0.0,0.02,0.02,0.0,0.01,0.07,0.04,0
0,tcp,http,SF,242,22190,0,0,0,0,0,1,0,0,0,0,0,0,0,0,0,0,4,20,0.0,0.0,0.0,0.0,1.0,0.0,0.1,23,255,1.0,0.0,0.04,0.03,0.0,0.0,0.0,0.0,0
4620,udp,other,SF,145,105,0,0,0,0,0,0,0,0,0,0,0,0,0,0,0,0,1,1,0.0,0.0,0.0,0.0,1.0,0.0,0.0,255,3,0.01,0.64,0.88,0.0,0.0,0.0,0.0,0.0,0
0,tcp,ftp_data,SF,2105,0,0,0,0,0,0,1,0,0,0,0,0,0,0,0,0,0,1,1,0.0,0.0,0.0,0.0,1.0,0.0,0.0,233,113,0.47,0.03,0.47,0.02,0.0,0.0,0.0,0.0,0
0,tcp,http,SF,241,3236,0,0,0,0,0,1,0,0,0,0,0,0,0,0,0,0,7,8,0.0,0.0,0.0,0.0,1.0,0.0,0.25,255,255,1.0,0.0,0.0,0.0,0.0,0.0,0.0,0.0,0
0,tcp,http,SF,278,2774,0,0,0,0,0,1,0,0,0,0,0,0,0,0,0,0,15,16,0.0,0.0,0.0,0.0,1.0,0.0,0.12,15,255,1.0,0.0,0.07,0.05,0.0,0.0,0.0,0.0,0
0,tcp,ftp_data,SF,7940,0,0,0,0,0,0,1,0,0,0,0,2,0,0,0,0,0,6,6,0.0,0.0,0.0,0.0,1.0,0.0,0.0,86,112,0.24,0.06,0.24,0.02,0.0,0.0,0.0,0.0,0
0,tcp,http,SF,210,745,0,0,0,0,0,1,0,0,0,0,0,0,0,0,0,0,3,13,0.0,0.0,0.0,0.0,1.0,0.0,0.15,43,255,1.0,0.0,0.02,0.02,0.0,0.0,0.0,0.0,0
0,tcp,http,SF,203,722,0,0,0,0,0,1,0,0,0,0,0,0,0,0,0,0,3,5,0.0,0.0,0.0,0.0,1.0,0.0,0.6,3,255,1.0,0.0,0.33,0.05,0.0,0.0,0.0,0.0,0
1,tcp,ftp,SF,1206,2447,0,0,0,28,0,1,0,0,0,0,0,0,0,0,0,1,1,1,0.0,0.0,0.0,0.0,1.0,0.0,0.0,255,73,0.29,0.02,0.0,0.0,0.0,0.0,0.0,0.0,1
0,tcp,http,S1,148,14600,0,0,0,0,0,1,0,0,0,0,0,0,0,0,0,0,1,1,1.0,1.0,0.0,0.0,1.0,0.0,0.0,36,255,1.0,0.0,0.03,0.07,0.03,0.01,0.0,0.0,0
0,tcp,http,SF,224,1030,0,0,0,0,0,1,0,0,0,0,0,0,0,0,0,0,15,16,0.0,0.0,0.0,0.0,1.0,0.0,0.12,57,255,1.0,0.0,0.02,0.01,0.0,0.0,0.0,0.0,0
0,tcp,http,SF,341,15693,0,0,0,0,0,1,0,0,0,0,0,0,0,0,0,0,38,38,0.0,0.0,0.0,0.0,1.0,0.0,0.0,255,255,1.0,0.0,0.0,0.0,0.0,0.0,0.0,0.0,0
0,tcp,ftp,SF,1211,2447,0,0,0,28,0,1,0,0,0,0,0,0,0,0,0,1,1,1,0.0,0.0,0.0,0.0,1.0,0.0,0.0,255,137,0.54,0.02,0.0,0.0,0.0,0.0,0.0,0.0,1
0,tcp,http,SF,280,450,0,0,0,0,0,1,0,0,0,0,0,0,0,0,0,0,5,5,0.0,0.0,0.0,0.0,1.0,0.0,0.0,5,255,1.0,0.0,0.2,0.04,0.0,0.0,0.0,0.0,0
26,tcp,ftp,SF,282,903,0,0,0,5,0,1,0,0,0,0,0,0,0,0,0,1,1,1,0.0,0.0,0.0,0.0,1.0,0.0,0.0,255,62,0.24,0.02,0.0,0.0,0.0,0.0,0.0,0.0,0
0,tcp,ftp_data,SF,19,0,0,0,0,0,0,1,0,0,0,0,0,0,0,0,0,0,2,2,0.0,0.0,0.0,0.0,1.0,0.0,0.0,44,123,0.68,0.05,0.68,0.02,0.0,0.0,0.0,0.0,0
0,tcp,http,REJ,0,0,0,0,0,0,0,0,0,0,0,0,0,0,0,0,0,0,1,2,0.0,0.0,1.0,1.0,1.0,0.0,1.0,41,210,1.0,0.0,0.02,0.12,0.0,0.0,1.0,1.0,0
0,tcp,http,SF,229,4553,0,0,0,0,0,1,0,0,0,0,0,0,0,0,0,0,4,4,0.0,0.0,0.0,0.0,1.0,0.0,0.0,4,255,1.0,0.0,0.25,0.06,0.0,0.0,0.0,0.0,0
1,tcp,ftp,SF,1230,2449,0,0,0,28,0,1,0,0,0,0,0,0,0,0,0,1,1,1,0.0,0.0,0.0,0.0,1.0,0.0,0.0,253,81,0.32,0.02,0.0,0.0,0.0,0.0,0.01,0.0,1
0,tcp,http,SF,298,313,0,0,0,0,0,1,0,0,0,0,0,0,0,0,0,0,15,16,0.0,0.0,0.0,0.0,1.0,0.0,0.12,173,255,1.0,0.0,0.01,0.02,0.0,0.0,0.01,0.02,0
0,udp,domain_u,SF,45,75,0,0,0,0,0,0,0,0,0,0,0,0,0,0,0,0,257,257,0.0,0.0,0.0,0.0,1.0,0.0,0.0,255,236,0.93,0.01,0.0,0.0,0.0,0.0,0.0,0.0,0
0,tcp,http,SF,231,5280,0,0,0,0,0,1,0,0,0,0,0,0,0,0,0,0,4,4,0.0,0.0,0.0,0.0,1.0,0.0,0.0,77,255,1.0,0.0,0.01,0.01,0.0,0.0,0.0,0.0,0
0,tcp,http,SF,212,29121,0,0,0,0,0,1,0,0,0,0,0,0,0,0,0,0,4,4,0.0,0.0,0.0,0.0,1.0,0.0,0.0,20,255,1.0,0.0,0.05,0.15,0.0,0.0,0.05,0.64,0
0,tcp,ftp_data,SF,334,0,0,0,0,0,0,1,0,0,0,0,0,0,0,0,0,0,1,1,0.0,0.0,0.0,0.0,1.0,0.0,0.0,3,10,1.0,0.0,1.0,0.2,0.0,0.0,0.0,0.1,1
0,tcp,http,SF,186,6267,0,0,0,0,0,1,0,0,0,0,0,0,0,0,0,0,15,20,0.0,0.0,0.0,0.0,1.0,0.0,0.15,109,255,1.0,0.0,0.01,0.03,0.01,0.01,0.0,0.0,0
0,tcp,ftp,SF,1208,2449,0,0,0,28,0,1,0,0,0,0,0,0,0,0,0,1,1,1,0.0,0.0,0.0,0.0,1.0,0.0,0.0,255,30,0.12,0.02,0.0,0.0,0.1,0.0,0.0,0.0,1
0,tcp,ftp_data,SF,334,0,0,0,0,0,0,1,0,0,0,0,0,0,0,0,0,0,2,2,0.0,0.0,0.0,0.0,1.0,0.0,0.0,13,45,0.92,0.15,1.0,0.11,0.0,0.0,0.0,0.0,1
0,tcp,http,SF,243,863,0,0,0,0,0,1,0,0,0,0,0,0,0,0,0,0,2,2,0.0,0.0,0.0,0.0,1.0,0.0,0.0,2,2,1.0,0.0,0.5,0.0,0.0,0.0,0.0,0.0,0
0,tcp,ftp_data,SF,31924,0,0,0,0,0,0,1,0,0,0,0,0,0,0,0,0,0,1,1,0.0,0.0,0.0,0.0,1.0,0.0,0.0,80,57,0.06,0.89,0.05,0.04,0.0,0.0,0.82,0.02,0
0,tcp,http,REJ,0,0,0,0,0,0,0,0,0,0,0,0,0,0,0,0,0,0,1,2,0.0,0.0,1.0,1.0,1.0,0.0,1.0,1,14,1.0,0.0,1.0,0.5,0.0,0.0,1.0,1.0,0
0,udp,domain_u,SF,44,125,0,0,0,0,0,0,0,0,0,0,0,0,0,0,0,0,75,155,0.0,0.0,0.0,0.0,1.0,0.0,0.01,255,216,0.85,0.01,0.0,0.0,0.0,0.0,0.0,0.0,0
0,tcp,http,REJ,0,0,0,0,0,0,0,0,0,0,0,0,0,0,0,0,0,0,1,2,0.0,0.0,1.0,1.0,1.0,0.0,1.0,1,249,1.0,0.0,1.0,0.07,0.0,0.0,1.0,0.95,0
0,udp,other,SF,147,0,0,0,0,0,0,0,0,0,0,0,0,0,0,0,0,0,5,1,0.0,0.0,0.0,0.0,0.2,0.6,0.0,255,1,0.0,0.53,0.96,0.0,0.0,0.0,0.0,0.0,0
0,tcp,http,SF,235,6515,0,0,0,0,0,1,0,0,0,0,0,0,0,0,0,0,3,25,0.0,0.0,0.0,0.0,1.0,0.0,0.08,255,255,1.0,0.0,0.01,0.0,0.0,0.0,0.0,0.0,0
0,tcp,http,SF,305,759,0,0,0,0,0,1,0,0,0,0,0,0,0,0,0,0,1,9,0.0,0.11,0.0,0.0,1.0,0.0,0.33,84,255,1.0,0.0,0.01,0.01,0.0,0.0,0.0,0.0,0
0,tcp,http,SF,322,756,0,0,0,0,0,1,0,0,0,0,0,0,0,0,0,0,10,10,0.0,0.0,0.0,0.0,1.0,0.0,0.0,11,255,1.0,0.0,0.09,0.02,0.0,0.0,0.0,0.0,0
0,tcp,http,SF,268,819,0,0,0,0,0,1,0,0,0,0,0,0,0,0,0,0,36,37,0.0,0.0,0.0,0.0,1.0,0.0,0.05,57,255,1.0,0.0,0.02,0.02,0.0,0.0,0.0,0.0,0
0,tcp,smtp,SF,1275,390,0,0,0,0,0,1,0,0,0,0,0,0,0,0,0,0,1,1,0.0,0.0,0.0,0.0,1.0,0.0,0.0,255,57,0.22,0.02,0.0,0.0,0.57,0.0,0.0,0.0,0
0,tcp,http,SF,341,8134,0,0,0,0,0,1,0,0,0,0,0,0,0,0,0,0,10,12,0.0,0.0,0.0,0.0,1.0,0.0,0.25,166,255,1.0,0.0,0.01,0.02,0.0,0.0,0.0,0.0,0
0,udp,domain_u,SF,45,129,0,0,0,0,0,0,0,0,0,0,0,0,0,0,0,0,77,157,0.0,0.0,0.0,0.0,1.0,0.0,0.01,255,254,1.0,0.01,0.0,0.0,0.0,0.0,0.0,0.0,0
0,tcp,http,SF,318,299,0,0,0,0,0,1,0,0,0,0,0,0,0,0,0,0,18,18,0.0,0.0,0.0,0.0,1.0,0.0,0.0,255,255,1.0,0.0,0.0,0.0,0.0,0.0,0.0,0.0,0
0,tcp,http,SF,190,282,0,0,0,0,0,1,0,0,0,0,0,0,0,0,0,0,3,3,0.0,0.0,0.0,0.0,1.0,0.0,0.0,17,255,1.0,0.0,0.06,0.04,0.0,0.0,0.0,0.0,0
0,tcp,ftp_data,SF,192,0,0,0,0,0,0,0,0,0,0,0,0,0,0,0,0,0,2,2,0.0,0.0,0.0,0.0,1.0,0.0,0.0,181,25,0.09,0.02,0.09,0.08,0.01,0.0,0.0,0.0,0
0,tcp,telnet,RSTO,126,179,0,0,0,1,1,0,0,0,0,0,0,0,0,0,0,0,2,2,0.0,0.0,1.0,1.0,1.0,0.0,0.0,17,17,1.0,0.0,0.06,0.0,0.06,0.06,0.94,0.94,1
0,tcp,http,SF,208,2918,0,0,0,0,0,1,0,0,0,0,0,0,0,0,0,0,11,11,0.0,0.0,0.0,0.0,1.0,0.0,0.0,34,255,1.0,0.0,0.03,0.03,0.0,0.0,0.0,0.0,0
0,tcp,http,SF,213,1395,0,0,0,0,0,1,0,0,0,0,0,0,0,0,0,0,24,52,0.0,0.0,0.0,0.0,1.0,0.0,0.15,107,255,1.0,0.0,0.01,0.02,0.0,0.0,0.0,0.0,0
0,tcp,ftp_data,SF,334,0,0,0,0,0,0,1,0,0,0,0,0,0,0,0,0,0,2,2,0.0,0.0,0.0,0.0,1.0,0.0,0.0,4,14,1.0,0.0,1.0,0.21,0.0,0.0,0.0,0.0,1
0,tcp,http,SF,233,1380,0,0,0,0,0,1,0,0,0,0,0,0,0,0,0,0,4,4,0.0,0.0,0.0,0.0,1.0,0.0,0.0,255,248,0.97,0.01,0.0,0.0,0.0,0.0,0.0,0.0,0
0,tcp,http,SF,283,1198,0,0,0,0,0,1,0,0,0,0,0,0,0,0,0,0,3,3,0.0,0.0,0.0,0.0,1.0,0.0,0.0,5,8,1.0,0.0,0.2,0.25,0.0,0.0,0.0,0.0,0
0,tcp,http,SF,234,7685,0,0,0,0,0,1,0,0,0,0,0,0,0,0,0,0,2,2,0.0,0.0,0.0,0.0,1.0,0.0,0.0,255,255,1.0,0.0,0.0,0.0,0.0,0.0,0.0,0.0,0
0,tcp,http,SF,210,1108,0,0,0,0,0,1,0,0,0,0,0,0,0,0,0,0,19,24,0.0,0.0,0.0,0.0,1.0,0.0,0.12,54,255,1.0,0.0,0.02,0.03,0.0,0.0,0.0,0.0,0
4,tcp,ftp_data,SF,832,0,0,0,0,0,0,1,0,0,0,0,0,0,0,0,0,0,1,1,0.0,0.0,0.0,0.0,1.0,0.0,0.0,3,11,1.0,0.0,1.0,0.18,0.0,0.0,0.0,0.0,1
0,tcp,http,REJ,0,0,0,0,0,0,0,0,0,0,0,0,0,0,0,0,0,0,1,2,0.0,0.0,1.0,1.0,1.0,0.0,1.0,3,13,1.0,0.0,0.33,0.38,0.0,0.0,1.0,1.0,0
13,tcp,telnet,SF,246,11938,0,0,0,0,4,1,0,0,0,0,2,0,0,0,0,0,1,1,0.0,0.0,0.0,0.0,1.0,0.0,0.0,89,2,0.02,0.04,0.01,0.0,0.0,0.0,0.0,0.0,0
0,tcp,http,SF,251,173,0,0,0,0,0,1,0,0,0,0,0,0,0,0,0,0,7,7,0.0,0.0,0.0,0.0,1.0,0.0,0.0,7,255,1.0,0.0,0.14,0.02,0.0,0.0,0.0,0.0,0
12,tcp,ftp_data,SF,7045,0,0,0,0,0,0,1,0,0,0,0,0,0,0,0,0,0,1,1,0.0,0.0,0.0,0.0,1.0,0.0,0.0,6,31,1.0,0.0,1.0,0.16,0.0,0.03,0.0,0.0,1
0,tcp,smtp,SF,939,328,0,0,0,0,0,1,0,0,0,0,0,0,2,0,0,0,1,2,0.0,0.0,0.0,0.0,1.0,0.0,1.0,144,91,0.63,0.05,0.01,0.0,0.0,0.0,0.0,0.0,0
0,tcp,http,SF,213,775,0,0,0,0,0,1,0,0,0,0,0,0,0,0,0,0,4,7,0.0,0.0,0.0,0.0,1.0,0.0,0.29,255,255,1.0,0.0,0.0,0.0,0.0,0.0,0.0,0.0,0
0,tcp,ftp_data,SF,334,0,0,0,0,0,0,1,0,0,0,0,0,0,0,0,0,0,2,2,0.0,0.0,0.0,0.0,1.0,0.0,0.0,6,32,1.0,0.0,1.0,0.16,0.0,0.0,0.0,0.0,1
0,tcp,http,SF,230,289,0,0,0,0,0,1,0,0,0,0,0,0,0,0,0,0,10,37,0.0,0.0,0.0,0.0,1.0,0.0,0.14,10,255,1.0,0.0,0.1,0.01,0.0,0.0,0.0,0.0,0
0,tcp,http,SF,316,337,0,0,0,0,0,1,0,0,0,0,0,0,0,0,0,0,23,23,0.0,0.0,0.0,0.0,1.0,0.0,0.0,255,255,1.0,0.0,0.0,0.0,0.0,0.0,0.0,0.0,0
0,tcp,http,SF,165,23063,0,0,0,0,0,1,0,0,0,0,0,0,0,0,0,0,1,3,0.0,0.0,0.0,0.0,1.0,0.0,1.0,1,255,1.0,0.0,1.0,0.02,0.0,0.01,0.0,0.01,0
0,tcp,http,SF,286,1399,0,0,0,0,0,1,0,0,0,0,0,0,0,0,0,0,3,3,0.0,0.0,0.0,0.0,1.0,0.0,0.0,143,255,1.0,0.0,0.01,0.02,0.0,0.0,0.0,0.0,0
0,tcp,http,SF,231,2578,0,0,0,0,0,1,0,0,0,0,0,0,0,0,0,0,22,22,0.0,0.0,0.0,0.0,1.0,0.0,0.0,255,255,1.0,0.0,0.0,0.0,0.0,0.0,0.0,0.0,0
0,tcp,smtp,SF,950,334,0,0,0,0,0,1,0,0,0,0,0,0,0,0,0,0,1,1,0.0,0.0,0.0,0.0,1.0,0.0,0.0,219,202,0.76,0.02,0.0,0.01,0.01,0.01,0.0,0.0,0
0,udp,domain_u,SF,44,119,0,0,0,0,0,0,0,0,0,0,0,0,0,0,0,0,188,190,0.0,0.0,0.0,0.0,0.99,0.01,0.01,255,255,1.0,0.0,0.0,0.0,0.0,0.0,0.0,0.0,0
0,tcp,ftp_data,SF,383,0,0,0,0,0,0,1,0,0,0,0,0,0,0,0,0,0,2,2,0.0,0.0,0.0,0.0,1.0,0.0,0.0,30,85,0.1,0.1,0.1,0.02,0.0,0.0,0.0,0.0,0
0,tcp,http,SF,201,5347,0,0,0,0,0,1,0,0,0,0,0,0,0,0,0,0,5,5,0.0,0.0,0.0,0.0,1.0,0.0,0.0,5,255,1.0,0.0,0.2,0.05,0.0,0.0,0.0,0.0,0
0,tcp,ftp_data,SF,334,0,0,0,0,0,0,1,0,0,0,0,0,0,0,0,0,0,2,2,0.0,0.0,0.0,0.0,1.0,0.0,0.0,2,39,1.0,0.0,1.0,0.18,0.0,0.0,0.0,0.0,1
0,tcp,ftp_data,SF,334,0,0,0,0,0,0,1,0,0,0,0,0,0,0,0,0,0,2,2,0.0,0.0,0.0,0.0,1.0,0.0,0.0,4,27,1.0,0.0,1.0,0.19,0.0,0.04,0.0,0.0,1
0,udp,domain_u,SF,46,80,0,0,0,0,0,0,0,0,0,0,0,0,0,0,0,0,167,167,0.0,0.0,0.0,0.0,1.0,0.0,0.0,255,204,0.8,0.01,0.0,0.0,0.0,0.0,0.0,0.0,0
2,tcp,ftp,SF,1230,2449,0,0,0,28,0,1,0,0,0,0,0,0,0,0,0,1,1,1,0.0,0.0,0.0,0.0,1.0,0.0,0.0,255,43,0.17,0.02,0.0,0.0,0.05,0.0,0.0,0.0,1
0,tcp,http,REJ,0,0,0,0,0,0,0,0,0,0,0,0,0,0,0,0,0,0,1,1,0.0,0.0,1.0,1.0,1.0,0.0,0.0,3,54,1.0,0.0,0.33,0.2,0.0,0.0,1.0,1.0,0
0,udp,domain_u,SF,44,77,0,0,0,0,0,0,0,0,0,0,0,0,0,0,0,0,197,197,0.0,0.0,0.0,0.0,1.0,0.0,0.0,255,236,0.93,0.01,0.0,0.0,0.0,0.0,0.0,0.0,0
0,tcp,http,SF,216,3085,0,0,0,0,0,1,0,0,0,0,0,0,0,0,0,0,9,9,0.0,0.0,0.0,0.0,1.0,0.0,0.0,63,255,1.0,0.0,0.02,0.05,0.0,0.0,0.86,0.38,0
0,udp,domain_u,SF,46,135,0,0,0,0,0,0,0,0,0,0,0,0,0,0,0,0,77,156,0.0,0.0,0.0,0.0,1.0,0.0,0.01,188,219,0.91,0.01,0.91,0.01,0.0,0.0,0.05,0.0,0
0,tcp,ftp_data,SF,334,0,0,0,0,0,0,1,0,0,0,0,0,0,0,0,0,0,1,1,0.0,0.0,0.0,0.0,1.0,0.0,0.0,1,17,1.0,0.0,1.0,0.24,0.0,0.0,0.0,0.0,1
0,udp,domain_u,SF,43,72,0,0,0,0,0,0,0,0,0,0,0,0,0,0,0,0,240,244,0.0,0.0,0.0,0.0,1.0,0.0,0.01,255,219,0.86,0.01,0.0,0.0,0.0,0.0,0.0,0.0,0
0,tcp,http,SF,235,912,0,0,0,0,0,1,0,0,0,0,0,0,0,0,0,0,19,19,0.0,0.0,0.0,0.0,1.0,0.0,0.0,123,255,1.0,0.0,0.01,0.03,0.0,0.0,0.0,0.0,0
0,udp,domain_u,SF,45,45,0,0,0,0,0,0,0,0,0,0,0,0,0,0,0,0,202,202,0.0,0.0,0.0,0.0,1.0,0.0,0.0,255,255,1.0,0.0,0.01,0.0,0.0,0.0,0.0,0.0,0
0,tcp,ftp_data,SF,768,0,0,0,0,0,0,1,0,0,0,0,0,0,0,0,0,0,7,7,0.0,0.0,0.0,0.0,1.0,0.0,0.0,255,155,0.61,0.03,0.62,0.0,0.0,0.01,0.0,0.0,0
0,tcp,http,SF,300,307,0,0,0,0,0,1,0,0,0,0,0,0,0,0,0,0,8,12,0.0,0.0,0.0,0.0,1.0,0.0,0.25,8,255,1.0,0.0,0.12,0.06,0.0,0.0,0.0,0.0,0
0,tcp,http,SF,377,2654,0,0,0,0,0,1,0,0,0,0,0,0,0,0,0,0,1,5,0.0,0.0,0.0,0.0,1.0,0.0,0.6,78,255,1.0,0.0,0.01,0.03,0.0,0.0,0.0,0.0,0
0,tcp,http,SF,247,8550,0,0,0,0,0,1,0,0,0,0,0,0,0,0,0,0,1,2,0.0,0.0,0.0,0.0,1.0,0.0,1.0,1,255,1.0,0.0,1.0,0.02,0.0,0.01,0.0,0.0,0
0,tcp,http,SF,214,15121,0,0,0,0,0,1,0,0,0,0,0,0,0,0,0,0,8,9,0.0,0.0,0.0,0.0,1.0,0.0,0.22,28,255,1.0,0.0,0.04,0.06,0.0,0.0,0.0,0.0,0
0,tcp,http,SF,288,912,0,0,0,0,0,1,0,0,0,0,0,0,0,0,0,0,1,1,0.0,0.0,0.0,0.0,1.0,0.0,0.0,117,231,1.0,0.0,0.01,0.02,0.0,0.0,0.0,0.0,0
0,tcp,http,SF,287,2859,0,0,0,0,0,1,0,0,0,0,0,0,0,0,0,0,5,5,0.0,0.0,0.0,0.0,1.0,0.0,0.0,5,255,1.0,0.0,0.2,0.05,0.0,0.0,0.0,0.0,0
0,tcp,http,SF,293,709,0,0,0,0,0,1,0,0,0,0,0,0,0,0,0,0,8,17,0.0,0.0,0.0,0.0,1.0,0.0,0.12,8,255,1.0,0.0,0.12,0.03,0.0,0.0,0.0,0.0,0
0,tcp,ftp_data,SF,334,0,0,0,0,0,0,1,0,0,0,0,0,0,0,0,0,0,2,2,0.0,0.0,0.0,0.0,1.0,0.0,0.0,4,12,1.0,0.0,1.0,0.25,0.0,0.0,0.0,0.0,1
0,tcp,http,REJ,0,0,0,0,0,0,0,0,0,0,0,0,0,0,0,0,0,0,1,2,0.0,0.0,1.0,1.0,1.0,0.0,1.0,10,216,1.0,0.0,0.1,0.16,0.0,0.0,1.0,0.97,0
0,tcp,http,REJ,0,0,0,0,0,0,0,0,0,0,0,0,0,0,0,0,0,0,1,1,0.0,0.0,1.0,1.0,1.0,0.0,0.0,9,24,1.0,0.0,0.11,0.25,0.0,0.0,1.0,0.58,0
0,tcp,http,SF,200,1081,0,0,0,0,0,1,0,0,0,0,0,0,0,0,0,0,10,10,0.0,0.0,0.0,0.0,1.0,0.0,0.0,80,255,1.0,0.0,0.01,0.03,0.01,0.0,0.0,0.0,0
11,tcp,telnet,SF,110,2978,0,0,0,0,0,1,0,0,0,0,0,0,0,0,0,0,1,1,0.0,0.0,0.0,0.0,1.0,0.0,0.0,20,1,0.05,0.15,0.05,0.0,0.0,0.0,0.0,0.0,0
0,udp,domain_u,SF,45,129,0,0,0,0,0,0,0,0,0,0,0,0,0,0,0,0,137,219,0.0,0.0,0.0,0.0,1.0,0.0,0.02,255,255,1.0,0.0,0.0,0.0,0.0,0.0,0.0,0.0,0
17,tcp,smtp,SF,1175,335,0,0,0,0,0,1,0,0,0,0,0,0,0,0,0,0,1,2,0.0,0.0,0.0,0.0,1.0,0.0,1.0,7,209,1.0,0.0,0.14,0.01,0.0,0.0,0.0,0.0,0
0,tcp,http,REJ,0,0,0,0,0,0,0,0,0,0,0,0,0,0,0,0,0,0,1,1,0.0,0.0,1.0,1.0,1.0,0.0,0.0,9,255,1.0,0.0,0.11,0.07,0.0,0.0,1.0,0.96,0
30,tcp,ftp,SF,680,2077,0,0,0,14,0,1,0,0,0,0,0,0,0,0,0,1,1,1,0.0,0.0,0.0,0.0,1.0,0.0,0.0,248,53,0.21,0.02,0.0,0.0,0.0,0.0,0.0,0.0,0
0,tcp,ftp_data,SF,334,0,0,0,0,0,0,1,0,0,0,0,0,0,0,0,0,0,2,2,0.0,0.0,0.0,0.0,1.0,0.0,0.0,4,38,1.0,0.0,1.0,0.13,0.0,0.0,0.0,0.0,1
0,tcp,ftp_data,SF,334,0,0,0,0,0,0,1,0,0,0,0,0,0,0,0,0,0,2,2,0.0,0.0,0.0,0.0,1.0,0.0,0.0,2,10,1.0,0.0,1.0,0.4,0.0,0.0,0.0,0.0,1
0,udp,domain_u,SF,43,130,0,0,0,0,0,0,0,0,0,0,0,0,0,0,0,0,261,260,0.0,0.0,0.0,0.0,1.0,0.01,0.0,255,251,0.98,0.01,0.0,0.0,0.0,0.0,0.0,0.0,0
0,udp,domain_u,SF,46,46,0,0,0,0,0,0,0,0,0,0,0,0,0,0,0,0,114,194,0.0,0.0,0.0,0.0,1.0,0.0,0.01,255,255,1.0,0.0,0.01,0.0,0.0,0.0,0.0,0.0,0
0,udp,domain_u,SF,46,77,0,0,0,0,0,0,0,0,0,0,0,0,0,0,0,0,162,162,0.0,0.0,0.0,0.0,1.0,0.0,0.0,255,249,0.98,0.01,0.01,0.0,0.0,0.0,0.0,0.0,0
0,tcp,smtp,SF,705,326,0,0,0,0,0,1,0,0,0,0,0,0,0,0,0,0,1,1,0.0,0.0,0.0,0.0,1.0,0.0,0.0,59,197,0.86,0.07,0.02,0.01,0.0,0.0,0.0,0.0,0
0,tcp,ftp_data,SF,334,0,0,0,0,0,0,1,0,0,0,0,0,0,0,0,0,0,1,1,0.0,0.0,0.0,0.0,1.0,0.0,0.0,1,13,1.0,0.0,1.0,0.46,0.0,0.0,0.0,0.0,1
10397,tcp,telnet,SF,89,2059,0,0,0,0,0,1,0,0,0,0,0,0,0,0,0,0,1,1,0.0,0.0,0.0,0.0,1.0,0.0,0.0,29,1,0.03,0.1,0.03,0.0,0.0,0.0,0.0,0.0,0
0,udp,domain_u,SF,44,70,0,0,0,0,0,0,0,0,0,0,0,0,0,0,0,0,111,112,0.0,0.0,0.0,0.0,1.0,0.0,0.02,255,253,0.99,0.01,0.0,0.0,0.0,0.0,0.0,0.0,0
0,tcp,http,S1,247,13140,0,0,0,0,0,1,0,0,0,0,0,0,0,0,0,0,2,2,0.5,0.5,0.0,0.0,1.0,0.0,0.0,2,255,1.0,0.0,0.5,0.04,0.5,0.0,0.0,0.0,0
0,tcp,http,REJ,0,0,0,0,0,0,0,0,0,0,0,0,0,0,0,0,0,0,1,1,0.0,0.0,1.0,1.0,1.0,0.0,0.0,9,242,1.0,0.0,0.11,0.01,0.0,0.0,1.0,0.04,0
0,tcp,smtp,SF,730,326,0,0,0,0,0,1,0,0,0,0,0,0,0,0,0,0,1,1,0.0,0.0,0.0,0.0,1.0,0.0,0.0,10,49,1.0,0.0,0.1,0.04,0.0,0.0,0.0,0.0,0
0,tcp,http,SF,225,550,0,0,0,0,0,1,0,0,0,0,0,0,0,0,0,0,20,20,0.0,0.0,0.0,0.0,1.0,0.0,0.0,255,255,1.0,0.0,0.0,0.0,0.0,0.0,0.0,0.0,0
0,udp,private,SF,105,146,0,0,0,0,0,0,0,0,0,0,0,0,0,0,0,0,2,2,0.0,0.0,0.0,0.0,1.0,0.0,0.0,150,134,0.89,0.02,0.01,0.0,0.0,0.0,0.0,0.0,0
0,tcp,http,SF,189,1613,0,0,0,0,0,1,0,0,0,0,0,0,0,0,0,0,10,24,0.0,0.0,0.0,0.0,1.0,0.0,0.12,27,255,1.0,0.0,0.04,0.01,0.0,0.0,0.0,0.0,0
0,tcp,http,SF,339,458,0,0,0,0,0,1,0,0,0,0,0,0,0,0,0,0,32,37,0.0,0.0,0.0,0.0,1.0,0.0,0.08,255,255,1.0,0.0,0.0,0.0,0.0,0.0,0.0,0.0,0
0,tcp,ftp_data,SF,334,0,0,0,0,0,0,1,0,0,0,0,0,0,0,0,0,0,2,2,0.0,0.0,0.0,0.0,1.0,0.0,0.0,6,26,1.0,0.0,1.0,0.12,0.0,0.0,0.0,0.0,1
0,tcp,ftp_data,SF,7940,0,0,0,0,0,0,1,0,0,0,0,2,0,0,0,0,0,4,4,0.0,0.0,0.0,0.0,1.0,0.0,0.0,67,38,0.57,0.07,0.57,0.0,0.0,0.0,0.0,0.0,0
2,tcp,smtp,SF,918,329,0,0,0,0,0,1,0,0,0,0,0,0,0,0,0,0,1,3,0.0,0.0,0.0,0.0,1.0,0.0,1.0,255,149,0.58,0.01,0.0,0.0,0.0,0.0,0.0,0.0,0
2,tcp,smtp,SF,1162,337,0,0,0,0,0,1,0,0,0,0,0,0,0,0,0,0,1,2,0.0,0.0,0.0,0.0,1.0,0.0,1.0,96,148,0.86,0.06,0.01,0.01,0.0,0.0,0.0,0.0,0
0,udp,domain_u,SF,86,0,0,0,0,0,0,0,0,0,0,0,0,0,0,0,0,0,1,3,0.0,0.0,0.0,0.0,1.0,0.0,1.0,103,103,1.0,0.0,0.7,0.0,0.0,0.0,0.0,0.0,0
0,tcp,ftp_data,SF,334,0,0,0,0,0,0,1,0,0,0,0,0,0,0,0,0,0,1,1,0.0,0.0,0.0,0.0,1.0,0.0,0.0,3,21,1.0,0.0,1.0,0.19,0.0,0.0,0.0,0.0,1
0,tcp,http,SF,309,12505,0,0,0,0,0,1,0,0,0,0,0,0,0,0,0,0,33,33,0.0,0.0,0.0,0.0,1.0,0.0,0.0,210,255,1.0,0.0,0.01,0.02,0.0,0.0,0.0,0.0,0
0,tcp,http,SF,219,4767,0,0,0,0,0,1,0,0,0,0,0,0,0,0,0,0,2,2,0.5,0.5,0.0,0.0,1.0,0.0,0.0,27,255,1.0,0.0,0.04,0.04,0.04,0.01,0.0,0.01,0
0,tcp,http,SF,180,1745,0,0,0,0,0,1,0,0,0,0,0,0,0,0,0,0,2,2,0.0,0.0,0.0,0.0,1.0,0.0,0.0,255,255,1.0,0.0,0.0,0.0,0.0,0.0,0.0,0.0,0
0,tcp,http,SF,303,1049,0,0,0,0,0,1,0,0,0,0,0,0,0,0,0,0,9,9,0.0,0.0,0.0,0.0,1.0,0.0,0.0,49,255,1.0,0.0,0.02,0.02,0.0,0.0,0.0,0.0,0
0,tcp,http,SF,203,383,0,0,0,0,0,1,0,0,0,0,0,0,0,0,0,0,12,12,0.0,0.0,0.0,0.0,1.0,0.0,0.0,12,255,1.0,0.0,0.08,0.01,0.0,0.0,0.0,0.0,0
0,tcp,http,SF,330,373,0,0,0,0,0,1,0,0,0,0,0,0,0,0,0,0,20,20,0.0,0.0,0.0,0.0,1.0,0.0,0.0,255,255,1.0,0.0,0.0,0.0,0.0,0.0,0.0,0.0,0
0,tcp,http,SF,261,5848,0,0,0,0,0,1,0,0,0,0,0,0,0,0,0,0,1,26,0.0,0.0,0.0,0.0,1.0,0.0,0.15,69,255,1.0,0.0,0.01,0.04,0.0,0.0,0.0,0.0,0
0,tcp,http,REJ,0,0,0,0,0,0,0,0,0,0,0,0,0,0,0,0,0,0,1,2,0.0,0.0,1.0,1.0,1.0,0.0,1.0,164,136,0.83,0.01,0.01,0.0,0.0,0.0,0.83,1.0,0
0,tcp,ftp_data,SF,334,0,0,0,0,0,0,1,0,0,0,0,0,0,0,0,0,0,2,2,0.0,0.0,0.0,0.0,1.0,0.0,0.0,13,40,1.0,0.0,1.0,0.08,0.0,0.0,0.0,0.0,1
0,tcp,ftp,SF,1245,2449,0,0,0,28,0,1,0,0,0,0,0,0,0,0,0,1,1,1,0.0,0.0,0.0,0.0,1.0,0.0,0.0,125,23,0.18,0.05,0.01,0.0,0.02,0.0,0.06,0.0,1
0,icmp,ecr_i,SF,64,0,0,0,0,0,0,0,0,0,0,0,0,0,0,0,0,0,1,1,0.0,0.0,0.0,0.0,1.0,0.0,0.0,108,2,0.02,0.04,0.02,0.0,0.01,0.0,0.0,0.0,0
0,tcp,http,SF,249,31,0,0,0,0,0,1,0,0,0,0,0,0,0,0,0,0,4,4,0.0,0.0,0.0,0.0,1.0,0.0,0.0,255,255,1.0,0.0,0.0,0.0,0.0,0.0,0.0,0.0,0
0,tcp,ftp_data,SF,334,0,0,0,0,0,0,1,0,0,0,0,0,0,0,0,0,0,2,2,0.0,0.0,0.0,0.0,1.0,0.0,0.0,251,101,0.4,0.02,0.4,0.0,0.0,0.0,0.0,0.0,1
0,tcp,ftp_data,SF,334,0,0,0,0,0,0,1,0,0,0,0,0,0,0,0,0,0,1,1,0.0,0.0,0.0,0.0,1.0,0.0,0.0,8,26,0.88,0.25,1.0,0.12,0.0,0.0,0.0,0.0,1
0,tcp,ftp_data,SF,334,0,0,0,0,0,0,1,0,0,0,0,0,0,0,0,0,0,2,2,0.0,0.0,0.0,0.0,1.0,0.0,0.0,6,6,1.0,0.0,1.0,0.0,0.0,0.0,0.0,0.0,1
1,tcp,ftp,SF,1210,2449,0,0,0,28,0,1,0,0,0,0,0,0,0,0,0,1,1,1,0.0,0.0,0.0,0.0,1.0,0.0,0.0,255,127,0.5,0.02,0.0,0.0,0.0,0.0,0.01,0.0,1
0,tcp,http,SF,299,1278,0,0,0,0,0,1,0,0,0,0,0,0,0,0,0,0,22,22,0.0,0.0,0.0,0.0,1.0,0.0,0.0,22,255,1.0,0.0,0.05,0.05,0.0,0.0,0.0,0.0,0
0,tcp,ftp_data,SF,334,0,0,0,0,0,0,1,0,0,0,0,0,0,0,0,0,0,2,2,0.0,0.0,0.0,0.0,1.0,0.0,0.0,10,20,1.0,0.0,1.0,0.15,0.0,0.0,0.0,0.0,1
0,tcp,http,SF,321,1591,0,0,0,0,0,1,0,0,0,0,0,0,0,0,0,0,3,3,0.0,0.0,0.0,0.0,1.0,0.0,0.0,54,255,1.0,0.0,0.02,0.02,0.02,0.0,0.0,0.0,0
0,tcp,http,REJ,0,0,0,0,0,0,0,0,0,0,0,0,0,0,0,0,0,0,1,1,0.0,0.0,1.0,1.0,1.0,0.0,0.0,54,255,1.0,0.0,0.02,0.07,0.0,0.0,1.0,0.84,0
0,tcp,http,SF,346,3317,0,0,0,0,0,1,0,0,0,0,0,0,0,0,0,0,27,27,0.0,0.0,0.0,0.0,1.0,0.0,0.0,152,255,1.0,0.0,0.01,0.01,0.0,0.0,0.0,0.0,0
0,tcp,ftp_data,SF,607,0,0,0,0,0,0,1,0,0,0,0,0,0,0,0,0,0,2,2,0.0,0.0,0.0,0.0,1.0,0.0,0.0,50,6,0.12,0.08,0.12,0.0,0.0,0.0,0.0,0.0,0
0,tcp,http,SF,258,646,0,0,0,0,0,1,0,0,0,0,0,0,0,0,0,0,5,10,0.0,0.0,0.0,0.0,1.0,0.0,0.4,15,255,1.0,0.0,0.07,0.09,0.0,0.0,0.0,0.0,0
0,tcp,http,SF,241,389,0,0,0,0,0,1,0,0,0,0,0,0,0,0,0,0,1,1,0.0,0.0,0.0,0.0,1.0,0.0,0.0,127,255,1.0,0.0,0.01,0.01,0.0,0.0,0.0,0.0,0
0,tcp,http,SF,201,1938,0,0,0,0,0,1,0,0,0,0,0,0,0,0,0,0,19,34,0.0,0.0,0.0,0.0,1.0,0.0,0.06,44,255,1.0,0.0,0.02,0.03,0.0,0.0,0.0,0.0,0
0,tcp,http,SF,265,1533,0,0,0,0,0,1,0,0,0,0,0,0,0,0,0,0,7,7,0.0,0.0,0.0,0.0,1.0,0.0,0.0,7,255,1.0,0.0,0.14,0.06,0.0,0.0,0.0,0.0,0
0,tcp,ftp_data,SF,567,0,0,0,0,0,0,1,0,0,0,6,0,0,0,0,0,0,1,2,0.0,0.0,0.0,0.0,1.0,0.0,1.0,177,51,0.27,0.09,0.32,0.04,0.02,0.02,0.0,0.0,0
5033,tcp,ftp_data,SF,5133876,0,0,0,0,0,0,1,0,0,0,0,0,0,0,0,0,0,1,1,0.0,0.0,0.0,0.0,1.0,0.0,0.0,17,44,1.0,0.0,1.0,0.07,0.0,0.0,0.0,0.0,1
0,tcp,ftp_data,SF,383,0,0,0,0,0,0,1,0,0,0,0,0,0,0,0,0,0,4,2,0.0,0.0,0.0,0.0,0.5,0.5,0.0,255,110,0.43,0.04,0.43,0.0,0.0,0.0,0.0,0.0,0
0,tcp,ftp_data,SF,334,0,0,0,0,0,0,1,0,0,0,0,0,0,0,0,0,0,2,2,0.0,0.0,0.0,0.0,1.0,0.0,0.0,13,39,1.0,0.0,1.0,0.13,0.0,0.0,0.0,0.0,1
0,tcp,telnet,RSTO,126,179,0,0,0,1,1,0,0,0,0,0,0,0,0,0,0,0,2,2,0.0,0.0,1.0,1.0,1.0,0.0,0.0,14,14,1.0,0.0,0.07,0.0,0.07,0.07,0.93,0.93,1
0,tcp,smtp,SF,848,332,0,0,0,0,0,1,0,0,0,0,0,0,0,0,0,0,1,1,0.0,0.0,0.0,0.0,1.0,0.0,0.0,66,171,0.8,0.08,0.02,0.02,0.0,0.0,0.0,0.0,0
0,tcp,finger,SF,9,0,0,0,0,0,0,0,0,0,0,0,0,0,0,0,0,0,1,1,0.0,0.0,0.0,0.0,1.0,0.0,0.0,9,15,0.22,0.33,0.11,0.33,0.0,0.0,0.0,0.0,0
0,tcp,auth,SF,10,39,0,0,0,0,0,1,0,0,0,0,0,0,0,0,0,0,1,1,0.0,0.0,0.0,0.0,1.0,0.0,0.0,82,7,0.05,0.04,0.01,0.29,0.0,0.0,0.0,0.0,0
11,tcp,telnet,SF,105,2279,0,0,0,0,0,1,0,0,0,0,0,0,0,0,0,0,1,1,0.0,0.0,0.0,0.0,1.0,0.0,0.0,45,4,0.04,0.11,0.02,0.5,0.0,0.0,0.0,0.0,0
0,udp,domain_u,SF,44,44,0,0,0,0,0,0,0,0,0,0,0,0,0,0,0,0,86,166,0.0,0.0,0.0,0.0,1.0,0.0,0.01,255,255,1.0,0.0,0.01,0.0,0.0,0.0,0.0,0.0,0
0,tcp,ftp_data,SF,334,0,0,0,0,0,0,1,0,0,0,0,0,0,0,0,0,0,2,2,0.0,0.0,0.0,0.0,1.0,0.0,0.0,4,38,1.0,0.0,1.0,0.16,0.0,0.0,0.0,0.0,1
0,tcp,http,REJ,0,0,0,0,0,0,0,0,0,0,0,0,0,0,0,0,0,0,1,2,0.0,0.0,1.0,1.0,1.0,0.0,1.0,1,255,1.0,0.0,1.0,0.09,0.0,0.0,1.0,0.85,0
1,tcp,ftp,SF,1267,2451,0,0,0,28,0,1,0,0,0,0,0,0,0,0,0,1,1,1,0.0,0.0,0.0,0.0,1.0,0.0,0.0,110,8,0.07,0.05,0.01,0.0,0.02,0.0,0.07,0.0,1
0,tcp,http,SF,283,557,0,0,0,0,0,1,0,0,0,0,0,0,0,0,0,0,16,20,0.0,0.0,0.0,0.0,1.0,0.0,0.15,255,255,1.0,0.0,0.0,0.0,0.0,0.0,0.01,0.01,0
0,udp,domain_u,SF,45,45,0,0,0,0,0,0,0,0,0,0,0,0,0,0,0,0,119,119,0.0,0.0,0.0,0.0,1.0,0.0,0.0,255,224,0.88,0.01,0.0,0.0,0.0,0.0,0.0,0.0,0
0,tcp,http,SF,261,531,0,0,0,0,0,1,0,0,0,0,0,0,0,0,0,0,7,15,0.0,0.0,0.0,0.0,1.0,0.0,0.27,123,255,1.0,0.0,0.01,0.04,0.01,0.01,0.0,0.0,0
0,tcp,http,SF,199,1286,0,0,0,0,0,1,0,0,0,0,0,0,0,0,0,0,40,40,0.0,0.0,0.0,0.0,1.0,0.0,0.0,255,255,1.0,0.0,0.0,0.0,0.0,0.0,0.0,0.0,0
1,tcp,smtp,SF,1313,332,0,0,0,0,0,1,0,0,0,0,0,0,0,0,0,0,2,5,0.0,0.0,0.0,0.0,0.5,1.0,1.0,108,68,0.63,0.05,0.01,0.0,0.0,0.0,0.0,0.0,0
0,tcp,smtp,SF,2223,334,0,0,0,0,0,1,0,0,0,0,0,0,0,0,0,0,1,3,0.0,0.0,0.0,0.0,1.0,0.0,1.0,22,150,0.09,0.14,0.05,0.02,0.0,0.0,0.0,0.0,0
0,tcp,http,SF,216,13202,0,0,0,0,0,1,0,0,0,0,0,0,0,0,0,0,34,34,0.0,0.0,0.0,0.0,1.0,0.0,0.0,255,255,1.0,0.0,0.0,0.0,0.0,0.0,0.0,0.0,0
0,tcp,smtp,SF,1019,327,0,0,0,0,0,1,0,0,0,0,0,0,0,0,0,0,1,1,0.0,0.0,0.0,0.0,1.0,0.0,0.0,181,245,0.96,0.01,0.01,0.01,0.0,0.0,0.0,0.0,0
0,tcp,http,SF,337,636,0,0,0,0,0,1,0,0,0,0,0,0,0,0,0,0,4,4,0.0,0.0,0.0,0.0,1.0,0.0,0.0,117,255,1.0,0.0,0.01,0.02,0.0,0.0,0.0,0.0,0
0,tcp,http,SF,222,539,0,0,0,0,0,1,0,0,0,0,0,0,0,0,0,0,20,20,0.0,0.0,0.0,0.0,1.0,0.0,0.0,255,255,1.0,0.0,0.0,0.0,0.0,0.0,0.0,0.0,0
0,udp,other,SF,146,0,0,0,0,0,0,0,0,0,0,0,0,0,0,0,0,0,3,1,0.0,0.0,0.0,0.0,0.33,0.67,0.0,255,4,0.02,0.67,0.95,0.0,0.0,0.0,0.0,0.0,0
0,tcp,http,SF,215,1054,0,0,0,0,0,1,0,0,0,0,0,0,0,0,0,0,11,11,0.0,0.0,0.0,0.0,1.0,0.0,0.0,46,255,1.0,0.0,0.02,0.02,0.0,0.0,0.0,0.0,0
1,tcp,ftp,SF,1176,2445,0,0,0,28,0,1,0,0,0,0,0,0,0,0,0,1,1,1,0.0,0.0,0.0,0.0,1.0,0.0,0.0,105,3,0.03,0.06,0.01,0.0,0.02,0.0,0.08,0.0,1
1,tcp,ftp,SF,1201,2449,0,0,0,28,0,1,0,0,0,0,0,0,0,0,0,1,1,1,0.0,0.0,0.0,0.0,1.0,0.0,0.0,255,102,0.4,0.02,0.0,0.0,0.0,0.0,0.0,0.0,1
0,icmp,urp_i,SF,88,0,0,0,0,0,0,0,0,0,0,0,0,0,0,0,0,0,7,3,0.0,0.0,0.0,0.0,0.14,0.29,0.67,255,16,0.06,0.01,0.06,0.0,0.0,0.0,0.0,0.0,0
12,tcp,ftp_data,SF,7045,0,0,0,0,0,0,1,0,0,0,0,0,0,0,0,0,0,2,2,0.0,0.0,0.0,0.0,1.0,0.0,0.0,16,51,1.0,0.0,1.0,0.12,0.0,0.02,0.0,0.0,1
0,tcp,http,SF,210,622,0,0,0,0,0,1,0,0,0,0,0,0,0,0,0,0,1,1,0.0,0.0,0.0,0.0,1.0,0.0,0.0,255,255,1.0,0.0,0.0,0.0,0.0,0.0,0.0,0.0,0
0,tcp,http,SF,186,2143,0,0,0,0,0,1,0,0,0,0,0,0,0,0,0,0,6,8,0.0,0.0,0.0,0.0,1.0,0.0,0.25,255,255,1.0,0.0,0.0,0.0,0.0,0.0,0.0,0.0,0
6309,udp,other,SF,147,105,0,0,0,0,0,0,0,0,0,0,0,0,0,0,0,0,1,1,0.0,0.0,0.0,0.0,1.0,0.0,0.0,255,1,0.0,0.72,0.98,0.0,0.0,0.0,0.0,0.0,0
0,tcp,ftp_data,SF,7012,0,0,0,0,0,0,1,0,0,0,0,0,0,0,0,0,0,12,12,0.0,0.0,0.0,0.0,1.0,0.0,0.0,77,36,0.47,0.06,0.47,0.0,0.0,0.0,0.0,0.0,0
0,tcp,http,SF,275,28312,0,0,0,0,0,1,0,0,0,0,0,0,0,0,0,0,2,6,0.0,0.0,0.0,0.0,1.0,0.0,0.5,28,255,1.0,0.0,0.04,0.09,0.0,0.0,0.0,0.0,0
0,tcp,http,SF,204,313,0,0,0,0,0,1,0,0,0,0,0,0,0,0,0,0,6,6,0.0,0.0,0.0,0.0,1.0,0.0,0.0,255,255,1.0,0.0,0.0,0.0,0.0,0.0,0.0,0.0,0
0,tcp,http,SF,339,1438,0,0,0,0,0,1,0,0,0,0,0,0,0,0,0,0,8,8,0.0,0.0,0.0,0.0,1.0,0.0,0.0,46,247,1.0,0.0,0.02,0.13,0.0,0.0,0.07,0.78,0
0,tcp,http,SF,392,42660,0,0,0,0,0,1,0,0,0,0,0,0,0,0,0,0,7,7,0.0,0.0,0.0,0.0,1.0,0.0,0.0,255,255,1.0,0.0,0.0,0.0,0.0,0.0,0.0,0.0,0
0,tcp,smtp,SF,1191,335,0,0,0,0,0,1,0,0,0,0,0,0,0,0,0,0,1,1,0.0,0.0,0.0,0.0,1.0,0.0,0.0,163,162,0.59,0.02,0.01,0.01,0.0,0.0,0.0,0.0,0
0,tcp,http,SF,344,1396,0,0,0,0,0,1,0,0,0,0,0,0,0,0,0,0,9,9,0.0,0.0,0.0,0.0,1.0,0.0,0.0,255,255,1.0,0.0,0.0,0.0,0.01,0.01,0.0,0.0,0
0,tcp,http,SF,246,3200,0,0,0,0,0,1,0,0,0,0,0,0,0,0,0,0,17,17,0.0,0.0,0.0,0.0,1.0,0.0,0.0,255,255,1.0,0.0,0.0,0.0,0.0,0.0,0.0,0.0,0
0,tcp,http,SF,302,1075,0,0,0,0,0,1,0,0,0,0,0,0,0,0,0,0,5,5,0.0,0.0,0.0,0.0,1.0,0.0,0.0,255,247,0.97,0.02,0.0,0.0,0.0,0.0,0.0,0.0,0
0,tcp,http,SF,321,1738,0,0,0,0,0,1,0,0,0,0,0,0,0,0,0,0,5,5,0.0,0.0,0.0,0.0,1.0,0.0,0.0,107,255,1.0,0.0,0.01,0.04,0.0,0.0,0.0,0.0,0
0,tcp,http,SF,225,4291,0,0,0,0,0,1,0,0,0,0,0,0,0,0,0,0,5,6,0.0,0.0,0.0,0.0,1.0,0.0,0.33,16,255,1.0,0.0,0.06,0.05,0.0,0.0,0.0,0.0,0
0,tcp,http,SF,316,2965,0,0,0,0,0,1,0,0,0,0,0,0,0,0,0,0,6,6,0.0,0.0,0.0,0.0,1.0,0.0,0.0,255,255,1.0,0.0,0.0,0.0,0.0,0.0,0.0,0.0,0
0,udp,domain_u,SF,46,46,0,0,0,0,0,0,0,0,0,0,0,0,0,0,0,0,8,223,0.0,0.0,0.0,0.0,1.0,0.0,0.01,255,255,1.0,0.0,0.0,0.0,0.0,0.0,0.0,0.0,0
0,tcp,http,SF,146,21206,0,0,0,0,0,1,0,0,0,0,0,0,0,0,0,0,8,8,0.0,0.0,0.0,0.0,1.0,0.0,0.0,197,255,1.0,0.0,0.01,0.04,0.0,0.0,0.0,0.0,0
0,tcp,http,S0,0,0,0,0,0,0,0,0,0,0,0,0,0,0,0,0,0,0,7,7,0.14,0.14,0.0,0.0,1.0,0.0,0.0,61,61,1.0,0.0,0.03,0.0,0.02,0.02,0.0,0.0,0
2969,udp,other,SF,147,105,0,0,0,0,0,0,0,0,0,0,0,0,0,0,0,0,4,2,0.0,0.0,0.0,0.0,0.5,0.5,0.0,255,2,0.01,0.85,1.0,0.0,0.0,0.0,0.0,0.0,0
0,tcp,ftp_data,SF,0,8766,0,0,0,0,0,0,0,0,0,0,0,0,0,0,0,0,1,1,0.0,0.0,0.0,0.0,1.0,0.0,0.0,149,71,0.48,0.05,0.01,0.0,0.02,0.03,0.0,0.0,0
0,udp,other,SF,516,4,0,0,0,0,0,0,0,0,0,0,0,0,0,0,0,0,346,346,0.0,0.0,0.0,0.0,1.0,0.0,0.0,255,255,1.0,0.0,1.0,0.0,0.0,0.0,0.0,0.0,0
0,tcp,http,SF,278,13950,0,0,0,0,0,1,0,0,0,0,0,0,0,0,0,0,8,12,0.0,0.0,0.0,0.0,1.0,0.0,0.25,229,255,1.0,0.0,0.0,0.01,0.0,0.0,0.0,0.0,0
0,tcp,ftp_data,SF,35,0,0,0,0,0,0,0,0,0,0,0,0,0,0,0,0,0,1,1,0.0,0.0,0.0,0.0,1.0,0.0,0.0,212,9,0.01,0.01,0.01,0.22,0.94,0.0,0.0,0.0,0
0,tcp,ftp_data,SF,641,0,0,0,0,0,0,1,0,0,0,0,0,0,0,0,0,0,1,1,0.0,0.0,0.0,0.0,1.0,0.0,0.0,5,92,1.0,0.0,1.0,0.02,0.0,0.01,0.0,0.0,0
0,udp,domain_u,SF,43,107,0,0,0,0,0,0,0,0,0,0,0,0,0,0,0,0,1,2,0.0,0.0,0.0,0.0,1.0,0.0,1.0,255,234,0.92,0.01,0.01,0.0,0.0,0.0,0.02,0.0,0
0,tcp,ftp_data,SF,4753,0,0,0,0,0,0,0,0,0,0,0,0,0,0,0,0,0,16,16,0.0,0.0,0.0,0.0,1.0,0.0,0.0,72,80,0.31,0.04,0.31,0.03,0.0,0.0,0.0,0.0,0
1,tcp,ftp,SF,1211,2449,0,0,0,28,0,1,0,0,0,0,0,0,0,0,0,1,1,1,0.0,0.0,0.0,0.0,1.0,0.0,0.0,229,57,0.25,0.02,0.01,0.0,0.0,0.0,0.01,0.0,1
0,udp,domain_u,SF,45,140,0,0,0,0,0,0,0,0,0,0,0,0,0,0,0,0,119,119,0.0,0.0,0.0,0.0,1.0,0.0,0.0,255,254,1.0,0.01,0.0,0.0,0.0,0.0,0.0,0.0,0
0,tcp,http,SF,233,546,0,0,0,0,0,1,0,0,0,0,0,0,0,0,0,0,25,26,0.0,0.0,0.0,0.0,1.0,0.0,0.08,255,255,1.0,0.0,0.0,0.0,0.0,0.0,0.0,0.0,0
0,udp,domain_u,SF,44,44,0,0,0,0,0,0,0,0,0,0,0,0,0,0,0,0,123,125,0.0,0.0,0.0,0.0,1.0,0.0,0.02,255,227,0.89,0.01,0.01,0.0,0.0,0.0,0.0,0.0,0
0,tcp,http,SF,223,20531,0,0,0,0,0,1,0,0,0,0,0,0,0,0,0,0,4,21,0.0,0.0,0.0,0.0,1.0,0.0,0.14,65,255,1.0,0.0,0.02,0.04,0.0,0.0,0.0,0.0,0
0,tcp,ftp_data,SF,12324,0,0,0,0,0,0,1,0,0,0,0,0,0,1,0,0,0,2,2,0.0,0.0,0.0,0.0,1.0,0.0,0.0,190,66,0.35,0.03,0.35,0.0,0.01,0.0,0.0,0.0,0
0,udp,private,SF,105,147,0,0,0,0,0,0,0,0,0,0,0,0,0,0,0,0,1,1,0.0,0.0,0.0,0.0,1.0,0.0,0.0,69,68,0.99,0.03,0.01,0.0,0.0,0.0,0.0,0.0,0
0,tcp,ftp,SF,1242,2451,0,0,0,28,0,1,0,0,0,0,0,0,0,0,0,1,1,1,0.0,0.0,0.0,0.0,1.0,0.0,0.0,181,9,0.05,0.03,0.01,0.0,0.01,0.0,0.01,0.0,1
2,tcp,smtp,SF,837,333,0,0,0,0,0,1,0,0,0,0,0,0,0,0,0,0,1,1,0.0,0.0,0.0,0.0,1.0,0.0,0.0,162,69,0.37,0.03,0.01,0.03,0.0,0.0,0.01,0.0,0
0,tcp,ftp_data,SF,334,0,0,0,0,0,0,1,0,0,0,0,0,0,0,0,0,0,1,1,0.0,0.0,0.0,0.0,1.0,0.0,0.0,15,42,1.0,0.0,1.0,0.1,0.0,0.0,0.0,0.0,1
0,tcp,ftp_data,SF,334,0,0,0,0,0,0,1,0,0,0,0,0,0,0,0,0,0,2,2,0.0,0.0,0.0,0.0,1.0,0.0,0.0,2,22,1.0,0.0,1.0,0.14,0.0,0.0,0.0,0.0,1
0,tcp,ftp_data,SF,3775,0,0,0,0,0,0,0,0,0,0,0,0,0,0,0,0,0,21,21,0.0,0.0,0.0,0.0,1.0,0.0,0.0,214,66,0.31,0.03,0.31,0.0,0.0,0.0,0.0,0.0,0
0,tcp,ftp_data,SF,192,0,0,0,0,0,0,0,0,0,0,0,0,0,0,0,0,0,2,2,0.0,0.0,0.0,0.0,1.0,0.0,0.0,18,10,0.56,0.11,0.56,0.0,0.0,0.0,0.0,0.0,0
1,tcp,ftp,SF,1268,2453,0,0,0,28,0,1,0,0,0,0,0,0,0,0,0,1,1,1,0.0,0.0,0.0,0.0,1.0,0.0,0.0,255,126,0.49,0.02,0.0,0.0,0.0,0.0,0.01,0.0,1
5051,tcp,other,SF,5135678,0,0,0,0,2,0,1,0,0,0,0,0,0,0,0,0,0,1,1,0.0,0.0,0.0,0.0,1.0,0.0,0.0,7,1,0.14,0.29,1.0,0.0,0.0,0.0,0.0,0.0,1
0,udp,domain_u,SF,44,44,0,0,0,0,0,0,0,0,0,0,0,0,0,0,0,0,163,163,0.0,0.0,0.0,0.0,1.0,0.0,0.0,255,255,1.0,0.0,0.01,0.0,0.0,0.0,0.0,0.0,0
0,udp,domain_u,SF,44,44,0,0,0,0,0,0,0,0,0,0,0,0,0,0,0,0,145,145,0.0,0.0,0.0,0.0,1.0,0.0,0.0,255,255,1.0,0.0,0.01,0.0,0.0,0.0,0.0,0.0,0
2,tcp,ftp,SF,1218,2447,0,0,0,28,0,1,0,0,0,0,0,0,0,0,0,1,1,1,0.0,0.0,0.0,0.0,1.0,0.0,0.0,255,71,0.28,0.02,0.0,0.0,0.0,0.0,0.0,0.0,1
0,tcp,smtp,SF,1143,329,0,0,0,0,0,1,0,0,0,0,0,0,0,0,0,0,1,1,0.0,0.0,0.0,0.0,1.0,0.0,0.0,162,119,0.6,0.03,0.01,0.02,0.0,0.0,0.0,0.0,0
0,tcp,http,SF,340,1396,0,0,0,0,0,1,0,0,0,0,0,0,0,0,0,0,15,25,0.0,0.0,0.0,0.0,1.0,0.0,0.08,25,255,1.0,0.0,0.04,0.04,0.0,0.0,0.0,0.0,0
0,tcp,http,SF,221,3634,0,0,0,0,0,1,0,0,0,0,0,0,0,0,0,0,1,1,0.0,0.0,0.0,0.0,1.0,0.0,0.0,255,255,1.0,0.0,0.0,0.0,0.0,0.0,0.0,0.0,0
0,tcp,auth,SF,13,40,0,0,0,0,0,0,0,0,0,0,0,0,0,0,0,0,1,1,0.0,0.0,0.0,0.0,1.0,0.0,0.0,138,16,0.07,0.04,0.01,0.12,0.0,0.0,0.01,0.0,0
1,tcp,ftp,SF,1234,2451,0,0,0,28,0,1,0,0,0,0,0,0,0,0,0,1,1,1,0.0,0.0,0.0,0.0,1.0,0.0,0.0,255,119,0.47,0.02,0.0,0.0,0.0,0.0,0.0,0.0,1
0,tcp,ftp_data,SF,334,0,0,0,0,0,0,1,0,0,0,0,0,0,0,0,0,0,2,2,0.0,0.0,0.0,0.0,1.0,0.0,0.0,5,5,1.0,0.0,1.0,0.0,0.0,0.0,0.0,0.0,1
0,tcp,http,SF,287,28893,0,0,0,0,0,1,0,0,0,0,0,0,0,0,0,0,4,4,0.0,0.0,0.0,0.0,1.0,0.0,0.0,75,255,1.0,0.0,0.01,0.04,0.0,0.0,0.0,0.0,0
0,tcp,http,SF,311,1237,0,0,0,0,0,1,0,0,0,0,0,0,0,0,0,0,19,19,0.0,0.0,0.0,0.0,1.0,0.0,0.0,255,255,1.0,0.0,0.0,0.0,0.0,0.0,0.0,0.0,0
0,tcp,ftp_data,SF,383,0,0,0,0,0,0,1,0,0,0,0,0,0,0,0,0,0,2,2,0.0,0.0,0.0,0.0,1.0,0.0,0.0,109,110,0.78,0.03,0.78,0.02,0.0,0.0,0.0,0.0,0
0,tcp,ftp_data,SF,334,0,0,0,0,0,0,1,0,0,0,0,0,0,0,0,0,0,1,1,0.0,0.0,0.0,0.0,1.0,0.0,0.0,9,38,0.78,0.22,0.78,0.13,0.0,0.0,0.0,0.0,1
0,tcp,pop_3,SF,35,130,0,0,0,0,0,1,0,0,0,0,0,0,0,0,0,0,1,1,0.0,0.0,0.0,0.0,1.0,0.0,0.0,87,6,0.02,0.07,0.01,0.33,0.0,0.0,0.0,0.0,0
0,tcp,http,SF,288,1771,0,0,0,0,0,1,0,0,0,0,0,0,0,0,0,0,23,26,0.0,0.0,0.0,0.0,1.0,0.0,0.12,229,255,1.0,0.0,0.0,0.01,0.0,0.0,0.0,0.0,0
0,tcp,http,SF,237,584,0,0,0,0,0,1,0,0,0,0,0,0,0,0,0,0,7,8,0.0,0.0,0.0,0.0,1.0,0.0,0.25,255,255,1.0,0.0,0.0,0.0,0.0,0.0,0.0,0.0,0
0,tcp,http,SF,229,1263,0,0,0,0,0,1,0,0,0,0,0,0,0,0,0,0,8,13,0.0,0.0,0.0,0.0,1.0,0.0,0.31,208,255,1.0,0.0,0.0,0.02,0.0,0.0,0.0,0.0,0
0,tcp,http,SF,305,309,0,0,0,0,0,1,0,0,0,0,0,0,0,0,0,0,5,5,0.0,0.0,0.0,0.0,1.0,0.0,0.0,31,255,1.0,0.0,0.03,0.02,0.0,0.0,0.0,0.0,0
3034,udp,other,SF,146,105,0,0,0,0,0,0,0,0,0,0,0,0,0,0,0,0,4,2,0.0,0.0,0.0,0.0,0.5,0.5,0.0,255,2,0.01,0.64,0.96,0.0,0.0,0.0,0.0,0.0,0
0,tcp,http,SF,303,1719,0,0,0,0,0,1,0,0,0,0,0,0,0,0,0,0,8,8,0.0,0.0,0.0,0.0,1.0,0.0,0.0,141,255,1.0,0.0,0.01,0.02,0.01,0.0,0.0,0.0,0
0,tcp,http,SF,224,1819,0,0,0,0,0,1,0,0,0,0,0,0,0,0,0,0,29,29,0.0,0.0,0.0,0.0,1.0,0.0,0.0,255,255,1.0,0.0,0.0,0.0,0.0,0.0,0.0,0.0,0
0,tcp,http,SF,231,334,0,0,0,0,0,1,0,0,0,0,0,0,0,0,0,0,10,15,0.0,0.0,0.0,0.0,1.0,0.0,0.13,36,255,1.0,0.0,0.03,0.05,0.0,0.0,0.0,0.0,0
0,tcp,smtp,SF,789,329,0,0,0,0,0,1,0,0,0,0,0,0,0,0,0,0,1,1,0.0,0.0,0.0,0.0,1.0,0.0,0.0,89,151,0.93,0.04,0.01,0.01,0.0,0.0,0.0,0.0,0
0,tcp,http,REJ,0,0,0,0,0,0,0,0,0,0,0,0,0,0,0,0,0,0,1,1,0.0,0.0,1.0,1.0,1.0,0.0,0.0,106,108,1.0,0.0,0.01,0.02,0.0,0.0,1.0,1.0,0
1,tcp,ftp,SF,1194,2449,0,0,0,28,0,1,0,0,0,0,0,0,0,0,0,1,1,1,0.0,0.0,0.0,0.0,1.0,0.0,0.0,113,11,0.1,0.05,0.01,0.0,0.02,0.0,0.07,0.0,1
0,udp,domain_u,SF,17,70,0,0,0,0,0,0,0,0,0,0,0,0,0,0,0,0,1,1,0.0,0.0,0.0,0.0,1.0,0.0,0.0,164,93,0.57,0.02,0.01,0.0,0.0,0.0,0.0,0.0,0
0,tcp,http,SF,207,337,0,0,0,0,0,1,0,0,0,0,0,0,0,0,0,0,15,15,0.0,0.0,0.0,0.0,1.0,0.0,0.0,15,255,1.0,0.0,0.07,0.07,0.0,0.0,0.0,0.0,0
0,tcp,http,SF,223,1538,0,0,0,0,0,1,0,0,0,0,0,0,0,0,0,0,21,22,0.0,0.0,0.0,0.0,1.0,0.0,0.09,255,255,1.0,0.0,0.0,0.0,0.0,0.0,0.0,0.0,0
0,tcp,ftp_data,SF,334,0,0,0,0,0,0,1,0,0,0,0,0,0,0,0,0,0,1,1,0.0,0.0,0.0,0.0,1.0,0.0,0.0,1,11,1.0,0.0,1.0,0.45,0.0,0.0,0.0,0.0,1
0,tcp,http,SF,213,603,0,0,0,0,0,1,0,0,0,0,0,0,0,0,0,0,14,14,0.0,0.0,0.0,0.0,1.0,0.0,0.0,33,255,1.0,0.0,0.03,0.04,0.0,0.0,0.0,0.0,0
0,tcp,http,SF,215,7509,0,0,0,0,0,1,0,0,0,0,0,0,0,0,0,0,11,11,0.0,0.0,0.0,0.0,1.0,0.0,0.0,11,255,1.0,0.0,0.09,0.01,0.0,0.0,0.0,0.0,0
0,tcp,http,REJ,0,0,0,0,0,0,0,0,0,0,0,0,0,0,0,0,0,0,1,1,0.0,0.0,1.0,1.0,1.0,0.0,0.0,1,214,1.0,0.0,1.0,0.2,0.0,0.0,1.0,0.78,0
0,tcp,http,SF,246,1718,0,0,0,0,0,1,0,0,0,0,0,0,0,0,0,0,4,4,0.0,0.0,0.0,0.0,1.0,0.0,0.0,255,255,1.0,0.0,0.0,0.0,0.01,0.01,0.0,0.0,0
0,udp,domain_u,SF,46,112,0,0,0,0,0,0,0,0,0,0,0,0,0,0,0,0,2,2,0.0,0.0,0.0,0.0,1.0,0.0,0.0,168,208,1.0,0.0,1.0,0.01,0.0,0.0,0.0,0.0,0
0,tcp,http,REJ,0,0,0,0,0,0,0,0,0,0,0,0,0,0,0,0,0,0,1,2,0.0,0.0,1.0,1.0,1.0,0.0,1.0,139,113,0.81,0.01,0.01,0.0,0.0,0.0,0.81,1.0,0
0,udp,domain_u,SF,43,123,0,0,0,0,0,0,0,0,0,0,0,0,0,0,0,0,254,254,0.0,0.0,0.0,0.0,1.0,0.0,0.0,255,251,0.98,0.01,0.0,0.0,0.0,0.0,0.0,0.0,0
0,tcp,ftp_data,SF,1342,0,0,0,0,0,0,1,0,0,0,0,0,0,0,0,0,0,4,4,0.0,0.0,0.0,0.0,1.0,0.0,0.0,65,69,0.31,0.08,0.31,0.03,0.0,0.0,0.0,0.0,0
0,tcp,ftp_data,SF,259,0,0,0,0,0,0,0,0,0,0,0,0,0,0,0,0,0,1,1,0.0,0.0,0.0,0.0,1.0,0.0,0.0,47,31,0.17,0.09,0.17,0.06,0.0,0.0,0.0,0.0,0
0,udp,private,SF,105,147,0,0,0,0,0,0,0,0,0,0,0,0,0,0,0,0,8,2,0.0,0.0,0.0,0.0,0.25,0.25,0.0,255,241,0.95,0.01,0.01,0.0,0.0,0.0,0.0,0.0,0
0,tcp,http,SF,322,272,0,0,0,0,0,1,0,0,0,0,0,0,0,0,0,0,4,7,0.0,0.0,0.0,0.0,1.0,0.0,0.29,255,246,0.96,0.01,0.0,0.0,0.0,0.0,0.0,0.0,0
0,tcp,ftp_data,SF,334,0,0,0,0,0,0,1,0,0,0,0,0,0,0,0,0,0,1,1,0.0,0.0,0.0,0.0,1.0,0.0,0.0,1,8,1.0,0.0,1.0,0.25,0.0,0.0,0.0,0.12,1
2,tcp,ftp,SF,1233,2451,0,0,0,28,0,1,0,0,0,0,0,0,0,0,0,1,1,1,0.0,0.0,0.0,0.0,1.0,0.0,0.0,255,108,0.42,0.02,0.0,0.0,0.0,0.0,0.0,0.0,1
0,tcp,http,SF,258,4302,0,0,0,0,0,1,0,0,0,0,0,0,0,0,0,0,1,9,0.0,0.0,0.0,0.0,1.0,0.0,0.33,1,4,1.0,0.0,1.0,0.5,0.0,0.5,0.0,0.25,0
0,udp,domain_u,SF,45,114,0,0,0,0,0,0,0,0,0,0,0,0,0,0,0,0,260,261,0.0,0.0,0.0,0.0,1.0,0.0,0.01,255,217,0.85,0.01,0.0,0.0,0.0,0.0,0.0,0.0,0
0,tcp,http,SF,359,445,0,0,0,0,0,1,0,0,0,0,0,0,0,0,0,0,20,68,0.05,0.01,0.0,0.0,1.0,0.0,0.07,20,255,1.0,0.0,0.05,0.04,0.05,0.0,0.0,0.0,0
0,tcp,http,SF,188,409,0,0,0,0,0,1,0,0,0,0,0,0,0,0,0,0,3,3,0.0,0.0,0.0,0.0,1.0,0.0,0.0,57,255,1.0,0.0,0.02,0.04,0.0,0.0,0.0,0.0,0
0,udp,domain_u,SF,43,130,0,0,0,0,0,0,0,0,0,0,0,0,0,0,0,0,27,27,0.0,0.0,0.0,0.0,1.0,0.0,0.0,165,102,0.62,0.02,0.01,0.0,0.0,0.0,0.0,0.0,0
0,tcp,http,SF,300,2729,0,0,0,0,0,1,0,0,0,0,0,0,0,0,0,0,11,11,0.0,0.0,0.0,0.0,1.0,0.0,0.0,255,255,1.0,0.0,0.0,0.0,0.0,0.0,0.0,0.0,0
0,tcp,http,SF,157,40411,0,0,0,0,0,1,0,0,0,0,0,0,0,0,0,0,1,1,0.0,0.0,0.0,0.0,1.0,0.0,0.0,255,255,1.0,0.0,0.0,0.0,0.0,0.0,0.0,0.0,0
28,tcp,ftp,SF,1506,4152,0,0,0,30,0,1,0,0,0,0,0,0,0,0,0,1,2,2,0.0,0.0,0.0,0.0,1.0,0.0,0.0,9,6,0.67,0.33,0.11,0.0,0.0,0.0,0.0,0.0,0
0,tcp,http,SF,312,309,0,0,0,0,0,1,0,0,0,0,0,0,0,0,0,0,16,18,0.0,0.0,0.0,0.0,1.0,0.0,0.17,255,255,1.0,0.0,0.0,0.0,0.0,0.0,0.0,0.0,0
0,tcp,ftp_data,SF,334,0,0,0,0,0,0,1,0,0,0,0,0,0,0,0,0,0,1,1,0.0,0.0,0.0,0.0,1.0,0.0,0.0,255,68,0.27,0.13,0.36,0.0,0.02,0.01,0.0,0.0,1
0,tcp,http,SF,249,17239,0,0,0,0,0,1,0,0,0,0,0,0,0,0,0,0,1,2,0.0,0.0,0.0,0.0,1.0,0.0,1.0,51,255,1.0,0.0,0.02,0.04,0.0,0.0,0.0,0.0,0
0,tcp,http,SF,0,480,0,0,0,0,0,0,0,0,0,0,0,0,0,0,0,0,26,26,0.04,0.04,0.0,0.0,1.0,0.0,0.0,255,255,1.0,0.0,0.0,0.0,0.01,0.01,0.0,0.0,0
1,tcp,smtp,SF,1656,338,0,0,0,0,0,1,0,0,0,0,0,0,0,0,0,0,1,2,0.0,0.0,0.0,0.0,1.0,0.0,1.0,213,156,0.59,0.02,0.0,0.01,0.0,0.0,0.0,0.0,0
9,tcp,smtp,SF,612,335,0,0,0,0,0,1,0,0,0,0,0,0,0,0,0,0,1,1,0.0,0.0,0.0,0.0,1.0,0.0,0.0,97,211,0.82,0.04,0.01,0.01,0.0,0.0,0.0,0.0,0
0,udp,domain_u,SF,43,43,0,0,0,0,0,0,0,0,0,0,0,0,0,0,0,0,120,202,0.0,0.0,0.0,0.0,1.0,0.0,0.02,255,254,1.0,0.01,0.01,0.0,0.0,0.0,0.0,0.0,0
22,tcp,ftp,SF,341,1069,0,0,0,6,0,1,0,0,0,0,0,0,0,0,0,1,1,1,0.0,0.0,0.0,0.0,1.0,0.0,0.0,150,36,0.24,0.05,0.01,0.0,0.0,0.0,0.0,0.0,0
0,tcp,ftp,SF,1287,2453,0,0,0,28,0,1,0,0,0,0,0,0,0,0,0,1,1,1,0.0,0.0,0.0,0.0,1.0,0.0,0.0,255,65,0.25,0.02,0.0,0.0,0.0,0.0,0.0,0.0,1
0,tcp,ftp_data,SF,334,0,0,0,0,0,0,1,0,0,0,0,0,0,0,0,0,0,1,1,0.0,0.0,0.0,0.0,1.0,0.0,0.0,5,23,1.0,0.0,1.0,0.17,0.0,0.0,0.0,0.0,1
0,udp,domain_u,SF,45,81,0,0,0,0,0,0,0,0,0,0,0,0,0,0,0,0,125,125,0.0,0.0,0.0,0.0,1.0,0.0,0.0,255,254,1.0,0.01,0.01,0.0,0.0,0.0,0.0,0.0,0
266,tcp,http,SF,320,273,0,0,0,0,0,1,0,0,0,0,0,0,0,0,0,0,2,2,0.0,0.0,0.0,0.0,1.0,0.0,0.0,255,253,0.99,0.01,0.0,0.0,0.0,0.0,0.02,0.02,0
0,tcp,http,S2,234,0,0,0,0,3,0,1,0,0,0,0,0,0,0,0,0,0,1,1,1.0,1.0,0.0,0.0,1.0,0.0,0.0,30,255,1.0,0.0,0.03,0.02,0.07,0.01,0.0,0.0,0
0,tcp,http,SF,304,3003,0,0,0,0,0,1,0,0,0,0,0,0,0,0,0,0,7,31,0.0,0.0,0.0,0.0,1.0,0.0,0.06,7,255,1.0,0.0,0.14,0.03,0.0,0.0,0.0,0.01,0
0,tcp,ftp_data,SF,3909,0,0,0,0,0,0,1,0,0,0,0,0,0,0,0,0,0,6,6,0.0,0.0,0.0,0.0,1.0,0.0,0.0,153,104,0.34,0.02,0.34,0.02,0.01,0.01,0.0,0.0,0
0,tcp,http,SF,187,1761,0,0,0,0,0,1,0,0,0,0,0,0,0,0,0,0,17,17,0.0,0.0,0.0,0.0,1.0,0.0,0.0,85,255,1.0,0.0,0.01,0.02,0.0,0.0,0.0,0.0,0
2,tcp,smtp,SF,1209,329,0,0,0,0,0,1,0,0,0,0,0,0,0,0,0,0,1,2,0.0,0.0,0.0,0.0,1.0,0.0,1.0,3,242,1.0,0.0,0.33,0.02,0.0,0.0,0.0,0.0,0
0,tcp,smtp,SF,949,333,0,0,0,0,0,1,0,0,0,0,0,0,0,0,0,0,1,1,0.0,0.0,0.0,0.0,1.0,0.0,0.0,214,161,0.75,0.02,0.0,0.0,0.0,0.0,0.0,0.0,0
0,tcp,http,SF,213,157465,0,0,0,0,0,1,0,0,0,0,0,0,0,0,0,0,2,2,0.0,0.0,0.0,0.0,1.0,0.0,0.0,41,255,1.0,0.0,0.02,0.05,0.0,0.0,0.0,0.0,0
3,tcp,smtp,SF,1113,370,0,0,0,0,0,1,0,0,0,0,0,0,0,0,0,0,1,2,0.0,0.0,0.0,0.0,1.0,0.0,1.0,35,13,0.37,0.06,0.03,0.0,0.0,0.0,0.0,0.0,0
0,tcp,ftp_data,SF,245,0,0,0,0,0,0,1,0,0,0,1,0,0,0,0,0,0,2,2,0.0,0.0,0.0,0.0,1.0,0.0,0.0,151,16,0.11,0.03,0.11,0.0,0.0,0.0,0.0,0.0,0
0,tcp,http,SF,359,343,0,0,0,0,0,1,0,0,0,0,0,0,0,0,0,0,22,75,0.05,0.01,0.0,0.0,1.0,0.0,0.07,22,255,1.0,0.0,0.05,0.04,0.05,0.0,0.0,0.0,0
0,tcp,http,SF,271,2364,0,0,0,0,0,1,0,0,0,0,0,0,0,0,0,0,1,1,0.0,0.0,0.0,0.0,1.0,0.0,0.0,255,255,1.0,0.0,0.0,0.0,0.0,0.0,0.0,0.0,0
0,tcp,http,SF,221,7177,0,0,0,0,0,1,0,0,0,0,0,0,0,0,0,0,13,14,0.0,0.0,0.0,0.0,1.0,0.0,0.14,98,255,1.0,0.0,0.01,0.08,0.0,0.0,0.0,0.0,0
0,tcp,ftp_data,SF,192,0,0,0,0,0,0,0,0,0,0,0,0,0,0,0,0,0,1,1,0.0,0.0,0.0,0.0,1.0,0.0,0.0,5,22,0.8,0.4,0.8,0.09,0.0,0.0,0.0,0.0,0
0,tcp,http,SF,187,13718,0,0,0,0,0,1,0,0,0,0,0,0,0,0,0,0,4,7,0.0,0.0,0.0,0.0,1.0,0.0,0.43,28,94,1.0,0.0,0.04,0.05,0.0,0.0,0.0,0.0,0
0,tcp,http,SF,280,1269,0,0,0,0,0,1,0,0,0,0,0,0,0,0,0,0,6,33,0.0,0.0,0.0,0.0,1.0,0.0,0.15,255,255,1.0,0.0,0.0,0.0,0.0,0.0,0.0,0.0,0
0,tcp,other,SF,4539,0,0,0,0,0,0,1,0,0,0,0,0,0,0,0,0,0,20,1,0.05,0.0,0.0,0.0,0.05,0.3,0.0,202,1,0.0,0.1,0.4,0.0,0.02,0.0,0.0,0.0,0
0,tcp,ftp,SF,1267,2451,0,0,0,28,0,1,0,0,0,0,0,0,0,0,0,1,1,1,0.0,0.0,0.0,0.0,1.0,0.0,0.0,126,24,0.19,0.05,0.01,0.0,0.02,0.0,0.06,0.0,1
0,udp,domain_u,SF,44,44,0,0,0,0,0,0,0,0,0,0,0,0,0,0,0,0,11,17,0.0,0.0,0.0,0.0,1.0,0.0,0.18,187,183,0.98,0.01,0.01,0.0,0.0,0.0,0.0,0.0,0
1,tcp,smtp,SF,1371,329,0,0,0,0,0,1,0,0,0,0,0,0,0,0,0,0,1,3,0.0,0.0,0.0,0.0,1.0,0.0,1.0,241,117,0.48,0.02,0.0,0.02,0.01,0.02,0.0,0.0,0
0,tcp,ftp_data,SF,334,0,0,0,0,0,0,1,0,0,0,0,0,0,0,0,0,0,2,2,0.0,0.0,0.0,0.0,1.0,0.0,0.0,4,23,1.0,0.0,1.0,0.17,0.0,0.0,0.0,0.0,1
3409,udp,other,SF,145,105,0,0,0,0,0,0,0,0,0,0,0,0,0,0,0,0,1,1,0.0,0.0,0.0,0.0,1.0,0.0,0.0,255,1,0.0,0.62,0.96,0.0,0.0,0.0,0.0,0.0,0
0,tcp,http,SF,286,307,0,0,0,0,0,1,0,0,0,0,0,0,0,0,0,0,8,8,0.0,0.0,0.0,0.0,1.0,0.0,0.0,148,255,1.0,0.0,0.01,0.01,0.0,0.0,0.0,0.0,0
0,tcp,http,SF,309,2408,0,0,0,0,0,1,0,0,0,0,0,0,0,0,0,0,3,5,0.33,0.4,0.0,0.0,1.0,0.0,0.4,185,255,1.0,0.0,0.01,0.02,0.01,0.0,0.0,0.0,0
0,tcp,http,SF,209,29055,0,0,0,0,0,1,0,0,0,0,0,0,0,0,0,0,3,3,0.0,0.0,0.0,0.0,1.0,0.0,0.0,168,255,1.0,0.0,0.01,0.02,0.0,0.0,0.0,0.0,0
0,tcp,http,SF,229,4049,0,0,0,0,0,1,0,0,0,0,0,0,0,0,0,0,3,3,0.0,0.0,0.0,0.0,1.0,0.0,0.0,47,255,1.0,0.0,0.02,0.04,0.0,0.0,0.0,0.0,0
0,udp,other,SF,516,4,0,0,0,0,0,0,0,0,0,0,0,0,0,0,0,0,169,169,0.0,0.0,0.0,0.0,1.0,0.0,0.0,169,169,1.0,0.0,1.0,0.0,0.0,0.0,0.0,0.0,0
0,tcp,http,SF,214,811,0,0,0,0,0,1,0,0,0,0,0,0,0,0,0,0,27,27,0.0,0.0,0.0,0.0,1.0,0.0,0.0,255,255,1.0,0.0,0.0,0.0,0.0,0.0,0.0,0.0,0
0,tcp,http,SF,208,688,0,0,0,0,0,1,0,0,0,0,0,0,0,0,0,0,5,16,0.0,0.0,0.0,0.0,1.0,0.0,0.12,7,255,1.0,0.0,0.14,0.12,0.0,0.0,0.0,0.62,0
0,tcp,http,SF,306,2750,0,0,0,0,0,1,0,0,0,0,0,0,0,0,0,0,10,10,0.0,0.0,0.0,0.0,1.0,0.0,0.0,255,255,1.0,0.0,0.0,0.0,0.0,0.0,0.0,0.0,0
0,tcp,http,SF,171,1434,0,0,0,0,0,1,0,0,0,0,0,0,0,0,0,0,3,3,0.33,0.33,0.0,0.0,1.0,0.0,0.0,147,255,1.0,0.0,0.01,0.02,0.0,0.0,0.0,0.0,0
0,tcp,ftp_data,SF,334,0,0,0,0,0,0,1,0,0,0,0,0,0,0,0,0,0,2,2,0.0,0.0,0.0,0.0,1.0,0.0,0.0,8,38,0.75,0.25,0.75,0.16,0.0,0.0,0.0,0.0,1
0,tcp,http,SF,229,855,0,0,0,0,0,1,0,0,0,0,0,0,0,0,0,0,2,22,0.0,0.0,0.0,0.0,1.0,0.0,0.18,79,255,1.0,0.0,0.01,0.03,0.0,0.0,0.0,0.0,0
0,udp,domain_u,SF,44,79,0,0,0,0,0,0,0,0,0,0,0,0,0,0,0,0,74,152,0.0,0.0,0.0,0.0,1.0,0.0,0.01,255,211,0.83,0.01,0.0,0.0,0.0,0.0,0.0,0.0,0
0,tcp,telnet,RSTO,126,179,0,0,0,1,1,0,0,0,0,0,0,0,0,0,0,0,1,1,0.0,0.0,1.0,1.0,1.0,0.0,0.0,30,30,1.0,0.0,0.03,0.0,0.07,0.07,0.93,0.93,1
0,udp,domain_u,SF,44,69,0,0,0,0,0,0,0,0,0,0,0,0,0,0,0,0,202,202,0.0,0.0,0.0,0.0,1.0,0.0,0.0,255,237,0.93,0.01,0.0,0.0,0.0,0.0,0.0,0.0,0
0,tcp,http,SF,223,2745,0,0,0,0,0,1,0,0,0,0,0,0,0,0,0,0,4,5,0.0,0.0,0.0,0.0,1.0,0.0,0.4,255,255,1.0,0.0,0.0,0.0,0.0,0.0,0.0,0.0,0
0,tcp,http,SF,314,1018,0,0,0,0,0,1,0,0,0,0,0,0,0,0,0,0,24,37,0.0,0.0,0.0,0.0,1.0,0.0,0.08,108,255,1.0,0.0,0.01,0.02,0.0,0.0,0.0,0.0,0
0,tcp,smtp,SF,1085,331,0,0,0,0,0,1,0,0,0,0,0,0,0,0,0,0,1,1,0.0,0.0,0.0,0.0,1.0,0.0,0.0,78,105,0.72,0.04,0.01,0.02,0.0,0.0,0.0,0.0,0
0,tcp,ftp_data,SF,334,0,0,0,0,0,0,1,0,0,0,0,0,0,0,0,0,0,1,1,0.0,0.0,0.0,0.0,1.0,0.0,0.0,1,21,1.0,0.0,1.0,0.14,0.0,0.0,0.0,0.0,1
0,tcp,http,SF,315,8147,0,0,0,0,0,1,0,0,0,0,0,0,0,0,0,0,4,4,0.0,0.0,0.0,0.0,1.0,0.0,0.0,4,255,1.0,0.0,0.25,0.05,0.0,0.0,0.0,0.0,0
0,tcp,other,SF,59,0,0,0,0,0,0,0,0,0,0,0,0,0,0,0,0,0,22,1,0.05,0.0,0.0,0.0,0.05,0.77,0.0,255,1,0.0,0.07,0.46,0.0,0.0,0.0,0.0,0.0,0
0,tcp,http,SF,212,2917,0,0,0,0,0,1,0,0,0,0,0,0,0,0,0,0,3,7,0.0,0.0,0.0,0.0,1.0,0.0,0.29,77,255,1.0,0.0,0.01,0.05,0.0,0.0,0.0,0.0,0
0,tcp,http,REJ,0,0,0,0,0,0,0,0,0,0,0,0,0,0,0,0,0,0,1,1,0.0,0.0,1.0,1.0,1.0,0.0,0.0,14,187,1.0,0.0,0.07,0.2,0.0,0.0,1.0,1.0,0
0,tcp,http,SF,212,3218,0,0,0,0,0,1,0,0,0,0,0,0,0,0,0,0,21,21,0.0,0.0,0.0,0.0,1.0,0.0,0.0,255,255,1.0,0.0,0.0,0.0,0.0,0.0,0.0,0.0,0
0,udp,other,SF,516,4,0,0,0,0,0,0,0,0,0,0,0,0,0,0,0,0,229,229,0.0,0.0,0.0,0.0,1.0,0.0,0.0,229,229,1.0,0.0,1.0,0.0,0.0,0.0,0.0,0.0,0
0,tcp,ftp_data,SF,12286,0,0,0,0,0,0,1,0,0,0,0,0,0,0,0,0,0,4,4,0.0,0.0,0.0,0.0,1.0,0.0,0.0,140,54,0.24,0.04,0.24,0.04,0.0,0.0,0.0,0.0,0
10,tcp,ftp_data,SF,0,5150180,0,0,0,0,0,0,0,0,0,0,0,0,0,0,0,0,1,1,0.0,0.0,0.0,0.0,1.0,0.0,0.0,17,17,1.0,0.0,1.0,0.0,0.0,0.0,0.0,0.0,1
0,udp,domain_u,SF,44,44,0,0,0,0,0,0,0,0,0,0,0,0,0,0,0,0,138,218,0.0,0.0,0.0,0.0,1.0,0.0,0.01,255,255,1.0,0.0,0.01,0.0,0.0,0.0,0.0,0.0,0
0,tcp,http,SF,236,405,0,0,0,0,0,1,0,0,0,0,0,0,0,0,0,0,16,16,0.0,0.0,0.0,0.0,1.0,0.0,0.0,255,255,1.0,0.0,0.0,0.0,0.0,0.0,0.07,0.07,0
0,tcp,http,SF,256,9691,0,0,0,0,0,1,0,0,0,0,0,0,0,0,0,0,2,2,0.0,0.0,0.0,0.0,1.0,0.0,0.0,136,255,1.0,0.0,0.01,0.01,0.0,0.0,0.0,0.0,0
0,tcp,http,SF,238,435,0,0,0,0,0,1,0,0,0,0,0,0,0,0,0,0,1,1,0.0,0.0,0.0,0.0,1.0,0.0,0.0,1,255,1.0,0.0,1.0,0.02,0.0,0.0,0.0,0.0,0
0,tcp,http,SF,253,1579,0,0,0,0,0,1,0,0,0,0,0,0,0,0,0,0,2,2,0.0,0.0,0.0,0.0,1.0,0.0,0.0,59,255,1.0,0.0,0.02,0.01,0.0,0.0,0.0,0.0,0
0,udp,domain_u,SF,43,74,0,0,0,0,0,0,0,0,0,0,0,0,0,0,0,0,237,236,0.0,0.0,0.0,0.0,1.0,0.01,0.0,255,247,0.97,0.01,0.0,0.0,0.0,0.0,0.0,0.0,0
0,tcp,http,SF,277,1274,0,0,0,0,0,1,0,0,0,0,0,0,0,0,0,0,14,18,0.0,0.0,0.0,0.0,1.0,0.0,0.11,255,255,1.0,0.0,0.0,0.0,0.0,0.0,0.0,0.0,0
0,tcp,ftp_data,SF,3676,0,0,0,0,0,0,0,0,0,0,0,0,0,0,0,0,0,10,10,0.0,0.0,0.0,0.0,1.0,0.0,0.0,123,91,0.46,0.02,0.46,0.02,0.0,0.0,0.0,0.0,0
0,tcp,http,SF,286,4704,0,0,0,0,0,1,0,0,0,0,0,0,0,0,0,0,2,3,0.0,0.0,0.0,0.0,1.0,0.0,0.67,8,255,1.0,0.0,0.12,0.06,0.0,0.0,0.0,0.0,0
0,tcp,ftp_data,SF,5891,0,0,0,0,0,0,0,0,0,0,0,0,0,0,0,0,0,17,17,0.0,0.0,0.0,0.0,1.0,0.0,0.0,255,23,0.09,0.07,0.09,0.0,0.85,0.0,0.0,0.0,0
0,tcp,smtp,SF,969,332,0,0,0,0,0,1,0,0,0,0,0,0,0,0,0,0,1,1,0.0,0.0,0.0,0.0,1.0,0.0,0.0,33,185,1.0,0.0,0.03,0.02,0.0,0.0,0.0,0.0,0
0,tcp,http,REJ,0,0,0,0,0,0,0,0,0,0,0,0,0,0,0,0,0,0,1,1,0.0,0.0,1.0,1.0,1.0,0.0,0.0,1,57,1.0,0.0,1.0,0.09,0.0,0.04,1.0,0.96,0
0,tcp,http,SF,225,1535,0,0,0,0,0,1,0,0,0,0,0,0,0,0,0,0,2,2,0.5,0.5,0.0,0.0,1.0,0.0,0.0,39,255,1.0,0.0,0.03,0.02,0.03,0.0,0.0,0.0,0
0,tcp,ftp_data,SF,2056,0,0,0,0,0,0,1,0,0,0,0,0,0,0,0,0,0,8,7,0.0,0.0,0.0,0.0,0.88,0.25,0.0,232,98,0.42,0.01,0.42,0.0,0.0,0.0,0.0,0.0,0
0,tcp,http,SF,224,577,0,0,0,0,0,1,0,0,0,0,0,0,0,0,0,0,4,19,0.0,0.0,0.0,0.0,1.0,0.0,0.11,255,255,1.0,0.0,0.0,0.0,0.0,0.0,0.0,0.0,0
0,tcp,http,REJ,0,0,0,0,0,0,0,0,0,0,0,0,0,0,0,0,0,0,1,2,0.0,0.0,1.0,1.0,1.0,0.0,1.0,249,205,0.82,0.02,0.0,0.0,0.0,0.0,0.82,1.0,0
0,tcp,http,SF,259,4567,0,0,0,0,0,1,0,0,0,0,0,0,0,0,0,0,16,41,0.0,0.0,0.0,0.0,1.0,0.0,0.05,255,255,1.0,0.0,0.0,0.0,0.0,0.0,0.0,0.0,0
0,tcp,http,SF,214,8912,0,0,0,0,0,1,0,0,0,0,0,0,0,0,0,0,6,6,0.0,0.0,0.0,0.0,1.0,0.0,0.0,30,255,1.0,0.0,0.03,0.07,0.0,0.0,0.0,0.0,0
0,udp,domain_u,SF,43,129,0,0,0,0,0,0,0,0,0,0,0,0,0,0,0,0,234,310,0.0,0.0,0.0,0.0,1.0,0.0,0.01,255,253,0.99,0.01,0.0,0.0,0.0,0.0,0.0,0.0,0
0,tcp,ftp_data,SF,334,0,0,0,0,0,0,1,0,0,0,0,0,0,0,0,0,0,1,1,0.0,0.0,0.0,0.0,1.0,0.0,0.0,13,24,1.0,0.0,1.0,0.08,0.0,0.0,0.0,0.0,1
0,tcp,http,SF,332,7509,0,0,0,0,0,1,0,0,0,0,0,0,0,0,0,0,5,5,0.0,0.0,0.0,0.0,1.0,0.0,0.0,83,255,1.0,0.0,0.01,0.05,0.0,0.0,0.0,0.0,0
0,tcp,ftp_data,SF,246,0,0,0,0,0,0,1,0,0,0,0,0,0,0,0,0,0,1,1,0.0,0.0,0.0,0.0,1.0,0.0,0.0,1,46,1.0,0.0,1.0,0.04,0.0,0.02,0.0,0.0,1
0,tcp,http,SF,334,1587,0,0,0,0,0,1,0,0,0,0,0,0,0,0,0,0,21,36,0.0,0.03,0.0,0.0,1.0,0.0,0.11,255,255,1.0,0.0,0.0,0.0,0.0,0.0,0.0,0.0,0
0,udp,domain_u,SF,43,130,0,0,0,0,0,0,0,0,0,0,0,0,0,0,0,0,103,183,0.0,0.0,0.0,0.0,1.0,0.0,0.01,255,255,1.0,0.0,0.0,0.0,0.0,0.0,0.0,0.0,0
9570,udp,other,SF,146,105,0,0,0,0,0,0,0,0,0,0,0,0,0,0,0,0,4,2,0.0,0.0,0.0,0.0,0.5,0.5,0.0,248,2,0.01,0.59,0.96,0.0,0.0,0.0,0.0,0.0,0
0,tcp,http,SF,225,829,0,0,0,0,0,1,0,0,0,0,0,0,0,0,0,0,12,12,0.0,0.0,0.0,0.0,1.0,0.0,0.0,56,255,1.0,0.0,0.02,0.03,0.0,0.0,0.0,0.0,0
0,tcp,http,REJ,0,0,0,0,0,0,0,0,0,0,0,0,0,0,0,0,0,0,1,1,0.0,0.0,1.0,1.0,1.0,0.0,0.0,57,57,1.0,0.0,0.02,0.0,0.0,0.0,0.58,0.58,0
0,tcp,smtp,SF,1134,327,0,0,0,0,0,1,0,0,0,0,0,0,0,0,0,0,1,2,0.0,0.0,0.0,0.0,1.0,0.0,1.0,163,162,0.82,0.03,0.01,0.01,0.0,0.0,0.0,0.0,0
0,udp,domain_u,SF,45,80,0,0,0,0,0,0,0,0,0,0,0,0,0,0,0,0,263,267,0.0,0.0,0.0,0.0,1.0,0.0,0.01,255,222,0.87,0.01,0.0,0.0,0.0,0.0,0.0,0.0,0
0,tcp,http,SF,265,188,0,0,0,0,0,1,0,0,0,0,0,0,0,0,0,0,1,6,0.0,0.0,0.0,0.0,1.0,0.0,0.33,1,255,1.0,0.0,1.0,0.03,0.0,0.0,0.0,0.0,0
0,tcp,http,SF,286,296,0,0,0,0,0,1,0,0,0,0,0,0,0,0,0,0,1,1,0.0,0.0,0.0,0.0,1.0,0.0,0.0,255,255,1.0,0.0,0.0,0.0,0.0,0.0,0.0,0.0,0
0,tcp,http,SF,222,4836,0,0,0,0,0,1,0,0,0,0,0,0,0,0,0,0,1,1,0.0,0.0,0.0,0.0,1.0,0.0,0.0,255,255,1.0,0.0,0.0,0.0,0.0,0.0,0.0,0.0,0
0,tcp,http,SF,223,418,0,0,0,0,0,1,0,0,0,0,0,0,0,0,0,0,7,27,0.0,0.0,0.0,0.0,1.0,0.0,0.07,65,255,1.0,0.0,0.02,0.03,0.0,0.0,0.0,0.0,0
0,tcp,ftp,SF,1224,2449,0,0,0,28,0,1,0,0,0,0,0,0,0,0,0,1,1,1,0.0,0.0,0.0,0.0,1.0,0.0,0.0,104,2,0.02,0.06,0.01,0.0,0.02,0.0,0.08,0.0,1
0,icmp,ecr_i,SF,64,0,0,0,0,0,0,0,0,0,0,0,0,0,0,0,0,0,1,1,0.0,0.0,0.0,0.0,1.0,0.0,0.0,255,1,0.0,0.01,0.0,0.0,0.0,0.0,0.0,0.0,0
0,tcp,http,SF,228,11390,0,0,0,0,0,1,0,0,0,0,0,0,0,0,0,0,16,16,0.0,0.0,0.0,0.0,1.0,0.0,0.0,17,255,1.0,0.0,0.06,0.03,0.0,0.0,0.0,0.0,0
37,tcp,telnet,SF,151,10059,0,0,0,0,0,1,0,0,0,0,0,0,0,0,0,0,1,1,0.0,0.0,0.0,0.0,1.0,0.0,0.0,1,5,1.0,0.0,1.0,0.6,0.0,0.0,0.0,0.0,0
0,tcp,http,SF,292,846,0,0,0,0,0,1,0,0,0,0,0,0,0,0,0,0,17,18,0.0,0.0,0.0,0.0,1.0,0.0,0.11,255,255,1.0,0.0,0.0,0.0,0.0,0.0,0.0,0.0,0
3,tcp,smtp,SF,1717,328,0,0,0,0,0,1,0,0,0,0,0,0,0,0,0,0,1,2,0.0,0.0,0.0,0.0,1.0,0.0,1.0,101,176,0.67,0.13,0.01,0.01,0.01,0.0,0.03,0.05,0
0,udp,domain_u,SF,44,44,0,0,0,0,0,0,0,0,0,0,0,0,0,0,0,0,75,155,0.0,0.0,0.0,0.0,1.0,0.0,0.01,255,254,1.0,0.01,0.0,0.0,0.0,0.0,0.0,0.0,0
9,tcp,smtp,SF,1044,331,0,0,0,0,0,1,0,0,0,0,0,0,0,0,0,0,1,1,0.0,0.0,0.0,0.0,1.0,0.0,0.0,162,122,0.75,0.02,0.01,0.0,0.0,0.0,0.0,0.0,0
0,tcp,ftp,SF,1222,2449,0,0,0,28,0,1,0,0,0,0,0,0,0,0,0,1,1,1,0.0,0.0,0.0,0.0,1.0,0.0,0.0,255,106,0.42,0.02,0.0,0.0,0.0,0.0,0.01,0.0,1
0,tcp,ftp_data,SF,15377,0,0,0,0,0,0,1,0,0,0,0,0,0,0,0,0,0,12,12,0.0,0.0,0.0,0.0,1.0,0.0,0.0,150,48,0.29,0.02,0.29,0.04,0.0,0.0,0.0,0.0,0
667,tcp,X11,SF,486700,231624,0,0,0,0,0,1,0,0,0,0,0,0,0,0,0,0,2,2,0.0,0.0,0.0,0.0,1.0,0.0,0.0,4,4,1.0,0.0,0.25,0.0,0.0,0.0,0.25,0.25,0
0,tcp,http,REJ,0,0,0,0,0,0,0,0,0,0,0,0,0,0,0,0,0,0,1,1,0.0,0.0,1.0,1.0,1.0,0.0,0.0,1,255,1.0,0.0,1.0,0.11,0.0,0.0,1.0,0.86,0
0,tcp,http,SF,245,588,0,0,0,0,0,1,0,0,0,0,0,0,0,0,0,0,22,22,0.0,0.0,0.0,0.0,1.0,0.0,0.0,255,255,1.0,0.0,0.0,0.0,0.0,0.0,0.0,0.0,0
0,tcp,http,SF,306,1278,0,0,0,0,0,1,0,0,0,0,0,0,0,0,0,0,3,15,0.0,0.0,0.0,0.0,1.0,0.0,0.13,6,142,1.0,0.0,0.17,0.1,0.0,0.0,0.0,0.0,0
0,tcp,http,SF,195,1382,0,0,0,0,0,1,0,0,0,0,0,0,0,0,0,0,5,5,0.0,0.0,0.0,0.0,1.0,0.0,0.0,15,255,1.0,0.0,0.07,0.06,0.0,0.0,0.0,0.0,0
0,tcp,ftp_data,SF,12,0,0,0,0,0,0,0,0,0,0,0,0,0,0,0,0,0,1,1,0.0,0.0,0.0,0.0,1.0,0.0,0.0,52,93,0.67,0.08,0.67,0.02,0.0,0.0,0.0,0.0,0
0,tcp,http,SF,226,259,0,0,0,0,0,1,0,0,0,0,0,0,0,0,0,0,5,50,0.2,0.02,0.0,0.0,1.0,0.0,0.08,255,255,1.0,0.0,0.0,0.0,0.0,0.0,0.0,0.0,0
0,udp,other,SF,516,4,0,0,0,0,0,0,0,0,0,0,0,0,0,0,0,0,258,258,0.0,0.0,0.0,0.0,1.0,0.0,0.0,255,255,1.0,0.0,1.0,0.0,0.0,0.0,0.0,0.0,0
0,tcp,http,SF,291,12125,0,0,0,0,0,1,0,0,0,0,0,0,0,0,0,0,2,2,0.0,0.0,0.0,0.0,1.0,0.0,0.0,2,255,1.0,0.0,0.5,0.04,0.0,0.0,0.0,0.0,0
0,tcp,http,SF,234,1705,0,0,0,0,0,1,0,0,0,0,0,0,0,0,0,0,3,3,0.0,0.0,0.0,0.0,1.0,0.0,0.0,124,255,1.0,0.0,0.01,0.01,0.0,0.0,0.0,0.0,0
0,udp,domain_u,SF,36,0,0,0,0,0,0,0,0,0,0,0,0,0,0,0,0,0,5,5,0.0,0.0,0.0,0.0,1.0,0.0,0.0,57,116,1.0,0.0,1.0,0.02,0.0,0.0,0.0,0.0,0
0,tcp,http,SF,311,4591,0,0,0,0,0,1,0,0,0,0,0,0,0,0,0,0,21,21,0.0,0.0,0.0,0.0,1.0,0.0,0.0,21,255,1.0,0.0,0.05,0.03,0.0,0.01,0.0,0.0,0
5060,tcp,ftp_data,SF,5133876,0,0,0,0,3,0,1,0,0,0,0,0,0,0,0,0,0,1,1,0.0,0.0,0.0,0.0,1.0,0.0,0.0,4,39,1.0,0.0,1.0,0.15,0.0,0.03,0.0,0.0,1
0,tcp,http,SF,294,866,0,0,0,0,0,1,0,0,0,0,0,0,0,0,0,0,18,18,0.0,0.0,0.0,0.0,1.0,0.0,0.0,18,255,1.0,0.0,0.06,0.06,0.0,0.0,0.0,0.0,0
0,tcp,http,SF,291,837,0,0,0,0,0,1,0,0,0,0,0,0,0,0,0,0,2,7,0.5,0.29,0.0,0.0,1.0,0.0,0.29,125,255,1.0,0.0,0.01,0.08,0.01,0.0,0.04,0.42,0
1,tcp,smtp,SF,1254,330,0,0,0,0,0,1,0,0,0,0,0,0,0,0,0,0,1,3,0.0,0.0,0.0,0.0,1.0,0.0,1.0,194,166,0.65,0.1,0.01,0.01,0.01,0.0,0.0,0.0,0
521,udp,other,SF,146,105,0,0,0,0,0,0,0,0,0,0,0,0,0,0,0,0,3,1,0.0,0.0,0.0,0.0,0.33,0.67,0.0,255,1,0.0,0.58,0.93,0.0,0.0,0.0,0.0,0.0,0
0,tcp,http,SF,345,515,0,0,0,0,0,1,0,0,0,0,0,0,0,0,0,0,10,10,0.0,0.0,0.0,0.0,1.0,0.0,0.0,255,255,1.0,0.0,0.0,0.0,0.0,0.0,0.0,0.0,0
0,tcp,http,SF,287,12884,0,0,0,0,0,1,0,0,0,0,0,0,0,0,0,0,4,4,0.0,0.0,0.0,0.0,1.0,0.0,0.0,118,118,1.0,0.0,0.01,0.0,0.01,0.01,0.0,0.0,0
0,tcp,http,SF,307,517,0,0,0,0,0,1,0,0,0,0,0,0,0,0,0,0,1,10,0.0,0.0,0.0,0.0,1.0,0.0,0.3,108,255,1.0,0.0,0.01,0.05,0.01,0.01,0.0,0.0,0
0,udp,domain_u,SF,46,83,0,0,0,0,0,0,0,0,0,0,0,0,0,0,0,0,274,274,0.0,0.0,0.0,0.0,1.0,0.0,0.0,255,206,0.81,0.01,0.0,0.0,0.0,0.0,0.0,0.0,0
0,tcp,http,SF,142,1386,0,0,0,0,0,1,0,0,0,0,0,0,0,0,0,0,1,1,0.0,0.0,0.0,0.0,1.0,0.0,0.0,1,255,1.0,0.0,1.0,0.08,0.0,0.0,0.0,0.0,0
0,tcp,http,SF,327,39896,0,0,0,1,0,1,0,1,0,0,0,0,0,0,0,0,6,6,0.0,0.0,0.0,0.0,1.0,0.0,0.0,24,255,1.0,0.0,0.04,0.08,0.0,0.01,0.0,0.0,0
0,tcp,ftp_data,SF,567,0,0,0,0,0,0,0,0,0,0,0,0,0,0,0,0,0,2,1,0.0,0.0,0.0,0.0,0.5,1.0,0.0,36,118,0.81,0.08,0.81,0.02,0.0,0.0,0.0,0.0,0
0,udp,domain_u,SF,43,43,0,0,0,0,0,0,0,0,0,0,0,0,0,0,0,0,205,205,0.0,0.0,0.0,0.0,1.0,0.0,0.0,255,255,1.0,0.0,0.01,0.0,0.0,0.0,0.0,0.0,0
5,udp,domain_u,SF,42,42,0,0,0,0,0,0,0,0,0,0,0,0,0,0,0,0,11,11,0.0,0.0,0.0,0.0,1.0,0.0,0.0,255,239,0.94,0.01,0.0,0.0,0.0,0.0,0.0,0.0,0
0,tcp,http,SF,221,9668,0,0,0,0,0,1,0,0,0,0,0,0,0,0,0,0,7,7,0.0,0.0,0.0,0.0,1.0,0.0,0.0,53,255,1.0,0.0,0.02,0.07,0.0,0.0,0.0,0.0,0
0,udp,domain_u,SF,43,43,0,0,0,0,0,0,0,0,0,0,0,0,0,0,0,0,215,214,0.0,0.0,0.0,0.0,1.0,0.01,0.0,255,254,1.0,0.01,0.0,0.0,0.0,0.0,0.0,0.0,0
0,udp,domain_u,SF,43,132,0,0,0,0,0,0,0,0,0,0,0,0,0,0,0,0,119,199,0.0,0.0,0.0,0.0,1.0,0.0,0.01,255,255,1.0,0.0,0.0,0.0,0.0,0.0,0.0,0.0,0
0,tcp,http,SF,304,68621,0,0,0,0,0,1,0,0,0,0,0,0,0,0,0,0,5,5,0.0,0.0,0.0,0.0,1.0,0.0,0.0,9,255,1.0,0.0,0.11,0.03,0.0,0.0,0.0,0.0,0
0,tcp,ftp,SF,1174,2447,0,0,0,28,0,1,0,0,0,0,0,0,0,0,0,1,1,1,0.0,0.0,0.0,0.0,1.0,0.0,0.0,255,102,0.4,0.02,0.0,0.0,0.0,0.0,0.01,0.0,1
0,tcp,http,SF,226,9284,0,0,0,0,0,1,0,0,0,0,0,0,0,0,0,0,13,13,0.0,0.0,0.0,0.0,1.0,0.0,0.0,255,255,1.0,0.0,0.0,0.0,0.01,0.01,0.02,0.02,0
0,tcp,http,SF,274,396,0,0,0,0,0,1,0,0,0,0,0,0,0,0,0,0,8,9,0.0,0.0,0.0,0.0,1.0,0.0,0.22,30,255,1.0,0.0,0.03,0.01,0.0,0.0,0.0,0.0,0
0,tcp,http,SF,201,1801,0,0,0,0,0,1,0,0,0,0,0,0,0,0,0,0,11,11,0.0,0.0,0.0,0.0,1.0,0.0,0.0,11,255,1.0,0.0,0.09,0.03,0.0,0.0,0.0,0.0,0
0,udp,domain_u,SF,78,45,0,0,0,0,0,0,0,0,0,0,0,0,0,0,0,0,136,136,0.0,0.0,0.0,0.0,1.0,0.0,0.0,255,166,0.65,0.01,0.29,0.0,0.0,0.0,0.0,0.0,0
0,tcp,ftp_data,SF,172,0,0,0,0,0,0,1,0,0,0,0,0,0,0,0,0,0,1,1,0.0,0.0,0.0,0.0,1.0,0.0,0.0,255,46,0.18,0.05,0.18,0.0,0.4,0.0,0.02,0.0,0
1,tcp,ftp,SF,1244,2451,0,0,0,28,0,1,0,0,0,0,0,0,0,0,0,1,1,1,0.0,0.0,0.0,0.0,1.0,0.0,0.0,235,63,0.27,0.02,0.0,0.0,0.0,0.0,0.01,0.0,1
0,tcp,http,SF,220,912,0,0,0,0,0,1,0,0,0,0,0,0,0,0,0,0,21,32,0.0,0.0,0.0,0.0,1.0,0.0,0.06,21,255,1.0,0.0,0.05,0.02,0.0,0.0,0.0,0.01,0
0,udp,domain_u,SF,44,128,0,0,0,0,0,0,0,0,0,0,0,0,0,0,0,0,68,148,0.0,0.0,0.0,0.0,1.0,0.0,0.01,255,198,0.78,0.01,0.0,0.0,0.0,0.0,0.0,0.0,0
0,tcp,http,SF,298,775,0,0,0,0,0,1,0,0,0,0,0,0,0,0,0,0,38,38,0.0,0.0,0.0,0.0,1.0,0.0,0.0,255,255,1.0,0.0,0.0,0.0,0.0,0.0,0.0,0.0,0
69,udp,domain_u,SF,111,38,0,0,0,0,0,0,0,0,0,0,0,0,0,0,0,0,1,1,0.0,0.0,0.0,0.0,1.0,0.0,0.0,20,19,0.95,0.1,0.65,0.0,0.0,0.0,0.0,0.0,0
11401,udp,other,SF,147,105,0,0,0,0,0,0,0,0,0,0,0,0,0,0,0,0,1,1,0.0,0.0,0.0,0.0,1.0,0.0,0.0,255,3,0.01,0.59,0.92,0.0,0.0,0.0,0.0,0.0,0
0,tcp,ftp_data,SF,334,0,0,0,0,0,0,1,0,0,0,0,0,0,0,0,0,0,2,2,0.0,0.0,0.0,0.0,1.0,0.0,0.0,2,43,1.0,0.0,1.0,0.16,0.0,0.0,0.0,0.0,1
0,udp,domain_u,SF,44,101,0,0,0,0,0,0,0,0,0,0,0,0,0,0,0,0,158,158,0.0,0.0,0.0,0.0,1.0,0.0,0.0,255,166,0.65,0.01,0.0,0.0,0.0,0.0,0.0,0.0,0
0,tcp,smtp,SF,748,330,0,0,0,0,0,1,0,0,0,0,0,0,0,0,0,0,1,1,0.0,0.0,0.0,0.0,1.0,0.0,0.0,27,156,0.74,0.11,0.04,0.01,0.0,0.0,0.0,0.0,0
0,tcp,http,SF,241,294,0,0,0,0,0,1,0,0,0,0,0,0,0,0,0,0,9,9,0.0,0.0,0.0,0.0,1.0,0.0,0.0,255,255,1.0,0.0,0.0,0.0,0.0,0.0,0.0,0.0,0
0,tcp,http,SF,202,1551,0,0,0,0,0,1,0,0,0,0,0,0,0,0,0,0,19,26,0.0,0.0,0.0,0.0,1.0,0.0,0.12,19,255,1.0,0.0,0.05,0.05,0.0,0.01,0.0,0.0,0
0,tcp,http,SF,205,8647,0,0,0,0,0,1,0,0,0,0,0,0,0,0,0,0,17,28,0.0,0.0,0.0,0.0,1.0,0.0,0.11,17,255,1.0,0.0,0.06,0.03,0.0,0.0,0.0,0.0,0
0,icmp,urp_i,SF,78,0,0,0,0,0,0,0,0,0,0,0,0,0,0,0,0,0,19,10,0.0,0.0,0.0,0.0,0.53,0.11,0.0,255,10,0.04,0.01,0.04,0.0,0.0,0.0,0.0,0.0,0
0,tcp,http,REJ,0,0,0,0,0,0,0,0,0,0,0,0,0,0,0,0,0,0,1,2,0.0,0.0,1.0,1.0,1.0,0.0,1.0,4,229,1.0,0.0,0.25,0.1,0.0,0.0,1.0,0.69,0
0,udp,domain_u,SF,43,125,0,0,0,0,0,0,0,0,0,0,0,0,0,0,0,0,66,146,0.0,0.0,0.0,0.0,1.0,0.0,0.01,255,254,1.0,0.01,0.0,0.0,0.0,0.0,0.0,0.0,0
0,tcp,http,SF,199,1705,0,0,0,0,0,1,0,0,0,0,0,0,0,0,0,0,29,30,0.0,0.0,0.0,0.0,1.0,0.0,0.07,255,255,1.0,0.0,0.0,0.0,0.0,0.0,0.0,0.0,0
5080,tcp,ftp,SF,1042,2279,0,0,0,3,0,1,0,0,0,0,0,0,0,0,0,1,1,1,0.0,0.0,0.0,0.0,1.0,0.0,0.0,255,22,0.09,0.02,0.0,0.0,0.13,0.0,0.0,0.0,1
33,tcp,ftp,SF,1491,4152,0,0,0,30,0,1,0,0,0,0,0,0,0,0,0,1,1,1,0.0,0.0,0.0,0.0,1.0,0.0,0.0,79,24,0.3,0.06,0.01,0.0,0.0,0.0,0.0,0.0,0
0,tcp,http,SF,225,1972,0,0,0,0,0,1,0,0,0,0,0,0,0,0,0,0,5,14,0.0,0.0,0.0,0.0,1.0,0.0,0.21,33,255,1.0,0.0,0.03,0.04,0.0,0.0,0.0,0.0,0
0,tcp,http,SF,237,1512,0,0,0,0,0,1,0,0,0,0,0,0,0,0,0,0,10,17,0.0,0.0,0.0,0.0,1.0,0.0,0.18,240,255,1.0,0.0,0.0,0.01,0.0,0.0,0.0,0.0,0
0,udp,domain_u,SF,44,44,0,0,0,0,0,0,0,0,0,0,0,0,0,0,0,0,118,118,0.0,0.0,0.0,0.0,1.0,0.0,0.0,255,255,1.0,0.0,0.0,0.0,0.0,0.0,0.0,0.0,0
0,tcp,http,SF,213,7277,0,0,0,0,0,1,0,0,0,0,0,0,0,0,0,0,2,2,0.0,0.0,0.0,0.0,1.0,0.0,0.0,6,255,1.0,0.0,0.17,0.02,0.0,0.0,0.0,0.0,0
1,tcp,smtp,SF,1125,327,0,0,0,0,0,1,0,0,0,0,0,0,0,0,0,0,1,3,0.0,0.0,0.0,0.0,1.0,0.0,1.0,179,158,0.72,0.03,0.01,0.01,0.0,0.0,0.0,0.0,0
0,tcp,auth,SF,9,38,0,0,0,0,0,0,0,0,0,0,0,0,0,0,0,0,2,1,0.0,0.0,0.0,0.0,0.5,1.0,0.0,255,5,0.02,0.03,0.0,0.0,0.0,0.0,0.0,0.0,0
0,tcp,ftp_data,SF,12,0,0,0,0,0,0,1,0,0,0,0,0,0,0,0,0,0,2,2,0.0,0.0,0.0,0.0,1.0,0.0,0.0,155,25,0.16,0.03,0.16,0.0,0.0,0.0,0.0,0.0,0
0,tcp,http,SF,147,6195,0,0,0,0,0,1,0,0,0,0,0,0,0,0,0,0,2,2,0.0,0.0,0.0,0.0,1.0,0.0,0.0,165,255,1.0,0.0,0.01,0.02,0.01,0.0,0.0,0.0,0
0,tcp,telnet,RSTO,126,179,0,0,0,1,1,0,0,0,0,0,0,0,0,0,0,0,2,2,0.0,0.0,1.0,1.0,1.0,0.0,0.0,11,11,1.0,0.0,0.09,0.0,0.09,0.09,0.91,0.91,1
0,tcp,http,REJ,0,0,0,0,0,0,0,0,0,0,0,0,0,0,0,0,0,0,1,1,0.0,0.0,1.0,1.0,1.0,0.0,0.0,15,255,1.0,0.0,0.07,0.13,0.0,0.0,1.0,0.93,0
0,tcp,http,SF,51,8127,0,0,0,2,0,1,0,1,0,0,0,0,1,0,0,0,1,2,0.0,0.0,0.0,0.5,1.0,0.0,1.0,255,255,1.0,0.0,0.0,0.0,0.0,0.0,0.0,0.0,1
0,tcp,smtp,SF,1189,412,0,0,0,0,0,1,0,0,0,0,0,0,0,0,0,0,1,1,0.0,0.0,0.0,0.0,1.0,0.0,0.0,24,166,0.88,0.12,0.04,0.01,0.0,0.0,0.04,0.02,0
0,tcp,http,SF,207,2636,0,0,0,0,0,1,0,0,0,0,0,0,0,0,0,0,2,9,0.0,0.0,0.0,0.11,1.0,0.0,0.33,2,255,1.0,0.0,0.5,0.05,0.0,0.0,0.0,0.01,0
9,tcp,ftp_data,SF,0,5153771,0,0,0,0,0,0,0,0,0,0,0,0,0,0,0,0,1,1,0.0,0.0,0.0,0.0,1.0,0.0,0.0,12,12,1.0,0.0,1.0,0.0,0.0,0.0,0.0,0.0,1
0,tcp,http,REJ,0,0,0,0,0,0,0,0,0,0,0,0,0,0,0,0,0,0,2,2,0.0,0.0,1.0,1.0,1.0,0.0,0.0,255,218,0.85,0.02,0.0,0.0,0.0,0.0,0.85,1.0,0
5079,tcp,ftp,SF,1077,2284,0,0,0,20,0,1,0,0,0,0,0,0,0,0,0,1,1,1,0.0,0.0,0.0,0.0,1.0,0.0,0.0,255,17,0.07,0.02,0.0,0.0,0.15,0.0,0.0,0.0,1
0,tcp,ftp_data,SF,334,0,0,0,0,0,0,1,0,0,0,0,0,0,0,0,0,0,2,2,0.0,0.0,0.0,0.0,1.0,0.0,0.0,2,18,1.0,0.0,1.0,0.22,0.0,0.0,0.0,0.0,1
3966,udp,other,SF,147,105,0,0,0,0,0,0,0,0,0,0,0,0,0,0,0,0,6,2,0.0,0.0,0.0,0.0,0.33,0.5,0.0,255,2,0.01,0.45,0.94,0.0,0.0,0.0,0.0,0.0,0
0,tcp,http,SF,224,11765,0,0,0,0,0,1,0,0,0,0,0,0,0,0,0,0,1,3,0.0,0.0,0.0,0.0,1.0,0.0,0.67,103,255,1.0,0.0,0.01,0.04,0.01,0.0,0.0,0.0,0
0,tcp,http,SF,340,2238,0,0,0,0,0,1,0,0,0,0,0,0,0,0,0,0,27,27,0.0,0.0,0.0,0.0,1.0,0.0,0.0,255,255,1.0,0.0,0.0,0.0,0.0,0.0,0.0,0.0,0
0,tcp,http,SF,336,2431,0,0,0,0,0,1,0,0,0,0,0,0,0,0,0,0,1,1,0.0,0.0,0.0,0.0,1.0,0.0,0.0,113,255,1.0,0.0,0.01,0.01,0.0,0.0,0.0,0.0,0
0,tcp,http,SF,159,8442,0,0,0,0,0,1,0,0,0,0,0,0,0,0,0,0,1,32,0.0,0.0,0.0,0.0,1.0,0.0,0.19,112,255,1.0,0.0,0.01,0.03,0.0,0.0,0.0,0.0,0
2,tcp,ftp,SF,1199,2449,0,0,0,28,0,1,0,0,0,0,0,0,0,0,0,1,1,1,0.0,0.0,0.0,0.0,1.0,0.0,0.0,215,43,0.2,0.02,0.0,0.0,0.0,0.0,0.01,0.0,1
0,tcp,http,SF,323,573,0,0,0,0,0,1,0,0,0,0,0,0,0,0,0,0,3,6,0.0,0.0,0.0,0.0,1.0,0.0,0.5,108,255,1.0,0.0,0.01,0.03,0.0,0.0,0.0,0.0,0
4,tcp,ftp_data,SF,832,0,0,0,0,0,0,1,0,0,0,0,0,0,0,0,0,0,1,1,0.0,0.0,0.0,0.0,1.0,0.0,0.0,7,15,1.0,0.0,1.0,0.13,0.0,0.0,0.0,0.0,1
0,tcp,http,SF,285,6008,0,0,0,0,0,1,0,0,0,0,0,0,0,0,0,0,3,3,0.0,0.0,0.0,0.0,1.0,0.0,0.0,128,255,1.0,0.0,0.01,0.01,0.0,0.0,0.01,0.0,0
0,tcp,ftp_data,SF,192,0,0,0,0,0,0,1,0,0,0,0,0,0,0,0,0,0,2,2,0.0,0.0,0.0,0.0,1.0,0.0,0.0,5,79,0.8,0.4,0.8,0.04,0.0,0.0,0.0,0.0,0
0,tcp,http,SF,318,179,0,0,0,0,0,1,0,0,0,0,0,0,0,0,0,0,12,21,0.0,0.0,0.0,0.0,1.0,0.0,0.1,83,255,1.0,0.0,0.01,0.04,0.0,0.0,0.0,0.0,0
0,tcp,ftp_data,SF,4892,0,0,0,0,0,0,1,0,0,0,0,0,0,0,0,0,0,17,17,0.0,0.0,0.0,0.0,1.0,0.0,0.0,79,49,0.34,0.05,0.34,0.04,0.0,0.0,0.0,0.0,0
5047,tcp,ftp_data,SF,5133876,0,0,0,0,5,0,1,0,0,0,0,0,0,0,0,0,0,1,1,0.0,0.0,0.0,0.0,1.0,0.0,0.0,7,47,1.0,0.0,1.0,0.09,0.0,0.0,0.14,0.02,1
0,tcp,http,SF,227,409,0,0,0,0,0,1,0,0,0,0,0,0,0,0,0,0,5,5,0.0,0.0,0.0,0.0,1.0,0.0,0.0,50,255,1.0,0.0,0.02,0.03,0.02,0.0,0.0,0.0,0
0,tcp,http,REJ,0,0,0,0,0,0,0,0,0,0,0,0,0,0,0,0,0,0,1,1,0.0,0.0,1.0,1.0,1.0,0.0,0.0,11,255,1.0,0.0,0.09,0.12,0.0,0.0,1.0,1.0,0
0,udp,domain_u,SF,36,0,0,0,0,0,0,0,0,0,0,0,0,0,0,0,0,0,1,2,0.0,0.0,0.0,0.0,1.0,0.0,1.0,178,50,0.19,0.02,0.19,0.04,0.0,0.0,0.0,0.0,0
0,udp,domain_u,SF,43,131,0,0,0,0,0,0,0,0,0,0,0,0,0,0,0,0,90,137,0.0,0.0,0.0,0.0,1.0,0.0,0.01,255,253,0.99,0.01,0.0,0.0,0.0,0.0,0.0,0.0,0
0,tcp,domain,SF,48,48,0,0,0,0,0,0,0,0,0,0,0,0,0,0,0,0,79,1,0.0,0.0,0.0,0.0,0.01,0.03,0.0,255,1,0.0,0.01,0.0,0.0,0.0,0.0,0.0,0.0,0
0,tcp,smtp,SF,602,285,0,0,0,0,0,1,0,0,0,0,0,0,0,0,0,0,1,1,0.0,0.0,0.0,0.0,1.0,0.0,0.0,140,115,0.49,0.06,0.01,0.02,0.01,0.02,0.01,0.0,0
0,udp,domain_u,SF,34,94,0,0,0,0,0,0,0,0,0,0,0,0,0,0,0,0,2,25,0.0,0.0,0.0,0.0,1.0,0.0,0.08,255,239,0.94,0.01,0.01,0.0,0.0,0.0,0.0,0.0,0
0,tcp,http,SF,293,12893,0,0,0,0,0,1,0,0,0,0,0,0,0,0,0,0,4,4,0.0,0.0,0.0,0.0,1.0,0.0,0.0,72,255,1.0,0.0,0.01,0.05,0.0,0.0,0.0,0.0,0
0,tcp,http,SF,216,811,0,0,0,0,0,1,0,0,0,0,0,0,0,0,0,0,18,37,0.0,0.0,0.0,0.0,1.0,0.0,0.08,255,255,1.0,0.0,0.0,0.0,0.0,0.0,0.0,0.0,0
0,tcp,http,SF,308,1380,0,0,0,0,0,1,0,0,0,0,0,0,0,0,0,0,4,4,0.0,0.0,0.0,0.0,1.0,0.0,0.0,255,254,1.0,0.01,0.0,0.0,0.0,0.0,0.0,0.0,0
10134,tcp,ftp,SF,1024,2201,0,0,0,4,0,1,0,0,0,0,0,0,0,0,0,1,1,1,0.0,0.0,0.0,0.0,1.0,0.0,0.0,255,13,0.05,0.02,0.0,0.0,0.17,0.0,0.0,0.0,1
0,tcp,http,REJ,0,0,0,0,0,0,0,0,0,0,0,0,0,0,0,0,0,0,33,34,0.0,0.0,0.88,0.85,1.0,0.0,0.06,33,231,1.0,0.0,0.03,0.16,0.0,0.0,0.88,0.98,0
0,tcp,http,SF,315,2108,0,0,0,0,0,1,0,0,0,0,0,0,0,0,0,0,22,22,0.0,0.0,0.0,0.0,1.0,0.0,0.0,69,255,1.0,0.0,0.01,0.05,0.0,0.0,0.0,0.0,0
0,udp,domain_u,SF,29,79,0,0,0,0,0,0,0,0,0,0,0,0,0,0,0,0,1,2,0.0,0.0,0.0,0.0,1.0,0.0,1.0,15,233,1.0,0.0,1.0,0.01,0.0,0.0,0.0,0.0,0
0,tcp,http,SF,204,2219,0,0,0,0,0,1,0,0,0,0,0,0,0,0,0,0,5,5,0.0,0.0,0.0,0.0,1.0,0.0,0.0,255,255,1.0,0.0,0.0,0.0,0.0,0.0,0.0,0.0,0
0,tcp,http,SF,233,301,0,0,0,0,0,1,0,0,0,0,0,0,0,0,0,0,2,2,0.0,0.0,0.0,0.0,1.0,0.0,0.0,134,255,1.0,0.0,0.01,0.01,0.0,0.0,0.0,0.0,0
0,tcp,http,SF,342,3303,0,0,0,0,0,1,0,0,0,0,0,0,0,0,0,0,13,25,0.0,0.0,0.0,0.0,1.0,0.0,0.08,255,255,1.0,0.0,0.0,0.0,0.0,0.0,0.0,0.0,0
0,tcp,http,REJ,0,0,0,0,0,0,0,0,0,0,0,0,0,0,0,0,0,0,1,1,0.0,0.0,1.0,1.0,1.0,0.0,0.0,31,146,1.0,0.0,0.03,0.04,0.0,0.0,1.0,1.0,0
31,tcp,imap4,SF,1345,10036,0,0,0,0,0,1,16,0,0,16,0,0,0,0,0,0,1,1,0.0,0.0,0.0,0.0,1.0,0.0,0.0,255,1,0.0,0.01,0.0,0.0,0.0,0.0,0.03,0.0,1
0,tcp,http,SF,213,1047,0,0,0,0,0,1,0,0,0,0,0,0,0,0,0,0,14,14,0.0,0.0,0.0,0.0,1.0,0.0,0.0,14,255,1.0,0.0,0.07,0.04,0.0,0.0,0.0,0.0,0
1,tcp,smtp,SF,998,329,0,0,0,0,0,1,0,0,0,0,0,0,0,0,0,0,1,1,0.0,0.0,0.0,0.0,1.0,0.0,0.0,162,142,0.62,0.04,0.01,0.01,0.01,0.01,0.0,0.0,0
0,tcp,http,REJ,0,0,0,0,0,0,0,0,0,0,0,0,0,0,0,0,0,0,13,13,0.0,0.0,0.62,0.62,1.0,0.0,0.0,48,251,1.0,0.0,0.02,0.18,0.0,0.0,0.9,0.98,0
4,udp,private,SF,105,147,0,0,0,0,0,0,0,0,0,0,0,0,0,0,0,0,2,2,0.0,0.0,0.0,0.0,1.0,0.0,0.0,255,247,0.97,0.01,0.01,0.0,0.0,0.0,0.0,0.0,0
0,tcp,http,SF,287,28967,0,0,0,0,0,1,0,0,0,0,0,0,0,0,0,0,5,5,0.0,0.0,0.0,0.0,1.0,0.0,0.0,11,255,1.0,0.0,0.09,0.01,0.0,0.0,0.0,0.0,0
0,udp,domain_u,SF,45,78,0,0,0,0,0,0,0,0,0,0,0,0,0,0,0,0,207,207,0.0,0.0,0.0,0.0,1.0,0.01,0.01,255,254,1.0,0.01,0.0,0.0,0.0,0.0,0.0,0.0,0
0,tcp,http,SF,279,2337,0,0,0,0,0,1,0,0,0,0,0,0,0,0,0,0,9,16,0.11,0.12,0.0,0.0,1.0,0.0,0.19,134,255,1.0,0.0,0.01,0.01,0.01,0.01,0.0,0.0,0
0,tcp,http,SF,207,3452,0,0,0,0,0,1,0,0,0,0,0,0,0,0,0,0,9,13,0.0,0.0,0.0,0.0,1.0,0.0,0.15,255,255,1.0,0.0,0.0,0.0,0.0,0.0,0.0,0.0,0
0,tcp,http,SF,331,1600,0,0,0,0,0,1,0,0,0,0,0,0,0,0,0,0,11,63,0.0,0.0,0.0,0.0,1.0,0.0,0.06,49,255,1.0,0.0,0.02,0.02,0.0,0.0,0.0,0.0,0
0,tcp,http,SF,212,12471,0,0,0,0,0,1,0,0,0,0,0,0,0,0,0,0,6,21,0.0,0.0,0.0,0.0,1.0,0.0,0.1,255,255,1.0,0.0,0.0,0.0,0.0,0.0,0.0,0.0,0
0,tcp,ftp,SF,1151,2445,0,0,0,28,0,1,0,0,0,0,0,0,0,0,0,1,1,1,0.0,0.0,0.0,0.0,1.0,0.0,0.0,255,110,0.43,0.02,0.0,0.0,0.0,0.0,0.0,0.0,1
0,udp,domain_u,SF,44,75,0,0,0,0,0,0,0,0,0,0,0,0,0,0,0,0,176,176,0.0,0.0,0.0,0.0,1.0,0.0,0.0,255,255,1.0,0.0,0.01,0.0,0.0,0.0,0.0,0.0,0
0,tcp,http,SF,348,2029,0,0,0,0,0,1,0,0,0,0,0,0,0,0,0,0,27,28,0.0,0.0,0.0,0.0,1.0,0.0,0.07,31,255,1.0,0.0,0.03,0.04,0.0,0.0,0.0,0.0,0
0,tcp,http,SF,245,250,0,0,0,0,0,1,0,0,0,0,0,0,0,0,0,0,2,13,0.0,0.0,0.0,0.0,1.0,0.0,0.15,89,255,1.0,0.0,0.01,0.02,0.0,0.0,0.0,0.0,0
0,tcp,http,SF,236,397,0,0,0,0,0,1,0,0,0,0,0,0,0,0,0,0,3,3,0.0,0.0,0.0,0.0,1.0,0.0,0.0,255,255,1.0,0.0,0.0,0.0,0.0,0.0,0.06,0.06,0
0,tcp,http,SF,328,10713,0,0,0,0,0,1,0,0,0,0,0,0,0,0,0,0,1,1,0.0,0.0,0.0,0.0,1.0,0.0,0.0,2,255,1.0,0.0,0.5,0.03,0.0,0.0,0.0,0.0,0
0,tcp,ftp_data,SF,334,0,0,0,0,0,0,1,0,0,0,0,0,0,0,0,0,0,2,2,0.0,0.0,0.0,0.0,1.0,0.0,0.0,10,20,1.0,0.0,1.0,0.2,0.0,0.0,0.0,0.0,1
4,tcp,ftp_data,SF,832,0,0,0,0,0,0,1,0,0,0,0,0,0,0,0,0,0,1,1,0.0,0.0,0.0,0.0,1.0,0.0,0.0,10,10,1.0,0.0,1.0,0.0,0.0,0.0,0.0,0.0,1
0,tcp,ftp_data,SF,334,0,0,0,0,0,0,1,0,0,0,0,0,0,0,0,0,0,2,2,0.0,0.0,0.0,0.0,1.0,0.0,0.0,4,18,1.0,0.0,1.0,0.17,0.0,0.0,0.0,0.0,1
1079,udp,other,SF,147,105,0,0,0,0,0,0,0,0,0,0,0,0,0,0,0,0,3,1,0.0,0.0,0.0,0.0,0.33,0.67,0.0,255,3,0.01,0.54,0.87,0.0,0.0,0.0,0.0,0.0,0
0,tcp,http,SF,333,4591,0,0,0,0,0,1,0,0,0,0,0,0,0,0,0,0,6,11,0.0,0.0,0.0,0.0,1.0,0.0,0.36,13,255,1.0,0.0,0.08,0.04,0.0,0.0,0.0,0.0,0
0,tcp,smtp,SF,3249,331,0,0,0,0,0,1,0,0,0,0,0,0,0,0,0,0,1,1,0.0,0.0,0.0,0.0,1.0,0.0,0.0,148,146,0.76,0.02,0.01,0.01,0.0,0.0,0.0,0.0,0
0,tcp,http,REJ,0,0,0,0,0,0,0,0,0,0,0,0,0,0,0,0,0,0,1,1,0.0,0.0,1.0,1.0,1.0,0.0,0.0,76,255,1.0,0.0,0.01,0.12,0.0,0.0,0.61,0.78,0
0,tcp,http,REJ,0,0,0,0,0,0,0,0,0,0,0,0,0,0,0,0,0,0,1,1,0.0,0.0,1.0,1.0,1.0,0.0,0.0,19,102,1.0,0.0,0.05,0.25,0.0,0.0,1.0,1.0,0
0,tcp,http,REJ,0,0,0,0,0,0,0,0,0,0,0,0,0,0,0,0,0,0,2,2,0.0,0.0,1.0,1.0,1.0,0.0,0.0,4,255,1.0,0.0,0.25,0.14,0.0,0.0,1.0,1.0,0
0,tcp,http,SF,230,2239,0,0,0,0,0,1,0,0,0,0,0,0,0,0,0,0,4,15,0.0,0.0,0.0,0.0,1.0,0.0,0.2,255,228,0.89,0.01,0.0,0.0,0.0,0.0,0.0,0.0,0
4,tcp,ftp,SF,1239,2451,0,0,0,28,0,1,0,0,0,0,0,0,0,0,0,1,1,1,0.0,0.0,0.0,0.0,1.0,0.0,0.0,187,15,0.08,0.03,0.01,0.0,0.01,0.0,0.01,0.0,1
0,tcp,http,SF,269,958,0,0,0,0,0,1,0,0,0,0,0,0,0,0,0,0,14,14,0.0,0.0,0.0,0.0,1.0,0.0,0.0,255,255,1.0,0.0,0.0,0.0,0.0,0.0,0.0,0.0,0
0,tcp,http,SF,238,2997,0,0,0,0,0,1,0,0,0,0,0,0,0,0,0,0,1,4,0.0,0.0,0.0,0.0,1.0,0.0,0.5,80,255,1.0,0.0,0.01,0.02,0.0,0.0,0.0,0.0,0
0,tcp,finger,SF,8,138,0,0,0,0,0,0,0,0,0,0,0,0,0,0,0,0,1,1,0.0,0.0,0.0,0.0,1.0,0.0,0.0,113,2,0.02,0.04,0.01,0.0,0.0,0.0,0.0,0.0,0
0,tcp,http,SF,274,25212,0,0,0,0,0,1,0,0,0,0,0,0,0,0,0,0,2,16,0.0,0.0,0.0,0.0,1.0,0.0,0.19,63,161,1.0,0.0,0.02,0.01,0.0,0.0,0.0,0.0,0
0,tcp,ftp_data,SF,334,0,0,0,0,0,0,1,0,0,0,0,0,0,0,0,0,0,1,3,0.0,0.0,0.0,0.0,1.0,0.0,1.0,1,27,1.0,0.0,1.0,0.22,0.0,0.0,0.0,0.0,1
0,tcp,http,SF,339,286,0,0,0,0,0,1,0,0,0,0,0,0,0,0,0,0,1,1,0.0,0.0,0.0,0.0,1.0,0.0,0.0,255,231,0.91,0.01,0.0,0.0,0.0,0.0,0.0,0.0,0
0,tcp,http,SF,266,608,0,0,0,0,0,1,0,0,0,0,0,0,0,0,0,0,27,27,0.0,0.0,0.0,0.0,1.0,0.0,0.0,255,255,1.0,0.0,0.0,0.0,0.0,0.0,0.0,0.0,0
0,tcp,ftp_data,SF,334,0,0,0,0,0,0,1,0,0,0,0,0,0,0,0,0,0,1,1,0.0,0.0,0.0,0.0,1.0,0.0,0.0,11,47,1.0,0.0,1.0,0.13,0.0,0.0,0.0,0.0,1
0,tcp,http,SF,317,779,0,0,0,0,0,1,0,0,0,0,0,0,0,0,0,0,3,14,0.0,0.0,0.0,0.0,1.0,0.0,0.36,36,255,1.0,0.0,0.03,0.04,0.0,0.0,0.0,0.0,0
10551,tcp,telnet,SF,270,8081,0,0,0,0,0,1,0,0,0,0,0,0,0,0,0,0,1,1,0.0,0.0,0.0,0.0,1.0,0.0,0.0,51,8,0.16,0.08,0.02,0.0,0.02,0.12,0.0,0.0,0
15168,tcp,ftp,SF,365,1202,0,0,0,5,0,1,0,0,0,0,0,0,0,0,0,1,1,1,0.0,0.0,0.0,0.0,1.0,0.0,0.0,255,3,0.01,0.02,0.0,0.0,0.21,0.0,0.0,0.0,1
1,tcp,ftp,SF,1233,2451,0,0,0,28,0,1,0,0,0,0,0,0,0,0,0,1,1,1,0.0,0.0,0.0,0.0,1.0,0.0,0.0,255,138,0.54,0.02,0.0,0.0,0.0,0.0,0.0,0.0,1
0,tcp,ftp_data,SF,334,0,0,0,0,0,0,1,0,0,0,0,0,0,0,0,0,0,1,1,0.0,0.0,0.0,0.0,1.0,0.0,0.0,1,7,1.0,0.0,1.0,0.43,0.0,0.0,0.0,0.0,1
0,tcp,http,SF,319,2313,0,0,0,0,0,1,0,0,0,0,0,0,0,0,0,0,22,24,0.0,0.0,0.0,0.0,1.0,0.0,0.12,255,255,1.0,0.0,0.0,0.0,0.0,0.0,0.0,0.0,0
2,tcp,ftp_data,SF,2194619,0,0,0,0,0,0,0,0,0,0,0,0,0,0,0,0,0,2,1,0.0,0.0,0.0,0.0,0.5,1.0,0.0,255,72,0.28,0.03,0.28,0.0,0.01,0.0,0.0,0.0,0
0,tcp,http,SF,253,696,0,0,0,0,0,1,0,0,0,0,0,0,0,0,0,0,20,20,0.0,0.0,0.0,0.0,1.0,0.0,0.0,255,255,1.0,0.0,0.0,0.0,0.0,0.0,0.0,0.0,0
0,udp,domain_u,SF,44,72,0,0,0,0,0,0,0,0,0,0,0,0,0,0,0,0,224,228,0.0,0.0,0.0,0.0,1.0,0.0,0.01,255,218,0.85,0.01,0.0,0.0,0.0,0.0,0.0,0.0,0
0,tcp,http,SF,321,506,0,0,0,0,0,1,0,0,0,0,0,0,0,0,0,0,2,4,0.0,0.0,0.0,0.0,1.0,0.0,0.5,2,255,1.0,0.0,0.5,0.03,0.0,0.01,0.0,0.01,0
0,tcp,other,SF,8325,0,0,0,0,0,0,0,0,0,0,0,0,0,0,0,0,0,17,1,0.06,0.0,0.0,0.0,0.06,0.71,0.0,255,1,0.0,0.05,0.44,0.0,0.0,0.0,0.0,0.0,0
0,tcp,ftp_data,SF,334,0,0,0,0,0,0,1,0,0,0,0,0,0,0,0,0,0,2,2,0.0,0.0,0.0,0.0,1.0,0.0,0.0,6,24,1.0,0.0,1.0,0.21,0.0,0.0,0.0,0.0,1
0,tcp,ftp_data,SF,12,0,0,0,0,0,0,1,0,0,0,0,0,0,0,0,0,0,1,1,0.0,0.0,0.0,0.0,1.0,0.0,0.0,123,23,0.11,0.04,0.11,0.09,0.0,0.0,0.0,0.0,0
0,tcp,http,SF,309,475,0,0,0,0,0,1,0,0,0,0,0,0,0,0,0,0,9,9,0.0,0.0,0.0,0.0,1.0,0.0,0.0,221,255,1.0,0.0,0.0,0.02,0.0,0.0,0.0,0.0,0
0,udp,domain_u,SF,42,42,0,0,0,0,0,0,0,0,0,0,0,0,0,0,0,0,3,7,0.0,0.0,0.0,0.0,1.0,0.0,0.43,255,235,0.92,0.01,0.01,0.0,0.0,0.0,0.0,0.0,0
2,tcp,other,SF,383,0,0,0,0,0,0,1,0,0,0,0,0,0,0,0,0,0,1,1,0.0,0.0,0.0,0.0,1.0,0.0,0.0,208,1,0.0,0.03,0.37,0.0,0.0,0.0,0.0,0.0,0
0,tcp,http,SF,265,2460,0,0,0,0,0,1,0,0,0,0,0,0,0,0,0,0,7,7,0.0,0.0,0.0,0.0,1.0,0.0,0.0,55,255,1.0,0.0,0.02,0.03,0.0,0.0,0.0,0.0,0
1,tcp,ftp,SF,1178,2447,0,0,0,28,0,1,0,0,0,0,0,0,0,0,0,1,1,1,0.0,0.0,0.0,0.0,1.0,0.0,0.0,255,113,0.44,0.02,0.0,0.0,0.0,0.0,0.01,0.0,1
0,tcp,http,REJ,0,0,0,0,0,0,0,0,0,0,0,0,0,0,0,0,0,0,1,1,0.0,0.0,1.0,1.0,1.0,0.0,0.0,11,140,1.0,0.0,0.09,0.14,0.0,0.0,1.0,1.0,0
0,tcp,http,SF,308,1308,0,0,0,0,0,1,0,0,0,0,0,0,0,0,0,0,14,14,0.0,0.0,0.0,0.0,1.0,0.0,0.0,44,255,1.0,0.0,0.02,0.02,0.0,0.0,0.0,0.0,0
0,tcp,http,SF,283,1368,0,0,0,0,0,1,0,0,0,0,0,0,0,0,0,0,1,1,0.0,0.0,0.0,0.0,1.0,0.0,0.0,1,255,1.0,0.0,1.0,0.01,0.0,0.0,0.0,0.0,0
0,tcp,smtp,SF,1118,333,0,0,0,0,0,1,0,0,0,0,0,0,0,0,0,0,1,1,0.0,0.0,0.0,0.0,1.0,0.0,0.0,206,170,0.62,0.02,0.0,0.01,0.0,0.0,0.04,0.05,0
0,udp,domain_u,SF,44,76,0,0,0,0,0,0,0,0,0,0,0,0,0,0,0,0,213,213,0.0,0.0,0.0,0.0,1.0,0.0,0.0,255,254,1.0,0.01,0.0,0.0,0.0,0.0,0.0,0.0,0
0,tcp,http,SF,167,10962,0,0,0,0,0,1,0,0,0,0,0,0,0,0,0,0,2,2,0.0,0.0,0.0,0.0,1.0,0.0,0.0,108,255,1.0,0.0,0.01,0.03,0.0,0.0,0.0,0.0,0
0,udp,domain_u,SF,46,80,0,0,0,0,0,0,0,0,0,0,0,0,0,0,0,0,112,113,0.0,0.0,0.0,0.0,0.99,0.02,0.03,255,241,0.95,0.01,0.0,0.0,0.0,0.0,0.0,0.0,0
0,udp,domain_u,SF,42,42,0,0,0,0,0,0,0,0,0,0,0,0,0,0,0,0,13,23,0.0,0.0,0.0,0.0,1.0,0.0,0.17,255,245,0.96,0.01,0.01,0.0,0.0,0.0,0.0,0.0,0
27,tcp,ftp,SF,697,2077,0,0,0,14,0,1,0,0,0,0,0,0,0,0,0,1,1,1,0.0,0.0,0.0,0.0,1.0,0.0,0.0,193,43,0.22,0.04,0.01,0.0,0.0,0.0,0.01,0.02,0
0,udp,domain_u,SF,45,111,0,0,0,0,0,0,0,0,0,0,0,0,0,0,0,0,312,312,0.0,0.0,0.0,0.0,1.0,0.0,0.0,255,251,0.98,0.01,0.0,0.0,0.0,0.0,0.0,0.0,0
0,tcp,http,SF,251,931,0,0,0,0,0,1,0,0,0,0,0,0,0,0,0,0,2,2,0.0,0.0,0.0,0.0,1.0,0.0,0.0,2,255,1.0,0.0,0.5,0.03,0.0,0.0,0.0,0.0,0
1,tcp,smtp,SF,942,331,0,0,0,0,0,1,0,0,0,0,0,0,0,0,0,0,1,3,0.0,0.0,0.0,0.0,1.0,0.0,1.0,189,159,0.63,0.03,0.01,0.01,0.01,0.01,0.0,0.0,0
0,tcp,ftp_data,SF,334,0,0,0,0,0,0,1,0,0,0,0,0,0,0,0,0,0,2,2,0.0,0.0,0.0,0.0,1.0,0.0,0.0,8,18,1.0,0.0,1.0,0.22,0.0,0.0,0.0,0.0,1
0,udp,domain_u,SF,45,70,0,0,0,0,0,0,0,0,0,0,0,0,0,0,0,0,292,292,0.0,0.0,0.0,0.0,1.0,0.0,0.0,255,212,0.83,0.01,0.0,0.0,0.0,0.0,0.0,0.0,0
0,tcp,http,SF,162,13187,0,0,0,0,0,1,0,0,0,0,0,0,0,0,0,0,1,2,0.0,0.0,0.0,0.0,1.0,0.0,1.0,79,79,1.0,0.0,0.01,0.0,0.0,0.0,0.0,0.0,0
0,tcp,http,SF,313,3247,0,0,0,0,0,1,0,0,0,0,0,0,0,0,0,0,7,7,0.0,0.0,0.14,0.14,1.0,0.0,0.0,7,255,1.0,0.0,0.14,0.04,0.0,0.0,0.14,0.0,0
0,tcp,http,SF,324,271,0,0,0,0,0,1,0,0,0,0,0,0,0,0,0,0,3,3,0.0,0.0,0.0,0.0,1.0,0.0,0.0,255,245,0.96,0.01,0.0,0.0,0.0,0.0,0.03,0.03,0
0,tcp,http,SF,219,370,0,0,0,0,0,1,0,0,0,0,0,0,0,0,0,0,10,10,0.0,0.0,0.0,0.0,1.0,0.0,0.0,255,255,1.0,0.0,0.01,0.0,0.0,0.0,0.0,0.0,0
0,tcp,http,SF,242,484,0,0,0,0,0,1,0,0,0,0,0,0,0,0,0,0,24,32,0.0,0.0,0.0,0.0,1.0,0.0,0.12,255,255,1.0,0.0,0.0,0.0,0.0,0.0,0.0,0.0,0
0,tcp,http,SF,287,2168,0,0,0,0,0,1,0,0,0,0,0,0,0,0,0,0,23,23,0.0,0.0,0.0,0.0,1.0,0.0,0.0,56,255,1.0,0.0,0.02,0.05,0.0,0.0,0.0,0.0,0
0,tcp,http,SF,308,6452,0,0,0,0,0,1,0,0,0,0,0,0,0,0,0,0,6,8,0.17,0.25,0.0,0.0,1.0,0.0,0.25,188,255,1.0,0.0,0.01,0.02,0.01,0.0,0.0,0.0,0
0,tcp,ftp_data,SF,0,5,0,0,0,0,0,1,0,0,0,0,0,0,0,0,0,0,1,1,0.0,0.0,0.0,0.0,1.0,0.0,0.0,2,85,1.0,0.0,1.0,0.02,0.0,0.0,0.0,0.0,1
0,udp,domain_u,SF,46,46,0,0,0,0,0,0,0,0,0,0,0,0,0,0,0,0,219,218,0.0,0.0,0.0,0.0,1.0,0.01,0.0,255,254,1.0,0.01,0.0,0.0,0.0,0.0,0.0,0.0,0
0,tcp,smtp,SF,587,331,0,0,0,0,0,1,0,0,0,0,0,0,0,0,0,0,1,1,0.0,0.0,0.0,0.0,1.0,0.0,0.0,101,197,0.58,0.05,0.01,0.01,0.0,0.0,0.01,0.0,0
0,tcp,ftp_data,SF,334,0,0,0,0,0,0,1,0,0,0,0,0,0,0,0,0,0,1,1,0.0,0.0,0.0,0.0,1.0,0.0,0.0,5,25,1.0,0.0,1.0,0.12,0.0,0.0,0.0,0.0,1
0,tcp,http,SF,318,1068,0,0,0,0,0,1,0,0,0,0,0,0,0,0,0,0,14,16,0.0,0.0,0.0,0.0,1.0,0.0,0.12,243,255,1.0,0.0,0.0,0.01,0.0,0.0,0.0,0.0,0
0,tcp,ftp,SF,1237,2451,0,0,0,28,0,1,0,0,0,0,0,0,0,0,0,1,1,1,0.0,0.0,0.0,0.0,1.0,0.0,0.0,255,34,0.13,0.02,0.0,0.0,0.09,0.0,0.0,0.0,1
0,udp,domain_u,SF,130,41,0,0,0,0,0,0,0,0,0,0,0,0,0,0,0,0,278,277,0.0,0.0,0.0,0.0,1.0,0.01,0.0,167,134,0.8,0.01,0.36,0.0,0.0,0.0,0.0,0.0,0
0,tcp,ftp_data,SF,334,0,0,0,0,0,0,1,0,0,0,0,0,0,0,0,0,0,2,2,0.0,0.0,0.0,0.0,1.0,0.0,0.0,2,30,1.0,0.0,1.0,0.13,0.0,0.0,0.0,0.0,1
0,tcp,http,SF,367,3295,0,0,0,0,0,1,0,0,0,0,0,0,0,0,0,0,2,18,0.0,0.0,0.0,0.0,1.0,0.0,0.22,117,255,1.0,0.0,0.01,0.04,0.0,0.0,0.0,0.0,0
0,tcp,ftp_data,SF,501760,0,0,0,0,0,0,0,0,0,0,0,0,0,0,0,0,0,2,2,0.0,0.0,0.0,0.0,1.0,0.0,0.0,122,49,0.34,0.03,0.34,0.04,0.0,0.0,0.0,0.0,0
0,tcp,http,SF,342,5878,0,0,0,0,0,1,0,0,0,0,0,0,0,0,0,0,3,3,0.0,0.0,0.0,0.0,1.0,0.0,0.0,3,255,1.0,0.0,0.33,0.05,0.0,0.0,0.0,0.0,0
0,tcp,ftp_data,SF,246,0,0,0,0,0,0,1,0,0,0,0,0,0,0,0,0,0,2,2,0.0,0.0,0.0,0.0,1.0,0.0,0.0,2,39,1.0,0.0,1.0,0.08,0.0,0.03,0.0,0.0,1
0,tcp,http,REJ,0,0,0,0,0,0,0,0,0,0,0,0,0,0,0,0,0,0,1,2,0.0,0.0,1.0,0.5,1.0,0.0,1.0,44,255,1.0,0.0,0.02,0.13,0.0,0.0,0.61,0.83,0
29,tcp,ftp,SF,1223,3380,0,0,0,24,0,1,0,0,0,0,0,0,0,0,0,1,1,1,0.0,0.0,0.0,0.0,1.0,0.0,0.0,255,54,0.21,0.02,0.0,0.0,0.0,0.0,0.0,0.0,0
0,tcp,ftp_data,SF,960,0,0,0,0,0,0,1,0,0,0,0,0,0,0,0,0,0,2,2,0.0,0.0,0.0,0.0,1.0,0.0,0.0,59,10,0.17,0.07,0.17,0.0,0.0,0.0,0.0,0.0,0
0,tcp,ftp_data,SF,334,0,0,0,0,0,0,1,0,0,0,0,0,0,0,0,0,0,2,2,0.0,0.0,0.0,0.0,1.0,0.0,0.0,10,37,1.0,0.0,1.0,0.11,0.0,0.0,0.0,0.0,1
0,udp,domain_u,SF,17,17,0,0,0,0,0,0,0,0,0,0,0,0,0,0,0,0,1,1,0.0,0.0,0.0,0.0,1.0,0.0,0.0,255,236,0.93,0.01,0.0,0.0,0.0,0.0,0.02,0.0,0
0,tcp,ftp_data,SF,334,0,0,0,0,0,0,1,0,0,0,0,0,0,0,0,0,0,2,2,0.0,0.0,0.0,0.0,1.0,0.0,0.0,2,5,1.0,0.0,1.0,0.4,0.0,0.0,0.0,0.0,1
0,udp,domain_u,SF,44,144,0,0,0,0,0,0,0,0,0,0,0,0,0,0,0,0,75,155,0.0,0.0,0.0,0.0,1.0,0.0,0.01,255,235,0.92,0.01,0.0,0.0,0.0,0.0,0.0,0.0,0
0,tcp,http,REJ,0,0,0,0,0,0,0,0,0,0,0,0,0,0,0,0,0,0,1,1,0.0,0.0,1.0,1.0,1.0,0.0,0.0,6,225,1.0,0.0,0.17,0.2,0.0,0.0,1.0,0.98,0
1,tcp,IRC,SF,86,128,0,0,0,0,0,1,0,0,0,0,0,0,0,0,0,0,2,2,0.0,0.0,0.0,0.0,1.0,0.0,0.0,12,6,0.5,0.17,0.08,0.0,0.17,0.33,0.25,0.5,0
0,tcp,http,SF,163,462,0,0,0,0,0,1,0,0,0,0,0,0,0,0,0,0,1,1,0.0,0.0,0.0,0.0,1.0,0.0,0.0,3,255,1.0,0.0,0.33,0.04,0.0,0.0,0.0,0.0,0
0,tcp,time,SF,0,4,0,0,0,0,0,0,0,0,0,0,0,0,0,0,0,0,1,1,0.0,0.0,0.0,0.0,1.0,0.0,0.0,27,27,1.0,0.0,0.04,0.0,0.11,0.11,0.0,0.0,0
0,udp,domain_u,SF,42,42,0,0,0,0,0,0,0,0,0,0,0,0,0,0,0,0,6,11,0.0,0.0,0.0,0.0,0.83,0.33,0.36,255,73,0.29,0.01,0.0,0.0,0.0,0.0,0.0,0.0,0
217,udp,other,SF,147,105,0,0,0,0,0,0,0,0,0,0,0,0,0,0,0,0,1,1,0.0,0.0,0.0,0.0,1.0,0.0,0.0,255,1,0.0,0.64,0.94,0.0,0.0,0.0,0.0,0.0,0
0,udp,other,SF,145,0,0,0,0,0,0,0,0,0,0,0,0,0,0,0,0,0,1,1,0.0,0.0,0.0,0.0,1.0,0.0,0.0,255,1,0.0,0.64,0.95,0.0,0.0,0.0,0.0,0.0,0
0,udp,domain_u,SF,44,115,0,0,0,0,0,0,0,0,0,0,0,0,0,0,0,0,1,2,0.0,0.0,0.0,0.0,1.0,0.0,1.0,255,236,0.93,0.01,0.0,0.0,0.0,0.0,0.02,0.0,0
0,tcp,telnet,RSTO,125,179,0,0,0,1,1,0,0,0,0,0,0,0,0,0,0,0,2,2,0.0,0.0,1.0,1.0,1.0,0.0,0.0,6,6,1.0,0.0,0.17,0.0,0.17,0.17,0.83,0.83,1
0,tcp,http,SF,288,3763,0,0,0,0,0,1,0,0,0,0,0,0,0,0,0,0,7,8,0.0,0.0,0.0,0.0,1.0,0.0,0.25,34,255,1.0,0.0,0.03,0.01,0.0,0.0,0.0,0.0,0
0,tcp,ftp_data,SF,334,0,0,0,0,0,0,1,0,0,0,0,0,0,0,0,0,0,2,2,0.0,0.0,0.0,0.0,1.0,0.0,0.0,2,28,1.0,0.0,1.0,0.14,0.0,0.0,0.0,0.0,1
0,udp,other,SF,145,0,0,0,0,0,0,0,0,0,0,0,0,0,0,0,0,0,4,1,0.0,0.0,0.0,0.0,0.25,0.75,0.0,255,1,0.0,0.6,0.97,0.0,0.0,0.0,0.0,0.0,0
0,tcp,http,SF,162,18666,0,0,0,0,0,1,0,0,0,0,0,0,0,0,0,0,1,12,0.0,0.0,0.0,0.0,1.0,0.0,0.33,27,255,1.0,0.0,0.04,0.01,0.0,0.0,0.0,0.0,0
0,udp,domain_u,SF,44,128,0,0,0,0,0,0,0,0,0,0,0,0,0,0,0,0,70,150,0.0,0.0,0.0,0.0,0.99,0.03,0.01,255,232,0.91,0.01,0.0,0.0,0.0,0.0,0.0,0.0,0
0,tcp,ftp_data,SF,567,0,0,0,0,0,0,1,0,0,0,6,0,0,0,0,0,0,2,1,0.0,0.0,0.0,0.0,0.5,1.0,0.0,27,25,0.93,0.11,0.93,0.0,0.0,0.0,0.0,0.0,0
0,tcp,http,SF,281,1903,0,0,0,0,0,1,0,0,0,0,0,0,0,0,0,0,3,4,0.0,0.0,0.0,0.0,1.0,0.0,0.5,255,255,1.0,0.0,0.0,0.0,0.0,0.0,0.0,0.0,0
2,tcp,ftp,SF,1229,2449,0,0,0,28,0,1,0,0,0,0,0,0,0,0,0,1,1,1,0.0,0.0,0.0,0.0,1.0,0.0,0.0,244,72,0.3,0.02,0.0,0.0,0.0,0.0,0.01,0.0,1
0,tcp,http,SF,201,2257,0,0,0,0,0,1,0,0,0,0,0,0,0,0,0,0,9,12,0.0,0.0,0.0,0.0,1.0,0.0,0.17,11,255,1.0,0.0,0.09,0.02,0.0,0.0,0.0,0.0,0
0,tcp,http,SF,214,2175,0,0,0,0,0,1,0,0,0,0,0,0,0,0,0,0,3,3,0.0,0.0,0.0,0.0,1.0,0.0,0.0,3,255,1.0,0.0,0.33,0.06,0.0,0.0,0.0,0.0,0
1,tcp,smtp,SF,892,326,0,0,0,0,0,1,0,0,0,0,0,0,0,0,0,0,7,1,0.0,0.0,0.0,0.0,0.14,0.57,0.0,255,20,0.08,0.63,0.0,0.0,0.0,0.0,0.0,0.0,0
0,tcp,http,SF,238,313,0,0,0,0,0,1,0,0,0,0,0,0,0,0,0,0,4,4,0.0,0.0,0.0,0.0,1.0,0.0,0.0,255,255,1.0,0.0,0.0,0.0,0.0,0.0,0.0,0.0,0
0,tcp,http,SF,211,11514,0,0,0,0,0,1,0,0,0,0,0,0,0,0,0,0,27,27,0.0,0.0,0.0,0.0,1.0,0.0,0.0,255,255,1.0,0.0,0.0,0.0,0.0,0.0,0.0,0.0,0
30,tcp,ftp,SF,1476,4152,0,0,0,30,0,1,0,0,0,0,0,0,0,0,0,1,1,1,0.0,0.0,0.0,0.0,1.0,0.0,0.0,139,41,0.29,0.02,0.01,0.0,0.0,0.0,0.0,0.0,0
0,tcp,http,SF,286,3960,0,0,0,0,0,1,0,0,0,0,0,0,0,0,0,0,9,10,0.0,0.0,0.0,0.0,1.0,0.0,0.2,10,255,1.0,0.0,0.1,0.02,0.0,0.0,0.0,0.0,0
0,udp,ntp_u,SF,48,48,0,0,0,0,0,0,0,0,0,0,0,0,0,0,0,0,1,1,0.0,0.0,0.0,0.0,1.0,0.0,0.0,155,9,0.06,0.02,0.06,0.0,0.0,0.0,0.0,0.0,0
0,tcp,smtp,SF,700,328,0,0,0,0,0,1,0,0,0,0,0,0,0,0,0,0,1,1,0.0,0.0,0.0,0.0,1.0,0.0,0.0,204,133,0.65,0.05,0.0,0.0,0.01,0.01,0.0,0.0,0
0,tcp,http,SF,226,3210,0,0,0,0,0,1,0,0,0,0,0,0,0,0,0,0,1,2,0.0,0.0,0.0,0.0,1.0,0.0,1.0,18,255,1.0,0.0,0.06,0.05,0.0,0.0,0.0,0.0,0
0,tcp,http,SF,327,541,0,0,0,0,0,1,0,0,0,0,0,0,0,0,0,0,12,12,0.0,0.0,0.0,0.0,1.0,0.0,0.0,209,255,1.0,0.0,0.0,0.04,0.0,0.0,0.0,0.0,0
10,tcp,ftp_data,SF,0,5150877,0,0,0,0,0,0,0,0,0,0,0,0,0,0,0,0,1,1,0.0,0.0,0.0,0.0,1.0,0.0,0.0,8,8,1.0,0.0,1.0,0.0,0.0,0.0,0.0,0.0,1
1,tcp,ftp,SF,1239,2449,0,0,0,28,0,1,0,0,0,0,0,0,0,0,0,1,1,1,0.0,0.0,0.0,0.0,1.0,0.0,0.0,175,3,0.02,0.03,0.01,0.0,0.01,0.0,0.01,0.0,1
0,tcp,http,SF,206,2724,0,0,0,0,0,1,0,0,0,0,0,0,0,0,0,0,7,30,0.0,0.0,0.0,0.0,1.0,0.0,0.07,255,255,1.0,0.0,0.0,0.0,0.0,0.0,0.01,0.01,0
0,tcp,http,REJ,0,0,0,0,0,0,0,0,0,0,0,0,0,0,0,0,0,0,1,2,0.0,0.0,1.0,1.0,1.0,0.0,1.0,13,139,1.0,0.0,0.08,0.2,0.0,0.0,1.0,1.0,0
0,tcp,ftp_data,SF,5171,0,0,0,0,0,0,1,0,0,0,0,0,0,0,0,0,0,1,1,0.0,0.0,0.0,0.0,1.0,0.0,0.0,129,43,0.15,0.05,0.15,0.05,0.01,0.0,0.01,0.0,0
0,tcp,ftp_data,SF,334,0,0,0,0,0,0,1,0,0,0,0,0,0,0,0,0,0,2,2,0.0,0.0,0.0,0.0,1.0,0.0,0.0,6,38,0.67,0.33,0.67,0.16,0.0,0.0,0.0,0.0,1
1,tcp,smtp,SF,1130,329,0,0,0,0,0,1,0,0,0,0,0,0,0,0,0,0,1,2,0.0,0.0,0.0,0.0,1.0,0.0,1.0,66,142,0.58,0.06,0.02,0.02,0.0,0.0,0.0,0.0,0
0,tcp,http,SF,202,821,0,0,0,0,0,1,0,0,0,0,0,0,0,0,0,0,30,30,0.0,0.0,0.0,0.0,1.0,0.0,0.0,152,255,1.0,0.0,0.01,0.03,0.0,0.0,0.0,0.0,0
0,tcp,http,REJ,0,0,0,0,0,0,0,0,0,0,0,0,0,0,0,0,0,0,1,1,0.0,0.0,1.0,1.0,1.0,0.0,0.0,33,255,1.0,0.0,0.03,0.09,0.0,0.0,0.39,0.67,0
0,tcp,ftp_data,SF,491,0,0,0,0,0,0,1,0,0,0,5,0,0,0,0,0,0,1,1,0.0,0.0,0.0,0.0,1.0,0.0,0.0,238,63,0.21,0.02,0.21,0.03,0.0,0.0,0.03,0.0,0
0,tcp,http,SF,339,781,0,0,0,0,0,1,0,0,0,0,0,0,0,0,0,0,10,11,0.0,0.0,0.0,0.0,1.0,0.0,0.18,231,255,1.0,0.0,0.0,0.01,0.0,0.0,0.0,0.0,0
0,icmp,eco_i,SF,30,0,0,0,0,0,0,0,0,0,0,0,0,0,0,0,0,0,8,1,0.0,0.0,0.0,0.0,0.12,0.38,0.0,255,5,0.02,0.01,0.15,0.0,0.0,0.0,0.0,0.0,0
10349,udp,other,SF,145,105,0,0,0,0,0,0,0,0,0,0,0,0,0,0,0,0,1,1,0.0,0.0,0.0,0.0,1.0,0.0,0.0,255,1,0.0,0.62,0.96,0.0,0.0,0.0,0.0,0.0,0
0,tcp,http,SF,295,1159,0,0,0,0,0,1,0,0,0,0,0,0,0,0,0,0,6,12,0.0,0.0,0.0,0.0,1.0,0.0,0.17,255,255,1.0,0.0,0.0,0.0,0.0,0.0,0.0,0.0,0
0,tcp,ftp_data,SF,15722,0,0,0,0,0,0,0,0,0,0,0,0,0,0,0,0,0,6,6,0.0,0.0,0.0,0.0,1.0,0.0,0.0,255,50,0.2,0.48,0.2,0.0,0.48,0.0,0.0,0.0,0
0,tcp,ftp_data,SF,59,0,0,0,0,0,0,1,0,0,0,0,0,0,0,0,0,0,16,16,0.0,0.0,0.0,0.0,1.0,0.0,0.0,255,81,0.32,0.02,0.32,0.0,0.0,0.0,0.03,0.0,0
0,udp,domain_u,SF,44,70,0,0,0,0,0,0,0,0,0,0,0,0,0,0,0,0,216,216,0.0,0.0,0.0,0.0,1.0,0.0,0.0,255,255,1.0,0.0,0.01,0.0,0.0,0.0,0.0,0.0,0
0,tcp,http,SF,281,440,0,0,0,0,0,1,0,0,0,0,0,0,0,0,0,0,21,22,0.0,0.0,0.0,0.0,1.0,0.0,0.09,93,255,1.0,0.0,0.01,0.03,0.0,0.0,0.0,0.0,0
0,tcp,http,SF,286,9967,0,0,0,0,0,1,0,0,0,0,0,0,0,0,0,0,6,42,0.0,0.0,0.0,0.0,1.0,0.0,0.07,103,255,1.0,0.0,0.01,0.04,0.0,0.0,0.0,0.0,0
0,tcp,http,SF,207,5200,0,0,0,0,0,1,0,0,0,0,0,0,0,0,0,0,19,19,0.0,0.0,0.0,0.0,1.0,0.0,0.0,255,255,1.0,0.0,0.0,0.0,0.0,0.0,0.0,0.0,0
0,tcp,http,SF,206,3731,0,0,0,0,0,1,0,0,0,0,0,0,0,0,0,0,7,9,0.0,0.0,0.0,0.0,1.0,0.0,0.22,185,255,1.0,0.0,0.01,0.03,0.01,0.01,0.0,0.0,0
0,tcp,http,SF,205,365,0,0,0,0,0,1,0,0,0,0,0,0,0,0,0,0,18,18,0.06,0.06,0.0,0.0,1.0,0.0,0.0,255,255,1.0,0.0,0.0,0.0,0.0,0.0,0.0,0.0,0
0,tcp,http,SF,246,266,0,0,0,0,0,1,0,0,0,0,0,0,0,0,0,0,1,35,0.0,0.0,0.0,0.0,1.0,0.0,0.11,3,241,1.0,0.0,0.33,0.18,0.0,0.0,0.67,0.59,0
0,tcp,http,SF,243,6930,0,0,0,0,0,1,0,0,0,0,0,0,0,0,0,0,2,4,0.0,0.0,0.0,0.0,1.0,0.0,0.5,255,255,1.0,0.0,0.0,0.0,0.01,0.01,0.02,0.02,0
12,tcp,ftp_data,SF,7045,0,0,0,0,0,0,1,0,0,0,0,0,0,0,0,0,0,2,2,0.0,0.0,0.0,0.0,1.0,0.0,0.0,2,13,1.0,0.0,1.0,0.15,0.0,0.0,0.0,0.0,1
0,tcp,ftp_data,SF,63,0,0,0,0,0,0,0,0,0,0,0,0,0,0,0,0,0,2,2,0.0,0.0,0.0,0.0,1.0,0.0,0.0,255,40,0.16,0.06,0.16,0.0,0.65,0.0,0.01,0.0,0
0,tcp,http,SF,286,933,0,0,0,0,0,1,0,0,0,0,0,0,0,0,0,0,34,35,0.0,0.0,0.0,0.0,1.0,0.0,0.06,81,255,1.0,0.0,0.01,0.03,0.0,0.01,0.0,0.0,0
0,tcp,http,SF,329,3433,0,0,0,0,0,1,0,0,0,0,0,0,0,0,0,0,32,32,0.0,0.0,0.0,0.0,1.0,0.0,0.0,64,255,1.0,0.0,0.02,0.01,0.0,0.0,0.0,0.0,0
0,tcp,ftp_data,SF,334,0,0,0,0,0,0,1,0,0,0,0,0,0,0,0,0,0,2,2,0.0,0.0,0.0,0.0,1.0,0.0,0.0,9,64,0.89,0.22,1.0,0.11,0.22,0.02,0.0,0.0,1
0,udp,domain_u,SF,46,147,0,0,0,0,0,0,0,0,0,0,0,0,0,0,0,0,223,222,0.0,0.0,0.0,0.0,1.0,0.01,0.0,112,79,0.71,0.02,0.01,0.0,0.0,0.0,0.0,0.0,0
0,tcp,http,SF,308,2698,0,0,0,0,0,1,0,0,0,0,0,0,1,0,0,0,3,3,0.0,0.0,0.0,0.0,1.0,0.0,0.0,255,246,0.96,0.01,0.0,0.0,0.0,0.0,0.0,0.0,0
0,tcp,ftp_data,SF,334,0,0,0,0,0,0,1,0,0,0,0,0,0,0,0,0,0,2,4,0.0,0.0,0.0,0.0,1.0,0.0,0.75,2,28,1.0,0.0,1.0,0.21,0.0,0.0,0.0,0.0,1
0,udp,domain_u,SF,43,43,0,0,0,0,0,0,0,0,0,0,0,0,0,0,0,0,132,212,0.0,0.0,0.0,0.0,1.0,0.0,0.01,255,255,1.0,0.0,0.01,0.0,0.0,0.0,0.0,0.0,0
0,tcp,ftp_data,SF,334,0,0,0,0,0,0,1,0,0,0,0,0,0,0,0,0,0,2,2,0.0,0.0,0.0,0.0,1.0,0.0,0.0,2,46,1.0,0.0,1.0,0.09,0.0,0.0,0.0,0.0,1
0,tcp,http,SF,210,290,0,0,0,0,0,1,0,0,0,0,0,0,0,0,0,0,18,19,0.0,0.0,0.0,0.0,1.0,0.0,0.11,255,255,1.0,0.0,0.0,0.0,0.0,0.0,0.0,0.0,0
0,tcp,http,REJ,0,0,0,0,0,0,0,0,0,0,0,0,0,0,0,0,0,0,1,19,0.0,0.95,1.0,0.05,1.0,0.0,0.11,3,247,1.0,0.0,0.33,0.01,0.0,0.0,1.0,0.02,0
0,tcp,imap4,SH,0,0,0,0,0,0,0,0,0,0,0,0,0,0,0,0,0,0,2,123,1.0,0.76,0.0,0.04,1.0,0.0,0.37,8,8,1.0,0.0,0.75,0.0,0.62,0.62,0.0,0.0,1
0,tcp,http,SF,211,1993,0,0,0,0,0,1,0,0,0,0,0,0,0,0,0,0,7,7,0.0,0.0,0.0,0.0,1.0,0.0,0.0,125,255,1.0,0.0,0.01,0.02,0.0,0.0,0.0,0.0,0
0,tcp,http,SF,196,22792,0,0,0,0,0,1,0,0,0,0,0,0,0,0,0,0,4,4,0.0,0.0,0.0,0.0,1.0,0.0,0.0,239,255,1.0,0.0,0.0,0.02,0.01,0.01,0.0,0.0,0
0,udp,domain_u,SF,45,45,0,0,0,0,0,0,0,0,0,0,0,0,0,0,0,0,181,181,0.0,0.0,0.0,0.0,1.0,0.0,0.0,255,255,1.0,0.0,0.0,0.0,0.0,0.0,0.0,0.0,0
30,udp,domain_u,SF,44,44,0,0,0,0,0,0,0,0,0,0,0,0,0,0,0,0,8,8,0.0,0.0,0.0,0.0,0.12,0.25,0.25,55,53,0.96,0.04,0.02,0.0,0.0,0.0,0.0,0.0,0
5,tcp,smtp,SF,652,327,0,0,0,0,0,1,0,0,0,0,0,0,0,0,0,0,1,2,0.0,0.0,0.0,0.0,1.0,0.0,1.0,162,122,0.47,0.04,0.01,0.02,0.0,0.0,0.0,0.0,0
1,tcp,smtp,SF,2615,368,0,0,0,0,0,1,0,0,0,0,0,0,0,0,0,0,1,2,0.0,0.0,0.0,0.0,1.0,0.0,1.0,1,124,1.0,0.0,1.0,0.02,0.0,0.0,0.0,0.0,0
0,tcp,finger,SF,10,141,0,0,0,0,0,0,0,0,0,0,0,0,0,0,0,0,1,1,0.0,0.0,0.0,0.0,1.0,0.0,0.0,144,3,0.02,0.05,0.01,0.0,0.0,0.0,0.0,0.0,0
0,tcp,http,SF,203,385,0,0,0,0,0,1,0,0,0,0,0,0,0,0,0,0,5,7,0.0,0.0,0.0,0.0,1.0,0.0,0.29,121,255,1.0,0.0,0.01,0.02,0.0,0.0,0.0,0.0,0
0,udp,domain_u,SF,43,43,0,0,0,0,0,0,0,0,0,0,0,0,0,0,0,0,170,170,0.0,0.0,0.0,0.0,1.0,0.0,0.0,255,254,1.0,0.01,0.01,0.0,0.0,0.0,0.0,0.0,0
4,tcp,ftp_data,SF,832,0,0,0,0,0,0,1,0,0,0,0,0,0,0,0,0,0,1,1,0.0,0.0,0.0,0.0,1.0,0.0,0.0,4,31,1.0,0.0,1.0,0.1,0.0,0.0,0.0,0.0,1
0,tcp,http,SF,265,2780,0,0,0,0,0,1,0,0,0,0,0,0,0,0,0,0,2,2,0.0,0.0,0.0,0.0,1.0,0.0,0.0,162,255,1.0,0.0,0.01,0.01,0.0,0.0,0.0,0.0,0
0,tcp,http,SF,360,15286,0,0,0,0,0,1,0,0,0,0,0,0,0,0,0,0,2,2,0.0,0.0,0.0,0.0,1.0,0.0,0.0,8,255,1.0,0.0,0.12,0.03,0.0,0.0,0.0,0.0,0
0,tcp,http,SF,230,1380,0,0,0,0,0,1,0,0,0,0,0,0,0,0,0,0,4,52,0.0,0.0,0.0,0.0,1.0,0.0,0.04,255,251,0.98,0.01,0.0,0.0,0.0,0.0,0.0,0.0,0
0,tcp,http,SF,307,3166,0,0,0,0,0,1,0,0,0,0,0,0,0,0,0,0,13,16,0.0,0.0,0.0,0.0,1.0,0.0,0.12,255,255,1.0,0.0,0.0,0.0,0.0,0.0,0.0,0.0,0
0,tcp,http,SF,247,546,0,0,0,0,0,1,0,0,0,0,0,0,0,0,0,0,32,35,0.0,0.0,0.0,0.0,1.0,0.0,0.09,255,255,1.0,0.0,0.0,0.0,0.0,0.0,0.0,0.0,0
5062,tcp,ftp_data,SF,5133876,0,0,0,0,1,0,1,0,0,0,0,0,0,0,0,0,0,1,1,0.0,0.0,0.0,0.0,1.0,0.0,0.0,4,23,1.0,0.0,1.0,0.13,0.0,0.0,0.0,0.0,1
27,tcp,ftp,SF,1206,3380,0,0,0,24,0,1,0,0,0,0,0,0,0,0,0,1,1,1,0.0,0.0,0.0,0.0,1.0,0.0,0.0,255,38,0.15,0.08,0.0,0.0,0.02,0.0,0.0,0.0,0
0,tcp,http,SF,217,14934,0,0,0,0,0,1,0,0,0,0,0,0,0,0,0,0,3,3,0.0,0.0,0.0,0.0,1.0,0.0,0.0,3,255,1.0,0.0,0.33,0.03,0.0,0.01,0.0,0.0,0
0,udp,domain_u,SF,44,44,0,0,0,0,0,0,0,0,0,0,0,0,0,0,0,0,131,131,0.0,0.0,0.0,0.0,1.0,0.0,0.0,255,254,1.0,0.01,0.0,0.0,0.0,0.0,0.0,0.0,0
0,udp,domain_u,SF,45,72,0,0,0,0,0,0,0,0,0,0,0,0,0,0,0,0,269,269,0.0,0.0,0.0,0.0,1.0,0.0,0.0,255,254,1.0,0.01,0.0,0.0,0.0,0.0,0.0,0.0,0
0,tcp,http,SF,238,5120,0,0,0,0,0,1,0,0,0,0,0,0,0,0,0,0,1,1,0.0,0.0,0.0,0.0,1.0,0.0,0.0,1,255,1.0,0.0,1.0,0.02,0.0,0.0,0.0,0.0,0
0,tcp,ftp_data,SF,334,0,0,0,0,0,0,1,0,0,0,0,0,0,0,0,0,0,2,2,0.0,0.0,0.0,0.0,1.0,0.0,0.0,2,23,1.0,0.0,1.0,0.17,0.0,0.0,0.0,0.0,1
0,tcp,http,SF,207,588,0,0,0,0,0,1,0,0,0,0,0,0,0,0,0,0,12,12,0.0,0.0,0.0,0.0,1.0,0.0,0.0,255,255,1.0,0.0,0.0,0.0,0.0,0.0,0.0,0.0,0
0,tcp,http,SF,291,1038,0,0,0,0,0,1,0,0,0,0,0,0,0,0,0,0,8,8,0.0,0.0,0.0,0.0,1.0,0.0,0.0,51,255,1.0,0.0,0.02,0.05,0.0,0.0,0.0,0.0,0
0,tcp,http,SF,322,1788,0,0,0,0,0,1,0,0,0,0,0,0,0,0,0,0,42,42,0.0,0.0,0.0,0.0,1.0,0.0,0.0,154,255,1.0,0.0,0.01,0.04,0.0,0.0,0.0,0.0,0
0,tcp,http,SF,152,5096,0,0,0,0,0,1,0,0,0,0,0,0,0,0,0,0,2,2,0.0,0.0,0.0,0.0,1.0,0.0,0.0,39,255,1.0,0.0,0.03,0.03,0.0,0.0,0.0,0.0,0
0,tcp,http,SF,228,294,0,0,0,0,0,1,0,0,0,0,0,0,0,0,0,0,2,2,0.0,0.0,0.0,0.0,1.0,0.0,0.0,255,255,1.0,0.0,0.0,0.0,0.0,0.0,0.0,0.0,0
0,tcp,http,SF,378,285,0,0,0,0,0,1,0,0,0,0,0,0,0,0,0,0,15,15,0.0,0.0,0.0,0.0,1.0,0.0,0.0,84,255,1.0,0.0,0.01,0.05,0.0,0.01,0.01,0.0,0
0,tcp,http,SF,216,1354,0,0,0,0,0,1,0,0,0,0,0,0,0,0,0,0,3,3,0.0,0.0,0.0,0.0,1.0,0.0,0.0,3,255,1.0,0.0,0.33,0.05,0.0,0.0,0.0,0.0,0
0,tcp,http,SF,200,4004,0,0,0,0,0,1,0,0,0,0,0,0,0,0,0,0,18,18,0.0,0.0,0.0,0.0,1.0,0.0,0.0,98,255,1.0,0.0,0.01,0.02,0.0,0.0,0.0,0.0,0
0,tcp,http,SF,227,2759,0,0,0,0,0,1,0,0,0,0,0,0,0,0,0,0,9,11,0.0,0.0,0.0,0.0,1.0,0.0,0.18,14,25,1.0,0.0,0.07,0.08,0.0,0.0,0.0,0.0,0
4,tcp,smtp,SF,878,332,0,0,0,0,0,1,0,0,0,0,0,0,0,0,0,0,1,2,0.0,0.0,0.0,0.0,1.0,0.0,1.0,96,194,0.88,0.04,0.01,0.01,0.0,0.0,0.0,0.0,0
0,tcp,http,SF,248,1680,0,0,0,0,0,1,0,0,0,0,0,0,0,0,0,0,6,6,0.0,0.0,0.0,0.0,1.0,0.0,0.0,255,255,1.0,0.0,0.0,0.0,0.01,0.01,0.0,0.0,0
5040,tcp,ftp_data,SF,5135678,0,0,0,0,3,0,1,0,0,0,0,0,0,0,0,0,0,1,1,0.0,0.0,0.0,0.0,1.0,0.0,0.0,5,37,1.0,0.0,1.0,0.14,0.0,0.0,0.0,0.0,1
0,tcp,http,SF,217,553,0,0,0,0,0,1,0,0,0,0,0,0,0,0,0,0,16,17,0.0,0.0,0.0,0.0,1.0,0.0,0.12,94,255,1.0,0.0,0.01,0.05,0.0,0.0,0.0,0.0,0
0,tcp,http,SF,241,349,0,0,0,0,0,1,0,0,0,0,0,0,0,0,0,0,18,18,0.0,0.0,0.0,0.0,1.0,0.0,0.0,166,255,1.0,0.0,0.01,0.03,0.0,0.0,0.0,0.01,0
6,tcp,smtp,SF,922,367,0,0,0,0,0,1,0,0,0,0,0,0,0,0,0,0,1,1,0.0,0.0,0.0,0.0,1.0,0.0,0.0,66,165,0.77,0.09,0.02,0.01,0.0,0.0,0.0,0.0,0
0,tcp,http,SF,297,1768,0,0,0,0,0,1,0,0,0,0,0,0,0,0,0,0,12,15,0.0,0.0,0.0,0.0,1.0,0.0,0.2,255,255,1.0,0.0,0.0,0.0,0.0,0.0,0.0,0.0,0
0,tcp,ftp,SF,1266,2451,0,0,0,28,0,1,0,0,0,0,0,0,0,0,0,1,1,1,0.0,0.0,0.0,0.0,1.0,0.0,0.0,255,134,0.53,0.02,0.0,0.0,0.0,0.0,0.0,0.0,1
0,tcp,telnet,RSTO,125,179,0,0,0,1,1,0,0,0,0,0,0,0,0,0,0,0,2,2,0.0,0.0,1.0,1.0,1.0,0.0,0.0,3,3,1.0,0.0,0.33,0.0,0.33,0.33,0.67,0.67,1
7,tcp,smtp,SF,938,328,0,0,0,0,0,1,0,0,0,0,0,0,0,0,0,0,1,1,0.0,0.0,0.0,0.0,1.0,0.0,0.0,31,168,0.97,0.06,0.03,0.02,0.0,0.0,0.0,0.0,0
0,tcp,http,SF,176,426,0,0,0,0,0,1,0,0,0,0,0,0,0,0,0,0,6,6,0.0,0.0,0.0,0.0,1.0,0.0,0.0,255,255,1.0,0.0,0.0,0.0,0.0,0.0,0.0,0.0,0
0,tcp,http,REJ,0,0,0,0,0,0,0,0,0,0,0,0,0,0,0,0,0,0,1,2,0.0,0.0,1.0,1.0,1.0,0.0,1.0,1,26,1.0,0.0,1.0,0.19,0.0,0.0,1.0,1.0,0
0,tcp,ftp_data,SF,334,0,0,0,0,0,0,1,0,0,0,0,0,0,0,0,0,0,1,1,0.0,0.0,0.0,0.0,1.0,0.0,0.0,7,33,1.0,0.0,1.0,0.15,0.0,0.0,0.0,0.0,1
0,tcp,http,SF,230,2507,0,0,0,0,0,1,0,0,0,0,0,0,0,0,0,0,5,5,0.0,0.0,0.0,0.0,1.0,0.0,0.0,255,255,1.0,0.0,0.0,0.0,0.0,0.0,0.0,0.0,0
0,udp,domain_u,SF,45,135,0,0,0,0,0,0,0,0,0,0,0,0,0,0,0,0,78,158,0.0,0.0,0.0,0.0,1.0,0.0,0.01,255,254,1.0,0.01,0.0,0.0,0.0,0.0,0.0,0.0,0
5,udp,private,SF,105,146,0,0,0,0,0,0,0,0,0,0,0,0,0,0,0,0,2,2,0.0,0.0,0.0,0.0,1.0,0.0,0.0,255,219,0.86,0.01,0.01,0.0,0.0,0.0,0.0,0.0,0
0,tcp,http,SF,314,1540,0,0,0,0,0,1,0,0,0,0,0,0,0,0,0,0,19,19,0.0,0.0,0.0,0.0,1.0,0.0,0.0,74,255,1.0,0.0,0.01,0.04,0.0,0.0,0.0,0.0,0
0,udp,domain_u,SF,42,42,0,0,0,0,0,0,0,0,0,0,0,0,0,0,0,0,13,21,0.0,0.0,0.0,0.0,1.0,0.0,0.14,255,233,0.91,0.01,0.0,0.0,0.0,0.0,0.0,0.0,0
0,udp,domain_u,SF,44,127,0,0,0,0,0,0,0,0,0,0,0,0,0,0,0,0,68,148,0.0,0.0,0.0,0.0,1.0,0.0,0.01,255,204,0.8,0.02,0.0,0.0,0.0,0.0,0.0,0.0,0
0,tcp,http,SF,229,301,0,0,0,0,0,1,0,0,0,0,0,0,0,0,0,0,4,4,0.25,0.25,0.0,0.0,1.0,0.0,0.0,255,255,1.0,0.0,0.0,0.0,0.0,0.0,0.0,0.0,0
0,tcp,http,SF,167,4026,0,0,0,0,0,1,0,0,0,0,0,0,0,0,0,0,1,1,0.0,0.0,0.0,0.0,1.0,0.0,0.0,1,255,1.0,0.0,1.0,0.05,0.0,0.0,0.0,0.0,0
0,tcp,http,SF,251,608,0,0,0,0,0,1,0,0,0,0,0,0,0,0,0,0,4,10,0.0,0.0,0.0,0.0,1.0,0.0,0.2,255,255,1.0,0.0,0.0,0.0,0.0,0.0,0.0,0.0,0
2,tcp,smtp,SF,919,333,0,0,0,0,0,1,0,0,0,0,0,0,0,0,0,0,1,3,0.0,0.0,0.0,0.0,1.0,0.0,1.0,89,176,0.69,0.06,0.01,0.01,0.0,0.0,0.0,0.0,0
0,tcp,ftp_data,SF,334,0,0,0,0,0,0,1,0,0,0,0,0,0,0,0,0,0,1,1,0.0,0.0,0.0,0.0,1.0,0.0,0.0,1,23,1.0,0.0,1.0,0.17,0.0,0.0,0.0,0.0,1
0,udp,domain_u,SF,43,43,0,0,0,0,0,0,0,0,0,0,0,0,0,0,0,0,221,222,0.0,0.0,0.0,0.0,1.0,0.0,0.01,255,178,0.7,0.01,0.0,0.0,0.0,0.0,0.0,0.0,0
0,tcp,smtp,SF,886,337,0,0,0,0,0,1,0,0,0,0,0,0,0,0,0,0,1,1,0.0,0.0,0.0,0.0,1.0,0.0,0.0,143,186,0.73,0.03,0.01,0.01,0.0,0.0,0.02,0.05,0
0,tcp,ftp_data,SF,334,0,0,0,0,0,0,1,0,0,0,0,0,0,0,0,0,0,1,1,0.0,0.0,0.0,0.0,1.0,0.0,0.0,5,53,1.0,0.0,1.0,0.09,0.0,0.0,0.0,0.0,1
0,tcp,smtp,SF,1089,326,0,0,0,0,0,1,0,0,0,0,0,0,0,0,0,0,1,2,0.0,0.0,0.0,0.0,1.0,0.0,1.0,242,118,0.48,0.02,0.0,0.02,0.01,0.02,0.0,0.0,0
0,tcp,smtp,SF,726,386,0,0,0,0,0,1,0,0,0,0,0,0,0,0,0,0,1,2,0.0,0.0,0.0,0.0,1.0,0.0,1.0,109,182,0.47,0.04,0.01,0.01,0.01,0.0,0.04,0.0,0
0,udp,domain_u,SF,45,166,0,0,0,0,0,0,0,0,0,0,0,0,0,0,0,0,137,217,0.0,0.0,0.0,0.0,1.0,0.0,0.01,255,255,1.0,0.0,0.0,0.0,0.0,0.0,0.0,0.0,0
0,udp,private,SF,105,0,0,0,0,0,0,0,0,0,0,0,0,0,0,0,0,0,1,1,0.0,0.0,0.0,0.0,1.0,0.0,0.0,35,29,0.83,0.06,0.03,0.0,0.0,0.0,0.0,0.0,0
0,tcp,http,SF,284,1676,0,0,0,0,0,1,0,0,0,0,0,0,0,0,0,0,25,27,0.0,0.0,0.0,0.0,1.0,0.0,0.11,136,255,1.0,0.0,0.01,0.02,0.0,0.01,0.0,0.0,0
0,tcp,http,SF,204,756,0,0,0,0,0,1,0,0,0,0,0,0,0,0,0,0,9,9,0.0,0.0,0.0,0.0,1.0,0.0,0.0,9,255,1.0,0.0,0.11,0.05,0.0,0.0,0.0,0.0,0
0,tcp,http,SF,230,1380,0,0,0,0,0,1,0,0,0,0,0,0,0,0,0,0,3,3,0.0,0.0,0.0,0.0,1.0,0.0,0.0,255,219,0.86,0.01,0.0,0.0,0.0,0.0,0.0,0.0,0
1,tcp,ftp,SF,1231,2451,0,0,0,28,0,1,0,0,0,0,0,0,0,0,0,1,1,1,0.0,0.0,0.0,0.0,1.0,0.0,0.0,234,62,0.26,0.02,0.0,0.0,0.0,0.0,0.01,0.0,1
0,tcp,ftp_data,SF,334,0,0,0,0,0,0,1,0,0,0,0,0,0,0,0,0,0,1,1,0.0,0.0,0.0,0.0,1.0,0.0,0.0,3,37,1.0,0.0,1.0,0.19,0.0,0.0,0.0,0.0,1
0,tcp,smtp,SF,717,328,0,0,0,0,0,1,0,0,0,0,0,0,0,0,0,0,1,1,0.0,0.0,0.0,0.0,1.0,0.0,0.0,36,137,0.67,0.17,0.03,0.01,0.0,0.0,0.0,0.0,0
0,tcp,http,REJ,0,0,0,0,0,0,0,0,0,0,0,0,0,0,0,0,0,0,20,20,0.0,0.0,0.75,0.75,1.0,0.0,0.0,55,251,1.0,0.0,0.02,0.17,0.0,0.0,0.91,0.98,0
0,tcp,http,REJ,0,0,0,0,0,0,0,0,0,0,0,0,0,0,0,0,0,0,10,10,0.0,0.0,0.7,0.7,1.0,0.0,0.0,29,176,1.0,0.0,0.03,0.19,0.0,0.0,0.86,0.98,0
0,tcp,http,SF,322,3811,0,0,0,0,0,1,0,0,0,0,0,0,0,0,0,0,3,6,0.0,0.0,0.0,0.0,1.0,0.0,0.33,28,255,1.0,0.0,0.04,0.02,0.0,0.0,0.0,0.0,0
0,tcp,ftp,SF,1239,2449,0,0,0,28,0,1,0,0,0,0,0,0,0,0,0,1,1,1,0.0,0.0,0.0,0.0,1.0,0.0,0.0,255,41,0.16,0.02,0.0,0.0,0.06,0.0,0.0,0.0,1
0,udp,domain_u,SF,46,46,0,0,0,0,0,0,0,0,0,0,0,0,0,0,0,0,11,18,0.0,0.0,0.0,0.0,1.0,0.0,0.22,255,254,1.0,0.01,0.0,0.0,0.0,0.0,0.0,0.0,0
0,tcp,telnet,RSTO,126,179,0,0,0,1,1,0,0,0,0,0,0,0,0,0,0,0,1,1,0.0,0.0,1.0,1.0,1.0,0.0,0.0,39,39,1.0,0.0,0.03,0.0,0.05,0.05,0.95,0.95,1
0,tcp,http,SF,224,816,0,0,0,0,0,1,0,0,0,0,0,0,0,0,0,0,24,24,0.0,0.0,0.0,0.0,1.0,0.0,0.0,250,255,1.0,0.0,0.0,0.01,0.0,0.0,0.0,0.0,0
0,tcp,ftp_data,SF,2191,0,0,0,0,0,0,1,0,0,0,0,0,0,0,0,0,0,13,13,0.0,0.0,0.0,0.0,1.0,0.0,0.0,255,112,0.44,0.02,0.44,0.0,0.0,0.0,0.0,0.0,0
28,udp,domain_u,SF,44,44,0,0,0,0,0,0,0,0,0,0,0,0,0,0,0,0,3,6,0.0,0.0,0.0,0.0,0.33,0.67,0.33,60,57,0.95,0.03,0.02,0.0,0.0,0.0,0.0,0.0,0
0,tcp,http,REJ,0,0,0,0,0,0,0,0,0,0,0,0,0,0,0,0,0,0,1,1,0.0,0.0,1.0,1.0,1.0,0.0,0.0,38,253,1.0,0.0,0.03,0.17,0.0,0.0,1.0,1.0,0
1525,udp,other,SF,147,105,0,0,0,0,0,0,0,0,0,0,0,0,0,0,0,0,1,1,0.0,0.0,0.0,0.0,1.0,0.0,0.0,255,1,0.0,0.65,0.91,0.0,0.0,0.0,0.0,0.0,0
0,tcp,http,SF,242,691,0,0,0,0,0,1,0,0,0,0,0,0,0,0,0,0,14,26,0.0,0.0,0.0,0.0,1.0,0.0,0.08,29,255,1.0,0.0,0.03,0.06,0.0,0.0,0.0,0.0,0
0,tcp,http,SF,320,1272,0,0,0,0,0,1,0,0,0,0,0,0,0,0,0,0,29,50,0.0,0.0,0.0,0.0,1.0,0.0,0.04,33,54,1.0,0.0,0.03,0.11,0.0,0.0,0.0,0.0,0
0,tcp,http,SF,236,1713,0,0,0,0,0,1,0,0,0,0,0,0,0,0,0,0,3,3,0.0,0.0,0.0,0.0,1.0,0.0,0.0,255,255,1.0,0.0,0.0,0.0,0.0,0.0,0.0,0.0,0
0,tcp,http,SF,205,1067,0,0,0,0,0,1,0,0,0,0,0,0,0,0,0,0,2,6,0.0,0.0,0.0,0.0,1.0,0.0,0.33,5,255,1.0,0.0,0.2,0.09,0.0,0.0,0.6,0.42,0
0,udp,domain_u,SF,45,78,0,0,0,0,0,0,0,0,0,0,0,0,0,0,0,0,213,213,0.0,0.0,0.0,0.0,1.0,0.01,0.01,255,254,1.0,0.01,0.0,0.0,0.0,0.0,0.0,0.0,0
0,tcp,http,SF,259,14271,0,0,0,0,0,1,0,0,0,0,0,0,0,0,0,0,1,11,0.0,0.0,0.0,0.0,1.0,0.0,0.18,1,255,1.0,0.0,1.0,0.01,0.0,0.0,0.0,0.0,0
4,tcp,ftp_data,SF,2194619,0,0,0,0,0,0,1,0,0,0,0,0,0,0,0,0,0,2,2,0.0,0.0,0.0,0.0,1.0,0.0,0.0,74,12,0.16,0.08,0.16,0.0,0.0,0.0,0.0,0.0,0
0,tcp,http,SF,280,5592,0,0,0,0,0,1,0,0,0,0,0,0,0,0,0,0,1,1,0.0,0.0,0.0,0.0,1.0,0.0,0.0,69,255,1.0,0.0,0.01,0.02,0.0,0.0,0.0,0.0,0
0,tcp,http,SF,285,1764,0,0,0,0,0,1,0,0,0,0,0,0,0,0,0,0,34,34,0.0,0.0,0.0,0.0,1.0,0.0,0.0,174,255,1.0,0.0,0.01,0.02,0.0,0.0,0.0,0.0,0
27,tcp,ftp,SF,1503,4152,0,0,0,30,0,1,0,0,0,0,0,0,0,0,0,1,1,1,0.0,0.0,0.0,0.0,1.0,0.0,0.0,229,47,0.21,0.03,0.0,0.0,0.0,0.0,0.0,0.0,0
0,tcp,telnet,RSTO,126,179,0,0,0,1,1,0,0,0,0,0,0,0,0,0,0,0,2,2,0.0,0.0,1.0,1.0,1.0,0.0,0.0,20,20,1.0,0.0,0.05,0.0,0.05,0.05,0.95,0.95,1
0,tcp,http,REJ,0,0,0,0,0,0,0,0,0,0,0,0,0,0,0,0,0,0,1,1,0.0,0.0,1.0,1.0,1.0,0.0,0.0,1,8,1.0,0.0,1.0,0.62,0.0,0.12,1.0,0.88,0
0,tcp,http,SF,300,1569,0,0,0,0,0,1,0,0,0,0,0,0,0,0,0,0,32,55,0.0,0.0,0.0,0.0,1.0,0.0,0.05,32,255,1.0,0.0,0.03,0.04,0.0,0.0,0.0,0.0,0
0,udp,domain_u,SF,44,70,0,0,0,0,0,0,0,0,0,0,0,0,0,0,0,0,134,139,0.0,0.0,0.0,0.0,1.0,0.0,0.01,255,254,1.0,0.01,0.0,0.0,0.0,0.0,0.0,0.0,0
0,udp,domain_u,SF,33,49,0,0,0,0,0,0,0,0,0,0,0,0,0,0,0,0,1,3,0.0,0.0,0.0,0.0,1.0,0.0,1.0,255,234,0.92,0.01,0.0,0.0,0.0,0.0,0.02,0.0,0
0,tcp,http,SF,290,5759,0,0,0,0,0,1,0,0,0,0,0,0,0,0,0,0,2,2,0.0,0.0,0.0,0.0,1.0,0.0,0.0,2,103,1.0,0.0,0.5,0.06,0.0,0.0,0.0,0.0,0
0,tcp,ftp,SF,1230,2451,0,0,0,28,0,1,0,0,0,0,0,0,0,0,0,1,1,1,0.0,0.0,0.0,0.0,1.0,0.0,0.0,121,19,0.16,0.05,0.01,0.0,0.02,0.0,0.07,0.0,1
0,tcp,imap4,SF,0,0,0,0,0,0,0,0,0,0,0,0,0,0,0,0,0,0,3,162,0.67,0.58,0.0,0.03,1.0,0.0,0.28,3,3,1.0,0.0,1.0,0.0,0.67,0.67,0.0,0.0,1
0,tcp,ftp_data,SF,334,0,0,0,0,0,0,1,0,0,0,0,0,0,0,0,0,0,1,1,0.0,0.0,0.0,0.0,1.0,0.0,0.0,11,38,1.0,0.0,1.0,0.11,0.0,0.0,0.0,0.0,1
0,tcp,http,SF,220,2432,0,0,0,0,0,1,0,0,0,0,0,0,0,0,0,0,1,1,0.0,0.0,0.0,0.0,1.0,0.0,0.0,1,255,1.0,0.0,1.0,0.04,0.0,0.0,0.0,0.0,0
0,udp,domain_u,SF,45,45,0,0,0,0,0,0,0,0,0,0,0,0,0,0,0,0,104,184,0.0,0.0,0.0,0.0,1.0,0.0,0.01,255,255,1.0,0.0,0.01,0.0,0.0,0.0,0.0,0.0,0
0,tcp,http,SF,214,283,0,0,0,0,0,1,0,0,0,0,0,0,0,0,0,0,17,17,0.0,0.0,0.0,0.0,1.0,0.0,0.0,187,255,1.0,0.0,0.01,0.02,0.0,0.0,0.0,0.0,0
0,tcp,http,SF,155,2026,0,0,0,0,0,1,0,0,0,0,0,0,0,0,0,0,1,1,0.0,0.0,0.0,0.0,1.0,0.0,0.0,72,255,1.0,0.0,0.01,0.03,0.0,0.0,0.0,0.0,0
0,tcp,http,SF,307,263,0,0,0,0,0,1,0,0,0,0,0,0,0,0,0,0,13,13,0.0,0.0,0.0,0.0,1.0,0.0,0.0,255,255,1.0,0.0,0.0,0.0,0.0,0.0,0.0,0.0,0
0,tcp,http,SF,162,14090,0,0,0,0,0,1,0,0,0,0,0,0,0,0,0,0,3,3,0.0,0.0,0.0,0.0,1.0,0.0,0.0,27,255,1.0,0.0,0.04,0.04,0.0,0.0,0.0,0.0,0
24,tcp,smtp,SF,847,334,0,0,0,0,0,1,0,0,0,0,0,0,0,0,0,0,1,1,0.0,0.0,0.0,0.0,1.0,0.0,0.0,71,129,0.58,0.06,0.01,0.02,0.0,0.09,0.0,0.0,0
0,udp,domain_u,SF,45,78,0,0,0,0,0,0,0,0,0,0,0,0,0,0,0,0,67,147,0.0,0.0,0.0,0.0,1.0,0.0,0.01,255,217,0.85,0.01,0.0,0.0,0.0,0.0,0.0,0.0,0
11,udp,private,SF,105,146,0,0,0,0,0,0,0,0,0,0,0,0,0,0,0,0,2,2,0.0,0.0,0.0,0.0,1.0,0.0,0.0,255,227,0.89,0.01,0.02,0.0,0.0,0.0,0.0,0.0,0
0,tcp,http,SF,232,4296,0,0,0,0,0,1,0,0,0,0,0,0,0,0,0,0,2,3,0.0,0.0,0.0,0.0,1.0,0.0,0.67,6,255,1.0,0.0,0.17,0.01,0.0,0.0,0.0,0.0,0
0,tcp,http,SF,291,1967,0,0,0,0,0,1,0,0,0,0,0,0,0,0,0,0,9,21,0.0,0.0,0.0,0.0,1.0,0.0,0.24,9,255,1.0,0.0,0.11,0.02,0.0,0.0,0.0,0.0,0
3,tcp,smtp,SF,1169,327,0,0,0,0,0,1,0,0,0,1,0,0,0,0,0,0,1,1,0.0,0.0,0.0,0.0,1.0,0.0,0.0,109,191,0.64,0.03,0.01,0.01,0.0,0.0,0.0,0.0,0
27,tcp,ftp,SF,855,2586,0,0,0,18,0,1,0,0,0,0,0,0,0,0,0,1,1,1,0.0,0.0,0.0,0.0,1.0,0.0,0.0,87,7,0.07,0.82,0.01,0.29,0.0,0.0,0.75,0.29,0
0,tcp,smtp,SF,1331,330,0,0,0,0,0,1,0,0,0,0,0,0,0,0,0,0,1,1,0.0,0.0,0.0,0.0,1.0,0.0,0.0,58,185,0.88,0.05,0.02,0.01,0.0,0.01,0.0,0.0,0
0,tcp,http,SF,236,4627,0,0,0,0,0,1,0,0,0,0,0,0,0,0,0,0,18,18,0.0,0.0,0.0,0.0,1.0,0.0,0.0,255,255,1.0,0.0,0.0,0.0,0.0,0.0,0.0,0.0,0
0,tcp,http,SF,310,1159,0,0,0,0,0,1,0,0,0,0,0,0,0,0,0,0,18,30,0.0,0.0,0.0,0.0,1.0,0.0,0.1,255,255,1.0,0.0,0.0,0.0,0.0,0.0,0.0,0.0,0
27,tcp,ftp,SF,1535,4152,0,0,0,30,0,1,0,0,0,0,0,0,0,0,0,1,1,1,0.0,0.0,0.0,0.0,1.0,0.0,0.0,128,28,0.22,0.05,0.01,0.0,0.0,0.0,0.0,0.0,0
0,tcp,http,REJ,0,0,0,0,0,0,0,0,0,0,0,0,0,0,0,0,0,0,1,3,0.0,0.0,1.0,1.0,1.0,0.0,1.0,6,255,1.0,0.0,0.17,0.18,0.0,0.0,1.0,1.0,0
0,udp,domain_u,SF,46,46,0,0,0,0,0,0,0,0,0,0,0,0,0,0,0,0,148,148,0.0,0.0,0.0,0.0,1.0,0.0,0.0,255,224,0.88,0.01,0.0,0.0,0.0,0.0,0.0,0.0,0
0,tcp,http,SF,182,629,0,0,0,0,0,1,0,0,0,0,0,0,0,0,0,0,2,2,0.0,0.0,0.0,0.0,1.0,0.0,0.0,255,255,1.0,0.0,0.0,0.0,0.0,0.0,0.0,0.0,0
0,tcp,http,SF,350,1931,0,0,0,0,0,1,0,0,0,0,0,0,0,0,0,0,6,7,0.0,0.0,0.0,0.0,1.0,0.0,0.29,255,255,1.0,0.0,0.0,0.0,0.0,0.0,0.0,0.0,0
0,tcp,http,SF,211,3485,0,0,0,0,0,1,0,0,0,0,0,0,0,0,0,0,8,16,0.0,0.0,0.0,0.0,1.0,0.0,0.19,78,255,1.0,0.0,0.01,0.02,0.0,0.0,0.01,0.01,0
5039,tcp,ftp_data,SF,5133876,0,0,0,0,0,0,1,0,0,0,0,0,0,0,0,0,0,1,1,0.0,0.0,0.0,0.0,1.0,0.0,0.0,11,46,1.0,0.0,1.0,0.13,0.0,0.02,0.0,0.0,1
2,udp,domain_u,SF,42,42,0,0,0,0,0,0,0,0,0,0,0,0,0,0,0,0,3,3,0.0,0.0,0.0,0.0,1.0,0.0,0.0,255,247,0.97,0.01,0.0,0.0,0.0,0.0,0.0,0.0,0
0,tcp,ftp_data,SF,383,0,0,0,0,0,0,1,0,0,0,0,0,0,0,0,0,0,2,2,0.0,0.0,0.0,0.0,1.0,0.0,0.0,169,68,0.37,0.02,0.37,0.03,0.0,0.0,0.0,0.0,0
0,udp,domain_u,SF,42,67,0,0,0,0,0,0,0,0,0,0,0,0,0,0,0,0,223,223,0.0,0.0,0.0,0.0,1.0,0.0,0.0,255,254,1.0,0.01,0.0,0.0,0.0,0.0,0.0,0.0,0
5010,udp,other,SF,147,105,0,0,0,0,0,0,0,0,0,0,0,0,0,0,0,0,1,1,0.0,0.0,0.0,0.0,1.0,0.0,0.0,255,1,0.0,0.64,0.95,0.0,0.0,0.0,0.0,0.0,0
0,udp,domain_u,SF,46,46,0,0,0,0,0,0,0,0,0,0,0,0,0,0,0,0,168,168,0.0,0.0,0.0,0.0,1.0,0.0,0.0,255,255,1.0,0.0,0.01,0.0,0.0,0.0,0.0,0.0,0
0,tcp,smtp,SF,1053,394,0,0,0,0,0,1,0,0,0,0,0,0,0,0,0,0,1,1,0.0,0.0,0.0,0.0,1.0,0.0,0.0,255,73,0.29,0.06,0.0,0.0,0.47,0.0,0.05,0.03,0
0,tcp,ftp_data,SF,334,0,0,0,0,0,0,1,0,0,0,0,0,0,0,0,0,0,2,2,0.0,0.0,0.0,0.0,1.0,0.0,0.0,226,87,0.37,0.02,0.37,0.02,0.0,0.0,0.0,0.0,1
0,tcp,smtp,SF,1831,394,0,0,0,0,0,1,0,0,0,0,0,0,0,0,0,0,1,1,0.0,0.0,0.0,0.0,1.0,0.0,0.0,30,167,0.8,0.1,0.03,0.01,0.0,0.0,0.0,0.0,0
0,tcp,http,SF,254,386,0,0,0,0,0,1,0,0,0,0,0,0,0,0,0,0,5,5,0.0,0.0,0.0,0.0,1.0,0.0,0.0,255,255,1.0,0.0,0.0,0.0,0.0,0.0,0.0,0.0,0
0,tcp,http,SF,157,4278,0,0,0,0,0,1,0,0,0,0,0,0,0,0,0,0,4,16,0.0,0.0,0.0,0.0,1.0,0.0,0.12,4,255,1.0,0.0,0.25,0.02,0.0,0.0,0.0,0.0,0
0,tcp,http,SF,234,280,0,0,0,0,0,1,0,0,0,0,0,0,0,0,0,0,14,14,0.0,0.0,0.0,0.0,1.0,0.0,0.0,255,255,1.0,0.0,0.0,0.0,0.0,0.0,0.0,0.0,0
0,tcp,smtp,SF,935,335,0,0,0,0,0,1,0,0,0,0,0,0,0,0,0,0,1,2,0.0,0.0,0.0,0.0,1.0,0.0,1.0,192,144,0.48,0.02,0.01,0.01,0.01,0.0,0.0,0.0,0
0,tcp,http,SF,213,24572,0,0,0,0,0,1,0,0,0,0,0,0,0,0,0,0,1,1,0.0,0.0,0.0,0.0,1.0,0.0,0.0,152,255,1.0,0.0,0.01,0.01,0.0,0.0,0.0,0.0,0
0,tcp,ftp_data,SF,334,0,0,0,0,0,0,1,0,0,0,0,0,0,0,0,0,0,1,1,0.0,0.0,0.0,0.0,1.0,0.0,0.0,11,22,1.0,0.0,1.0,0.09,0.0,0.0,0.0,0.0,1
0,tcp,http,SF,256,11657,0,0,0,0,0,1,0,0,0,0,0,0,0,0,0,0,5,5,0.0,0.0,0.0,0.0,1.0,0.0,0.0,21,255,1.0,0.0,0.05,0.03,0.0,0.0,0.0,0.0,0
0,tcp,http,SF,259,7466,0,0,0,0,0,1,0,0,0,0,0,0,0,0,0,0,9,9,0.0,0.0,0.0,0.0,1.0,0.0,0.0,9,255,1.0,0.0,0.11,0.03,0.0,0.0,0.0,0.0,0
0,tcp,http,SF,304,313,0,0,0,0,0,1,0,0,0,0,0,0,0,0,0,0,4,26,0.0,0.0,0.0,0.0,1.0,0.0,0.19,25,255,1.0,0.0,0.04,0.03,0.0,0.0,0.0,0.0,0
0,udp,domain_u,SF,45,73,0,0,0,0,0,0,0,0,0,0,0,0,0,0,0,0,160,160,0.0,0.0,0.0,0.0,1.0,0.0,0.0,255,255,1.0,0.0,0.01,0.0,0.0,0.0,0.0,0.0,0
0,tcp,ftp_data,SF,3690,0,0,0,0,0,0,1,0,0,0,0,0,0,0,0,0,0,14,14,0.0,0.0,0.0,0.0,1.0,0.0,0.0,82,65,0.46,0.05,0.46,0.03,0.0,0.0,0.0,0.0,0
0,udp,domain_u,SF,45,73,0,0,0,0,0,0,0,0,0,0,0,0,0,0,0,0,170,170,0.0,0.0,0.0,0.0,1.0,0.0,0.0,255,234,0.92,0.01,0.0,0.0,0.0,0.0,0.0,0.0,0
0,udp,domain_u,SF,44,44,0,0,0,0,0,0,0,0,0,0,0,0,0,0,0,0,78,160,0.0,0.0,0.0,0.0,1.0,0.0,0.03,255,254,1.0,0.01,0.01,0.0,0.0,0.0,0.0,0.0,0
0,tcp,ftp_data,SF,965,0,0,0,0,0,0,1,0,0,0,0,0,0,0,0,0,0,3,3,0.33,0.33,0.0,0.0,1.0,0.0,0.0,44,63,0.2,0.11,0.2,0.03,0.02,0.02,0.0,0.0,0
0,tcp,http,SF,218,4582,0,0,0,0,0,1,0,0,0,0,0,0,0,0,0,0,2,7,0.0,0.0,0.0,0.0,1.0,0.0,0.43,14,252,1.0,0.0,0.07,0.06,0.0,0.0,0.0,0.0,0
0,tcp,ftp_data,SF,192,0,0,0,0,0,0,1,0,0,0,0,0,0,0,0,0,0,2,2,0.0,0.0,0.0,0.0,1.0,0.0,0.0,220,38,0.17,0.03,0.17,0.0,0.0,0.0,0.0,0.0,0
0,tcp,ftp_data,SF,334,0,0,0,0,0,0,1,0,0,0,0,0,0,0,0,0,0,1,1,0.0,0.0,0.0,0.0,1.0,0.0,0.0,1,5,1.0,0.0,1.0,0.6,0.0,0.0,0.0,0.0,1
0,tcp,http,SF,221,1246,0,0,0,0,0,1,0,0,0,0,0,0,0,0,0,0,17,17,0.0,0.0,0.0,0.0,1.0,0.0,0.0,23,255,1.0,0.0,0.04,0.08,0.0,0.0,0.26,0.86,0
0,tcp,smtp,SF,1682,325,0,0,0,0,0,1,0,0,0,0,0,0,0,0,0,0,1,1,0.0,0.0,0.0,0.0,1.0,0.0,0.0,26,183,0.88,0.15,0.04,0.01,0.0,0.0,0.0,0.0,0
0,tcp,ftp_data,SF,334,0,0,0,0,0,0,1,0,0,0,0,0,0,0,0,0,0,1,1,0.0,0.0,0.0,0.0,1.0,0.0,0.0,3,37,1.0,0.0,1.0,0.05,0.0,0.0,0.0,0.0,1
0,tcp,http,SF,324,887,0,0,0,0,0,1,0,0,0,0,0,0,0,0,0,0,6,6,0.0,0.0,0.0,0.0,1.0,0.0,0.0,39,255,1.0,0.0,0.03,0.02,0.0,0.0,0.0,0.0,0
0,tcp,http,SF,342,700,0,0,0,0,0,1,0,0,0,0,0,0,0,0,0,0,60,60,0.0,0.0,0.0,0.0,1.0,0.0,0.0,255,255,1.0,0.0,0.0,0.0,0.0,0.0,0.0,0.0,0
1,tcp,smtp,SF,1441,330,0,0,0,0,0,1,0,0,0,0,0,0,0,0,0,0,1,1,0.0,0.0,0.0,0.0,1.0,0.0,0.0,57,134,0.21,0.12,0.02,0.01,0.0,0.0,0.0,0.0,0
0,tcp,http,SF,204,604,0,0,0,0,0,1,0,0,0,0,0,0,0,0,0,0,4,7,0.0,0.0,0.0,0.0,1.0,0.0,0.29,116,196,1.0,0.0,0.01,0.02,0.0,0.0,0.0,0.0,0
0,tcp,http,REJ,0,0,0,0,0,0,0,0,0,0,0,0,0,0,0,0,0,0,1,2,0.0,0.0,1.0,1.0,1.0,0.0,1.0,12,255,1.0,0.0,0.08,0.04,0.0,0.0,1.0,0.34,0
0,tcp,http,SF,223,8867,0,0,0,0,0,1,0,0,0,0,0,0,0,0,0,0,1,1,0.0,0.0,0.0,0.0,1.0,0.0,0.0,1,255,1.0,0.0,1.0,0.02,0.0,0.0,0.0,0.0,0
0,tcp,http,SF,341,466,0,0,0,0,0,1,0,0,0,0,0,0,0,0,0,0,23,30,0.0,0.0,0.0,0.0,1.0,0.0,0.1,255,255,1.0,0.0,0.0,0.0,0.0,0.0,0.0,0.0,0
0,udp,domain_u,SF,42,42,0,0,0,0,0,0,0,0,0,0,0,0,0,0,0,0,8,17,0.0,0.0,0.0,0.0,1.0,0.0,0.29,255,255,1.0,0.0,0.0,0.0,0.0,0.0,0.0,0.0,0
0,tcp,smtp,SF,1056,282,0,0,0,0,0,1,0,0,0,0,0,0,0,0,0,0,1,1,0.0,0.0,0.0,0.0,1.0,0.0,0.0,36,15,0.42,0.08,0.03,0.0,0.0,0.0,0.0,0.0,0
0,tcp,ftp_data,SF,334,0,0,0,0,0,0,1,0,0,0,0,0,0,0,0,0,0,1,1,0.0,0.0,0.0,0.0,1.0,0.0,0.0,12,66,0.83,0.25,1.0,0.11,0.17,0.02,0.0,0.0,1
0,tcp,http,SF,182,9424,0,0,0,0,0,1,0,0,0,0,0,0,0,0,0,0,5,5,0.0,0.0,0.0,0.0,1.0,0.0,0.0,213,255,1.0,0.0,0.0,0.01,0.0,0.0,0.0,0.0,0
1,tcp,ftp,SF,1190,2447,0,0,0,28,0,1,0,0,0,0,0,0,0,0,0,1,1,1,0.0,0.0,0.0,0.0,1.0,0.0,0.0,255,133,0.52,0.02,0.0,0.0,0.0,0.0,0.0,0.0,1
1,tcp,ftp,SF,1140,2445,0,0,0,28,0,1,0,0,0,0,0,0,0,0,0,1,1,1,0.0,0.0,0.0,0.0,1.0,0.0,0.0,255,116,0.45,0.02,0.0,0.0,0.0,0.0,0.01,0.0,1
0,tcp,http,SF,206,1590,0,0,0,0,0,1,0,0,0,0,0,0,0,0,0,0,8,8,0.0,0.0,0.0,0.0,1.0,0.0,0.0,8,255,1.0,0.0,0.12,0.01,0.0,0.0,0.0,0.0,0
0,udp,domain_u,SF,44,133,0,0,0,0,0,0,0,0,0,0,0,0,0,0,0,0,70,285,0.0,0.0,0.0,0.0,1.0,0.0,0.01,128,200,0.88,0.02,0.88,0.01,0.0,0.0,0.09,0.0,0
0,tcp,imap4,SH,0,0,0,0,0,0,0,0,0,0,0,0,0,0,0,0,0,0,1,122,1.0,0.76,0.0,0.04,1.0,0.0,0.37,7,7,1.0,0.0,0.71,0.0,0.57,0.57,0.0,0.0,1
0,tcp,ftp_data,SF,246,0,0,0,0,0,0,1,0,0,0,0,0,0,0,0,0,0,2,2,0.0,0.0,0.0,0.0,1.0,0.0,0.0,255,69,0.27,0.08,0.32,0.0,0.01,0.01,0.0,0.0,1
0,udp,domain_u,SF,46,74,0,0,0,0,0,0,0,0,0,0,0,0,0,0,0,0,243,242,0.0,0.0,0.0,0.0,1.0,0.01,0.0,255,250,0.98,0.01,0.0,0.0,0.0,0.0,0.0,0.0,0
0,tcp,http,SF,300,4505,0,0,0,0,0,1,0,0,0,0,0,0,0,0,0,0,2,2,0.0,0.0,0.0,0.0,1.0,0.0,0.0,37,255,1.0,0.0,0.03,0.03,0.0,0.0,0.0,0.0,0
0,tcp,http,SF,332,1265,0,0,0,0,0,1,0,0,0,0,0,0,0,0,0,0,21,21,0.0,0.0,0.0,0.0,1.0,0.0,0.0,58,255,1.0,0.0,0.02,0.04,0.0,0.0,0.0,0.0,0
0,tcp,http,SF,293,868,0,0,0,0,0,1,0,0,0,0,0,0,0,0,0,0,9,9,0.0,0.0,0.0,0.0,1.0,0.0,0.0,255,255,1.0,0.0,0.0,0.0,0.0,0.0,0.0,0.0,0
15160,tcp,ftp,SF,354,1191,0,0,0,5,0,1,0,0,0,0,0,0,0,0,0,1,1,1,0.0,0.0,0.0,0.0,1.0,0.0,0.0,255,143,0.56,0.02,0.0,0.0,0.0,0.0,0.0,0.0,1
7605,udp,other,SF,146,105,0,0,0,0,0,0,0,0,0,0,0,0,0,0,0,0,1,1,0.0,0.0,0.0,0.0,1.0,0.0,0.0,255,1,0.0,0.65,0.98,0.0,0.0,0.0,0.0,0.0,0
0,tcp,ftp_data,SF,246,0,0,0,0,0,0,1,0,0,0,0,0,0,0,0,0,0,1,1,0.0,0.0,0.0,0.0,1.0,0.0,0.0,1,35,1.0,0.0,1.0,0.17,0.0,0.03,0.0,0.0,1
2620,udp,other,SF,147,105,0,0,0,0,0,0,0,0,0,0,0,0,0,0,0,0,3,2,0.0,0.0,0.0,0.0,0.67,0.67,0.0,255,2,0.01,0.85,1.0,0.0,0.0,0.0,0.0,0.0,0
0,tcp,http,SF,290,9627,0,0,0,0,0,1,0,0,0,0,0,0,0,0,0,0,16,16,0.0,0.0,0.0,0.0,1.0,0.0,0.0,16,23,1.0,0.0,0.06,0.09,0.0,0.0,0.0,0.0,0
529,udp,other,SF,146,105,0,0,0,0,0,0,0,0,0,0,0,0,0,0,0,0,1,1,0.0,0.0,0.0,0.0,1.0,0.0,0.0,255,1,0.0,0.64,0.96,0.0,0.0,0.0,0.0,0.0,0
2,tcp,IRC,SF,84,18,0,0,0,0,0,1,0,0,0,0,0,0,0,0,0,0,1,1,0.0,0.0,0.0,0.0,1.0,0.0,0.0,69,7,0.1,0.03,0.01,0.0,0.0,0.0,0.07,0.71,0
0,tcp,http,SF,225,1484,0,0,0,0,0,1,0,0,0,0,0,0,0,0,0,0,9,9,0.0,0.0,0.0,0.0,1.0,0.0,0.0,26,255,1.0,0.0,0.04,0.04,0.0,0.0,0.0,0.0,0
0,tcp,http,SF,206,278,0,0,0,0,0,1,0,0,0,0,0,0,0,0,0,0,8,10,0.0,0.0,0.0,0.0,1.0,0.0,0.3,255,255,1.0,0.0,0.0,0.0,0.0,0.0,0.0,0.0,0
0,tcp,http,REJ,0,0,0,0,0,0,0,0,0,0,0,0,0,0,0,0,0,0,1,1,0.0,0.0,1.0,1.0,1.0,0.0,0.0,53,255,1.0,0.0,0.02,0.11,0.0,0.0,1.0,0.79,0
0,tcp,telnet,RSTR,126,179,0,0,0,2,1,0,0,0,0,0,0,0,0,0,0,0,1,1,0.0,0.0,1.0,1.0,1.0,0.0,0.0,40,40,1.0,0.0,0.03,0.0,0.05,0.05,0.95,0.95,1
0,tcp,http,SF,216,1311,0,0,0,0,0,1,0,0,0,0,0,0,0,0,0,0,6,6,0.0,0.0,0.0,0.0,1.0,0.0,0.0,6,255,1.0,0.0,0.17,0.03,0.0,0.0,0.0,0.0,0
0,tcp,http,SF,178,683,0,0,0,0,0,1,0,0,0,0,0,0,0,0,0,0,3,3,0.0,0.0,0.0,0.0,1.0,0.0,0.0,13,23,1.0,0.0,0.08,0.09,0.0,0.0,0.0,0.0,0
1,tcp,smtp,SF,2085,325,0,0,0,0,0,1,0,0,0,0,0,0,0,0,0,0,1,3,0.0,0.0,0.0,0.0,1.0,0.0,1.0,151,71,0.47,0.02,0.01,0.0,0.0,0.0,0.0,0.0,0
0,tcp,http,SF,273,350,0,0,0,0,0,1,0,0,0,0,0,0,0,0,0,0,5,6,0.0,0.17,0.0,0.0,1.0,0.0,0.33,255,255,1.0,0.0,0.0,0.0,0.0,0.0,0.0,0.0,0
0,tcp,http,SF,213,2713,0,0,0,0,0,1,0,0,0,0,0,0,0,0,0,0,1,1,0.0,0.0,0.0,0.0,1.0,0.0,0.0,1,255,1.0,0.0,1.0,0.05,0.0,0.0,0.0,0.0,0
2,tcp,smtp,SF,643,330,0,0,0,0,0,1,0,0,0,0,0,0,0,0,0,0,1,1,0.0,0.0,0.0,0.0,1.0,0.0,0.0,161,131,0.67,0.04,0.01,0.02,0.0,0.0,0.0,0.0,0
0,tcp,ftp_data,SF,334,0,0,0,0,0,0,1,0,0,0,0,0,0,0,0,0,0,1,1,0.0,0.0,0.0,0.0,1.0,0.0,0.0,7,41,1.0,0.0,1.0,0.15,0.0,0.0,0.0,0.0,1
0,tcp,smtp,SF,1380,325,0,0,0,0,0,1,0,0,0,0,0,0,0,0,0,0,1,4,0.0,0.0,0.0,0.0,1.0,0.0,1.0,131,94,0.72,0.04,0.01,0.0,0.02,0.0,0.0,0.0,0
0,tcp,http,SF,252,451,0,0,0,0,0,1,0,0,0,0,0,0,0,0,0,0,3,3,0.0,0.0,0.0,0.0,1.0,0.0,0.0,255,255,1.0,0.0,0.0,0.0,0.0,0.0,0.0,0.0,0
0,tcp,http,SF,297,1828,0,0,0,0,0,1,0,0,0,0,0,0,0,0,0,0,9,9,0.0,0.0,0.0,0.0,1.0,0.0,0.0,255,255,1.0,0.0,0.0,0.0,0.0,0.0,0.0,0.0,0
0,udp,domain_u,SF,45,79,0,0,0,0,0,0,0,0,0,0,0,0,0,0,0,0,172,172,0.0,0.0,0.0,0.0,1.0,0.0,0.0,255,254,1.0,0.01,0.0,0.0,0.0,0.0,0.0,0.0,0
0,tcp,http,SF,257,1065,0,0,0,0,0,1,0,0,0,0,0,0,0,0,0,0,28,110,0.0,0.0,0.0,0.0,1.0,0.0,0.12,255,255,1.0,0.0,0.0,0.0,0.0,0.0,0.0,0.0,0
0,tcp,ftp_data,SF,334,0,0,0,0,0,0,1,0,0,0,0,0,0,0,0,0,0,2,2,0.0,0.0,0.0,0.0,1.0,0.0,0.0,7,19,1.0,0.0,1.0,0.21,0.0,0.0,0.0,0.0,1
0,tcp,http,SF,229,1445,0,0,0,0,0,1,0,0,0,0,0,0,0,0,0,0,19,19,0.0,0.0,0.0,0.0,1.0,0.0,0.0,19,255,1.0,0.0,0.05,0.03,0.0,0.01,0.0,0.0,0
1,tcp,http,SF,353,759161,0,0,0,9,0,1,0,1,0,0,0,0,0,0,0,0,1,1,0.0,0.0,0.0,0.0,1.0,0.0,0.0,255,255,1.0,0.0,0.0,0.0,0.0,0.0,0.0,0.0,0
23,tcp,ftp,SF,318,1054,0,0,0,6,0,1,0,0,0,0,0,0,0,0,0,1,1,1,0.0,0.0,0.0,0.0,1.0,0.0,0.0,137,32,0.23,0.05,0.01,0.0,0.0,0.0,0.0,0.0,0
0,udp,domain_u,SF,44,132,0,0,0,0,0,0,0,0,0,0,0,0,0,0,0,0,149,229,0.0,0.0,0.0,0.0,1.0,0.0,0.01,255,255,1.0,0.0,0.0,0.0,0.0,0.0,0.0,0.0,0
0,tcp,smtp,SF,796,333,0,0,0,0,0,1,0,0,0,0,0,0,0,0,0,0,1,2,0.0,0.0,0.0,0.0,1.0,0.0,1.0,152,222,0.88,0.03,0.01,0.01,0.0,0.0,0.01,0.03,0
0,tcp,http,SF,224,613,0,0,0,0,0,1,0,0,0,0,0,0,0,0,0,0,1,3,0.0,0.0,0.0,0.0,1.0,0.0,0.67,1,255,1.0,0.0,1.0,0.02,0.0,0.0,0.0,0.0,0
0,tcp,ftp_data,SF,1339,0,0,0,0,0,0,0,0,0,0,0,0,0,0,0,0,0,2,2,0.0,0.0,0.0,0.0,1.0,0.0,0.0,134,31,0.23,0.04,0.23,0.0,0.02,0.0,0.0,0.0,0
0,udp,domain_u,SF,45,45,0,0,0,0,0,0,0,0,0,0,0,0,0,0,0,0,130,210,0.0,0.0,0.0,0.0,1.0,0.0,0.01,255,254,1.0,0.01,0.01,0.0,0.0,0.0,0.0,0.0,0
0,tcp,http,SF,217,33640,0,0,0,0,0,1,0,0,0,0,0,0,0,0,0,0,5,5,0.0,0.0,0.0,0.0,1.0,0.0,0.0,5,255,1.0,0.0,0.2,0.01,0.0,0.0,0.0,0.0,0
5052,tcp,ftp_data,SF,5135678,0,0,0,0,5,0,1,0,0,0,0,0,0,0,0,0,0,1,1,0.0,0.0,0.0,0.0,1.0,0.0,0.0,5,32,1.0,0.0,1.0,0.12,0.0,0.0,0.0,0.0,1
0,tcp,http,REJ,0,0,0,0,0,0,0,0,0,0,0,0,0,0,0,0,0,0,1,1,0.0,0.0,1.0,1.0,1.0,0.0,0.0,14,255,1.0,0.0,0.07,0.08,0.0,0.0,1.0,0.84,0
2,tcp,smtp,SF,630,325,0,0,0,0,0,1,0,0,0,0,0,0,0,0,0,0,1,1,0.0,0.0,0.0,0.0,1.0,0.0,0.0,11,5,0.45,0.18,0.09,0.0,0.0,0.0,0.0,0.0,0
0,udp,domain_u,SF,43,131,0,0,0,0,0,0,0,0,0,0,0,0,0,0,0,0,2,2,0.0,0.0,0.0,0.0,1.0,0.0,0.0,124,72,0.58,0.03,0.01,0.0,0.0,0.0,0.0,0.0,0
0,tcp,http,SF,234,2189,0,0,0,0,0,1,0,0,0,0,0,0,0,0,0,0,11,11,0.0,0.0,0.0,0.0,1.0,0.0,0.0,49,255,1.0,0.0,0.02,0.04,0.0,0.0,0.0,0.0,0
0,tcp,http,SF,199,1246,0,0,0,0,0,1,0,0,0,0,0,0,0,0,0,0,22,22,0.0,0.0,0.0,0.0,1.0,0.0,0.0,36,255,1.0,0.0,0.03,0.04,0.0,0.01,0.03,0.01,0
0,tcp,http,SF,329,332,0,0,0,0,0,1,0,0,0,0,0,0,0,0,0,0,3,25,0.0,0.0,0.0,0.0,1.0,0.0,0.16,255,255,1.0,0.0,0.0,0.0,0.0,0.0,0.0,0.0,0
0,tcp,http,SF,316,6367,0,0,0,0,0,1,0,0,0,0,0,0,0,0,0,0,33,33,0.0,0.0,0.0,0.0,1.0,0.0,0.0,255,255,1.0,0.0,0.01,0.0,0.0,0.0,0.0,0.0,0
21,tcp,ftp,SF,240,773,0,0,0,4,0,1,0,0,0,0,0,0,0,0,0,1,1,1,0.0,0.0,0.0,0.0,1.0,0.0,0.0,255,58,0.23,0.02,0.0,0.0,0.0,0.0,0.0,0.0,0
0,udp,domain_u,SF,43,75,0,0,0,0,0,0,0,0,0,0,0,0,0,0,0,0,194,194,0.0,0.0,0.0,0.0,1.0,0.0,0.0,255,255,1.0,0.0,0.01,0.0,0.0,0.0,0.0,0.0,0
0,tcp,ftp_data,SF,334,0,0,0,0,0,0,1,0,0,0,0,0,0,0,0,0,0,1,1,0.0,0.0,0.0,0.0,1.0,0.0,0.0,4,29,1.0,0.0,1.0,0.17,0.0,0.03,0.0,0.0,1
0,tcp,http,SF,209,1863,0,0,0,0,0,1,0,0,0,0,0,0,0,0,0,0,11,11,0.0,0.0,0.0,0.0,1.0,0.0,0.0,255,255,1.0,0.0,0.0,0.0,0.0,0.0,0.0,0.0,0
0,tcp,http,SF,305,594,0,0,0,0,0,1,0,0,0,0,0,0,0,0,0,0,25,46,0.04,0.07,0.0,0.0,1.0,0.0,0.07,191,255,1.0,0.0,0.01,0.02,0.01,0.01,0.01,0.01,0
0,udp,domain_u,SF,45,133,0,0,0,0,0,0,0,0,0,0,0,0,0,0,0,0,64,144,0.0,0.0,0.0,0.0,1.0,0.0,0.01,255,255,1.0,0.0,0.0,0.0,0.0,0.0,0.0,0.0,0
0,tcp,http,SF,249,6545,0,0,0,0,0,1,0,0,0,0,0,0,0,0,0,0,1,1,0.0,0.0,0.0,0.0,1.0,0.0,0.0,85,255,1.0,0.0,0.01,0.02,0.0,0.0,0.0,0.0,0
0,tcp,smtp,SF,2258,333,0,0,0,0,0,1,0,0,0,0,0,0,0,0,0,0,1,1,0.0,0.0,0.0,0.0,1.0,0.0,0.0,146,116,0.34,0.05,0.01,0.02,0.0,0.0,0.0,0.0,0
0,tcp,http,SF,199,2200,0,0,0,0,0,1,0,0,0,0,0,0,0,0,0,0,10,10,0.0,0.0,0.0,0.0,1.0,0.0,0.0,10,255,1.0,0.0,0.1,0.08,0.0,0.0,0.0,0.46,0
1,tcp,ftp,SF,1215,2449,0,0,0,28,0,1,0,0,0,0,0,0,0,0,0,1,1,1,0.0,0.0,0.0,0.0,1.0,0.0,0.0,255,95,0.37,0.02,0.0,0.0,0.0,0.0,0.0,0.0,1
0,udp,domain_u,SF,42,42,0,0,0,0,0,0,0,0,0,0,0,0,0,0,0,0,5,13,0.0,0.0,0.0,0.0,1.0,0.0,0.23,255,234,0.92,0.01,0.0,0.0,0.0,0.0,0.0,0.0,0
0,tcp,ftp_data,SF,567,0,0,0,0,0,0,1,0,0,0,6,0,0,0,0,0,0,4,3,0.0,0.0,0.0,0.0,0.5,0.5,0.67,255,51,0.2,0.03,0.2,0.0,0.0,0.0,0.0,0.0,0
0,tcp,http,SF,198,1427,0,0,0,0,0,1,0,0,0,0,0,0,0,0,0,0,20,20,0.0,0.0,0.0,0.0,1.0,0.0,0.0,20,255,1.0,0.0,0.05,0.04,0.0,0.0,0.0,0.0,0
0,tcp,smtp,REJ,0,0,0,0,0,0,0,0,0,0,0,0,0,0,0,0,0,0,1,1,0.0,0.0,1.0,1.0,1.0,0.0,0.0,247,78,0.29,0.02,0.0,0.03,0.0,0.0,0.01,0.04,0
0,tcp,ftp_data,SF,10389,0,0,0,0,0,0,1,0,0,0,0,0,0,0,0,0,0,7,9,0.0,0.0,0.0,0.0,1.0,0.0,0.22,255,95,0.37,0.02,0.37,0.0,0.0,0.0,0.02,0.0,0
0,tcp,http,SF,198,5501,0,0,0,0,0,1,0,0,0,0,0,0,0,0,0,0,1,1,0.0,0.0,0.0,0.0,1.0,0.0,0.0,1,1,1.0,0.0,1.0,0.0,0.0,0.0,0.0,0.0,0
0,tcp,http,SF,291,1340,0,0,0,0,0,1,0,0,0,0,0,0,0,0,0,0,5,20,0.0,0.0,0.0,0.0,1.0,0.0,0.15,130,255,1.0,0.0,0.01,0.03,0.0,0.0,0.0,0.01,0
0,tcp,http,SF,229,1075,0,0,0,0,0,1,0,0,0,0,0,0,0,0,0,0,5,5,0.0,0.0,0.0,0.0,1.0,0.0,0.0,255,253,0.99,0.01,0.0,0.0,0.0,0.0,0.02,0.02,0
0,tcp,http,SF,256,1033,0,0,0,0,0,1,0,0,0,0,0,0,0,0,0,0,21,24,0.0,0.0,0.0,0.0,1.0,0.0,0.17,255,255,1.0,0.0,0.0,0.0,0.0,0.0,0.0,0.0,0
0,tcp,ftp_data,SF,334,0,0,0,0,0,0,1,0,0,0,0,0,0,0,0,0,0,2,2,0.0,0.0,0.0,0.0,1.0,0.0,0.0,9,34,1.0,0.0,1.0,0.15,0.0,0.0,0.0,0.0,1
0,tcp,ftp_data,SF,1030,0,0,0,0,0,0,1,0,0,0,0,0,0,0,0,0,0,2,2,0.0,0.0,0.0,0.0,1.0,0.0,0.0,90,68,0.6,0.04,0.6,0.03,0.0,0.0,0.0,0.0,0
0,tcp,ftp_data,SF,59,0,0,0,0,0,0,1,0,0,0,0,0,0,0,0,0,0,11,11,0.0,0.0,0.0,0.0,1.0,0.0,0.0,140,119,0.71,0.02,0.71,0.02,0.0,0.0,0.0,0.0,0
0,tcp,http,SF,328,2943,0,0,0,0,0,1,0,0,0,0,0,0,0,0,0,0,5,9,0.0,0.11,0.0,0.0,1.0,0.0,0.33,255,255,1.0,0.0,0.0,0.0,0.0,0.0,0.0,0.0,0
5057,tcp,ftp,SF,1064,2284,0,0,0,20,0,1,0,0,0,0,0,0,0,0,0,1,1,1,0.0,0.0,0.0,0.0,1.0,0.0,0.0,255,25,0.1,0.02,0.0,0.0,0.12,0.0,0.0,0.0,1
0,tcp,smtp,SF,543,280,0,0,0,0,0,1,0,0,0,0,0,0,0,0,0,0,1,1,0.0,0.0,0.0,0.0,1.0,0.0,0.0,148,112,0.76,0.03,0.01,0.0,0.0,0.0,0.0,0.0,0
0,tcp,http,SF,338,283,0,0,0,0,0,1,0,0,0,0,0,0,0,0,0,0,2,2,0.0,0.0,0.0,0.0,1.0,0.0,0.0,255,237,0.93,0.01,0.0,0.0,0.0,0.0,0.0,0.0,0
1214,udp,other,SF,146,105,0,0,0,0,0,0,0,0,0,0,0,0,0,0,0,0,4,1,0.0,0.0,0.0,0.0,0.25,0.75,0.0,64,1,0.02,0.52,0.72,0.0,0.0,0.0,0.0,0.0,0
0,tcp,http,SF,235,696,0,0,0,0,0,1,0,0,0,0,0,0,0,0,0,0,18,18,0.0,0.0,0.0,0.0,1.0,0.0,0.0,83,133,1.0,0.0,0.01,0.05,0.0,0.0,0.0,0.0,0
0,tcp,ftp_data,SF,5558,0,0,0,0,0,0,1,0,0,0,0,0,0,0,0,0,0,14,14,0.0,0.0,0.0,0.0,1.0,0.0,0.0,194,82,0.34,0.04,0.34,0.02,0.0,0.0,0.0,0.0,0
0,tcp,smtp,SF,2021,331,0,0,0,0,0,0,0,0,0,0,0,0,0,0,0,0,1,1,0.0,0.0,0.0,0.0,1.0,0.0,0.0,95,192,0.73,0.02,0.01,0.01,0.01,0.0,0.0,0.0,0
0,tcp,smtp,SF,802,341,0,0,0,0,0,1,0,0,0,0,0,0,0,0,0,0,1,1,0.0,0.0,0.0,0.0,1.0,0.0,0.0,118,177,0.81,0.03,0.01,0.01,0.0,0.0,0.0,0.0,0
0,tcp,http,SF,301,1501,0,0,0,0,0,1,0,0,0,0,0,0,0,0,0,0,21,22,0.05,0.05,0.0,0.0,1.0,0.0,0.09,126,255,1.0,0.0,0.01,0.01,0.01,0.0,0.0,0.0,0
0,tcp,http,SF,300,2280,0,0,0,0,0,1,0,0,0,0,0,0,0,0,0,0,19,22,0.0,0.0,0.0,0.0,1.0,0.0,0.14,220,255,1.0,0.0,0.0,0.01,0.0,0.0,0.0,0.0,0
0,tcp,http,SF,227,2068,0,0,0,0,0,1,0,0,0,0,0,0,0,0,0,0,19,19,0.0,0.0,0.0,0.0,1.0,0.0,0.0,138,255,1.0,0.0,0.01,0.01,0.0,0.0,0.0,0.0,0
0,tcp,smtp,SF,808,331,0,0,0,0,0,1,0,0,0,0,0,0,0,0,0,0,1,1,0.0,0.0,0.0,0.0,1.0,0.0,0.0,152,177,0.71,0.03,0.01,0.01,0.0,0.0,0.0,0.0,0
0,tcp,http,SF,238,807,0,0,0,0,0,1,0,0,0,0,0,0,0,0,0,0,9,9,0.0,0.0,0.0,0.0,1.0,0.0,0.0,58,255,1.0,0.0,0.02,0.01,0.0,0.0,0.0,0.0,0
0,tcp,http,SF,197,7203,0,0,0,0,0,1,0,0,0,0,0,0,0,0,0,0,17,17,0.06,0.06,0.0,0.0,1.0,0.0,0.0,183,255,1.0,0.0,0.01,0.01,0.01,0.01,0.0,0.0,0
3,tcp,telnet,SF,106,2880,0,0,0,0,0,1,0,0,0,0,0,0,0,0,0,0,1,1,0.0,0.0,0.0,0.0,1.0,0.0,0.0,95,5,0.03,0.04,0.01,0.6,0.0,0.2,0.0,0.0,0
4,tcp,smtp,S2,966,413,0,0,0,2,0,1,0,0,0,0,0,0,0,0,0,0,1,1,1.0,1.0,0.0,0.0,1.0,0.0,0.0,38,182,0.76,0.08,0.03,0.02,0.03,0.02,0.0,0.0,0
0,tcp,ftp_data,SF,334,0,0,0,0,0,0,1,0,0,0,0,0,0,0,0,0,0,2,2,0.0,0.0,0.0,0.0,1.0,0.0,0.0,2,36,1.0,0.0,1.0,0.17,0.0,0.0,0.0,0.0,1
0,tcp,http,SF,250,270,0,0,0,0,0,1,0,0,0,0,0,0,0,0,0,0,5,5,0.0,0.0,0.0,0.0,1.0,0.0,0.0,255,240,0.94,0.01,0.0,0.0,0.0,0.0,0.0,0.0,0
0,tcp,http,SF,317,7524,0,0,0,0,0,1,0,0,0,0,0,0,0,0,0,0,23,23,0.0,0.0,0.0,0.0,1.0,0.0,0.0,255,255,1.0,0.0,0.0,0.0,0.0,0.0,0.0,0.0,0
0,tcp,smtp,SF,1154,333,0,0,0,0,0,1,0,0,0,0,0,0,0,0,0,0,1,1,0.0,0.0,0.0,0.0,1.0,0.0,0.0,27,169,0.89,0.07,0.04,0.02,0.0,0.0,0.0,0.0,0
0,tcp,http,REJ,0,0,0,0,0,0,0,0,0,0,0,0,0,0,0,0,0,0,1,2,0.0,0.0,1.0,1.0,1.0,0.0,1.0,59,231,1.0,0.0,0.02,0.16,0.0,0.0,0.93,0.98,0
0,tcp,http,SF,231,1094,0,0,0,0,0,1,0,0,0,0,0,0,0,0,0,0,18,18,0.0,0.0,0.0,0.0,1.0,0.0,0.0,18,88,1.0,0.0,0.06,0.05,0.0,0.0,0.0,0.0,0
0,tcp,http,SF,279,307,0,0,0,0,0,1,0,0,0,0,0,0,0,0,0,0,12,14,0.0,0.0,0.0,0.0,1.0,0.0,0.14,12,249,1.0,0.0,0.08,0.12,0.0,0.0,0.0,0.9,0
0,tcp,ftp_data,SF,7012,0,0,0,0,0,0,1,0,0,0,0,0,0,0,0,0,0,6,6,0.0,0.0,0.0,0.0,1.0,0.0,0.0,65,81,0.34,0.09,0.34,0.02,0.0,0.0,0.0,0.0,0
0,tcp,http,SF,201,1701,0,0,0,0,0,1,0,0,0,0,0,0,0,0,0,0,7,7,0.0,0.0,0.0,0.0,1.0,0.0,0.0,32,255,1.0,0.0,0.03,0.04,0.0,0.0,0.0,0.0,0
0,udp,domain_u,SF,46,128,0,0,0,0,0,0,0,0,0,0,0,0,0,0,0,0,68,148,0.0,0.0,0.0,0.0,0.99,0.03,0.01,255,236,0.93,0.01,0.0,0.0,0.0,0.0,0.0,0.0,0
0,udp,domain_u,SF,45,130,0,0,0,0,0,0,0,0,0,0,0,0,0,0,0,0,73,153,0.0,0.0,0.0,0.0,1.0,0.0,0.01,255,254,1.0,0.01,0.0,0.0,0.0,0.0,0.0,0.0,0
11544,tcp,telnet,SF,3013,47027,0,0,0,0,0,1,2,0,0,4,15,0,0,0,0,0,1,1,0.0,0.0,0.0,0.0,1.0,0.0,0.0,255,51,0.2,0.02,0.0,0.0,0.58,0.75,0.0,0.0,0
0,tcp,http,SF,258,370,0,0,0,0,0,1,0,0,0,0,0,0,0,0,0,0,21,21,0.0,0.0,0.0,0.0,1.0,0.0,0.0,255,255,1.0,0.0,0.0,0.0,0.0,0.0,0.0,0.0,0
0,tcp,ftp_data,SF,334,0,0,0,0,0,0,1,0,0,0,0,0,0,0,0,0,0,1,1,0.0,0.0,0.0,0.0,1.0,0.0,0.0,13,49,1.0,0.0,1.0,0.14,0.0,0.0,0.0,0.0,1
0,tcp,http,SF,249,2081,0,0,0,0,0,1,0,0,0,0,0,0,0,0,0,0,3,3,0.0,0.0,0.0,0.0,1.0,0.0,0.0,3,255,1.0,0.0,0.33,0.05,0.0,0.0,0.0,0.0,0
0,tcp,ftp_data,SF,1376,0,0,0,0,0,0,0,0,0,0,0,0,0,0,0,0,0,2,2,0.0,0.0,0.0,0.0,1.0,0.0,0.0,255,101,0.4,0.03,0.4,0.0,0.0,0.0,0.0,0.0,0
0,tcp,http,SF,243,10564,0,0,0,0,0,1,0,0,0,0,0,0,0,0,0,0,1,41,0.0,0.0,0.0,0.0,1.0,0.0,0.05,54,57,1.0,0.0,0.02,0.04,0.02,0.02,0.0,0.0,0
0,udp,domain_u,SF,45,134,0,0,0,0,0,0,0,0,0,0,0,0,0,0,0,0,71,151,0.0,0.0,0.0,0.0,1.0,0.0,0.01,255,246,0.96,0.01,0.0,0.0,0.0,0.0,0.0,0.0,0
0,tcp,http,S1,488,12557,0,0,0,0,0,1,0,0,0,0,0,0,0,0,0,0,4,4,0.25,0.25,0.0,0.0,1.0,0.0,0.0,255,255,1.0,0.0,0.0,0.0,0.0,0.0,0.0,0.0,0
0,tcp,ftp_data,SF,319,0,0,0,0,0,0,1,0,0,0,1,0,0,0,0,0,0,2,2,0.0,0.0,0.0,0.0,1.0,0.0,0.0,107,13,0.07,0.06,0.07,0.15,0.0,0.0,0.0,0.0,0
0,tcp,http,SF,277,6090,0,0,0,0,0,1,0,0,0,0,0,0,0,0,0,0,3,3,0.0,0.0,0.0,0.0,1.0,0.0,0.0,9,255,1.0,0.0,0.11,0.05,0.0,0.0,0.0,0.0,0
24,tcp,ftp,SF,240,774,0,0,0,4,0,1,0,0,0,0,0,0,0,0,0,1,1,1,0.0,0.0,0.0,0.0,1.0,0.0,0.0,241,46,0.19,0.02,0.0,0.0,0.0,0.0,0.0,0.0,0
0,tcp,http,SF,209,616,0,0,0,0,0,1,0,0,0,0,0,0,0,0,0,0,6,6,0.0,0.0,0.0,0.0,1.0,0.0,0.0,49,255,1.0,0.0,0.02,0.02,0.0,0.0,0.02,0.0,0
5048,tcp,ftp_data,SF,5135678,0,0,0,0,4,0,1,0,0,0,0,0,0,0,0,0,0,1,1,0.0,0.0,0.0,0.0,1.0,0.0,0.0,9,39,1.0,0.0,1.0,0.13,0.0,0.0,0.0,0.0,1
0,tcp,http,SF,302,10063,0,0,0,0,0,1,0,0,0,0,0,0,0,0,0,0,16,16,0.0,0.0,0.0,0.0,1.0,0.0,0.0,186,255,1.0,0.0,0.01,0.02,0.0,0.0,0.0,0.0,0
1,tcp,smtp,SF,1195,542,0,0,0,0,0,1,0,0,0,0,0,0,0,0,0,0,1,1,0.0,0.0,0.0,0.0,1.0,0.0,0.0,127,89,0.17,0.03,0.01,0.02,0.0,0.0,0.0,0.0,0
0,tcp,http,SF,219,1896,0,0,0,0,0,1,0,0,0,0,0,0,0,0,0,0,15,16,0.0,0.0,0.0,0.0,1.0,0.0,0.12,255,255,1.0,0.0,0.0,0.0,0.0,0.0,0.0,0.0,0
0,tcp,ftp_data,SF,748,0,0,0,0,0,0,1,0,0,0,9,0,0,0,0,0,0,1,1,0.0,0.0,0.0,0.0,1.0,0.0,0.0,120,36,0.12,0.59,0.11,0.06,0.0,0.0,0.55,0.03,0
0,tcp,smtp,SF,754,403,0,0,0,0,0,1,0,0,0,0,0,0,0,0,0,0,2,1,0.0,0.0,0.0,0.0,0.5,1.0,0.0,39,231,0.59,0.08,0.03,0.01,0.38,0.0,0.0,0.0,0
0,tcp,ftp_data,SF,1556,0,0,0,0,0,0,1,0,0,0,0,0,0,0,0,0,0,15,15,0.0,0.0,0.0,0.0,1.0,0.0,0.0,255,99,0.39,0.04,0.41,0.0,0.0,0.01,0.0,0.0,0
0,udp,domain_u,SF,44,150,0,0,0,0,0,0,0,0,0,0,0,0,0,0,0,0,133,215,0.0,0.0,0.0,0.0,1.0,0.0,0.02,255,254,1.0,0.01,0.0,0.0,0.0,0.0,0.0,0.0,0
910,udp,other,SF,147,105,0,0,0,0,0,0,0,0,0,0,0,0,0,0,0,0,1,1,0.0,0.0,0.0,0.0,1.0,0.0,0.0,255,3,0.01,0.73,0.97,0.0,0.0,0.0,0.0,0.0,0
2,tcp,ftp,SF,1244,2449,0,0,0,28,0,1,0,0,0,0,0,0,0,0,0,1,1,1,0.0,0.0,0.0,0.0,1.0,0.0,0.0,255,96,0.38,0.02,0.0,0.0,0.0,0.0,0.01,0.0,1
0,tcp,http,SF,336,1533,0,0,0,0,0,1,0,0,0,0,0,0,0,0,0,0,4,5,0.0,0.0,0.0,0.0,1.0,0.0,0.4,81,118,1.0,0.0,0.01,0.02,0.0,0.0,0.0,0.0,0
4,tcp,smtp,SF,2359,329,0,0,0,0,0,1,0,0,0,0,0,0,0,0,0,0,1,2,0.0,0.0,0.0,0.0,1.0,0.0,1.0,176,106,0.6,0.02,0.01,0.0,0.0,0.0,0.0,0.0,0
0,tcp,http,SF,216,1302,0,0,0,0,0,1,0,0,0,0,0,0,0,0,0,0,3,3,0.0,0.0,0.0,0.0,1.0,0.0,0.0,3,255,1.0,0.0,0.33,0.05,0.0,0.0,0.0,0.0,0
0,tcp,ftp_data,SF,12,0,0,0,0,0,0,0,0,0,0,0,0,0,0,0,0,0,1,1,0.0,0.0,0.0,0.0,1.0,0.0,0.0,39,5,0.13,0.1,0.13,0.0,0.0,0.0,0.03,0.0,0
0,tcp,ftp_data,SF,1699,0,0,0,0,0,0,1,0,0,0,0,0,0,0,0,0,0,4,4,0.0,0.0,0.0,0.0,1.0,0.0,0.0,255,102,0.4,0.02,0.4,0.0,0.0,0.0,0.0,0.0,0
0,tcp,http,SF,222,955,0,0,0,0,0,1,0,0,0,0,0,0,0,0,0,0,12,12,0.08,0.08,0.0,0.0,1.0,0.0,0.0,11,255,1.0,0.0,0.09,0.02,0.0,0.0,0.0,0.0,0
0,tcp,ftp_data,SF,334,0,0,0,0,0,0,1,0,0,0,0,0,0,0,0,0,0,2,2,0.0,0.0,0.0,0.0,1.0,0.0,0.0,4,48,1.0,0.0,1.0,0.08,0.0,0.0,0.0,0.0,1
0,tcp,http,SF,203,595,0,0,0,0,0,1,0,0,0,0,0,0,0,0,0,0,11,12,0.0,0.0,0.0,0.0,1.0,0.0,0.17,94,255,1.0,0.0,0.01,0.02,0.0,0.0,0.0,0.0,0
0,tcp,smtp,SF,2095,333,0,0,0,0,0,1,0,0,0,0,0,0,0,0,0,0,1,3,0.0,0.0,0.0,0.0,1.0,0.0,1.0,255,124,0.49,0.02,0.0,0.0,0.0,0.01,0.0,0.0,0
0,tcp,http,SF,331,1719,0,0,0,0,0,1,0,0,0,0,0,0,0,0,0,0,5,5,0.0,0.0,0.0,0.0,1.0,0.0,0.0,255,255,1.0,0.0,0.0,0.0,0.0,0.0,0.0,0.0,0
0,tcp,other,SF,10272,0,0,0,0,0,0,1,0,0,0,0,1,0,0,0,0,0,8,1,0.12,0.0,0.0,0.0,0.12,0.75,0.0,80,1,0.01,0.1,0.25,0.0,0.03,0.0,0.0,0.0,0
2,tcp,ftp,SF,1226,2451,0,0,0,28,0,1,0,0,0,0,0,0,0,0,0,1,1,1,0.0,0.0,0.0,0.0,1.0,0.0,0.0,255,83,0.33,0.02,0.01,0.0,0.0,0.0,0.01,0.0,1
0,tcp,http,SF,360,409,0,0,0,0,0,1,0,0,0,0,0,0,0,0,0,0,41,41,0.0,0.0,0.0,0.0,1.0,0.0,0.0,255,255,1.0,0.0,0.0,0.0,0.0,0.0,0.0,0.0,0
0,tcp,http,REJ,0,0,0,0,0,0,0,0,0,0,0,0,0,0,0,0,0,0,1,1,0.0,0.0,1.0,1.0,1.0,0.0,0.0,47,255,1.0,0.0,0.02,0.09,0.0,0.0,1.0,1.0,0
0,tcp,http,SF,202,4768,0,0,0,0,0,1,0,0,0,0,0,0,0,0,0,0,12,12,0.0,0.0,0.0,0.0,1.0,0.0,0.0,255,255,1.0,0.0,0.0,0.0,0.0,0.0,0.0,0.0,0
0,udp,domain_u,SF,45,77,0,0,0,0,0,0,0,0,0,0,0,0,0,0,0,0,115,115,0.0,0.0,0.0,0.0,1.0,0.0,0.0,255,254,1.0,0.01,0.01,0.0,0.0,0.0,0.0,0.0,0
0,tcp,http,SF,250,7176,0,0,0,0,0,1,0,0,0,0,0,0,0,0,0,0,6,6,0.0,0.0,0.0,0.0,1.0,0.0,0.0,255,255,1.0,0.0,0.0,0.0,0.0,0.0,0.0,0.0,0
0,tcp,ftp_data,SF,607,0,0,0,0,0,0,1,0,0,0,0,0,0,0,0,0,0,2,2,0.0,0.0,0.0,0.0,1.0,0.0,0.0,255,17,0.07,0.02,0.07,0.0,0.0,0.0,0.78,0.0,0
0,tcp,http,SF,222,267,0,0,0,0,0,1,0,0,0,0,0,0,0,0,0,0,11,11,0.0,0.0,0.0,0.0,1.0,0.0,0.0,27,255,1.0,0.0,0.04,0.01,0.0,0.0,0.0,0.0,0
0,tcp,http,SF,206,12090,0,0,0,0,0,1,0,0,0,0,0,0,0,0,0,0,5,9,0.0,0.0,0.0,0.0,1.0,0.0,0.33,6,255,1.0,0.0,0.17,0.04,0.0,0.0,0.0,0.0,0
0,tcp,smtp,SF,1052,284,0,0,0,0,0,1,0,0,0,0,0,0,0,0,0,0,1,1,0.0,0.0,0.0,0.0,1.0,0.0,0.0,127,174,0.66,0.04,0.01,0.01,0.0,0.0,0.0,0.0,0
0,udp,domain_u,SF,44,44,0,0,0,0,0,0,0,0,0,0,0,0,0,0,0,0,109,109,0.0,0.0,0.0,0.0,1.0,0.0,0.0,255,252,0.99,0.01,0.0,0.0,0.0,0.0,0.0,0.0,0
0,tcp,ftp_data,SF,6932,0,0,0,0,0,0,1,0,0,0,0,0,0,0,0,0,0,2,2,0.0,0.0,0.0,0.0,1.0,0.0,0.0,12,46,0.33,0.17,0.33,0.09,0.0,0.0,0.0,0.0,0
0,tcp,http,SF,184,20805,0,0,0,0,0,1,0,0,0,0,0,0,0,0,0,0,3,4,0.33,0.25,0.0,0.0,1.0,0.0,0.5,3,255,1.0,0.0,0.33,0.03,0.33,0.01,0.0,0.0,0
0,tcp,http,SF,213,22841,0,0,0,0,0,1,0,0,0,0,0,0,0,0,0,0,29,29,0.0,0.0,0.0,0.0,1.0,0.0,0.0,254,255,1.0,0.0,0.0,0.01,0.0,0.0,0.0,0.0,0
0,tcp,http,REJ,0,0,0,0,0,0,0,0,0,0,0,0,0,0,0,0,0,0,1,1,0.0,0.0,1.0,1.0,1.0,0.0,0.0,3,255,1.0,0.0,0.33,0.08,0.0,0.0,1.0,0.97,0
0,udp,domain_u,SF,46,139,0,0,0,0,0,0,0,0,0,0,0,0,0,0,0,0,70,150,0.0,0.0,0.0,0.0,0.99,0.03,0.01,255,241,0.95,0.01,0.0,0.0,0.0,0.0,0.0,0.0,0
0,tcp,http,SF,211,14568,0,0,0,0,0,1,0,0,0,0,0,0,0,0,0,0,4,4,0.0,0.0,0.0,0.0,1.0,0.0,0.0,49,255,1.0,0.0,0.02,0.02,0.0,0.0,0.0,0.0,0
0,tcp,http,SF,244,11762,0,0,0,0,0,1,0,0,0,0,0,0,0,0,0,0,15,19,0.0,0.0,0.0,0.0,1.0,0.0,0.11,15,17,1.0,0.0,0.07,0.12,0.0,0.0,0.0,0.0,0
0,tcp,http,SF,314,4519,0,0,0,0,0,1,0,0,0,0,0,0,0,0,0,0,1,10,0.0,0.0,0.0,0.0,1.0,0.0,0.3,151,255,1.0,0.0,0.01,0.03,0.0,0.0,0.0,0.0,0
0,tcp,http,SF,335,392,0,0,0,0,0,1,0,0,0,0,0,0,0,0,0,0,14,14,0.0,0.0,0.0,0.0,1.0,0.0,0.0,255,255,1.0,0.0,0.0,0.0,0.0,0.0,0.0,0.0,0
0,udp,domain_u,SF,46,161,0,0,0,0,0,0,0,0,0,0,0,0,0,0,0,0,37,108,0.0,0.0,0.0,0.0,1.0,0.0,0.02,255,254,1.0,0.01,0.0,0.0,0.0,0.0,0.0,0.0,0
0,udp,domain_u,SF,43,155,0,0,0,0,0,0,0,0,0,0,0,0,0,0,0,0,78,158,0.0,0.0,0.0,0.0,1.0,0.0,0.01,255,254,1.0,0.01,0.0,0.0,0.0,0.0,0.0,0.0,0
0,tcp,http,SF,345,884,0,0,0,0,0,1,0,0,0,0,0,0,0,0,0,0,8,17,0.0,0.0,0.0,0.0,1.0,0.0,0.12,255,255,1.0,0.0,0.0,0.0,0.0,0.0,0.0,0.0,0
0,tcp,http,SF,244,490,0,0,0,0,0,1,0,0,0,0,0,0,0,0,0,0,1,2,0.0,0.0,0.0,0.0,1.0,0.0,1.0,33,255,1.0,0.0,0.03,0.04,0.03,0.0,0.0,0.0,0
0,tcp,http,SF,301,1075,0,0,0,0,0,1,0,0,0,0,0,0,0,0,0,0,2,3,0.0,0.0,0.0,0.0,1.0,0.0,0.67,26,25,0.96,0.08,0.04,0.0,0.0,0.0,0.0,0.0,0
0,udp,domain_u,SF,42,42,0,0,0,0,0,0,0,0,0,0,0,0,0,0,0,0,6,12,0.0,0.0,0.0,0.0,1.0,0.0,0.33,255,235,0.92,0.01,0.0,0.0,0.0,0.0,0.0,0.0,0
0,tcp,ftp_data,SF,1766,0,0,0,0,0,0,0,0,0,0,0,0,0,0,0,0,0,2,2,0.0,0.0,0.0,0.0,1.0,0.0,0.0,79,87,0.25,0.04,0.25,0.02,0.0,0.0,0.01,0.0,0
0,icmp,urp_i,SF,183,0,0,0,0,0,0,0,0,0,0,0,0,0,0,0,0,0,2,1,0.0,0.0,0.0,0.0,0.5,1.0,0.0,255,40,0.16,0.01,0.17,0.0,0.0,0.0,0.0,0.0,0
0,tcp,http,SF,155,389,0,0,0,0,0,1,0,0,0,0,0,0,0,0,0,0,4,4,0.0,0.0,0.0,0.0,1.0,0.0,0.0,132,255,1.0,0.0,0.01,0.02,0.01,0.0,0.0,0.0,0
0,tcp,smtp,SF,1334,333,0,0,0,0,0,1,0,0,0,0,0,0,0,0,0,0,1,1,0.0,0.0,0.0,0.0,1.0,0.0,0.0,81,171,0.78,0.05,0.01,0.01,0.0,0.0,0.02,0.05,0
0,tcp,telnet,RSTO,126,179,0,0,0,1,1,0,0,0,0,0,0,0,0,0,0,0,1,1,0.0,0.0,1.0,1.0,1.0,0.0,0.0,51,51,1.0,0.0,0.02,0.0,0.04,0.04,0.96,0.96,1
0,tcp,http,SF,222,1565,0,0,0,0,0,1,0,0,0,0,0,0,0,0,0,0,11,14,0.0,0.0,0.0,0.0,1.0,0.0,0.14,203,255,1.0,0.0,0.0,0.02,0.0,0.0,0.0,0.0,0
0,tcp,http,SF,233,777,0,0,0,0,0,1,0,0,0,0,0,0,0,0,0,0,16,17,0.0,0.0,0.0,0.0,1.0,0.0,0.12,236,255,1.0,0.0,0.0,0.01,0.0,0.0,0.0,0.0,0
0,tcp,pop_3,SF,35,130,0,0,0,0,0,1,0,0,0,0,0,0,0,0,0,0,1,1,0.0,0.0,0.0,0.0,1.0,0.0,0.0,255,4,0.02,0.02,0.0,0.0,0.0,0.0,0.0,0.0,0
0,tcp,http,SF,224,11437,0,0,0,0,0,1,0,0,0,0,0,0,0,0,0,0,7,18,0.0,0.0,0.0,0.0,1.0,0.0,0.11,114,255,1.0,0.0,0.01,0.02,0.01,0.01,0.0,0.0,0
0,tcp,ftp_data,SF,334,0,0,0,0,0,0,1,0,0,0,0,0,0,0,0,0,0,1,1,0.0,0.0,0.0,0.0,1.0,0.0,0.0,3,17,1.0,0.0,1.0,0.18,0.0,0.0,0.0,0.0,1
0,tcp,http,SF,212,1847,0,0,0,0,0,1,0,0,0,0,0,0,0,0,0,0,11,11,0.0,0.0,0.0,0.0,1.0,0.0,0.0,118,255,1.0,0.0,0.01,0.02,0.0,0.0,0.0,0.0,0
7,tcp,finger,SF,9,366,0,0,0,0,0,0,0,0,0,0,0,0,0,0,0,0,1,1,0.0,0.0,0.0,0.0,1.0,0.0,0.0,102,7,0.04,0.04,0.01,0.29,0.0,0.0,0.0,0.0,0
0,tcp,http,SF,312,1472,0,0,0,0,0,1,0,0,0,0,0,0,0,0,0,0,10,10,0.0,0.0,0.0,0.0,1.0,0.0,0.0,10,255,1.0,0.0,0.1,0.04,0.0,0.01,0.0,0.0,0
0,tcp,http,SF,207,3788,0,0,0,0,0,1,0,0,0,0,0,0,0,0,0,0,2,2,0.0,0.0,0.0,0.0,1.0,0.0,0.0,138,255,1.0,0.0,0.01,0.03,0.0,0.0,0.0,0.0,0
0,tcp,http,SF,304,1319,0,0,0,0,0,1,0,0,0,0,0,0,0,0,0,0,8,8,0.0,0.0,0.0,0.0,1.0,0.0,0.0,12,255,1.0,0.0,0.08,0.03,0.0,0.0,0.0,0.0,0
0,tcp,smtp,SF,1131,330,0,0,0,0,0,1,0,0,0,0,0,0,0,0,0,0,1,1,0.0,0.0,0.0,0.0,1.0,0.0,0.0,91,33,0.36,0.07,0.01,0.0,0.0,0.0,0.0,0.0,0
0,tcp,http,SF,313,462,0,0,0,0,0,1,0,0,0,0,0,0,0,0,0,0,26,30,0.0,0.0,0.0,0.0,1.0,0.0,0.1,255,255,1.0,0.0,0.0,0.0,0.0,0.0,0.0,0.0,0
0,tcp,http,SF,352,1695,0,0,0,0,0,1,0,0,0,0,0,0,0,0,0,0,5,5,0.0,0.0,0.0,0.0,1.0,0.0,0.0,230,255,1.0,0.0,0.0,0.01,0.0,0.0,0.0,0.0,0
0,tcp,http,SF,327,2465,0,0,0,0,0,1,0,0,0,0,0,0,0,0,0,0,26,27,0.0,0.0,0.0,0.0,1.0,0.0,0.07,255,255,1.0,0.0,0.0,0.0,0.0,0.0,0.0,0.0,0
0,udp,domain_u,SF,46,46,0,0,0,0,0,0,0,0,0,0,0,0,0,0,0,0,15,15,0.0,0.0,0.0,0.0,1.0,0.0,0.0,255,226,0.89,0.01,0.0,0.0,0.0,0.0,0.0,0.0,0
198,tcp,telnet,SF,562,9139,0,0,0,3,0,1,22,1,0,39,4,2,0,0,0,0,1,1,0.0,0.0,0.0,0.0,1.0,0.0,0.0,1,1,1.0,0.0,1.0,0.0,0.0,0.0,0.0,0.0,1
0,tcp,ftp_data,SF,334,0,0,0,0,0,0,1,0,0,0,0,0,0,0,0,0,0,1,1,0.0,0.0,0.0,0.0,1.0,0.0,0.0,1,7,1.0,0.0,1.0,0.57,0.0,0.0,0.0,0.0,1
0,tcp,http,SF,272,4139,0,0,0,0,0,1,0,0,0,0,0,0,0,0,0,0,2,2,0.0,0.0,0.0,0.0,1.0,0.0,0.0,106,255,1.0,0.0,0.01,0.02,0.0,0.0,0.0,0.0,0
0,tcp,http,SF,281,2973,0,0,0,0,0,1,0,0,0,0,0,0,0,0,0,0,7,7,0.0,0.0,0.0,0.0,1.0,0.0,0.0,29,255,1.0,0.0,0.03,0.05,0.0,0.0,0.03,0.0,0
0,tcp,telnet,RSTO,126,179,0,0,0,1,1,0,0,0,0,0,0,0,0,0,0,0,1,1,0.0,0.0,1.0,1.0,1.0,0.0,0.0,49,49,1.0,0.0,0.02,0.0,0.04,0.04,0.96,0.96,1
0,udp,domain_u,SF,44,130,0,0,0,0,0,0,0,0,0,0,0,0,0,0,0,0,151,233,0.0,0.0,0.0,0.0,1.0,0.0,0.02,255,254,1.0,0.01,0.0,0.0,0.0,0.0,0.0,0.0,0
0,tcp,http,REJ,0,0,0,0,0,0,0,0,0,0,0,0,0,0,0,0,0,0,1,1,0.0,0.0,1.0,1.0,1.0,0.0,0.0,1,218,1.0,0.0,1.0,0.16,0.0,0.0,1.0,0.92,0
3,udp,private,SF,105,147,0,0,0,0,0,0,0,0,0,0,0,0,0,0,0,0,2,2,0.0,0.0,0.0,0.0,1.0,0.0,0.0,255,235,0.92,0.01,0.02,0.0,0.0,0.0,0.0,0.0,0
1,tcp,smtp,SF,1005,330,0,0,0,0,0,1,0,0,0,0,0,0,0,0,0,0,1,2,0.0,0.0,0.0,0.0,1.0,0.0,1.0,91,114,0.48,0.07,0.01,0.02,0.0,0.0,0.0,0.0,0
0,tcp,http,SF,346,23705,0,0,0,0,0,1,0,0,0,0,0,0,0,0,0,0,3,3,0.33,0.33,0.0,0.0,1.0,0.0,0.0,52,255,1.0,0.0,0.02,0.02,0.02,0.0,0.0,0.0,0
0,tcp,http,SF,167,12933,0,0,0,0,0,1,0,0,0,0,0,0,0,0,0,0,3,3,0.0,0.0,0.0,0.0,1.0,0.0,0.0,46,255,1.0,0.0,0.02,0.05,0.0,0.0,0.0,0.0,0
0,tcp,http,SF,328,1417,0,0,0,0,0,1,0,0,0,0,0,0,0,0,0,0,26,35,0.0,0.0,0.0,0.0,1.0,0.0,0.09,137,255,1.0,0.0,0.01,0.01,0.0,0.0,0.0,0.0,0
0,tcp,http,SF,322,9457,0,0,0,0,0,1,0,0,0,0,0,0,0,0,0,0,19,19,0.0,0.0,0.0,0.0,1.0,0.0,0.0,65,255,1.0,0.0,0.02,0.01,0.0,0.0,0.0,0.0,0
0,tcp,ftp_data,SF,383,0,0,0,0,0,0,0,0,0,0,0,0,0,0,0,0,0,2,2,0.0,0.0,0.0,0.0,1.0,0.0,0.0,43,73,0.07,0.09,0.07,0.03,0.0,0.0,0.02,0.0,0
0,tcp,http,SF,223,2178,0,0,0,0,0,1,0,0,0,0,0,0,0,0,0,0,1,8,0.0,0.0,0.0,0.0,1.0,0.0,0.38,68,255,1.0,0.0,0.01,0.01,0.0,0.0,0.0,0.0,0
0,tcp,ftp_data,SF,854,0,0,0,0,0,0,1,0,0,0,0,0,0,0,0,0,0,2,3,0.0,0.0,0.0,0.0,1.0,0.0,0.67,8,54,1.0,0.0,1.0,0.04,0.0,0.0,0.0,0.0,0
0,tcp,http,SF,337,1949,0,0,0,0,0,1,0,0,0,0,0,0,0,0,0,0,7,9,0.0,0.0,0.0,0.0,1.0,0.0,0.33,33,255,1.0,0.0,0.03,0.02,0.0,0.02,0.0,0.01,0
0,tcp,http,SF,325,12884,0,0,0,0,0,1,0,0,0,0,0,0,0,0,0,0,11,11,0.0,0.0,0.0,0.0,1.0,0.0,0.0,215,215,1.0,0.0,0.01,0.0,0.0,0.0,0.0,0.0,0
0,tcp,http,SF,290,313,0,0,0,0,0,1,0,0,0,0,0,0,0,0,0,0,8,8,0.0,0.0,0.0,0.0,1.0,0.0,0.0,255,255,1.0,0.0,0.0,0.0,0.0,0.0,0.0,0.0,0
0,tcp,http,SF,314,1453,0,0,0,0,0,1,0,0,0,0,0,0,0,0,0,0,1,36,0.0,0.0,0.0,0.0,1.0,0.0,0.08,74,255,1.0,0.0,0.01,0.02,0.0,0.0,0.0,0.0,0
0,icmp,urp_i,SF,78,0,0,0,0,0,0,0,0,0,0,0,0,0,0,0,0,0,9,9,0.0,0.0,0.0,0.0,0.22,0.22,0.33,255,2,0.01,0.01,0.01,0.0,0.0,0.0,0.0,0.0,0
0,tcp,imap4,SF,0,0,0,0,0,0,0,0,0,0,0,0,0,0,0,0,0,0,3,124,0.67,0.76,0.0,0.04,1.0,0.0,0.36,9,9,1.0,0.0,0.78,0.0,0.56,0.56,0.0,0.0,1
0,tcp,http,SF,211,3552,0,0,0,0,0,1,0,0,0,0,0,0,0,0,0,0,8,8,0.0,0.0,0.0,0.0,1.0,0.0,0.0,255,255,1.0,0.0,0.0,0.0,0.0,0.0,0.0,0.0,0
0,tcp,http,SF,225,15105,0,0,0,0,0,1,0,0,0,0,0,0,0,0,0,0,4,4,0.0,0.0,0.0,0.0,1.0,0.0,0.0,56,255,1.0,0.0,0.02,0.04,0.0,0.0,0.0,0.0,0
0,tcp,ftp_data,SF,334,0,0,0,0,0,0,1,0,0,0,0,0,0,0,0,0,0,1,1,0.0,0.0,0.0,0.0,1.0,0.0,0.0,1,15,1.0,0.0,1.0,0.13,0.0,0.0,0.0,0.0,1
0,tcp,ftp_data,SF,383,0,0,0,0,0,0,1,0,0,0,0,0,0,0,0,0,0,2,2,0.0,0.0,0.0,0.0,1.0,0.0,0.0,255,123,0.48,0.02,0.48,0.0,0.0,0.0,0.0,0.0,0
0,tcp,http,SF,221,8364,0,0,0,0,0,1,0,0,0,0,0,0,0,0,0,0,7,7,0.0,0.0,0.0,0.0,1.0,0.0,0.0,217,255,1.0,0.0,0.0,0.01,0.0,0.0,0.0,0.0,0
0,tcp,ftp_data,SF,334,0,0,0,0,0,0,1,0,0,0,0,0,0,0,0,0,0,1,1,0.0,0.0,0.0,0.0,1.0,0.0,0.0,25,1,0.04,0.08,0.04,0.0,0.0,0.0,0.0,0.0,1
0,tcp,http,SF,249,182,0,0,0,0,0,1,0,0,0,0,0,0,0,0,0,0,6,6,0.0,0.0,0.0,0.0,1.0,0.0,0.0,44,255,1.0,0.0,0.02,0.02,0.0,0.0,0.0,0.0,0
0,tcp,smtp,SF,1085,338,0,0,0,0,0,1,0,0,0,0,0,0,0,0,0,0,1,1,0.0,0.0,0.0,0.0,1.0,0.0,0.0,87,177,0.61,0.06,0.01,0.02,0.01,0.01,0.0,0.0,0
0,tcp,http,SF,212,3359,0,0,0,0,0,1,0,0,0,0,0,0,0,0,0,0,11,20,0.09,0.05,0.0,0.0,1.0,0.0,0.15,90,255,1.0,0.0,0.01,0.07,0.01,0.01,0.0,0.0,0
31,tcp,ftp,SF,1154,3380,0,0,0,24,0,1,0,0,0,0,0,0,0,0,0,1,1,1,0.0,0.0,0.0,0.0,1.0,0.0,0.0,118,30,0.25,0.03,0.01,0.0,0.0,0.0,0.0,0.0,0
0,tcp,http,SF,383,879,0,0,0,0,0,1,0,0,0,0,0,0,0,0,0,0,16,16,0.0,0.0,0.0,0.0,1.0,0.0,0.0,255,255,1.0,0.0,0.0,0.0,0.0,0.0,0.0,0.0,0
0,tcp,http,SF,230,2507,0,0,0,0,0,1,0,0,0,0,0,0,0,0,0,0,2,2,0.0,0.0,0.0,0.0,1.0,0.0,0.0,255,237,0.93,0.02,0.0,0.0,0.01,0.01,0.0,0.0,0
0,tcp,http,SF,156,3258,0,0,0,0,0,1,0,0,0,0,0,0,0,0,0,0,2,6,0.0,0.0,0.0,0.0,1.0,0.0,0.33,13,255,1.0,0.0,0.08,0.02,0.0,0.0,0.0,0.0,0
0,tcp,smtp,SF,1917,388,0,0,0,0,0,1,0,0,0,0,0,0,0,0,0,0,1,1,0.0,0.0,0.0,0.0,1.0,0.0,0.0,255,76,0.3,0.34,0.0,0.0,0.34,0.0,0.0,0.0,0
2,tcp,smtp,SF,1752,367,0,0,0,0,0,1,0,0,0,0,0,0,0,0,0,0,1,4,0.0,0.0,0.0,0.0,1.0,0.0,1.0,34,240,0.94,0.06,0.03,0.01,0.0,0.0,0.0,0.0,0
0,udp,domain_u,SF,36,36,0,0,0,0,0,0,0,0,0,0,0,0,0,0,0,0,2,6,0.0,0.0,0.0,0.0,1.0,0.0,0.67,149,145,0.97,0.02,0.01,0.0,0.0,0.0,0.0,0.0,0
0,tcp,telnet,S1,0,0,0,0,0,0,0,0,0,0,0,0,0,0,0,0,0,0,2,1,0.5,1.0,0.0,0.0,0.5,1.0,0.0,255,1,0.0,0.85,0.0,0.0,0.0,1.0,0.0,0.0,0
0,tcp,http,SF,294,3989,0,0,0,0,0,1,0,0,0,0,0,0,0,0,0,0,11,11,0.0,0.0,0.0,0.0,1.0,0.0,0.0,11,255,1.0,0.0,0.09,0.05,0.0,0.0,0.0,0.0,0
0,tcp,http,SF,381,693,0,0,0,0,0,1,0,0,0,0,0,0,0,0,0,0,19,20,0.0,0.0,0.0,0.0,1.0,0.0,0.1,255,255,1.0,0.0,0.0,0.0,0.0,0.0,0.0,0.0,0
0,tcp,http,SF,316,751,0,0,0,0,0,1,0,0,0,0,0,0,0,0,0,0,14,37,0.0,0.0,0.0,0.0,1.0,0.0,0.14,134,255,1.0,0.0,0.01,0.01,0.0,0.0,0.0,0.0,0
0,tcp,ftp_data,SF,641,0,0,0,0,0,0,1,0,0,0,0,0,0,0,0,0,0,2,2,0.0,0.0,0.0,0.0,1.0,0.0,0.0,14,95,0.36,0.29,0.36,0.03,0.0,0.0,0.0,0.0,0
0,tcp,ftp_data,SF,192,0,0,0,0,0,0,1,0,0,0,0,0,0,0,0,0,0,2,2,0.0,0.0,0.0,0.0,1.0,0.0,0.0,49,111,0.16,0.1,0.16,0.02,0.0,0.0,0.0,0.0,0
0,tcp,http,SF,224,870,0,0,0,0,0,1,0,0,0,0,0,0,0,0,0,0,9,9,0.0,0.0,0.0,0.0,1.0,0.0,0.0,120,255,1.0,0.0,0.01,0.05,0.0,0.0,0.0,0.0,0
0,udp,domain_u,SF,29,0,0,0,0,0,0,0,0,0,0,0,0,0,0,0,0,0,1,2,0.0,0.0,0.0,0.0,1.0,0.0,1.0,36,81,0.14,0.11,0.14,0.04,0.0,0.0,0.0,0.0,0
0,tcp,ftp_data,SF,192,0,0,0,0,0,0,0,0,0,0,0,0,0,0,0,0,0,2,2,0.0,0.0,0.0,0.0,1.0,0.0,0.0,43,100,0.79,0.07,0.79,0.02,0.0,0.0,0.0,0.0,0
0,tcp,ftp_data,SF,1830,0,0,0,0,0,0,1,0,0,0,0,0,0,0,0,0,0,5,5,0.0,0.0,0.0,0.0,1.0,0.0,0.0,202,98,0.44,0.02,0.44,0.02,0.0,0.0,0.0,0.0,0
0,tcp,http,SF,224,2994,0,0,0,0,0,1,0,0,0,0,0,0,0,0,0,0,23,29,0.0,0.0,0.0,0.0,1.0,0.0,0.1,241,255,1.0,0.0,0.0,0.01,0.0,0.0,0.0,0.0,0
0,tcp,http,SF,236,732,0,0,0,0,0,1,0,0,0,0,0,0,0,0,0,0,2,7,0.0,0.0,0.0,0.0,1.0,0.0,0.43,38,255,1.0,0.0,0.03,0.03,0.0,0.0,0.0,0.0,0
0,udp,domain_u,SF,46,264,0,0,0,0,0,0,0,0,0,0,0,0,0,0,0,0,77,157,0.0,0.0,0.0,0.0,0.99,0.03,0.01,255,241,0.95,0.01,0.0,0.0,0.0,0.0,0.0,0.0,0
1,tcp,smtp,SF,1307,331,0,0,0,0,0,1,0,0,0,0,0,0,0,0,0,0,1,1,0.0,0.0,0.0,0.0,1.0,0.0,0.0,217,173,0.79,0.02,0.0,0.01,0.0,0.0,0.0,0.0,0
37,tcp,ftp,SF,937,2720,0,0,0,19,0,1,0,0,0,0,0,0,0,0,0,1,1,1,0.0,0.0,0.0,0.0,1.0,0.0,0.0,144,22,0.15,0.03,0.01,0.0,0.0,0.0,0.0,0.0,0
3,tcp,http,REJ,0,0,0,0,0,0,0,0,0,0,0,0,0,0,0,0,0,0,1,1,0.0,0.0,1.0,1.0,1.0,0.0,0.0,157,134,0.85,0.03,0.01,0.0,0.0,0.0,0.85,1.0,0
0,tcp,ftp_data,SF,607,0,0,0,0,0,0,1,0,0,0,0,0,0,0,0,0,0,3,2,0.0,0.0,0.0,0.0,0.67,0.67,0.0,42,61,0.14,0.1,0.14,0.05,0.0,0.0,0.0,0.0,0
0,tcp,http,SF,295,406,0,0,0,0,0,1,0,0,0,0,0,0,0,0,0,0,1,4,0.0,0.0,0.0,0.0,1.0,0.0,0.75,5,255,1.0,0.0,0.2,0.09,0.0,0.0,0.0,0.0,0
0,tcp,http,SF,223,1761,0,0,0,0,0,1,0,0,0,0,0,0,0,0,0,0,35,39,0.0,0.0,0.0,0.0,1.0,0.0,0.1,255,255,1.0,0.0,0.0,0.0,0.0,0.0,0.0,0.0,0
0,tcp,http,SF,190,365,0,0,0,0,0,1,0,0,0,0,0,0,0,0,0,0,16,16,0.0,0.0,0.0,0.0,1.0,0.0,0.0,255,255,1.0,0.0,0.0,0.0,0.0,0.0,0.0,0.0,0
0,udp,domain_u,SF,44,115,0,0,0,0,0,0,0,0,0,0,0,0,0,0,0,0,3,5,0.0,0.0,0.0,0.0,1.0,0.0,0.4,196,192,0.98,0.01,0.01,0.0,0.0,0.0,0.0,0.0,0
0,tcp,ftp_data,SF,334,0,0,0,0,0,0,1,0,0,0,0,0,0,0,0,0,0,2,2,0.0,0.0,0.0,0.0,1.0,0.0,0.0,2,50,1.0,0.0,1.0,0.1,0.0,0.0,0.0,0.0,1
0,udp,domain_u,SF,48,114,0,0,0,0,0,0,0,0,0,0,0,0,0,0,0,0,1,1,0.0,0.0,0.0,0.0,1.0,0.0,0.0,16,10,0.62,0.12,0.06,0.0,0.0,0.0,0.0,0.0,0
0,udp,domain_u,SF,34,87,0,0,0,0,0,0,0,0,0,0,0,0,0,0,0,0,2,8,0.0,0.0,0.0,0.0,0.5,1.0,0.38,30,13,0.43,0.1,0.03,0.0,0.0,0.0,0.0,0.0,0
2,tcp,ftp,SF,1142,2445,0,0,0,28,0,1,0,0,0,0,0,0,0,0,0,1,1,1,0.0,0.0,0.0,0.0,1.0,0.0,0.0,255,84,0.33,0.02,0.0,0.0,0.0,0.0,0.01,0.0,1
0,udp,domain_u,SF,44,121,0,0,0,0,0,0,0,0,0,0,0,0,0,0,0,0,240,241,0.0,0.0,0.0,0.0,1.0,0.0,0.01,255,197,0.77,0.01,0.0,0.0,0.0,0.0,0.0,0.0,0
0,tcp,finger,SF,8,147,0,0,0,0,0,0,0,0,0,0,0,0,0,0,0,0,1,1,0.0,0.0,0.0,0.0,1.0,0.0,0.0,255,27,0.11,0.02,0.0,0.0,0.25,0.59,0.0,0.0,0
0,tcp,http,SF,235,13639,0,0,0,0,0,1,0,0,0,0,0,0,0,0,0,0,7,7,0.0,0.0,0.0,0.0,1.0,0.0,0.0,255,255,1.0,0.0,0.0,0.0,0.0,0.0,0.0,0.0,0
0,udp,domain_u,SF,30,30,0,0,0,0,0,0,0,0,0,0,0,0,0,0,0,0,4,14,0.0,0.0,0.0,0.0,1.0,0.0,0.14,255,237,0.93,0.01,0.0,0.0,0.0,0.0,0.0,0.0,0
0,tcp,http,SF,217,6329,0,0,0,0,0,1,0,0,0,0,0,0,0,0,0,0,8,9,0.0,0.0,0.0,0.0,1.0,0.0,0.22,255,255,1.0,0.0,0.0,0.0,0.0,0.0,0.0,0.0,0
0,tcp,other,SF,16787,0,0,0,0,0,0,1,0,0,0,0,1,0,0,0,0,0,11,1,0.09,0.0,0.0,0.0,0.09,0.45,0.0,107,1,0.01,0.07,0.21,0.0,0.01,0.0,0.0,0.0,0
0,udp,domain_u,SF,44,44,0,0,0,0,0,0,0,0,0,0,0,0,0,0,0,0,66,146,0.0,0.0,0.0,0.0,1.0,0.0,0.01,255,255,1.0,0.0,0.01,0.0,0.0,0.0,0.0,0.0,0
3,tcp,smtp,SF,1112,331,0,0,0,0,0,1,0,0,0,0,0,0,0,0,0,0,1,2,0.0,0.0,0.0,0.0,1.0,0.0,1.0,90,57,0.48,0.07,0.01,0.04,0.0,0.0,0.0,0.0,0
0,udp,domain_u,SF,45,72,0,0,0,0,0,0,0,0,0,0,0,0,0,0,0,0,130,133,0.0,0.0,0.0,0.0,1.0,0.0,0.02,255,225,0.88,0.01,0.0,0.0,0.0,0.0,0.0,0.0,0
0,icmp,eco_i,SF,30,0,0,0,0,0,0,0,0,0,0,0,0,0,0,0,0,0,1,1,0.0,0.0,0.0,0.0,1.0,0.0,0.0,251,251,1.0,0.0,1.0,0.0,0.0,0.0,0.0,0.0,0
0,tcp,http,SF,283,2531,0,0,0,0,0,1,0,0,0,0,0,0,0,0,0,0,5,5,0.0,0.0,0.0,0.0,1.0,0.0,0.0,137,137,1.0,0.0,0.01,0.0,0.0,0.0,0.0,0.0,0
0,tcp,http,SF,209,2445,0,0,0,0,0,1,0,0,0,0,0,0,0,0,0,0,9,10,0.0,0.0,0.0,0.0,1.0,0.0,0.2,255,255,1.0,0.0,0.0,0.0,0.0,0.0,0.0,0.0,0
0,tcp,http,SF,229,3782,0,0,0,0,0,1,0,0,0,0,0,0,0,0,0,0,4,4,0.0,0.0,0.0,0.0,1.0,0.0,0.0,31,255,1.0,0.0,0.06,0.04,0.0,0.0,0.0,0.0,0
10,tcp,ftp_data,SF,0,5150841,0,0,0,0,0,0,0,0,0,0,0,0,0,0,0,0,1,1,0.0,0.0,0.0,0.0,1.0,0.0,0.0,10,10,1.0,0.0,1.0,0.0,0.0,0.0,0.0,0.0,1
0,tcp,http,REJ,0,0,0,0,0,0,0,0,0,0,0,0,0,0,0,0,0,0,1,2,0.0,0.0,1.0,1.0,1.0,0.0,1.0,19,220,1.0,0.0,0.05,0.14,0.0,0.0,1.0,0.97,0
0,tcp,http,SF,168,4483,0,0,0,0,0,1,0,0,0,0,0,0,0,0,0,0,3,3,0.0,0.0,0.0,0.0,1.0,0.0,0.0,56,255,1.0,0.0,0.02,0.05,0.0,0.01,0.02,0.01,0
0,udp,domain_u,SF,45,135,0,0,0,0,0,0,0,0,0,0,0,0,0,0,0,0,211,210,0.0,0.0,0.0,0.0,1.0,0.01,0.0,100,67,0.67,0.02,0.01,0.0,0.0,0.0,0.0,0.0,0
0,tcp,http,SF,217,124,0,0,0,0,0,1,0,0,0,0,0,0,0,0,0,0,3,10,0.0,0.0,0.0,0.0,1.0,0.0,0.3,21,255,1.0,0.0,0.05,0.07,0.0,0.0,0.0,0.0,0
0,tcp,http,SF,300,11688,0,0,0,0,0,1,0,0,0,0,0,0,0,0,0,0,25,25,0.0,0.0,0.0,0.0,1.0,0.0,0.0,170,255,1.0,0.0,0.01,0.02,0.0,0.0,0.0,0.0,0
0,tcp,http,SF,235,1492,0,0,0,0,0,1,0,0,0,0,0,0,0,0,0,0,7,7,0.0,0.0,0.0,0.0,1.0,0.0,0.0,178,255,1.0,0.0,0.01,0.01,0.0,0.0,0.0,0.0,0
0,tcp,http,SF,245,1523,0,0,0,0,0,1,0,0,0,0,0,0,0,0,0,0,13,13,0.0,0.0,0.0,0.0,1.0,0.0,0.0,63,255,1.0,0.0,0.02,0.04,0.0,0.0,0.0,0.0,0
0,tcp,http,SF,291,6217,0,0,0,0,0,1,0,0,0,0,0,0,0,0,0,0,9,32,0.0,0.0,0.0,0.0,1.0,0.0,0.06,63,255,1.0,0.0,0.02,0.04,0.0,0.0,0.0,0.0,0
0,tcp,http,SF,335,3200,0,0,0,0,0,1,0,0,0,0,0,0,0,0,0,0,11,11,0.0,0.0,0.0,0.0,1.0,0.0,0.0,255,255,1.0,0.0,0.0,0.0,0.0,0.0,0.0,0.0,0
31,tcp,ftp,SF,1472,4152,0,0,0,30,0,1,0,0,0,0,0,0,0,0,0,1,1,1,0.0,0.0,0.0,0.0,1.0,0.0,0.0,95,27,0.28,0.04,0.01,0.0,0.01,0.04,0.0,0.0,0
0,tcp,http,SF,278,5131,0,0,0,0,0,1,0,0,0,0,0,0,0,0,0,0,8,8,0.0,0.0,0.0,0.0,1.0,0.0,0.0,8,255,1.0,0.0,0.12,0.03,0.0,0.0,0.0,0.0,0
0,tcp,http,SF,230,1141,0,0,0,0,0,1,0,0,0,0,0,0,0,0,0,0,2,2,0.0,0.0,0.0,0.0,1.0,0.0,0.0,8,255,1.0,0.0,0.12,0.03,0.0,0.0,0.0,0.0,0
0,tcp,http,SF,270,8673,0,0,0,0,0,1,0,0,0,0,0,0,0,0,0,0,3,3,0.0,0.0,0.0,0.0,1.0,0.0,0.0,190,255,1.0,0.0,0.01,0.02,0.0,0.0,0.0,0.0,0
0,tcp,other,REJ,0,0,0,0,0,0,0,0,0,0,0,0,0,0,0,0,0,0,1,1,0.0,0.0,1.0,1.0,1.0,0.0,0.0,21,21,1.0,0.0,0.05,0.0,0.0,0.0,1.0,1.0,0
0,tcp,http,SF,329,707,0,0,0,0,0,1,0,0,0,0,0,0,0,0,0,0,31,39,0.0,0.0,0.0,0.0,1.0,0.0,0.08,255,255,1.0,0.0,0.0,0.0,0.0,0.0,0.0,0.0,0
0,tcp,smtp,SF,971,326,0,0,0,0,0,1,0,0,0,0,0,0,0,0,0,0,1,1,0.0,0.0,0.0,0.0,1.0,0.0,0.0,90,217,0.64,0.03,0.01,0.01,0.0,0.0,0.0,0.0,0
48,tcp,ftp,SF,1063,3081,0,0,0,22,0,1,0,0,0,0,0,0,0,0,0,1,1,1,0.0,0.0,0.0,0.0,1.0,0.0,0.0,76,13,0.17,0.04,0.01,0.0,0.0,0.0,0.0,0.0,0
659,udp,other,SF,101,45,0,0,0,0,0,0,0,0,0,0,0,0,0,0,0,0,3,2,0.0,0.0,0.33,0.0,0.67,0.67,0.0,153,2,0.01,0.03,0.81,0.0,0.0,0.0,0.14,0.0,0
0,tcp,smtp,SF,1719,331,0,0,0,0,0,1,0,0,0,0,0,0,0,0,0,0,1,1,0.0,0.0,0.0,0.0,1.0,0.0,0.0,159,148,0.54,0.04,0.01,0.01,0.0,0.0,0.0,0.0,0
12,tcp,ftp_data,SF,7045,0,0,0,0,0,0,1,0,0,0,0,0,0,0,0,0,0,2,2,0.0,0.0,0.0,0.0,1.0,0.0,0.0,9,41,0.89,0.22,1.0,0.12,0.0,0.0,0.0,0.0,1
0,udp,domain_u,SF,45,45,0,0,0,0,0,0,0,0,0,0,0,0,0,0,0,0,136,138,0.0,0.0,0.0,0.0,1.0,0.0,0.02,255,191,0.75,0.01,0.01,0.0,0.0,0.0,0.0,0.0,0
0,tcp,http,SF,224,3332,0,0,0,0,0,1,0,0,0,0,0,0,0,0,0,0,3,3,0.0,0.0,0.0,0.0,1.0,0.0,0.0,74,255,1.0,0.0,0.01,0.04,0.0,0.0,0.0,0.0,0
0,tcp,http,SF,321,1481,0,0,0,0,0,1,0,0,0,0,0,0,0,0,0,0,6,6,0.0,0.0,0.0,0.0,1.0,0.0,0.0,255,255,1.0,0.0,0.01,0.0,0.0,0.0,0.0,0.0,0
0,tcp,http,SF,231,960,0,0,0,0,0,1,0,0,0,0,0,0,0,0,0,0,11,12,0.0,0.0,0.0,0.0,1.0,0.0,0.17,255,255,1.0,0.0,0.0,0.0,0.0,0.0,0.0,0.0,0
0,tcp,http,SF,203,1233,0,0,0,0,0,1,0,0,0,0,0,0,0,0,0,0,21,25,0.0,0.0,0.0,0.0,1.0,0.0,0.12,255,255,1.0,0.0,0.0,0.0,0.0,0.0,0.0,0.0,0
1,tcp,ftp,SF,1243,2451,0,0,0,28,0,1,0,0,0,0,0,0,0,0,0,1,1,1,0.0,0.0,0.0,0.0,1.0,0.0,0.0,255,35,0.14,0.02,0.0,0.0,0.08,0.0,0.0,0.0,1
0,tcp,ftp_data,SF,334,0,0,0,0,0,0,1,0,0,0,0,0,0,0,0,0,0,1,1,0.0,0.0,0.0,0.0,1.0,0.0,0.0,1,15,1.0,0.0,1.0,0.2,0.0,0.0,0.0,0.0,1
0,tcp,ftp_data,SF,334,0,0,0,0,0,0,1,0,0,0,0,0,0,0,0,0,0,2,2,0.0,0.0,0.0,0.0,1.0,0.0,0.0,6,47,1.0,0.0,1.0,0.13,0.0,0.0,0.0,0.0,1
15149,tcp,ftp,SF,360,1198,0,0,0,6,0,1,0,0,0,0,0,0,0,0,0,1,1,1,0.0,0.0,0.0,0.0,1.0,0.0,0.0,255,76,0.3,0.02,0.0,0.0,0.0,0.0,0.0,0.0,1
1,tcp,ftp,SF,1196,2449,0,0,0,28,0,1,0,0,0,0,0,0,0,0,0,1,1,1,0.0,0.0,0.0,0.0,1.0,0.0,0.0,255,121,0.47,0.02,0.0,0.0,0.0,0.0,0.01,0.0,1
0,tcp,http,SF,356,11682,0,0,0,0,0,1,0,0,0,0,0,0,0,0,0,0,1,1,0.0,0.0,0.0,0.0,1.0,0.0,0.0,11,255,1.0,0.0,0.09,0.03,0.0,0.0,0.0,0.0,0
1,tcp,ftp,SF,1261,2451,0,0,0,28,0,1,0,0,0,0,0,0,0,0,0,1,1,1,0.0,0.0,0.0,0.0,1.0,0.0,0.0,255,135,0.53,0.02,0.0,0.0,0.0,0.0,0.0,0.0,1
1,tcp,ftp,SF,1222,2449,0,0,0,28,0,1,0,0,0,0,0,0,0,0,0,1,1,1,0.0,0.0,0.0,0.0,1.0,0.0,0.0,255,37,0.15,0.02,0.0,0.0,0.07,0.0,0.0,0.0,1
449,udp,other,SF,147,105,0,0,0,0,0,0,0,0,0,0,0,0,0,0,0,0,5,1,0.0,0.0,0.0,0.0,0.2,0.6,0.0,116,1,0.01,0.54,0.83,0.0,0.0,0.0,0.0,0.0,0
0,udp,domain_u,SF,44,131,0,0,0,0,0,0,0,0,0,0,0,0,0,0,0,0,2,5,0.0,0.0,0.0,0.0,0.5,1.0,0.6,31,30,0.97,0.06,0.03,0.0,0.0,0.0,0.0,0.0,0
0,tcp,http,REJ,0,0,0,0,0,0,0,0,0,0,0,0,0,0,0,0,0,0,1,1,0.0,0.0,1.0,1.0,1.0,0.0,0.0,53,251,1.0,0.0,0.02,0.09,0.0,0.0,1.0,0.99,0
0,tcp,http,SF,247,312,0,0,0,0,0,1,0,0,0,0,0,0,0,0,0,0,8,8,0.0,0.0,0.0,0.0,1.0,0.0,0.0,255,255,1.0,0.0,0.0,0.0,0.0,0.0,0.0,0.0,0
0,tcp,http,SF,211,3421,0,0,0,0,0,1,0,0,0,0,0,0,0,0,0,0,15,15,0.0,0.0,0.0,0.0,1.0,0.0,0.0,48,255,1.0,0.0,0.02,0.03,0.0,0.0,0.0,0.0,0
0,tcp,http,SF,330,1270,0,0,0,0,0,1,0,0,0,0,0,0,0,0,0,0,18,18,0.0,0.0,0.0,0.0,1.0,0.0,0.0,255,255,1.0,0.0,0.0,0.0,0.0,0.0,0.0,0.0,0
0,tcp,http,SF,350,299,0,0,0,0,0,1,0,0,0,0,0,0,0,0,0,0,13,13,0.0,0.0,0.0,0.0,1.0,0.0,0.0,255,255,1.0,0.0,0.0,0.0,0.0,0.0,0.0,0.0,0
0,tcp,http,SF,167,5377,0,0,0,0,0,1,0,0,0,0,0,0,0,0,0,0,2,2,0.0,0.0,0.0,0.0,1.0,0.0,0.0,2,255,1.0,0.0,0.5,0.05,0.0,0.0,0.0,0.0,0
0,tcp,http,SF,204,1982,0,0,0,0,0,1,0,0,0,0,0,0,0,0,0,0,15,15,0.0,0.0,0.0,0.0,1.0,0.0,0.0,73,255,1.0,0.0,0.01,0.02,0.0,0.0,0.0,0.0,0
1,tcp,ftp,SF,1235,2449,0,0,0,28,0,1,0,0,0,0,0,0,0,0,0,1,1,1,0.0,0.0,0.0,0.0,1.0,0.0,0.0,255,40,0.16,0.02,0.0,0.0,0.06,0.0,0.0,0.0,1
0,tcp,ftp_data,SF,334,0,0,0,0,0,0,1,0,0,0,0,0,0,0,0,0,0,1,1,0.0,0.0,0.0,0.0,1.0,0.0,0.0,1,20,1.0,0.0,1.0,0.15,0.0,0.0,0.0,0.0,1
0,tcp,http,SF,303,5443,0,0,0,0,0,1,0,0,0,0,0,0,0,0,0,0,14,14,0.0,0.0,0.0,0.0,1.0,0.0,0.0,14,255,1.0,0.0,0.07,0.03,0.0,0.0,0.0,0.0,0
0,tcp,http,REJ,0,0,0,0,0,0,0,0,0,0,0,0,0,0,0,0,0,0,1,1,0.0,0.0,1.0,1.0,1.0,0.0,0.0,2,203,1.0,0.0,0.5,0.18,0.0,0.0,1.0,0.97,0
0,tcp,ftp_data,SF,334,0,0,0,0,0,0,1,0,0,0,0,0,0,0,0,0,0,1,1,0.0,0.0,0.0,0.0,1.0,0.0,0.0,5,19,1.0,0.0,1.0,0.16,0.0,0.0,0.0,0.0,1
893,tcp,telnet,SF,1065,64054,0,0,0,0,0,1,1,0,0,0,0,0,0,0,0,0,1,1,0.0,0.0,0.0,0.0,1.0,0.0,0.0,133,27,0.2,0.03,0.01,0.0,0.01,0.04,0.02,0.07,0
0,tcp,http,SF,235,434,0,0,0,0,0,1,0,0,0,0,0,0,0,0,0,0,1,27,0.0,0.0,0.0,0.0,1.0,0.0,0.15,255,255,1.0,0.0,0.0,0.0,0.0,0.0,0.0,0.0,0
0,udp,domain_u,SF,44,44,0,0,0,0,0,0,0,0,0,0,0,0,0,0,0,0,20,27,0.0,0.0,0.0,0.0,1.0,0.0,0.07,255,255,1.0,0.0,0.01,0.0,0.0,0.0,0.0,0.0,0
0,tcp,http,SF,251,338,0,0,0,0,0,1,0,0,0,0,0,0,0,0,0,0,3,5,0.0,0.0,0.0,0.0,1.0,0.0,0.4,16,255,1.0,0.0,0.06,0.04,0.06,0.01,0.0,0.0,0
0,tcp,smtp,SF,1301,335,0,0,0,0,0,1,0,0,0,0,0,0,0,0,0,0,1,2,0.0,0.0,0.0,0.0,1.0,0.0,1.0,67,114,0.24,0.1,0.01,0.03,0.0,0.0,0.0,0.0,0
0,tcp,http,S2,144,0,0,0,0,1,0,1,0,0,0,0,0,0,0,0,0,0,1,1,1.0,1.0,0.0,0.0,1.0,0.0,0.0,255,255,1.0,0.0,0.0,0.0,0.0,0.0,0.0,0.0,0
0,tcp,ftp_data,SF,334,0,0,0,0,0,0,1,0,0,0,0,0,0,0,0,0,0,1,1,0.0,0.0,0.0,0.0,1.0,0.0,0.0,11,21,1.0,0.0,1.0,0.14,0.0,0.0,0.0,0.0,1
0,tcp,http,SF,322,4083,0,0,0,0,0,1,0,0,0,0,0,0,0,0,0,0,23,23,0.0,0.0,0.0,0.0,1.0,0.0,0.0,255,255,1.0,0.0,0.0,0.0,0.0,0.0,0.0,0.0,0
0,tcp,ftp_data,SF,192,0,0,0,0,0,0,1,0,0,0,0,0,0,0,0,0,0,2,2,0.0,0.0,0.0,0.0,1.0,0.0,0.0,212,91,0.43,0.01,0.43,0.0,0.0,0.0,0.0,0.0,0
0,udp,domain_u,SF,46,46,0,0,0,0,0,0,0,0,0,0,0,0,0,0,0,0,128,130,0.0,0.0,0.0,0.0,1.0,0.0,0.02,248,183,0.74,0.02,0.01,0.0,0.0,0.0,0.0,0.0,0
0,tcp,auth,REJ,0,0,0,0,0,0,0,0,0,0,0,0,0,0,0,0,0,0,1,1,0.0,0.0,1.0,1.0,1.0,0.0,0.0,255,6,0.02,0.05,0.0,0.0,0.43,0.0,0.05,1.0,0
0,tcp,ftp_data,SF,246,0,0,0,0,0,0,1,0,0,0,0,0,0,0,0,0,0,1,1,0.0,0.0,0.0,0.0,1.0,0.0,0.0,5,16,1.0,0.0,1.0,0.12,0.0,0.0,0.0,0.0,1
0,tcp,http,SF,479,6839,0,0,0,0,0,1,0,0,0,0,0,0,0,0,0,0,7,7,0.0,0.0,0.0,0.0,1.0,0.0,0.0,87,249,1.0,0.0,0.01,0.11,0.0,0.0,0.52,0.78,0
0,tcp,http,SF,170,37014,0,0,0,0,0,1,0,0,0,0,0,0,0,0,0,0,1,1,0.0,0.0,0.0,0.0,1.0,0.0,0.0,255,255,1.0,0.0,0.0,0.0,0.0,0.0,0.0,0.0,0
2399,tcp,telnet,SF,2238,460350,0,0,3,0,2,1,21,0,0,12,1,0,0,0,0,0,1,1,0.0,0.0,0.0,0.0,1.0,0.0,0.0,36,1,0.03,0.11,0.03,0.0,0.0,0.0,0.0,0.0,0
0,tcp,http,SF,314,5308,0,0,0,0,0,1,0,0,0,0,0,0,0,0,0,0,8,8,0.0,0.0,0.0,0.0,1.0,0.0,0.0,8,40,1.0,0.0,0.12,0.05,0.0,0.0,0.0,0.0,0
0,tcp,http,SF,359,4962,0,0,0,0,0,1,0,0,0,0,0,0,0,0,0,0,37,37,0.0,0.0,0.0,0.0,1.0,0.0,0.0,255,255,1.0,0.0,0.0,0.0,0.0,0.0,0.0,0.0,0
0,tcp,http,SF,306,2543,0,0,0,0,0,1,0,0,0,0,0,0,0,0,0,0,12,12,0.0,0.0,0.0,0.0,1.0,0.0,0.0,255,255,1.0,0.0,0.0,0.0,0.0,0.0,0.0,0.0,0
0,tcp,smtp,SF,1898,369,0,0,0,0,0,1,0,0,0,0,0,0,0,0,0,0,1,2,0.0,0.0,0.0,0.0,1.0,0.0,1.0,97,151,0.49,0.05,0.01,0.01,0.0,0.0,0.0,0.0,0
0,tcp,http,SF,236,3684,0,0,0,0,0,1,0,0,0,0,0,0,0,0,0,0,3,4,0.0,0.0,0.0,0.0,1.0,0.0,0.5,64,255,1.0,0.0,0.02,0.03,0.0,0.0,0.0,0.0,0
0,tcp,ftp_data,SF,334,0,0,0,0,0,0,1,0,0,0,0,0,0,0,0,0,0,2,2,0.0,0.0,0.0,0.0,1.0,0.0,0.0,255,83,0.33,0.07,0.35,0.0,0.02,0.05,0.0,0.0,1
0,tcp,http,SF,229,5467,0,0,0,0,0,1,0,0,0,0,0,0,0,0,0,0,3,3,0.0,0.0,0.0,0.0,1.0,0.0,0.0,117,255,1.0,0.0,0.01,0.02,0.0,0.0,0.0,0.0,0
25445,udp,other,SF,146,105,0,0,0,0,0,0,0,0,0,0,0,0,0,0,0,0,1,1,0.0,0.0,0.0,0.0,1.0,0.0,0.0,255,3,0.01,0.6,0.89,0.0,0.0,0.0,0.0,0.0,0
0,udp,domain_u,SF,46,46,0,0,0,0,0,0,0,0,0,0,0,0,0,0,0,0,72,72,0.0,0.0,0.0,0.0,1.0,0.0,0.0,255,255,1.0,0.0,0.0,0.0,0.0,0.0,0.0,0.0,0
0,tcp,ftp_data,SF,1470,0,0,0,0,0,0,1,0,0,0,0,0,0,0,0,0,0,9,9,0.0,0.0,0.0,0.0,1.0,0.0,0.0,73,113,0.29,0.05,0.29,0.02,0.0,0.01,0.0,0.0,0
0,tcp,ftp_data,SF,334,0,0,0,0,0,0,1,0,0,0,0,0,0,0,0,0,0,2,2,0.0,0.0,0.0,0.0,1.0,0.0,0.0,4,24,1.0,0.0,1.0,0.21,0.0,0.0,0.0,0.0,1
0,tcp,http,SF,261,4032,0,0,0,0,0,1,0,0,0,0,0,0,0,0,0,0,6,6,0.0,0.0,0.0,0.0,1.0,0.0,0.0,52,255,1.0,0.0,0.02,0.01,0.0,0.0,0.0,0.0,0
0,udp,domain_u,SF,42,134,0,0,0,0,0,0,0,0,0,0,0,0,0,0,0,0,121,201,0.0,0.0,0.0,0.0,1.0,0.0,0.01,255,255,1.0,0.0,0.0,0.0,0.0,0.0,0.0,0.0,0
0,udp,domain_u,SF,44,132,0,0,0,0,0,0,0,0,0,0,0,0,0,0,0,0,204,204,0.0,0.0,0.0,0.0,1.0,0.0,0.0,129,90,0.7,0.02,0.01,0.0,0.0,0.0,0.0,0.0,0
0,tcp,ftp_data,SF,334,0,0,0,0,0,0,1,0,0,0,0,0,0,0,0,0,0,2,2,0.0,0.0,0.0,0.0,1.0,0.0,0.0,2,10,1.0,0.0,1.0,0.3,0.0,0.0,0.0,0.0,1
0,tcp,finger,SF,10,173,0,0,0,0,0,0,0,0,0,0,0,0,0,0,0,0,1,1,0.0,0.0,0.0,0.0,1.0,0.0,0.0,2,1,0.5,1.0,0.5,0.0,0.0,0.0,0.0,0.0,0
0,tcp,http,SF,232,966,0,0,0,0,0,1,0,0,0,0,0,0,0,0,0,0,2,2,0.0,0.0,0.0,0.0,1.0,0.0,0.0,9,255,1.0,0.0,0.11,0.04,0.0,0.01,0.0,0.0,0
0,tcp,http,SF,202,1320,0,0,0,0,0,1,0,0,0,0,0,0,0,0,0,0,33,33,0.0,0.0,0.0,0.0,1.0,0.0,0.0,56,255,1.0,0.0,0.02,0.02,0.0,0.0,0.0,0.01,0
0,tcp,http,SF,279,719,0,0,0,0,0,1,0,0,0,0,0,0,0,0,0,0,23,23,0.0,0.0,0.0,0.0,1.0,0.0,0.0,23,255,1.0,0.0,0.04,0.02,0.0,0.0,0.0,0.0,0
0,udp,domain_u,SF,45,45,0,0,0,0,0,0,0,0,0,0,0,0,0,0,0,0,159,161,0.0,0.0,0.0,0.0,1.0,0.0,0.01,255,226,0.89,0.01,0.0,0.0,0.0,0.0,0.0,0.0,0
0,tcp,http,SF,205,2424,0,0,0,0,0,1,0,0,0,0,0,0,0,0,0,0,5,5,0.0,0.0,0.0,0.0,1.0,0.0,0.0,98,255,1.0,0.0,0.01,0.03,0.0,0.0,0.0,0.0,0
0,tcp,smtp,SF,1429,386,0,0,0,0,0,1,0,0,0,0,0,0,0,0,0,0,1,3,0.0,0.0,0.0,0.0,1.0,0.0,1.0,255,95,0.37,0.05,0.0,0.0,0.23,0.0,0.02,0.0,0
0,tcp,ftp_data,SF,334,0,0,0,0,0,0,1,0,0,0,0,0,0,0,0,0,0,2,2,0.0,0.0,0.0,0.0,1.0,0.0,0.0,4,45,1.0,0.0,1.0,0.16,0.0,0.0,0.0,0.0,1
5469,udp,other,SF,146,105,0,0,0,0,0,0,0,0,0,0,0,0,0,0,0,0,1,1,0.0,0.0,0.0,0.0,1.0,0.0,0.0,255,1,0.0,0.71,0.96,0.0,0.0,0.0,0.0,0.0,0
0,tcp,http,SF,232,1075,0,0,0,0,0,1,0,0,0,0,0,0,0,0,0,0,7,7,0.0,0.0,0.0,0.0,1.0,0.0,0.0,255,229,0.9,0.02,0.0,0.0,0.0,0.0,0.0,0.0,0
0,tcp,http,SF,214,1215,0,0,0,0,0,1,0,0,0,0,0,0,0,0,0,0,5,20,0.0,0.0,0.0,0.0,1.0,0.0,0.1,255,255,1.0,0.0,0.0,0.0,0.0,0.0,0.0,0.0,0
1,tcp,ftp,SF,1256,2451,0,0,0,28,0,1,0,0,0,0,0,0,0,0,0,1,1,1,0.0,0.0,0.0,0.0,1.0,0.0,0.0,240,68,0.28,0.02,0.0,0.0,0.0,0.0,0.01,0.0,1
13,tcp,smtp,SF,1464,345,0,0,0,0,0,1,0,0,0,0,0,0,0,0,0,0,1,1,0.0,0.0,0.0,0.0,1.0,0.0,0.0,133,197,0.75,0.03,0.01,0.01,0.0,0.0,0.0,0.0,0
0,tcp,ftp_data,SF,854,0,0,0,0,0,0,1,0,0,0,0,0,0,0,0,0,0,8,8,0.0,0.0,0.0,0.0,1.0,0.0,0.0,53,99,0.62,0.08,0.62,0.03,0.0,0.0,0.0,0.0,0
0,tcp,http,SF,195,1954,0,0,0,0,0,1,0,0,0,0,0,0,0,0,0,0,12,12,0.0,0.0,0.0,0.0,1.0,0.0,0.0,137,255,1.0,0.0,0.01,0.03,0.0,0.0,0.01,0.01,0
0,tcp,http,SF,297,498,0,0,0,0,0,1,0,0,0,0,0,0,0,0,0,0,12,13,0.0,0.0,0.0,0.0,1.0,0.0,0.15,255,255,1.0,0.0,0.0,0.0,0.0,0.0,0.0,0.0,0
0,udp,domain_u,SF,46,135,0,0,0,0,0,0,0,0,0,0,0,0,0,0,0,0,69,149,0.0,0.0,0.0,0.0,1.0,0.0,0.01,255,254,1.0,0.01,0.0,0.0,0.0,0.0,0.0,0.0,0
0,tcp,http,SF,352,8260,0,0,0,0,0,1,0,0,0,0,0,0,0,0,0,0,2,16,0.0,0.0,0.0,0.0,1.0,0.0,0.19,70,255,1.0,0.0,0.03,0.01,0.0,0.0,0.0,0.0,0
0,tcp,http,SF,188,13450,0,0,0,0,0,1,0,0,0,0,0,0,0,0,0,0,1,1,0.0,0.0,0.0,0.0,1.0,0.0,0.0,40,255,1.0,0.0,0.03,0.02,0.0,0.0,0.0,0.0,0
0,tcp,http,SF,195,7121,0,0,0,0,0,1,0,0,0,0,0,0,0,0,0,0,7,7,0.0,0.0,0.0,0.0,1.0,0.0,0.0,50,255,1.0,0.0,0.02,0.02,0.0,0.0,0.0,0.0,0
0,tcp,http,SF,335,414,0,0,0,0,0,1,0,0,0,0,0,0,0,0,0,0,4,5,0.0,0.0,0.0,0.0,1.0,0.0,0.4,4,255,1.0,0.0,0.25,0.05,0.0,0.0,0.0,0.0,0
0,tcp,http,SF,319,8841,0,0,0,0,0,1,0,0,0,0,0,0,0,0,0,0,16,16,0.0,0.0,0.0,0.0,1.0,0.0,0.0,205,255,1.0,0.0,0.0,0.01,0.0,0.0,0.0,0.0,0
0,tcp,smtp,SF,571,330,0,0,0,0,0,1,0,0,0,0,0,0,0,0,0,0,1,1,0.0,0.0,0.0,0.0,1.0,0.0,0.0,39,121,0.9,0.05,0.03,0.02,0.0,0.0,0.0,0.0,0
0,tcp,http,SF,359,508,0,0,0,0,0,1,0,0,0,0,0,0,0,0,0,0,32,32,0.0,0.0,0.0,0.0,1.0,0.0,0.0,107,255,1.0,0.0,0.01,0.02,0.0,0.0,0.0,0.0,0
0,tcp,http,SF,222,6662,0,0,0,0,0,1,0,0,0,0,0,0,0,0,0,0,15,15,0.0,0.0,0.0,0.0,1.0,0.0,0.0,147,255,1.0,0.0,0.01,0.01,0.0,0.0,0.0,0.0,0
0,tcp,http,REJ,0,0,0,0,0,0,0,0,0,0,0,0,0,0,0,0,0,0,1,1,0.0,0.0,1.0,1.0,1.0,0.0,0.0,126,112,0.89,0.03,0.01,0.0,0.0,0.0,0.89,1.0,0
2,tcp,ftp,SF,1176,2445,0,0,0,28,0,1,0,0,0,0,0,0,0,0,0,1,1,1,0.0,0.0,0.0,0.0,1.0,0.0,0.0,255,84,0.33,0.02,0.0,0.0,0.0,0.0,0.0,0.0,1
1,tcp,smtp,SF,1130,332,0,0,0,0,0,1,0,0,0,0,0,0,0,0,0,0,1,2,0.0,0.0,0.0,0.0,1.0,0.0,1.0,82,168,0.7,0.06,0.01,0.02,0.0,0.0,0.0,0.0,0
0,tcp,finger,SF,8,223,0,0,0,0,0,0,0,0,0,0,0,0,0,0,0,0,1,1,0.0,0.0,0.0,0.0,1.0,0.0,0.0,20,15,0.1,0.15,0.05,0.13,0.0,0.0,0.0,0.07,0
0,udp,domain_u,SF,44,142,0,0,0,0,0,0,0,0,0,0,0,0,0,0,0,0,71,149,0.0,0.0,0.0,0.0,1.0,0.0,0.01,255,232,0.91,0.01,0.01,0.0,0.0,0.0,0.0,0.0,0
0,udp,domain_u,SF,43,75,0,0,0,0,0,0,0,0,0,0,0,0,0,0,0,0,124,124,0.0,0.0,0.0,0.0,1.0,0.0,0.0,255,255,1.0,0.0,0.01,0.0,0.0,0.0,0.0,0.0,0
0,tcp,finger,SF,7,361,0,0,0,0,0,0,0,0,0,0,0,0,0,0,0,0,1,1,0.0,0.0,0.0,0.0,1.0,0.0,0.0,210,5,0.01,0.02,0.0,0.4,0.0,0.0,0.0,0.0,0
0,tcp,http,SF,289,2488,0,0,0,0,0,1,0,0,0,0,0,0,0,0,0,0,4,4,0.0,0.0,0.0,0.0,1.0,0.0,0.0,255,255,1.0,0.0,0.01,0.0,0.0,0.0,0.0,0.0,0
0,tcp,http,SF,327,15416,0,0,0,0,0,1,0,0,0,0,0,0,0,0,0,0,32,56,0.0,0.0,0.0,0.0,1.0,0.0,0.05,72,255,1.0,0.0,0.01,0.04,0.0,0.01,0.0,0.0,0
0,tcp,http,SF,226,2402,0,0,0,0,0,1,0,0,0,0,0,0,0,0,0,0,30,30,0.0,0.0,0.0,0.0,1.0,0.0,0.0,255,255,1.0,0.0,0.0,0.0,0.0,0.0,0.0,0.0,0
4,tcp,ftp_data,SF,832,0,0,0,0,0,0,1,0,0,0,0,0,0,0,0,0,0,1,1,0.0,0.0,0.0,0.0,1.0,0.0,0.0,3,30,1.0,0.0,1.0,0.13,0.0,0.0,0.0,0.0,1
0,tcp,smtp,SF,2526,325,0,0,0,0,0,1,0,0,0,0,0,0,0,0,0,0,1,1,0.0,0.0,0.0,0.0,1.0,0.0,0.0,159,137,0.59,0.03,0.01,0.01,0.0,0.0,0.01,0.04,0
0,tcp,http,SF,206,6285,0,0,0,0,0,1,0,0,0,0,0,0,0,0,0,0,1,13,0.0,0.0,0.0,0.0,1.0,0.0,0.15,30,255,1.0,0.0,0.03,0.02,0.0,0.0,0.03,0.0,0
0,tcp,finger,SF,8,0,0,0,0,0,0,0,0,0,0,0,0,0,0,0,0,0,1,1,0.0,0.0,0.0,0.0,1.0,0.0,0.0,62,5,0.03,0.05,0.02,0.4,0.0,0.0,0.02,0.2,0
2010,udp,other,SF,146,105,0,0,0,0,0,0,0,0,0,0,0,0,0,0,0,0,2,2,0.0,0.0,0.0,0.0,1.0,0.0,0.0,255,2,0.01,0.65,0.95,0.0,0.0,0.0,0.0,0.0,0
0,tcp,smtp,SF,1385,332,0,0,0,0,0,1,0,0,0,0,0,0,0,0,0,0,1,1,0.0,0.0,0.0,0.0,1.0,0.0,0.0,122,116,0.52,0.04,0.01,0.02,0.0,0.0,0.0,0.0,0
0,tcp,http,SF,209,2488,0,0,0,0,0,1,0,0,0,0,0,0,0,0,0,0,10,10,0.0,0.0,0.0,0.0,1.0,0.0,0.0,91,255,1.0,0.0,0.01,0.01,0.0,0.0,0.0,0.0,0
0,tcp,http,SF,198,1488,0,0,0,0,0,1,0,0,0,0,0,0,0,0,0,0,12,30,0.0,0.0,0.0,0.0,1.0,0.0,0.13,12,255,1.0,0.0,0.08,0.08,0.0,0.01,0.0,0.01,0
0,tcp,http,SF,401,5454,0,0,0,0,0,1,0,0,0,0,0,0,0,0,0,0,14,14,0.0,0.0,0.0,0.0,1.0,0.0,0.0,58,245,1.0,0.0,0.02,0.22,0.0,0.0,0.21,0.81,0
11180,udp,other,SF,147,105,0,0,0,0,0,0,0,0,0,0,0,0,0,0,0,0,1,1,0.0,0.0,0.0,0.0,1.0,0.0,0.0,255,1,0.0,0.56,0.94,0.0,0.0,0.0,0.0,0.0,0
0,tcp,http,SF,335,661,0,0,0,0,0,1,0,0,0,0,0,0,0,0,0,0,5,5,0.0,0.0,0.0,0.0,1.0,0.0,0.0,121,206,1.0,0.0,0.02,0.01,0.0,0.0,0.0,0.0,0
0,icmp,urp_i,SF,183,0,0,0,0,0,0,0,0,0,0,0,0,0,0,0,0,0,7,6,0.0,0.0,0.0,0.0,0.86,0.29,0.0,255,13,0.05,0.01,0.05,0.0,0.0,0.0,0.0,0.0,0
5046,tcp,ftp_data,SF,5133876,0,0,0,0,5,0,1,0,0,0,0,0,0,0,0,0,0,1,1,0.0,0.0,0.0,0.0,1.0,0.0,0.0,4,31,1.0,0.0,1.0,0.13,0.0,0.0,0.0,0.0,1
0,tcp,http,SF,308,23714,0,0,0,0,0,1,0,0,0,0,0,0,0,0,0,0,5,5,0.0,0.0,0.0,0.0,1.0,0.0,0.0,45,255,1.0,0.0,0.02,0.03,0.0,0.0,0.0,0.0,0
0,udp,domain_u,SF,46,133,0,0,0,0,0,0,0,0,0,0,0,0,0,0,0,0,77,155,0.0,0.0,0.0,0.0,1.0,0.0,0.01,255,232,0.91,0.01,0.0,0.0,0.0,0.0,0.0,0.0,0
0,tcp,ftp_data,SF,246,0,0,0,0,0,0,1,0,0,0,0,0,0,0,0,0,0,2,2,0.0,0.0,0.0,0.0,1.0,0.0,0.0,7,32,1.0,0.0,1.0,0.16,0.0,0.03,0.0,0.0,1
0,tcp,http,SF,346,662,0,0,0,0,0,1,0,0,0,0,0,0,0,0,0,0,35,35,0.0,0.0,0.0,0.0,1.0,0.0,0.0,231,255,1.0,0.0,0.0,0.01,0.0,0.0,0.0,0.0,0
7493,udp,other,SF,146,105,0,0,0,0,0,0,0,0,0,0,0,0,0,0,0,0,1,1,0.0,0.0,0.0,0.0,1.0,0.0,0.0,255,1,0.0,0.65,0.96,0.0,0.0,0.0,0.0,0.0,0
0,tcp,http,SF,211,7628,0,0,0,0,0,1,0,0,0,0,0,0,0,0,0,0,3,3,0.0,0.0,0.0,0.0,1.0,0.0,0.0,41,255,1.0,0.0,0.02,0.05,0.0,0.01,0.02,0.01,0
0,udp,domain_u,SF,45,131,0,0,0,0,0,0,0,0,0,0,0,0,0,0,0,0,74,154,0.0,0.0,0.0,0.0,1.0,0.0,0.01,255,241,0.95,0.01,0.0,0.0,0.0,0.0,0.0,0.0,0
0,tcp,http,REJ,0,0,0,0,0,0,0,0,0,0,0,0,0,0,0,0,0,0,1,1,0.0,0.0,1.0,1.0,1.0,0.0,0.0,3,255,1.0,0.0,0.33,0.15,0.0,0.0,1.0,0.91,0
3,tcp,smtp,SF,889,328,0,0,0,0,0,1,0,0,0,0,0,0,0,0,0,0,1,2,0.0,0.0,0.0,0.0,1.0,0.0,1.0,192,192,0.8,0.02,0.01,0.01,0.0,0.0,0.0,0.0,0
0,tcp,http,SF,219,7662,0,0,0,0,0,1,0,0,0,0,0,0,0,0,0,0,3,3,0.0,0.0,0.0,0.0,1.0,0.0,0.0,255,255,1.0,0.0,0.0,0.0,0.0,0.0,0.0,0.0,0
0,tcp,http,SF,331,304,0,0,0,0,0,1,0,0,0,0,0,0,0,0,0,0,4,4,0.25,0.25,0.0,0.0,1.0,0.0,0.0,255,255,1.0,0.0,0.0,0.0,0.0,0.0,0.0,0.0,0
0,tcp,http,SF,178,841,0,0,0,0,0,1,0,0,0,0,0,0,0,0,0,0,1,5,0.0,0.0,0.0,0.0,1.0,0.0,0.4,21,255,1.0,0.0,0.05,0.08,0.0,0.0,0.0,0.0,0
0,udp,other,SF,146,0,0,0,0,0,0,0,0,0,0,0,0,0,0,0,0,0,5,1,0.0,0.0,0.0,0.0,0.2,0.6,0.0,255,1,0.0,0.29,0.61,0.0,0.0,0.0,0.0,0.0,0
0,tcp,http,SF,164,274,0,0,0,0,0,1,0,0,0,0,0,0,0,0,0,0,1,2,0.0,0.0,0.0,0.0,1.0,0.0,1.0,2,255,1.0,0.0,0.5,0.08,0.0,0.0,0.0,0.0,0
0,udp,domain_u,SF,46,46,0,0,0,0,0,0,0,0,0,0,0,0,0,0,0,0,88,168,0.0,0.0,0.0,0.0,1.0,0.0,0.01,255,254,1.0,0.01,0.01,0.0,0.0,0.0,0.0,0.0,0
0,tcp,ftp_data,SF,334,0,0,0,0,0,0,1,0,0,0,0,0,0,0,0,0,0,2,2,0.0,0.0,0.0,0.0,1.0,0.0,0.0,8,42,1.0,0.0,1.0,0.17,0.0,0.0,0.0,0.0,1
0,tcp,http,SF,237,2133,0,0,0,0,0,1,0,0,0,0,0,0,0,0,0,0,35,35,0.0,0.0,0.0,0.0,1.0,0.0,0.0,255,255,1.0,0.0,0.0,0.0,0.0,0.0,0.0,0.0,0
0,tcp,http,SF,239,2020,0,0,0,0,0,1,0,0,0,0,0,0,0,0,0,0,7,7,0.0,0.0,0.0,0.0,1.0,0.0,0.0,7,255,1.0,0.0,0.14,0.04,0.0,0.0,0.0,0.0,0
28,tcp,ftp,SF,1477,4152,0,0,0,30,0,1,0,0,0,0,0,0,0,0,0,1,2,2,0.0,0.0,0.0,0.0,1.0,0.0,0.0,88,20,0.23,0.07,0.01,0.0,0.0,0.0,0.0,0.0,0
0,tcp,http,SF,206,5524,0,0,0,0,0,1,0,0,0,0,0,0,0,0,0,0,11,11,0.0,0.0,0.0,0.0,1.0,0.0,0.0,71,255,1.0,0.0,0.01,0.04,0.0,0.0,0.0,0.0,0
0,tcp,http,SF,323,1190,0,0,0,0,0,1,0,0,0,0,0,0,0,0,0,0,12,12,0.0,0.0,0.0,0.0,1.0,0.0,0.0,255,255,1.0,0.0,0.0,0.0,0.0,0.0,0.0,0.0,0
0,icmp,ecr_i,SF,64,0,0,0,0,0,0,0,0,0,0,0,0,0,0,0,0,0,1,1,0.0,0.0,0.0,0.0,1.0,0.0,0.0,84,1,0.01,0.05,0.01,0.0,0.0,0.0,0.0,0.0,0
0,tcp,http,SF,155,7972,0,0,0,0,0,1,0,0,0,0,0,0,0,0,0,0,2,2,0.0,0.0,0.0,0.0,1.0,0.0,0.0,2,255,1.0,0.0,0.5,0.06,0.0,0.0,0.0,0.0,0
1,tcp,ftp,SF,1255,2451,0,0,0,28,0,1,0,0,0,0,0,0,0,0,0,1,1,1,0.0,0.0,0.0,0.0,1.0,0.0,0.0,255,128,0.5,0.02,0.0,0.0,0.0,0.0,0.0,0.0,1
0,tcp,ftp_data,SF,3468,0,0,0,0,0,0,0,0,0,0,0,0,0,0,0,0,0,19,19,0.0,0.0,0.0,0.0,1.0,0.0,0.0,190,71,0.37,0.03,0.37,0.0,0.0,0.0,0.0,0.0,0
0,tcp,http,SF,331,186,0,0,0,0,0,1,0,0,0,0,0,0,0,0,0,0,23,23,0.0,0.0,0.0,0.0,1.0,0.0,0.0,255,255,1.0,0.0,0.0,0.0,0.0,0.0,0.0,0.0,0
0,tcp,ftp_data,SF,334,0,0,0,0,0,0,1,0,0,0,0,0,0,0,0,0,0,1,1,0.0,0.0,0.0,0.0,1.0,0.0,0.0,1,9,1.0,0.0,1.0,0.44,0.0,0.0,0.0,0.0,1
0,tcp,http,SF,225,3621,0,0,0,0,0,1,0,0,0,0,0,0,0,0,0,0,6,8,0.0,0.0,0.0,0.0,1.0,0.0,0.25,6,255,1.0,0.0,0.17,0.03,0.0,0.0,0.0,0.0,0
0,tcp,http,SF,338,1844,0,0,0,0,0,1,0,0,0,0,0,0,0,0,0,0,7,17,0.0,0.0,0.0,0.0,1.0,0.0,0.24,55,255,1.0,0.0,0.02,0.01,0.0,0.0,0.0,0.0,0
0,tcp,http,REJ,0,0,0,0,0,0,0,0,0,0,0,0,0,0,0,0,0,0,1,1,0.0,0.0,1.0,1.0,1.0,0.0,0.0,11,61,1.0,0.0,0.09,0.23,0.0,0.0,1.0,1.0,0
0,udp,other,SF,516,4,0,0,0,0,0,0,0,0,0,0,0,0,0,0,0,0,329,329,0.0,0.0,0.0,0.0,1.0,0.0,0.0,255,255,1.0,0.0,1.0,0.0,0.0,0.0,0.0,0.0,0
0,tcp,http,SF,214,1651,0,0,0,0,0,1,0,0,0,0,0,0,0,0,0,0,3,4,0.0,0.0,0.0,0.0,1.0,0.0,0.5,255,255,1.0,0.0,0.0,0.0,0.0,0.0,0.0,0.0,0
5068,tcp,ftp_data,SF,5133876,0,0,0,0,1,0,1,0,0,0,0,0,0,0,0,0,0,1,1,0.0,0.0,0.0,0.0,1.0,0.0,0.0,8,16,1.0,0.0,1.0,0.12,0.0,0.0,0.0,0.0,1
0,tcp,http,SF,494,6781,0,0,0,0,0,1,0,0,0,0,0,0,0,0,0,0,8,8,0.0,0.0,0.0,0.0,1.0,0.0,0.0,255,255,1.0,0.0,0.0,0.0,0.0,0.0,0.0,0.0,0
0,tcp,http,SF,204,882,0,0,0,0,0,1,0,0,0,0,0,0,0,0,0,0,21,34,0.0,0.0,0.0,0.0,1.0,0.0,0.06,62,255,1.0,0.0,0.02,0.02,0.0,0.0,0.0,0.0,0
0,tcp,http,SF,214,788,0,0,0,0,0,1,0,0,0,0,0,0,0,0,0,0,33,33,0.0,0.0,0.0,0.0,1.0,0.0,0.0,255,255,1.0,0.0,0.01,0.0,0.0,0.0,0.0,0.0,0
31,tcp,http,SF,259,5228,0,0,0,0,0,1,0,0,0,0,0,0,0,0,0,0,1,1,0.0,0.0,0.0,0.0,1.0,0.0,0.0,127,255,1.0,0.0,0.01,0.01,0.01,0.0,0.0,0.0,0
0,tcp,http,SF,308,774,0,0,0,0,0,1,0,0,0,0,0,0,0,0,0,0,12,72,0.0,0.0,0.0,0.0,1.0,0.0,0.04,119,255,1.0,0.0,0.01,0.01,0.0,0.0,0.0,0.0,0
0,tcp,http,SF,249,911,0,0,0,0,0,1,0,0,0,0,0,0,0,0,0,0,35,35,0.0,0.0,0.0,0.0,1.0,0.0,0.0,35,255,1.0,0.0,0.03,0.03,0.0,0.0,0.0,0.0,0
0,tcp,http,SF,309,14320,0,0,0,0,0,1,0,0,0,0,0,0,0,0,0,0,31,49,0.0,0.0,0.0,0.0,1.0,0.0,0.08,31,255,1.0,0.0,0.03,0.02,0.0,0.0,0.0,0.0,0
0,udp,domain_u,SF,45,138,0,0,0,0,0,0,0,0,0,0,0,0,0,0,0,0,77,157,0.0,0.0,0.0,0.0,0.99,0.03,0.01,255,246,0.96,0.01,0.0,0.0,0.0,0.0,0.0,0.0,0
0,tcp,http,SF,209,469,0,0,0,0,0,1,0,0,0,0,0,0,0,0,0,0,10,12,0.0,0.17,0.0,0.0,1.0,0.0,0.25,62,255,1.0,0.0,0.02,0.11,0.0,0.0,0.81,0.69,0
1198,udp,other,SF,147,105,0,0,0,0,0,0,0,0,0,0,0,0,0,0,0,0,6,2,0.0,0.0,0.0,0.0,0.33,0.5,0.0,255,2,0.01,0.39,0.86,0.0,0.0,0.0,0.0,0.0,0
0,tcp,smtp,S0,0,0,0,0,0,0,0,0,0,0,0,0,0,0,0,0,0,0,2,3,0.5,0.33,0.0,0.0,1.0,0.0,0.67,32,117,0.62,0.16,0.06,0.02,0.03,0.01,0.0,0.0,0
0,tcp,auth,SF,14,41,0,0,0,0,0,0,0,0,0,0,0,0,0,0,0,0,1,1,0.0,0.0,0.0,0.0,1.0,0.0,0.0,1,5,1.0,0.0,1.0,0.4,0.0,0.0,0.0,0.0,0
0,tcp,http,REJ,0,0,0,0,0,0,0,0,0,0,0,0,0,0,0,0,0,0,1,1,0.0,0.0,1.0,1.0,1.0,0.0,0.0,1,196,1.0,0.0,1.0,0.21,0.0,0.0,1.0,1.0,0
3,tcp,ftp,SF,1264,2451,0,0,0,28,0,1,0,0,0,0,0,0,0,0,0,1,1,1,0.0,0.0,0.0,0.0,1.0,0.0,0.0,255,97,0.38,0.02,0.0,0.0,0.0,0.0,0.01,0.0,1
0,tcp,http,SF,255,6734,0,0,0,0,0,1,0,0,0,0,0,0,0,0,0,0,23,23,0.0,0.0,0.0,0.0,1.0,0.0,0.0,39,255,1.0,0.0,0.03,0.04,0.0,0.0,0.0,0.0,0
0,tcp,http,SF,333,250,0,0,0,0,0,1,0,0,0,0,0,0,0,0,0,0,5,5,0.0,0.0,0.0,0.0,1.0,0.0,0.0,255,255,1.0,0.0,0.0,0.0,0.0,0.0,0.0,0.0,0
0,tcp,http,SF,332,11785,0,0,0,0,0,1,0,0,0,0,0,0,0,0,0,0,24,27,0.0,0.0,0.0,0.0,1.0,0.0,0.15,255,255,1.0,0.0,0.0,0.0,0.0,0.0,0.0,0.0,0
0,udp,domain_u,SF,44,44,0,0,0,0,0,0,0,0,0,0,0,0,0,0,0,0,235,235,0.0,0.0,0.0,0.0,1.0,0.0,0.0,255,250,0.98,0.01,0.0,0.0,0.0,0.0,0.0,0.0,0
0,tcp,http,SF,238,2174,0,0,0,0,0,1,0,0,0,0,0,0,0,0,0,0,9,11,0.0,0.0,0.0,0.0,1.0,0.0,0.18,111,255,1.0,0.0,0.01,0.03,0.0,0.0,0.0,0.0,0
0,tcp,ftp_data,SF,35195,0,0,0,0,0,0,1,0,0,0,0,0,0,0,0,0,0,24,25,0.0,0.0,0.0,0.0,1.0,0.0,0.08,255,101,0.4,0.02,0.4,0.0,0.0,0.0,0.02,0.0,0
9,tcp,ftp_data,SF,0,5151049,0,0,0,0,0,0,0,0,0,0,0,0,0,0,0,0,1,1,0.0,0.0,0.0,0.0,1.0,0.0,0.0,13,13,1.0,0.0,1.0,0.0,0.0,0.0,0.0,0.0,1
2,tcp,ftp,SF,1232,2451,0,0,0,28,0,1,0,0,0,0,0,0,0,0,0,1,1,1,0.0,0.0,0.0,0.0,1.0,0.0,0.0,255,106,0.42,0.02,0.0,0.0,0.0,0.0,0.0,0.0,1
4535,udp,other,SF,145,105,0,0,0,0,0,0,0,0,0,0,0,0,0,0,0,0,1,1,0.0,0.0,0.0,0.0,1.0,0.0,0.0,255,1,0.0,0.68,0.96,0.0,0.0,0.0,0.0,0.0,0
29,tcp,ftp,SF,329,1063,0,0,0,6,0,1,0,0,0,0,0,0,0,0,0,1,1,1,0.0,0.0,0.0,0.0,1.0,0.0,0.0,255,60,0.24,0.02,0.0,0.0,0.0,0.0,0.03,0.1,0
0,icmp,eco_i,SF,30,0,0,0,0,0,0,0,0,0,0,0,0,0,0,0,0,0,1,1,0.0,0.0,0.0,0.0,1.0,0.0,0.0,13,119,1.0,0.0,1.0,0.45,0.0,0.0,0.0,0.0,0
0,tcp,http,SF,294,1214,0,0,0,0,0,1,0,0,0,0,0,0,0,0,0,0,15,20,0.0,0.0,0.0,0.0,1.0,0.0,0.1,222,255,1.0,0.0,0.0,0.02,0.0,0.0,0.0,0.0,0
0,tcp,http,SF,327,385,0,0,0,0,0,1,0,0,0,0,0,0,0,0,0,0,22,22,0.0,0.0,0.0,0.0,1.0,0.0,0.0,98,255,1.0,0.0,0.01,0.03,0.0,0.0,0.0,0.0,0
0,udp,domain_u,SF,36,0,0,0,0,0,0,0,0,0,0,0,0,0,0,0,0,0,4,4,0.0,0.0,0.0,0.0,1.0,0.0,0.0,82,255,1.0,0.0,1.0,0.01,0.0,0.0,0.0,0.0,0
0,tcp,http,SF,227,4907,0,0,0,0,0,1,0,0,0,0,0,0,0,0,0,0,11,14,0.0,0.0,0.0,0.0,1.0,0.0,0.14,131,255,1.0,0.0,0.01,0.04,0.0,0.0,0.0,0.0,0
0,udp,domain_u,SF,44,128,0,0,0,0,0,0,0,0,0,0,0,0,0,0,0,0,94,141,0.0,0.0,0.0,0.0,1.0,0.0,0.01,255,253,0.99,0.01,0.0,0.0,0.0,0.0,0.0,0.0,0
0,tcp,telnet,RSTO,126,179,0,0,0,1,1,0,0,0,0,0,0,0,0,0,0,0,2,2,0.0,0.0,1.0,1.0,1.0,0.0,0.0,13,13,1.0,0.0,0.08,0.0,0.08,0.08,0.92,0.92,1
0,tcp,smtp,SF,917,337,0,0,0,0,0,1,0,0,0,0,0,0,0,0,0,0,1,1,0.0,0.0,0.0,0.0,1.0,0.0,0.0,98,144,0.67,0.05,0.01,0.01,0.0,0.0,0.0,0.0,0
0,tcp,ftp_data,SF,59,0,0,0,0,0,0,1,0,0,0,0,0,0,0,0,0,0,12,12,0.0,0.0,0.0,0.0,1.0,0.0,0.0,56,103,0.39,0.09,0.39,0.02,0.0,0.0,0.0,0.0,0
1,tcp,smtp,SF,1428,332,0,0,0,0,0,1,0,0,0,0,0,0,0,0,0,0,1,2,0.0,0.0,0.0,0.0,1.0,0.0,1.0,41,232,0.98,0.05,0.02,0.02,0.0,0.0,0.0,0.0,0
0,udp,domain_u,SF,44,115,0,0,0,0,0,0,0,0,0,0,0,0,0,0,0,0,192,194,0.0,0.0,0.0,0.0,1.0,0.0,0.01,255,233,0.91,0.01,0.0,0.0,0.0,0.0,0.0,0.0,0
0,tcp,http,SF,311,397,0,0,0,0,0,1,0,0,0,0,0,0,0,0,0,0,17,17,0.0,0.0,0.0,0.0,1.0,0.0,0.0,255,255,1.0,0.0,0.0,0.0,0.0,0.0,0.0,0.0,0
1,tcp,ftp,SF,1263,2451,0,0,0,28,0,1,0,0,0,0,0,0,0,0,0,1,1,1,0.0,0.0,0.0,0.0,1.0,0.0,0.0,242,70,0.29,0.02,0.0,0.0,0.0,0.0,0.01,0.0,1
1,udp,private,SF,105,147,0,0,0,0,0,0,0,0,0,0,0,0,0,0,0,0,2,2,0.0,0.0,0.0,0.0,1.0,0.0,0.0,225,223,0.99,0.01,0.02,0.0,0.0,0.0,0.0,0.0,0
3,tcp,smtp,SF,2543,448,0,0,0,0,0,1,0,0,0,0,0,0,0,0,0,0,1,1,0.0,0.0,0.0,0.0,1.0,0.0,0.0,255,151,0.59,0.02,0.0,0.0,0.0,0.0,0.0,0.0,0
0,tcp,ftp_data,SF,334,0,0,0,0,0,0,1,0,0,0,0,0,0,0,0,0,0,1,1,0.0,0.0,0.0,0.0,1.0,0.0,0.0,1,54,1.0,0.0,1.0,0.13,0.0,0.02,0.0,0.0,1
0,tcp,http,SF,225,265,0,0,0,0,0,1,0,0,0,0,0,0,0,0,0,0,8,8,0.0,0.0,0.0,0.0,1.0,0.0,0.0,115,255,1.0,0.0,0.01,0.05,0.01,0.01,0.0,0.0,0
0,tcp,smtp,SF,5612,387,0,0,0,0,0,1,0,0,0,0,0,0,0,0,0,0,1,1,0.0,0.0,0.0,0.0,1.0,0.0,0.0,21,146,0.71,0.19,0.05,0.01,0.0,0.0,0.0,0.0,0
0,tcp,http,SF,241,36362,0,0,0,0,0,1,0,0,0,0,0,0,0,0,0,0,1,1,0.0,0.0,0.0,0.0,1.0,0.0,0.0,55,255,1.0,0.0,0.02,0.01,0.02,0.01,0.0,0.0,0
542,udp,domain_u,SF,17,42,0,0,0,0,0,0,0,0,0,0,0,0,0,0,0,0,1,1,0.0,0.0,0.0,0.0,1.0,0.0,0.0,255,224,0.88,0.01,0.04,0.0,0.0,0.0,0.0,0.0,0
0,tcp,http,SF,272,269,0,0,0,0,0,1,0,0,0,0,0,0,0,0,0,0,9,10,0.0,0.0,0.0,0.0,1.0,0.0,0.2,255,255,1.0,0.0,0.0,0.0,0.0,0.0,0.0,0.0,0
0,tcp,http,SF,172,2635,0,0,0,0,0,1,0,0,0,0,0,0,0,0,0,0,2,3,0.0,0.0,0.0,0.0,1.0,0.0,0.67,23,255,1.0,0.0,0.04,0.04,0.0,0.0,0.0,0.0,0
1,tcp,ftp,SF,1214,2449,0,0,0,28,0,1,0,0,0,0,0,0,0,0,0,1,1,1,0.0,0.0,0.0,0.0,1.0,0.0,0.0,255,121,0.47,0.02,0.0,0.0,0.0,0.0,0.0,0.0,1
0,tcp,finger,SF,9,317,0,0,0,0,0,0,0,0,0,0,0,0,0,0,0,0,1,1,0.0,0.0,0.0,0.0,1.0,0.0,0.0,41,2,0.02,0.05,0.02,1.0,0.0,0.0,0.0,0.0,0
0,tcp,ftp_data,SF,259,0,0,0,0,0,0,0,0,0,0,0,0,0,0,0,0,0,2,2,0.0,0.0,0.0,0.0,1.0,0.0,0.0,6,2,0.33,0.33,0.33,0.0,0.0,0.0,0.0,0.0,0
1,tcp,ftp,SF,1244,2451,0,0,0,28,0,1,0,0,0,0,0,0,0,0,0,1,1,1,0.0,0.0,0.0,0.0,1.0,0.0,0.0,255,92,0.36,0.02,0.0,0.0,0.0,0.0,0.0,0.0,1
0,udp,domain_u,SF,46,128,0,0,0,0,0,0,0,0,0,0,0,0,0,0,0,0,53,203,0.0,0.0,0.0,0.0,1.0,0.0,0.02,193,196,0.79,0.02,0.7,0.01,0.0,0.0,0.07,0.0,0
0,udp,ntp_u,SF,48,48,0,0,0,0,0,0,0,0,0,0,0,0,0,0,0,0,1,1,0.0,0.0,0.0,0.0,1.0,0.0,0.0,197,3,0.02,0.02,0.02,0.0,0.0,0.0,0.0,0.0,0
0,tcp,http,SF,226,334,0,0,0,0,0,1,0,0,0,0,0,0,0,0,0,0,4,4,0.0,0.0,0.0,0.0,1.0,0.0,0.0,255,255,1.0,0.0,0.0,0.0,0.0,0.0,0.0,0.0,0
0,tcp,http,SF,246,3749,0,0,0,0,0,1,0,0,0,0,0,0,0,0,0,0,6,8,0.0,0.0,0.0,0.0,1.0,0.0,0.38,15,255,1.0,0.0,0.07,0.07,0.07,0.0,0.0,0.42,0
0,tcp,http,SF,272,1233,0,0,0,0,0,1,0,0,0,0,0,0,0,0,0,0,6,9,0.0,0.0,0.0,0.0,1.0,0.0,0.22,255,255,1.0,0.0,0.0,0.0,0.0,0.0,0.0,0.0,0
0,udp,ntp_u,SF,48,48,0,0,0,0,0,0,0,0,0,0,0,0,0,0,0,0,1,1,0.0,0.0,0.0,0.0,1.0,0.0,0.0,229,34,0.15,0.02,0.15,0.0,0.0,0.0,0.0,0.0,0
0,tcp,ftp_data,SF,334,0,0,0,0,0,0,1,0,0,0,0,0,0,0,0,0,0,2,2,0.0,0.0,0.0,0.0,1.0,0.0,0.0,2,45,1.0,0.0,1.0,0.11,0.0,0.0,0.0,0.0,1
0,udp,domain_u,SF,43,81,0,0,0,0,0,0,0,0,0,0,0,0,0,0,0,0,175,175,0.0,0.0,0.0,0.0,1.0,0.0,0.0,255,254,1.0,0.01,0.0,0.0,0.0,0.0,0.0,0.0,0
0,tcp,http,SF,493,9142,0,0,0,0,0,1,0,0,0,0,0,0,0,0,0,0,7,8,0.0,0.0,0.0,0.0,1.0,0.0,0.25,255,255,1.0,0.0,0.0,0.0,0.0,0.0,0.0,0.0,0
2,tcp,time,SF,0,4,0,0,0,0,0,0,0,0,0,0,0,0,0,0,0,0,1,1,0.0,0.0,0.0,0.0,1.0,0.0,0.0,10,10,1.0,0.0,0.1,0.0,0.0,0.0,0.0,0.0,0
0,tcp,http,SF,320,420,0,0,0,0,0,1,0,0,0,0,0,0,0,0,0,0,7,7,0.0,0.0,0.0,0.0,1.0,0.0,0.0,255,255,1.0,0.0,0.01,0.0,0.0,0.0,0.0,0.0,0
0,tcp,http,SF,209,2649,0,0,0,0,0,1,0,0,0,0,0,0,0,0,0,0,15,40,0.0,0.0,0.0,0.0,1.0,0.0,0.05,51,255,1.0,0.0,0.02,0.04,0.0,0.0,0.0,0.0,0
0,tcp,http,SF,239,1057,0,0,0,0,0,1,0,0,0,0,0,0,0,0,0,0,16,24,0.0,0.0,0.0,0.0,1.0,0.0,0.12,127,255,1.0,0.0,0.01,0.04,0.0,0.0,0.0,0.0,0
0,tcp,http,SF,238,17068,0,0,0,0,0,1,0,0,0,0,0,0,0,0,0,0,11,41,0.0,0.0,0.0,0.0,1.0,0.0,0.15,11,255,1.0,0.0,0.09,0.01,0.0,0.0,0.0,0.0,0
0,udp,other,SF,146,0,0,0,0,0,0,0,0,0,0,0,0,0,0,0,0,0,2,1,0.0,0.0,0.0,0.0,0.5,1.0,0.0,255,2,0.01,0.79,0.98,0.0,0.0,0.0,0.0,0.0,0
2,tcp,ftp_data,SF,2194619,0,0,0,0,0,0,1,0,0,0,0,0,0,0,0,0,0,2,2,0.0,0.0,0.0,0.0,1.0,0.0,0.0,127,59,0.2,0.06,0.23,0.03,0.01,0.02,0.0,0.0,0
0,tcp,http,REJ,0,0,0,0,0,0,0,0,0,0,0,0,0,0,0,0,0,0,1,2,0.0,0.0,1.0,1.0,1.0,0.0,1.0,27,11,0.41,0.19,0.04,0.0,0.04,0.0,0.41,1.0,0
0,icmp,urp_i,SF,183,0,0,0,0,0,0,0,0,0,0,0,0,0,0,0,0,0,4,4,0.0,0.0,0.0,0.0,1.0,0.0,0.0,255,25,0.1,0.01,0.11,0.0,0.0,0.0,0.0,0.0,0
0,tcp,ftp_data,SF,383,0,0,0,0,0,0,0,0,0,0,0,0,0,0,0,0,0,2,2,0.0,0.0,0.0,0.0,1.0,0.0,0.0,247,45,0.18,0.03,0.15,0.0,0.0,0.0,0.01,0.0,0
0,tcp,ftp_data,SF,334,0,0,0,0,0,0,1,0,0,0,0,0,0,0,0,0,0,1,1,0.0,0.0,0.0,0.0,1.0,0.0,0.0,1,44,1.0,0.0,1.0,0.11,0.0,0.0,0.0,0.0,1
0,tcp,http,SF,233,1075,0,0,0,0,0,1,0,0,0,0,0,0,0,0,0,0,2,38,0.0,0.0,0.0,0.0,1.0,0.0,0.05,255,250,0.98,0.01,0.0,0.0,0.0,0.0,0.0,0.0,0
0,tcp,http,SF,234,3200,0,0,0,0,0,1,0,0,0,0,0,0,0,0,0,0,9,9,0.0,0.0,0.0,0.0,1.0,0.0,0.0,239,255,1.0,0.0,0.0,0.01,0.0,0.0,0.0,0.0,0
0,udp,domain_u,SF,44,72,0,0,0,0,0,0,0,0,0,0,0,0,0,0,0,0,196,196,0.0,0.0,0.0,0.0,1.0,0.0,0.0,255,254,1.0,0.01,0.0,0.0,0.0,0.0,0.0,0.0,0
192,tcp,ftp,SF,119,426,0,0,0,2,0,1,0,0,0,0,1,0,0,0,0,1,1,1,0.0,0.0,0.0,0.0,1.0,0.0,0.0,255,1,0.0,0.01,0.0,0.0,0.0,0.0,0.04,0.0,1
0,tcp,http,SF,214,2815,0,0,0,0,0,1,0,0,0,0,0,0,0,0,0,0,19,20,0.0,0.0,0.0,0.0,1.0,0.0,0.1,255,255,1.0,0.0,0.01,0.0,0.0,0.0,0.0,0.0,0
0,tcp,http,SF,295,3125,0,0,0,0,0,1,0,0,0,0,0,0,0,0,0,0,3,3,0.0,0.0,0.0,0.0,1.0,0.0,0.0,35,255,1.0,0.0,0.03,0.04,0.0,0.0,0.0,0.0,0
0,tcp,http,SF,255,34030,0,0,0,0,0,1,0,0,0,0,0,0,0,0,0,0,1,1,0.0,0.0,0.0,0.0,1.0,0.0,0.0,223,218,0.98,0.01,0.0,0.0,0.0,0.0,0.0,0.0,0
1,tcp,ftp,SF,1255,2451,0,0,0,28,0,1,0,0,0,0,0,0,0,0,0,1,1,1,0.0,0.0,0.0,0.0,1.0,0.0,0.0,255,133,0.52,0.02,0.0,0.0,0.0,0.0,0.0,0.0,1
0,tcp,http,SF,253,392,0,0,0,0,0,1,0,0,0,0,0,0,0,0,0,0,11,11,0.0,0.0,0.0,0.0,1.0,0.0,0.0,194,255,1.0,0.0,0.01,0.01,0.01,0.0,0.0,0.0,0
0,tcp,ftp_data,SF,30,0,0,0,0,0,0,1,0,0,0,0,0,0,0,0,0,0,1,1,0.0,0.0,0.0,0.0,1.0,0.0,0.0,7,25,0.86,0.29,1.0,0.12,0.0,0.0,0.0,0.0,1
5037,tcp,ftp_data,SF,5133876,0,0,0,0,5,0,1,0,0,0,0,0,0,0,0,0,0,1,1,0.0,0.0,0.0,0.0,1.0,0.0,0.0,11,11,1.0,0.0,1.0,0.0,0.0,0.0,0.0,0.0,1
0,tcp,ftp_data,SF,40494,0,0,0,0,0,0,1,0,0,0,0,0,0,0,0,0,0,12,12,0.0,0.0,0.0,0.0,1.0,0.0,0.0,63,48,0.67,0.08,0.67,0.04,0.0,0.0,0.0,0.0,0
1,tcp,ftp,SF,1180,2447,0,0,0,28,0,1,0,0,0,0,0,0,0,0,0,1,1,1,0.0,0.0,0.0,0.0,1.0,0.0,0.0,255,47,0.18,0.02,0.0,0.0,0.04,0.0,0.0,0.0,1
0,udp,domain_u,SF,45,70,0,0,0,0,0,0,0,0,0,0,0,0,0,0,0,0,299,299,0.0,0.0,0.0,0.0,1.0,0.0,0.0,255,254,1.0,0.01,0.0,0.0,0.0,0.0,0.0,0.0,0
0,udp,domain_u,SF,46,139,0,0,0,0,0,0,0,0,0,0,0,0,0,0,0,0,65,145,0.0,0.0,0.0,0.0,1.0,0.0,0.01,255,234,0.92,0.01,0.0,0.0,0.0,0.0,0.0,0.0,0
0,tcp,http,SF,250,6851,0,0,0,0,0,1,0,0,0,0,0,0,0,0,0,0,1,1,0.0,0.0,0.0,0.0,1.0,0.0,0.0,255,237,0.93,0.02,0.0,0.0,0.0,0.0,0.0,0.0,0
1,tcp,ftp,SF,1260,2453,0,0,0,28,0,1,0,0,0,0,0,0,0,0,0,1,1,1,0.0,0.0,0.0,0.0,1.0,0.0,0.0,122,20,0.16,0.05,0.01,0.0,0.02,0.0,0.07,0.0,1
12,tcp,ftp_data,SF,7045,0,0,0,0,0,0,1,0,0,0,0,0,0,0,0,0,0,2,2,0.0,0.0,0.0,0.0,1.0,0.0,0.0,2,36,1.0,0.0,1.0,0.17,0.0,0.03,0.0,0.0,1
0,udp,domain_u,SF,44,131,0,0,0,0,0,0,0,0,0,0,0,0,0,0,0,0,123,203,0.0,0.0,0.0,0.0,1.0,0.0,0.01,255,255,1.0,0.0,0.0,0.0,0.0,0.0,0.0,0.0,0
0,tcp,http,SF,202,1745,0,0,0,0,0,1,0,0,0,0,0,0,0,0,0,0,16,54,0.0,0.0,0.0,0.0,1.0,0.0,0.11,255,255,1.0,0.0,0.0,0.0,0.0,0.0,0.0,0.0,0
0,tcp,ftp_data,SF,334,0,0,0,0,0,0,1,0,0,0,0,0,0,0,0,0,0,2,2,0.0,0.0,0.0,0.0,1.0,0.0,0.0,6,24,1.0,0.0,1.0,0.17,0.0,0.0,0.0,0.0,1
0,tcp,ftp_data,SF,383,0,0,0,0,0,0,0,0,0,0,0,0,0,0,0,0,0,2,2,0.0,0.0,0.0,0.0,1.0,0.0,0.0,185,23,0.1,0.02,0.1,0.09,0.0,0.0,0.02,0.0,0
0,tcp,http,SF,217,1472,0,0,0,0,0,1,0,0,0,0,0,0,0,0,0,0,4,4,0.0,0.0,0.0,0.0,1.0,0.0,0.0,31,154,1.0,0.0,0.03,0.03,0.0,0.0,0.0,0.0,0
0,udp,domain_u,SF,17,17,0,0,0,0,0,0,0,0,0,0,0,0,0,0,0,0,1,1,0.0,0.0,0.0,0.0,1.0,0.0,0.0,255,250,0.98,0.01,0.0,0.0,0.0,0.0,0.0,0.0,0
0,udp,domain_u,SF,43,43,0,0,0,0,0,0,0,0,0,0,0,0,0,0,0,0,158,240,0.0,0.0,0.0,0.0,1.0,0.0,0.02,255,255,1.0,0.0,0.01,0.0,0.0,0.0,0.0,0.0,0
0,tcp,http,SF,344,454,0,0,0,0,0,1,0,0,0,0,0,0,0,0,0,0,10,10,0.0,0.0,0.0,0.0,1.0,0.0,0.0,255,255,1.0,0.0,0.0,0.0,0.0,0.0,0.01,0.01,0
0,tcp,http,SF,295,2914,0,0,0,0,0,1,0,0,0,0,0,0,0,0,0,0,4,4,0.0,0.0,0.0,0.0,1.0,0.0,0.0,4,162,1.0,0.0,0.25,0.02,0.0,0.0,0.0,0.0,0
0,tcp,ftp_data,SF,334,0,0,0,0,0,0,1,0,0,0,0,0,0,0,0,0,0,2,2,0.0,0.0,0.0,0.0,1.0,0.0,0.0,4,46,1.0,0.0,1.0,0.15,0.0,0.0,0.0,0.0,1
0,tcp,http,SF,276,2987,0,0,0,0,0,1,0,0,0,0,0,0,0,0,0,0,6,38,0.0,0.0,0.0,0.0,1.0,0.0,0.08,78,255,1.0,0.0,0.01,0.04,0.0,0.0,0.0,0.0,0
0,tcp,http,SF,207,11052,0,0,0,0,0,1,0,0,0,0,0,0,0,0,0,0,1,1,0.0,0.0,0.0,0.0,1.0,0.0,0.0,255,255,1.0,0.0,0.0,0.0,0.0,0.0,0.0,0.0,0
0,tcp,http,SF,216,2602,0,0,0,0,0,1,0,0,0,0,0,0,0,0,0,0,2,47,0.0,0.0,0.0,0.0,1.0,0.0,0.09,2,254,1.0,0.0,0.5,0.06,0.0,0.0,0.0,0.0,0
0,tcp,http,S2,261,0,0,0,0,1,0,1,0,0,0,0,0,0,0,0,0,0,1,2,1.0,0.5,0.0,0.0,1.0,0.0,1.0,30,255,1.0,0.0,0.03,0.02,0.03,0.0,0.0,0.0,0
0,tcp,http,SF,236,783,0,0,0,0,0,1,0,0,0,0,0,0,0,0,0,0,23,23,0.0,0.0,0.0,0.0,1.0,0.0,0.0,255,255,1.0,0.0,0.0,0.0,0.0,0.0,0.0,0.0,0
0,tcp,http,SF,315,2168,0,0,0,0,0,1,0,0,0,0,0,0,0,0,0,0,23,40,0.0,0.0,0.0,0.0,1.0,0.0,0.08,255,255,1.0,0.0,0.0,0.0,0.0,0.0,0.0,0.0,0
0,tcp,http,SF,325,1124,0,0,0,0,0,1,0,0,0,0,0,0,0,0,0,0,3,3,0.33,0.33,0.0,0.0,1.0,0.0,0.0,20,255,1.0,0.0,0.05,0.02,0.05,0.01,0.0,0.0,0
0,tcp,http,SF,214,1705,0,0,0,0,0,1,0,0,0,0,0,0,0,0,0,0,19,21,0.0,0.0,0.0,0.0,1.0,0.0,0.14,159,255,1.0,0.0,0.01,0.01,0.0,0.0,0.0,0.0,0
12,tcp,ftp_data,SF,7045,0,0,0,0,0,0,1,0,0,0,0,0,0,0,0,0,0,1,1,0.0,0.0,0.0,0.0,1.0,0.0,0.0,2,29,1.0,0.0,1.0,0.1,0.0,0.0,0.0,0.0,1
0,tcp,http,SF,280,667,0,0,0,0,0,1,0,0,0,0,0,0,0,0,0,0,20,20,0.0,0.0,0.0,0.0,1.0,0.0,0.0,20,255,1.0,0.0,0.05,0.05,0.0,0.0,0.0,0.0,0
0,tcp,telnet,RSTR,126,179,0,0,0,2,1,0,0,0,0,0,0,0,0,0,0,0,2,2,0.0,0.0,1.0,1.0,1.0,0.0,0.0,41,41,1.0,0.0,0.05,0.0,0.05,0.05,0.95,0.95,1
0,tcp,smtp,SF,1046,330,0,0,0,0,0,1,0,0,0,0,0,0,0,0,0,0,1,2,0.0,0.0,0.0,0.0,1.0,0.0,1.0,89,241,0.94,0.02,0.01,0.02,0.0,0.0,0.0,0.0,0
0,tcp,http,SF,204,12922,0,0,0,0,0,1,0,0,0,0,0,0,0,0,0,0,30,30,0.0,0.0,0.0,0.0,1.0,0.0,0.0,255,255,1.0,0.0,0.0,0.0,0.0,0.0,0.0,0.0,0
0,udp,domain_u,SF,42,42,0,0,0,0,0,0,0,0,0,0,0,0,0,0,0,0,1,3,0.0,0.0,0.0,0.0,1.0,0.0,0.67,8,241,1.0,0.0,1.0,0.01,0.0,0.0,0.0,0.0,0
30,tcp,ftp,SF,1463,4152,0,0,0,30,0,1,0,0,0,0,0,0,0,0,0,1,1,1,0.0,0.0,0.0,0.0,1.0,0.0,0.0,88,22,0.25,0.03,0.01,0.0,0.0,0.0,0.0,0.0,0
0,tcp,ftp_data,SF,334,0,0,0,0,0,0,1,0,0,0,0,0,0,0,0,0,0,1,1,0.0,0.0,0.0,0.0,1.0,0.0,0.0,1,31,1.0,0.0,1.0,0.16,0.0,0.0,0.0,0.0,1
0,tcp,ftp_data,SF,334,0,0,0,0,0,0,1,0,0,0,0,0,0,0,0,0,0,2,2,0.0,0.0,0.0,0.0,1.0,0.0,0.0,4,8,1.0,0.0,1.0,0.25,0.0,0.0,0.0,0.0,1
0,udp,domain_u,SF,46,79,0,0,0,0,0,0,0,0,0,0,0,0,0,0,0,0,191,190,0.0,0.0,0.0,0.0,0.99,0.01,0.0,255,254,1.0,0.01,0.01,0.0,0.0,0.0,0.0,0.0,0
352,udp,other,SF,146,105,0,0,0,0,0,0,0,0,0,0,0,0,0,0,0,0,3,1,0.0,0.0,0.0,0.0,0.33,0.67,0.0,127,1,0.01,0.53,0.72,0.0,0.0,0.0,0.0,0.0,0
0,tcp,ftp,SF,1194,2449,0,0,0,28,0,1,0,0,0,0,0,0,0,0,0,1,1,1,0.0,0.0,0.0,0.0,1.0,0.0,0.0,255,52,0.2,0.02,0.0,0.0,0.02,0.0,0.0,0.0,1
0,tcp,http,SF,289,1484,0,0,0,0,0,1,0,0,0,0,0,0,0,0,0,0,9,9,0.0,0.0,0.0,0.0,1.0,0.0,0.0,155,255,1.0,0.0,0.01,0.02,0.01,0.0,0.0,0.0,0
0,tcp,http,SF,255,1249,0,0,0,0,0,1,0,0,0,0,0,0,0,0,0,0,3,4,0.0,0.0,0.0,0.0,1.0,0.0,0.5,81,255,1.0,0.0,0.01,0.02,0.0,0.0,0.0,0.0,0
0,tcp,smtp,SF,884,334,0,0,0,0,0,1,0,0,0,0,0,0,0,0,0,0,1,2,0.0,0.0,0.0,0.0,1.0,0.0,1.0,128,119,0.42,0.02,0.01,0.02,0.0,0.0,0.0,0.0,0
0,tcp,http,SF,307,483,0,0,0,0,0,1,0,0,0,0,0,0,0,0,0,0,11,20,0.0,0.0,0.0,0.0,1.0,0.0,0.15,255,255,1.0,0.0,0.0,0.0,0.0,0.0,0.0,0.0,0
0,tcp,http,SF,329,1541,0,0,0,0,0,1,0,0,0,0,0,0,0,0,0,0,1,4,0.0,0.0,0.0,0.0,1.0,0.0,0.5,101,255,1.0,0.0,0.01,0.03,0.0,0.0,0.0,0.0,0
5072,tcp,ftp,SF,1060,2284,0,0,0,20,0,1,0,0,0,0,0,0,0,0,0,1,1,1,0.0,0.0,0.0,0.0,1.0,0.0,0.0,255,24,0.09,0.02,0.0,0.0,0.13,0.0,0.0,0.0,1
0,tcp,ftp_data,SF,334,0,0,0,0,0,0,1,0,0,0,0,0,0,0,0,0,0,1,1,0.0,0.0,0.0,0.0,1.0,0.0,0.0,1,3,1.0,0.0,1.0,0.67,0.0,0.0,0.0,0.0,1
0,tcp,ftp_data,SF,2890,0,0,0,0,0,0,1,0,0,0,0,0,0,0,0,0,0,11,13,0.0,0.0,0.0,0.0,1.0,0.0,0.15,255,120,0.47,0.01,0.47,0.0,0.0,0.0,0.0,0.0,0
0,tcp,http,SF,316,301,0,0,0,0,0,1,0,0,0,0,0,0,0,0,0,0,34,34,0.0,0.0,0.0,0.0,1.0,0.0,0.0,117,255,1.0,0.0,0.01,0.02,0.0,0.0,0.09,0.06,0
0,tcp,http,SF,215,1483,0,0,0,0,0,1,0,0,0,0,0,0,0,0,0,0,4,9,0.0,0.0,0.0,0.0,1.0,0.0,0.33,97,192,1.0,0.0,0.01,0.03,0.0,0.0,0.0,0.0,0
0,tcp,smtp,SF,1340,330,0,0,0,0,0,1,0,0,0,0,0,0,0,0,0,0,1,2,0.0,0.0,0.0,0.0,1.0,0.0,1.0,255,152,0.6,0.02,0.0,0.0,0.01,0.01,0.0,0.0,0
0,tcp,http,SF,300,1263,0,0,0,0,0,1,0,0,0,0,0,0,0,0,0,0,4,18,0.0,0.06,0.0,0.0,1.0,0.0,0.17,255,255,1.0,0.0,0.0,0.0,0.0,0.0,0.0,0.0,0
1,tcp,ftp,SF,1168,2445,0,0,0,28,0,1,0,0,0,0,0,0,0,0,0,1,1,1,0.0,0.0,0.0,0.0,1.0,0.0,0.0,127,25,0.2,0.05,0.01,0.0,0.02,0.0,0.06,0.0,1
0,tcp,ftp,SF,1257,2451,0,0,0,28,0,1,0,0,0,0,0,0,0,0,0,1,1,1,0.0,0.0,0.0,0.0,1.0,0.0,0.0,255,136,0.53,0.02,0.0,0.0,0.0,0.0,0.0,0.0,1
27,tcp,ftp,SF,1439,4152,0,0,0,30,0,1,0,0,0,0,0,0,0,0,0,1,1,1,0.0,0.0,0.0,0.0,1.0,0.0,0.0,136,53,0.39,0.02,0.01,0.0,0.0,0.0,0.0,0.0,0
0,tcp,ftp_data,SF,334,0,0,0,0,0,0,1,0,0,0,0,0,0,0,0,0,0,2,2,0.0,0.0,0.0,0.0,1.0,0.0,0.0,14,49,1.0,0.0,1.0,0.14,0.0,0.0,0.0,0.0,1
0,tcp,http,SF,306,1309,0,0,0,0,0,1,0,0,0,0,0,0,0,0,0,0,24,24,0.0,0.0,0.0,0.0,1.0,0.0,0.0,24,255,1.0,0.0,0.04,0.03,0.0,0.0,0.0,0.01,0
0,tcp,ftp,SF,1231,2451,0,0,0,28,0,1,0,0,0,0,0,0,0,0,0,1,1,1,0.0,0.0,0.0,0.0,1.0,0.0,0.0,226,54,0.24,0.02,0.0,0.0,0.0,0.0,0.01,0.0,1
0,tcp,http,SF,306,694,0,0,0,0,0,1,0,0,0,0,0,0,0,0,0,0,33,46,0.0,0.0,0.0,0.0,1.0,0.0,0.04,212,241,1.0,0.0,0.0,0.03,0.0,0.0,0.0,0.0,0
10,tcp,smtp,SF,955,337,0,0,0,0,0,1,0,0,0,0,0,0,0,0,0,0,1,4,0.0,0.0,0.0,0.0,1.0,0.0,1.0,213,123,0.53,0.02,0.0,0.02,0.0,0.0,0.0,0.0,0
4,tcp,smtp,SF,924,330,0,0,0,0,0,1,0,0,0,0,0,0,0,0,0,0,1,2,0.0,0.0,0.0,0.0,1.0,0.0,1.0,162,145,0.64,0.04,0.01,0.01,0.0,0.0,0.0,0.0,0
0,tcp,http,SF,244,10329,0,0,0,0,0,1,0,0,0,0,0,0,0,0,0,0,1,4,0.0,0.0,0.0,0.0,1.0,0.0,0.75,104,255,1.0,0.0,0.01,0.01,0.0,0.0,0.02,0.01,0
3,tcp,ftp,SF,1240,2451,0,0,0,28,0,1,0,0,0,0,0,0,0,0,0,1,1,1,0.0,0.0,0.0,0.0,1.0,0.0,0.0,255,33,0.13,0.02,0.0,0.0,0.09,0.0,0.0,0.0,1
0,tcp,http,SF,228,274,0,0,0,0,0,1,0,0,0,0,0,0,0,0,0,0,16,16,0.0,0.0,0.0,0.0,1.0,0.0,0.0,255,255,1.0,0.0,0.0,0.0,0.0,0.0,0.0,0.0,0
0,tcp,ftp_data,SF,1874,0,0,0,0,0,0,1,0,0,0,0,0,0,0,0,0,0,10,10,0.0,0.0,0.0,0.0,1.0,0.0,0.0,255,46,0.18,0.02,0.18,0.0,0.0,0.0,0.71,0.0,0
0,tcp,http,SF,239,1231,0,0,0,0,0,1,0,0,0,0,0,0,0,0,0,0,27,27,0.0,0.0,0.0,0.0,1.0,0.0,0.0,255,255,1.0,0.0,0.0,0.0,0.0,0.0,0.0,0.0,0
0,tcp,http,SF,271,9248,0,0,0,0,0,1,0,0,0,0,0,0,0,0,0,0,4,27,0.0,0.0,0.0,0.0,1.0,0.0,0.07,255,255,1.0,0.0,0.0,0.0,0.0,0.0,0.0,0.0,0
0,tcp,smtp,SF,3340,394,0,0,0,0,0,1,0,0,0,0,0,0,0,0,0,0,1,1,0.0,0.0,0.0,0.0,1.0,0.0,0.0,2,156,0.5,1.0,0.5,0.02,0.0,0.0,0.5,0.0,0
0,tcp,smtp,SF,1578,330,0,0,0,0,0,1,0,0,0,0,0,0,0,0,0,0,1,1,0.0,0.0,0.0,0.0,1.0,0.0,0.0,96,90,0.94,0.03,0.01,0.0,0.0,0.0,0.01,0.0,0
0,tcp,ftp_data,SF,334,0,0,0,0,0,0,1,0,0,0,0,0,0,0,0,0,0,2,2,0.0,0.0,0.0,0.0,1.0,0.0,0.0,4,38,1.0,0.0,1.0,0.18,0.0,0.0,0.0,0.0,1
0,tcp,ftp_data,SF,12,0,0,0,0,0,0,1,0,0,0,0,0,0,0,0,0,0,2,2,0.0,0.0,0.0,0.0,1.0,0.0,0.0,37,11,0.24,0.14,0.24,0.18,0.0,0.0,0.0,0.0,0
0,tcp,ftp_data,SF,334,0,0,0,0,0,0,1,0,0,0,0,0,0,0,0,0,0,2,2,0.0,0.0,0.0,0.0,1.0,0.0,0.0,2,14,1.0,0.0,1.0,0.14,0.0,0.0,0.0,0.0,1
0,tcp,http,SF,387,680,0,0,0,0,0,1,0,0,0,0,0,0,0,0,0,0,9,23,0.0,0.0,0.0,0.0,1.0,0.0,0.09,11,255,1.0,0.0,0.09,0.07,0.0,0.01,0.0,0.0,0
0,tcp,http,SF,218,5007,0,0,0,0,0,1,0,0,0,0,0,0,0,0,0,0,1,1,0.0,0.0,0.0,0.0,1.0,0.0,0.0,1,255,1.0,0.0,1.0,0.05,0.0,0.0,0.0,0.0,0
0,tcp,ftp_data,SF,334,0,0,0,0,0,0,1,0,0,0,0,0,0,0,0,0,0,2,2,0.0,0.0,0.0,0.0,1.0,0.0,0.0,4,15,1.0,0.0,1.0,0.27,0.0,0.0,0.0,0.0,1
0,tcp,http,SF,227,6477,0,0,0,0,0,1,0,0,0,0,0,0,0,0,0,0,2,2,0.0,0.0,0.0,0.0,1.0,0.0,0.0,32,41,1.0,0.0,0.03,0.07,0.0,0.0,0.0,0.0,0
0,tcp,ftp_data,SF,965,0,0,0,0,0,0,0,0,0,0,0,0,0,0,0,0,0,7,7,0.0,0.0,0.0,0.0,1.0,0.0,0.0,13,78,1.0,0.0,1.0,0.03,0.0,0.0,0.0,0.0,0
0,tcp,http,SF,319,1671,0,0,0,0,0,1,0,0,0,0,0,0,0,0,0,0,10,13,0.0,0.0,0.0,0.0,1.0,0.0,0.15,39,255,1.0,0.0,0.03,0.03,0.0,0.0,0.0,0.0,0
0,tcp,http,SF,228,392,0,0,0,0,0,1,0,0,0,0,0,0,0,0,0,0,6,14,0.0,0.0,0.0,0.0,1.0,0.0,0.14,6,255,1.0,0.0,0.17,0.06,0.0,0.0,0.0,0.0,0
0,udp,other,SF,516,4,0,0,0,0,0,0,0,0,0,0,0,0,0,0,0,0,335,335,0.0,0.0,0.0,0.0,1.0,0.0,0.0,255,255,1.0,0.0,1.0,0.0,0.0,0.0,0.0,0.0,0
4,tcp,ftp_data,SF,832,0,0,0,0,0,0,1,0,0,0,0,0,0,0,0,0,0,1,1,0.0,0.0,0.0,0.0,1.0,0.0,0.0,8,33,1.0,0.0,1.0,0.15,0.0,0.03,0.0,0.0,1
0,tcp,ftp_data,SF,334,0,0,0,0,0,0,1,0,0,0,0,0,0,0,0,0,0,1,1,0.0,0.0,0.0,0.0,1.0,0.0,0.0,255,84,0.33,0.07,0.35,0.0,0.01,0.04,0.0,0.0,1
0,udp,domain_u,SF,33,88,0,0,0,0,0,0,0,0,0,0,0,0,0,0,0,0,1,4,0.0,0.0,0.0,0.0,1.0,0.0,0.75,255,225,0.88,0.01,0.0,0.0,0.0,0.0,0.0,0.0,0
0,tcp,http,SF,339,832,0,0,0,0,0,1,0,0,0,0,0,0,0,0,0,0,11,11,0.0,0.0,0.0,0.0,1.0,0.0,0.0,11,118,1.0,0.0,0.09,0.12,0.0,0.01,0.0,0.0,0
0,tcp,http,REJ,0,0,0,0,0,0,0,0,0,0,0,0,0,0,0,0,0,0,1,2,0.0,0.0,1.0,1.0,1.0,0.0,1.0,18,255,1.0,0.0,0.06,0.16,0.0,0.0,1.0,0.98,0
0,tcp,http,SF,241,468,0,0,0,0,0,1,0,0,0,0,0,0,0,0,0,0,28,44,0.0,0.0,0.0,0.0,1.0,0.0,0.09,255,255,1.0,0.0,0.0,0.0,0.0,0.0,0.0,0.0,0
0,udp,domain_u,SF,45,134,0,0,0,0,0,0,0,0,0,0,0,0,0,0,0,0,60,122,0.0,0.0,0.0,0.0,1.0,0.0,0.02,255,194,0.76,0.01,0.0,0.0,0.0,0.0,0.0,0.0,0
0,tcp,ftp_data,SF,334,0,0,0,0,0,0,1,0,0,0,0,0,0,0,0,0,0,2,2,0.0,0.0,0.0,0.0,1.0,0.0,0.0,6,25,1.0,0.0,1.0,0.12,0.0,0.0,0.0,0.0,1
464,udp,other,SF,145,105,0,0,0,0,0,0,0,0,0,0,0,0,0,0,0,0,4,2,0.0,0.0,0.0,0.0,0.5,0.5,0.0,255,2,0.01,0.53,0.91,0.0,0.0,0.0,0.0,0.0,0
0,tcp,ftp_data,SF,9,0,0,0,0,0,0,1,0,0,0,0,0,0,0,0,0,0,2,2,0.0,0.0,0.0,0.0,1.0,0.0,0.0,255,58,0.23,0.02,0.03,0.0,0.67,0.78,0.0,0.0,0
0,udp,private,SF,105,145,0,0,0,0,0,0,0,0,0,0,0,0,0,0,0,0,4,1,0.0,0.0,0.0,0.0,0.25,0.5,0.0,255,119,0.47,0.01,0.0,0.0,0.0,0.0,0.0,0.0,0
1,tcp,ftp,SF,1277,2451,0,0,0,28,0,1,0,0,0,0,0,0,0,0,0,1,1,1,0.0,0.0,0.0,0.0,1.0,0.0,0.0,255,137,0.54,0.02,0.0,0.0,0.0,0.0,0.0,0.0,1
0,tcp,http,SF,227,756,0,0,0,0,0,1,0,0,0,0,0,0,0,0,0,0,1,17,0.0,0.0,0.0,0.0,1.0,0.0,0.12,99,255,1.0,0.0,0.01,0.02,0.0,0.0,0.0,0.0,0
0,tcp,smtp,SF,809,401,0,0,0,0,0,1,0,0,0,0,0,0,0,0,0,0,1,1,0.0,0.0,0.0,0.0,1.0,0.0,0.0,255,96,0.38,0.05,0.0,0.0,0.23,0.0,0.02,0.0,0
0,tcp,http,SF,300,13210,0,0,0,0,0,1,0,0,0,0,0,0,0,0,0,0,10,10,0.0,0.0,0.0,0.0,1.0,0.0,0.0,255,255,1.0,0.0,0.0,0.0,0.01,0.01,0.02,0.02,0
0,icmp,urp_i,SF,78,0,0,0,0,0,0,0,0,0,0,0,0,0,0,0,0,0,21,6,0.0,0.0,0.0,0.0,0.29,0.1,0.0,255,18,0.07,0.01,0.07,0.0,0.0,0.0,0.0,0.0,0
0,tcp,ftp_data,SF,334,0,0,0,0,0,0,1,0,0,0,0,0,0,0,0,0,0,1,1,0.0,0.0,0.0,0.0,1.0,0.0,0.0,1,7,1.0,0.0,1.0,0.29,0.0,0.0,0.0,0.0,1
0,tcp,telnet,RSTO,126,179,0,0,0,1,1,0,0,0,0,0,0,0,0,0,0,0,2,2,0.0,0.0,1.0,1.0,1.0,0.0,0.0,29,29,1.0,0.0,0.03,0.0,0.07,0.07,0.93,0.93,1
0,tcp,http,SF,281,15105,0,0,0,0,0,1,0,0,0,0,0,0,0,0,0,0,4,4,0.0,0.0,0.0,0.0,1.0,0.0,0.0,255,255,1.0,0.0,0.0,0.0,0.0,0.0,0.0,0.0,0
0,tcp,http,SF,312,365,0,0,0,0,0,1,0,0,0,0,0,0,0,0,0,0,4,4,0.0,0.0,0.0,0.0,1.0,0.0,0.0,47,255,1.0,0.0,0.02,0.07,0.0,0.0,0.0,0.0,0
0,tcp,http,SF,227,1452,0,0,0,0,0,1,0,0,0,0,0,0,0,0,0,0,7,7,0.0,0.0,0.0,0.0,1.0,0.0,0.0,60,255,1.0,0.0,0.02,0.02,0.0,0.0,0.0,0.0,0
0,tcp,ftp_data,SF,334,0,0,0,0,0,0,1,0,0,0,0,0,0,0,0,0,0,1,1,0.0,0.0,0.0,0.0,1.0,0.0,0.0,6,31,1.0,0.0,1.0,0.16,0.0,0.0,0.0,0.0,1
289,tcp,telnet,SF,162,4795,0,0,0,0,0,1,3,0,0,0,0,0,0,0,0,0,1,1,0.0,0.0,0.0,0.0,1.0,0.0,0.0,119,21,0.18,0.03,0.01,0.0,0.02,0.05,0.03,0.19,0
0,tcp,http,SF,294,10715,0,0,0,0,0,1,0,0,0,0,0,0,0,0,0,0,11,12,0.0,0.0,0.0,0.0,1.0,0.0,0.17,255,255,1.0,0.0,0.0,0.0,0.0,0.0,0.0,0.0,0
0,tcp,http,SF,221,3905,0,0,0,0,0,1,0,0,0,0,0,0,0,0,0,0,22,35,0.0,0.0,0.0,0.0,1.0,0.0,0.06,255,255,1.0,0.0,0.0,0.0,0.0,0.0,0.0,0.0,0
0,tcp,http,SF,340,310,0,0,0,0,0,1,0,0,0,0,0,0,0,0,0,0,2,11,0.0,0.0,0.0,0.0,1.0,0.0,0.18,28,255,1.0,0.0,0.04,0.02,0.0,0.0,0.0,0.0,0
0,tcp,http,SF,215,755,0,0,0,0,0,1,0,0,0,0,0,0,0,0,0,0,9,11,0.0,0.0,0.0,0.0,1.0,0.0,0.27,103,156,1.0,0.0,0.01,0.06,0.0,0.0,0.0,0.0,0
727,tcp,telnet,SF,587,18961,0,0,0,0,0,1,0,0,0,0,0,0,0,0,0,0,1,1,0.0,0.0,0.0,0.0,1.0,0.0,0.0,255,59,0.23,0.02,0.0,0.0,0.73,0.88,0.0,0.0,0
2,tcp,ftp,SF,1194,2447,0,0,0,28,0,1,0,0,0,0,0,0,0,0,0,1,1,1,0.0,0.0,0.0,0.0,1.0,0.0,0.0,255,89,0.35,0.02,0.0,0.0,0.0,0.0,0.01,0.0,1
0,tcp,http,SF,288,2153,0,0,0,0,0,1,0,0,0,0,0,0,0,0,0,0,44,44,0.0,0.0,0.0,0.0,1.0,0.0,0.0,184,255,1.0,0.0,0.01,0.01,0.0,0.0,0.0,0.0,0
0,udp,domain_u,SF,43,78,0,0,0,0,0,0,0,0,0,0,0,0,0,0,0,0,147,147,0.0,0.0,0.0,0.0,1.0,0.0,0.0,255,254,1.0,0.01,0.0,0.0,0.0,0.0,0.0,0.0,0
0,tcp,ftp_data,SF,334,0,0,0,0,0,0,1,0,0,0,0,0,0,0,0,0,0,2,2,0.0,0.0,0.0,0.0,1.0,0.0,0.0,2,45,1.0,0.0,1.0,0.13,0.0,0.0,0.0,0.0,1
0,tcp,http,SF,224,1551,0,0,0,0,0,1,0,0,0,0,0,0,0,0,0,0,14,14,0.0,0.0,0.0,0.0,1.0,0.0,0.0,14,255,1.0,0.0,0.07,0.02,0.0,0.0,0.0,0.0,0
0,tcp,smtp,SF,8812,372,0,0,0,0,0,1,0,0,0,0,0,0,0,0,0,0,2,1,0.0,0.0,0.0,0.0,0.5,1.0,0.0,22,132,0.73,0.14,0.05,0.02,0.0,0.3,0.0,0.0,0
0,udp,other,SF,147,0,0,0,0,0,0,0,0,0,0,0,0,0,0,0,0,0,1,1,0.0,0.0,0.0,0.0,1.0,0.0,0.0,255,1,0.0,0.78,0.99,0.0,0.0,0.0,0.0,0.0,0
0,tcp,ftp_data,SF,334,0,0,0,0,0,0,1,0,0,0,0,0,0,0,0,0,0,1,1,0.0,0.0,0.0,0.0,1.0,0.0,0.0,1,5,1.0,0.0,1.0,0.4,0.0,0.0,0.0,0.0,1
1,tcp,ftp,SF,1202,2449,0,0,0,28,0,1,0,0,0,0,0,0,0,0,0,1,1,1,0.0,0.0,0.0,0.0,1.0,0.0,0.0,255,117,0.46,0.02,0.0,0.0,0.0,0.0,0.0,0.0,1
0,tcp,http,SF,354,1695,0,0,0,0,0,1,0,0,0,0,0,0,0,0,0,0,7,7,0.0,0.0,0.0,0.0,1.0,0.0,0.0,255,255,1.0,0.0,0.0,0.0,0.0,0.0,0.0,0.0,0
1092,udp,other,SF,147,105,0,0,0,0,0,0,0,0,0,0,0,0,0,0,0,0,1,1,0.0,0.0,0.0,0.0,1.0,0.0,0.0,255,1,0.0,0.52,0.81,0.0,0.0,0.0,0.0,0.0,0
0,tcp,http,SF,204,283,0,0,0,0,0,1,0,0,0,0,0,0,0,0,0,0,19,20,0.0,0.0,0.0,0.0,1.0,0.0,0.1,89,255,1.0,0.0,0.01,0.02,0.01,0.0,0.0,0.0,0
0,tcp,http,SF,195,7654,0,0,0,0,0,1,0,0,0,0,0,0,0,0,0,0,1,3,0.0,0.0,0.0,0.0,1.0,0.0,0.67,15,255,1.0,0.0,0.07,0.02,0.0,0.0,0.0,0.0,0
0,tcp,http,SF,305,2178,0,0,0,0,0,1,0,0,0,0,0,0,0,0,0,0,1,3,0.0,0.0,0.0,0.0,1.0,0.0,1.0,1,255,1.0,0.0,1.0,0.02,0.0,0.0,0.0,0.0,0
0,tcp,ftp_data,SF,567,0,0,0,0,0,0,0,0,0,0,0,0,0,0,0,0,0,1,1,0.0,0.0,0.0,0.0,1.0,0.0,0.0,26,5,0.19,0.15,0.19,0.0,0.0,0.0,0.0,0.0,0
0,tcp,http,SF,317,564,0,0,0,0,0,1,0,0,0,0,0,0,0,0,0,0,1,1,0.0,0.0,0.0,0.0,1.0,0.0,0.0,27,255,1.0,0.0,0.04,0.19,0.0,0.0,0.33,0.89,0
1,tcp,ftp,SF,1174,2447,0,0,0,28,0,1,0,0,0,0,0,0,0,0,0,1,1,1,0.0,0.0,0.0,0.0,1.0,0.0,0.0,255,125,0.49,0.02,0.0,0.0,0.0,0.0,0.0,0.0,1
0,tcp,ftp_data,SF,334,0,0,0,0,0,0,1,0,0,0,0,0,0,0,0,0,0,2,2,0.0,0.0,0.0,0.0,1.0,0.0,0.0,10,39,0.8,0.2,0.8,0.13,0.0,0.0,0.0,0.0,1
0,tcp,http,SF,338,281,0,0,0,0,0,1,0,0,0,0,0,0,0,0,0,0,8,8,0.0,0.0,0.0,0.0,1.0,0.0,0.0,255,246,0.96,0.01,0.0,0.0,0.0,0.0,0.0,0.0,0
0,tcp,ftp_data,SF,175337,0,0,0,0,0,0,1,0,0,0,0,0,0,0,0,0,0,2,2,0.0,0.0,0.0,0.0,1.0,0.0,0.0,255,105,0.41,0.03,0.41,0.0,0.0,0.0,0.0,0.0,0
0,udp,domain_u,SF,43,76,0,0,0,0,0,0,0,0,0,0,0,0,0,0,0,0,122,122,0.0,0.0,0.0,0.0,1.0,0.0,0.0,255,255,1.0,0.0,0.0,0.0,0.0,0.0,0.0,0.0,0
0,tcp,http,SF,299,3200,0,0,0,0,0,1,0,0,0,0,0,0,0,0,0,0,21,21,0.0,0.0,0.0,0.0,1.0,0.0,0.0,255,255,1.0,0.0,0.0,0.0,0.0,0.0,0.0,0.0,0
0,tcp,http,SF,149,597,0,0,0,0,0,1,0,0,0,0,0,0,0,0,0,0,3,6,0.0,0.0,0.0,0.0,1.0,0.0,0.5,3,255,1.0,0.0,0.33,0.03,0.0,0.0,0.0,0.01,0
1,tcp,ftp,SF,1228,2451,0,0,0,28,0,1,0,0,0,0,0,0,0,0,0,1,1,1,0.0,0.0,0.0,0.0,1.0,0.0,0.0,255,117,0.46,0.02,0.0,0.0,0.0,0.0,0.01,0.0,1
0,udp,domain_u,SF,46,46,0,0,0,0,0,0,0,0,0,0,0,0,0,0,0,0,112,112,0.0,0.0,0.0,0.0,1.0,0.0,0.0,255,254,1.0,0.01,0.0,0.0,0.0,0.0,0.0,0.0,0
0,tcp,http,SF,244,3053,0,0,0,0,0,1,0,0,0,0,0,0,0,0,0,0,7,7,0.0,0.0,0.0,0.0,1.0,0.0,0.0,72,255,1.0,0.0,0.01,0.03,0.0,0.0,0.0,0.0,0
0,tcp,http,SF,278,708,0,0,0,0,0,1,0,0,0,0,0,0,0,0,0,0,1,1,0.0,0.0,0.0,0.0,1.0,0.0,0.0,255,255,1.0,0.0,0.0,0.0,0.0,0.0,0.0,0.0,0
9192,tcp,IRC,RSTR,2428,8709,0,0,0,0,0,0,0,0,0,0,0,0,0,0,0,0,1,1,0.0,0.0,1.0,1.0,1.0,0.0,0.0,88,22,0.25,0.02,0.01,0.0,0.0,0.0,0.14,0.55,0
0,tcp,http,SF,211,581,0,0,0,0,0,1,0,0,0,0,0,0,0,0,0,0,15,15,0.0,0.0,0.0,0.0,1.0,0.0,0.0,255,255,1.0,0.0,0.0,0.0,0.0,0.0,0.0,0.0,0
0,tcp,telnet,RSTO,126,179,0,0,0,1,1,0,0,0,0,0,0,0,0,0,0,0,2,2,0.0,0.0,1.0,1.0,1.0,0.0,0.0,18,18,1.0,0.0,0.06,0.0,0.06,0.06,0.94,0.94,1
1,tcp,smtp,SF,1095,282,0,0,0,0,0,1,0,0,0,0,0,0,0,0,0,0,1,2,0.0,0.0,0.0,0.0,1.0,0.0,1.0,120,124,0.57,0.07,0.01,0.02,0.01,0.0,0.0,0.0,0
13535,tcp,telnet,SF,10606,17797,0,0,0,0,0,1,4,0,0,2,40,0,0,0,0,0,1,1,0.0,0.0,0.0,0.0,1.0,0.0,0.0,255,12,0.05,0.06,0.0,0.0,0.76,0.08,0.0,0.0,0
0,icmp,urp_i,SF,181,0,0,0,0,0,0,0,0,0,0,0,0,0,0,0,0,0,2,1,0.0,0.0,0.0,0.0,0.5,1.0,0.0,255,29,0.11,0.01,0.12,0.0,0.0,0.0,0.0,0.0,0
0,udp,domain_u,SF,45,130,0,0,0,0,0,0,0,0,0,0,0,0,0,0,0,0,192,191,0.0,0.0,0.0,0.0,0.99,0.01,0.0,223,190,0.85,0.01,0.0,0.0,0.0,0.0,0.0,0.0,0
0,tcp,http,SF,288,1310,0,0,0,0,0,1,0,0,0,0,0,0,0,0,0,0,2,2,0.0,0.0,0.0,0.0,1.0,0.0,0.0,5,255,1.0,0.0,0.2,0.02,0.0,0.0,0.0,0.0,0
0,tcp,http,SF,333,216,0,0,0,0,0,1,0,0,0,0,0,0,0,0,0,0,20,24,0.0,0.0,0.0,0.0,1.0,0.0,0.17,255,255,1.0,0.0,0.0,0.0,0.0,0.0,0.0,0.0,0
0,tcp,http,SF,210,5511,0,0,0,0,0,1,0,0,0,0,0,0,0,0,0,0,1,1,0.0,0.0,0.0,0.0,1.0,0.0,0.0,67,255,1.0,0.0,0.01,0.03,0.03,0.01,0.0,0.0,0
0,tcp,http,SF,230,867,0,0,0,0,0,1,0,0,0,0,0,0,0,0,0,0,21,41,0.0,0.0,0.0,0.0,1.0,0.0,0.07,95,255,1.0,0.0,0.01,0.01,0.0,0.0,0.0,0.0,0
285,udp,other,SF,145,105,0,0,0,0,0,0,0,0,0,0,0,0,0,0,0,0,5,2,0.0,0.0,0.0,0.0,0.4,0.6,0.0,255,3,0.01,0.59,0.96,0.0,0.0,0.0,0.0,0.0,0
0,tcp,http,SF,222,185,0,0,0,0,0,1,0,0,0,0,0,0,0,0,0,0,16,16,0.0,0.0,0.0,0.0,1.0,0.0,0.0,20,255,1.0,0.0,0.05,0.24,0.0,0.0,0.2,0.9,0
0,tcp,http,SF,249,526,0,0,0,0,0,1,0,0,0,0,0,0,0,0,0,0,7,7,0.0,0.0,0.0,0.0,1.0,0.0,0.0,21,255,1.0,0.0,0.05,0.01,0.0,0.0,0.0,0.0,0
0,tcp,http,SF,238,2225,0,0,0,0,0,1,0,0,0,0,0,0,0,0,0,0,20,20,0.0,0.0,0.0,0.0,1.0,0.0,0.0,255,255,1.0,0.0,0.0,0.0,0.0,0.0,0.0,0.0,0
0,tcp,ftp,SF,1249,2451,0,0,0,28,0,1,0,0,0,0,0,0,0,0,0,1,1,1,0.0,0.0,0.0,0.0,1.0,0.0,0.0,255,104,0.41,0.02,0.0,0.0,0.0,0.0,0.0,0.0,1
0,tcp,http,SF,214,16883,0,0,0,0,0,1,0,0,0,0,0,0,0,0,0,0,3,3,0.0,0.0,0.0,0.0,1.0,0.0,0.0,38,255,1.0,0.0,0.03,0.07,0.0,0.01,0.0,0.0,0
0,tcp,ftp_data,SF,252,0,0,0,0,0,0,1,0,0,0,0,0,0,0,0,0,0,2,2,0.0,0.0,0.0,0.0,1.0,0.0,0.0,4,56,0.75,0.5,0.75,0.04,0.0,0.0,0.0,0.0,0
0,tcp,ftp_data,SF,334,0,0,0,0,0,0,1,0,0,0,0,0,0,0,0,0,0,1,1,0.0,0.0,0.0,0.0,1.0,0.0,0.0,3,25,1.0,0.0,1.0,0.08,0.0,0.0,0.0,0.0,1
0,tcp,http,SF,380,707,0,0,0,0,0,1,0,0,0,0,0,0,0,0,0,0,4,4,0.0,0.0,0.0,0.0,1.0,0.0,0.0,11,255,1.0,0.0,0.09,0.04,0.0,0.0,0.0,0.0,0
0,tcp,http,SF,338,616,0,0,0,0,0,1,0,0,0,0,0,0,0,0,0,0,5,5,0.0,0.0,0.0,0.0,1.0,0.0,0.0,255,255,1.0,0.0,0.0,0.0,0.0,0.0,0.0,0.0,0
0,tcp,http,SF,233,2239,0,0,0,0,0,1,0,0,0,0,0,0,0,0,0,0,6,6,0.17,0.17,0.0,0.0,1.0,0.0,0.0,255,248,0.97,0.01,0.0,0.0,0.0,0.0,0.0,0.0,0
0,tcp,ftp_data,SF,491,0,0,0,0,0,0,0,0,0,0,0,0,0,0,0,0,0,2,2,0.0,0.0,0.0,0.0,1.0,0.0,0.0,184,22,0.1,0.02,0.1,0.09,0.0,0.0,0.02,0.0,0
0,tcp,http,SF,317,1681,0,0,0,0,0,1,0,0,0,0,0,0,0,0,0,0,7,7,0.0,0.0,0.0,0.0,1.0,0.0,0.0,7,255,1.0,0.0,0.14,0.03,0.0,0.0,0.0,0.0,0
0,tcp,http,SF,174,11889,0,0,0,0,0,1,0,0,0,0,0,0,0,0,0,0,9,9,0.0,0.0,0.0,0.0,1.0,0.0,0.0,255,255,1.0,0.0,0.0,0.0,0.0,0.0,0.0,0.0,0
0,tcp,http,SF,272,742,0,0,0,0,0,1,0,0,0,0,0,0,0,0,0,0,5,5,0.0,0.0,0.0,0.0,1.0,0.0,0.0,16,75,1.0,0.0,0.06,0.08,0.0,0.0,0.0,0.0,0
0,tcp,http,SF,313,32782,0,0,0,0,0,1,0,0,0,0,0,0,0,0,0,0,2,2,0.0,0.0,0.0,0.0,1.0,0.0,0.0,120,120,1.0,0.0,0.01,0.0,0.01,0.01,0.0,0.0,0
12,tcp,ftp_data,SF,7045,0,0,0,0,0,0,1,0,0,0,0,0,0,0,0,0,0,2,2,0.0,0.0,0.0,0.0,1.0,0.0,0.0,2,39,1.0,0.0,1.0,0.13,0.0,0.0,0.0,0.0,1
0,tcp,ftp_data,SF,334,0,0,0,0,0,0,1,0,0,0,0,0,0,0,0,0,0,2,2,0.0,0.0,0.0,0.0,0.5,1.0,1.0,6,24,0.83,0.33,1.0,0.12,0.0,0.0,0.0,0.0,1
0,tcp,http,SF,283,237,0,0,0,0,0,1,0,0,0,0,0,0,0,0,0,0,11,11,0.0,0.0,0.0,0.0,1.0,0.0,0.0,91,255,1.0,0.0,0.01,0.05,0.0,0.01,0.0,0.0,0
0,tcp,http,SF,238,714,0,0,0,0,0,1,0,0,0,0,0,0,0,0,0,0,42,44,0.0,0.0,0.0,0.0,1.0,0.0,0.07,63,255,1.0,0.0,0.02,0.01,0.0,0.0,0.0,0.0,0
4,tcp,ftp,SF,1234,2449,0,0,0,28,0,1,0,0,0,0,0,0,0,0,0,1,1,1,0.0,0.0,0.0,0.0,1.0,0.0,0.0,255,82,0.32,0.02,0.0,0.0,0.0,0.0,0.0,0.0,1
0,tcp,http,SF,230,1482,0,0,0,0,0,1,0,0,0,0,0,0,0,0,0,0,8,9,0.0,0.0,0.0,0.0,1.0,0.0,0.22,105,255,1.0,0.0,0.01,0.02,0.0,0.01,0.0,0.0,0
1,tcp,ftp,SF,1214,2447,0,0,0,28,0,1,0,0,0,0,0,0,0,0,0,1,1,1,0.0,0.0,0.0,0.0,1.0,0.0,0.0,255,109,0.43,0.02,0.0,0.0,0.0,0.0,0.01,0.0,1
5057,tcp,ftp_data,SF,5133876,0,0,0,0,1,0,1,0,0,0,0,0,0,0,0,0,0,1,1,0.0,0.0,0.0,0.0,1.0,0.0,0.0,4,15,1.0,0.0,1.0,0.13,0.0,0.0,0.0,0.0,1
0,udp,domain_u,SF,45,136,0,0,0,0,0,0,0,0,0,0,0,0,0,0,0,0,76,156,0.0,0.0,0.0,0.0,1.0,0.0,0.01,255,254,1.0,0.01,0.0,0.0,0.0,0.0,0.0,0.0,0
0,tcp,http,SF,355,3465,0,0,0,0,0,1,0,0,0,0,0,0,0,0,0,0,11,12,0.0,0.0,0.0,0.0,1.0,0.0,0.17,67,255,1.0,0.0,0.01,0.03,0.0,0.0,0.0,0.0,0
0,tcp,ftp_data,SF,334,0,0,0,0,0,0,1,0,0,0,0,0,0,0,0,0,0,1,1,0.0,0.0,0.0,0.0,1.0,0.0,0.0,3,9,1.0,0.0,1.0,0.22,0.0,0.0,0.0,0.0,1
0,tcp,smtp,SF,542,330,0,0,0,0,0,1,0,0,0,0,0,0,0,0,0,0,1,1,0.0,0.0,0.0,0.0,1.0,0.0,0.0,37,156,0.65,0.16,0.03,0.01,0.0,0.0,0.0,0.0,0
0,tcp,ftp_data,SF,334,0,0,0,0,0,0,1,0,0,0,0,0,0,0,0,0,0,2,2,0.0,0.0,0.0,0.0,1.0,0.0,0.0,8,8,1.0,0.0,1.0,0.0,0.0,0.0,0.0,0.0,1
0,tcp,ftp_data,SF,334,0,0,0,0,0,0,1,0,0,0,0,0,0,0,0,0,0,2,2,0.0,0.0,0.0,0.0,1.0,0.0,0.0,13,25,1.0,0.0,1.0,0.16,0.0,0.0,0.0,0.0,1
0,tcp,http,SF,238,818,0,0,0,0,0,1,0,0,0,0,0,0,0,0,0,0,13,13,0.0,0.0,0.0,0.0,1.0,0.0,0.0,209,255,1.0,0.0,0.0,0.01,0.0,0.0,0.0,0.0,0
0,tcp,http,SF,309,1942,0,0,0,0,0,1,0,0,0,0,0,0,0,0,0,0,3,4,0.0,0.0,0.0,0.0,1.0,0.0,0.5,68,255,1.0,0.0,0.01,0.04,0.0,0.0,0.0,0.0,0
10027,tcp,telnet,SF,5851,15387,0,0,0,0,0,1,1,0,0,0,28,0,4,0,0,0,1,1,0.0,0.0,0.0,0.0,1.0,0.0,0.0,135,12,0.08,0.53,0.01,0.17,0.01,0.08,0.51,0.17,0
0,tcp,ftp_data,SF,334,0,0,0,0,0,0,1,0,0,0,0,0,0,0,0,0,0,1,1,0.0,0.0,0.0,0.0,1.0,0.0,0.0,3,15,1.0,0.0,1.0,0.2,0.0,0.0,0.0,0.0,1
0,tcp,smtp,SF,2183,335,0,0,0,0,0,1,0,0,0,0,0,0,0,0,0,0,1,1,0.0,0.0,0.0,0.0,1.0,0.0,0.0,195,170,0.65,0.07,0.01,0.01,0.01,0.0,0.0,0.0,0
0,tcp,http,SF,255,993,0,0,0,0,0,1,0,0,0,0,0,0,0,0,0,0,18,19,0.0,0.0,0.0,0.0,1.0,0.0,0.11,97,255,1.0,0.0,0.01,0.04,0.0,0.0,0.0,0.0,0
0,tcp,http,SF,327,5211,0,0,0,0,0,1,0,0,0,0,0,0,0,0,0,0,5,9,0.0,0.11,0.0,0.0,1.0,0.0,0.44,255,255,1.0,0.0,0.0,0.0,0.0,0.0,0.0,0.0,0
0,tcp,ftp,SF,1252,2451,0,0,0,28,0,1,0,0,0,0,0,0,0,0,0,1,1,1,0.0,0.0,0.0,0.0,1.0,0.0,0.0,193,21,0.11,0.03,0.01,0.0,0.01,0.0,0.01,0.0,1
0,tcp,http,SF,321,3150,0,0,0,0,0,1,0,0,0,0,0,0,0,0,0,0,19,19,0.0,0.0,0.0,0.0,1.0,0.0,0.0,41,255,1.0,0.0,0.02,0.04,0.0,0.0,0.0,0.0,0
0,tcp,http,SF,224,16462,0,0,0,0,0,1,0,0,0,0,0,0,0,0,0,0,4,4,0.0,0.0,0.0,0.0,1.0,0.0,0.0,29,255,1.0,0.0,0.03,0.07,0.0,0.01,0.0,0.0,0
0,tcp,http,SF,309,412,0,0,0,0,0,1,0,0,0,0,0,0,0,0,0,0,24,25,0.0,0.0,0.0,0.0,1.0,0.0,0.08,255,255,1.0,0.0,0.0,0.0,0.0,0.0,0.0,0.0,0
0,tcp,http,SF,207,3672,0,0,0,0,0,1,0,0,0,0,0,0,0,0,0,0,2,4,0.0,0.0,0.0,0.0,1.0,0.0,0.75,34,255,1.0,0.0,0.06,0.03,0.0,0.0,0.0,0.02,0
0,tcp,http,SF,263,279,0,0,0,0,0,1,0,0,0,0,0,0,0,0,0,0,7,7,0.0,0.0,0.0,0.0,1.0,0.0,0.0,255,254,1.0,0.01,0.0,0.0,0.0,0.0,0.0,0.0,0
0,tcp,http,SF,216,3166,0,0,0,0,0,1,0,0,0,0,0,0,0,0,0,0,9,11,0.0,0.0,0.0,0.0,1.0,0.0,0.18,255,255,1.0,0.0,0.0,0.0,0.0,0.0,0.0,0.0,0
0,tcp,http,SF,226,2402,0,0,0,0,0,1,0,0,0,0,0,0,0,0,0,0,8,11,0.0,0.0,0.0,0.0,1.0,0.0,0.18,100,255,1.0,0.0,0.01,0.01,0.0,0.0,0.0,0.0,0
3,tcp,smtp,SF,1085,334,0,0,0,0,0,1,0,0,0,0,0,0,0,0,0,0,1,4,0.0,0.0,0.0,0.0,1.0,0.0,1.0,212,174,0.73,0.02,0.0,0.01,0.0,0.01,0.03,0.03,0
0,tcp,ftp_data,SF,1342,0,0,0,0,0,0,0,0,0,0,0,0,0,0,0,0,0,4,4,0.0,0.0,0.0,0.0,1.0,0.0,0.0,181,82,0.29,0.02,0.29,0.02,0.0,0.0,0.0,0.0,0
1,tcp,ftp_data,SF,501760,0,0,0,0,0,0,1,0,0,0,0,0,0,0,0,0,0,1,14,0.0,0.0,0.0,0.0,1.0,0.0,0.14,113,99,0.54,0.04,0.54,0.02,0.03,0.0,0.01,0.0,0
0,udp,domain_u,SF,44,133,0,0,0,0,0,0,0,0,0,0,0,0,0,0,0,0,322,322,0.0,0.0,0.0,0.0,1.0,0.0,0.0,255,251,0.98,0.01,0.0,0.0,0.0,0.0,0.0,0.0,0
0,tcp,http,SF,320,9693,0,0,0,0,0,1,0,0,0,0,0,0,0,0,0,0,22,23,0.0,0.0,0.0,0.0,1.0,0.0,0.09,255,255,1.0,0.0,0.0,0.0,0.01,0.01,0.02,0.02,0
0,tcp,ftp_data,SF,30,0,0,0,0,0,0,1,0,0,0,0,0,0,0,0,0,0,1,1,0.0,0.0,0.0,0.0,1.0,0.0,0.0,5,42,1.0,0.0,1.0,0.07,0.0,0.02,0.0,0.0,1
0,tcp,http,REJ,0,0,0,0,0,0,0,0,0,0,0,0,0,0,0,0,0,0,1,1,0.0,0.0,1.0,1.0,1.0,0.0,0.0,6,205,1.0,0.0,0.17,0.19,0.0,0.0,1.0,1.0,0
0,tcp,smtp,SF,619,334,0,0,0,0,0,1,0,0,0,0,0,0,0,0,0,0,1,1,0.0,0.0,0.0,0.0,1.0,0.0,0.0,194,199,0.87,0.02,0.01,0.01,0.0,0.0,0.0,0.0,0
0,tcp,ftp_data,SF,334,0,0,0,0,0,0,1,0,0,0,0,0,0,0,0,0,0,1,1,0.0,0.0,0.0,0.0,1.0,0.0,0.0,178,57,0.19,0.06,0.2,0.04,0.01,0.04,0.0,0.0,1
5,udp,private,SF,105,145,0,0,0,0,0,0,0,0,0,0,0,0,0,0,0,0,2,2,0.0,0.0,0.0,0.0,1.0,0.0,0.0,14,14,1.0,0.0,0.14,0.0,0.0,0.0,0.0,0.0,0
0,tcp,http,SF,264,1478,0,0,0,0,0,1,0,0,0,0,0,0,0,0,0,0,1,1,0.0,0.0,0.0,0.0,1.0,0.0,0.0,255,227,0.89,0.02,0.0,0.0,0.0,0.0,0.0,0.0,0
0,tcp,http,SF,151,2220,0,0,0,0,0,1,0,0,0,0,0,0,0,0,0,0,2,3,0.0,0.0,0.0,0.0,1.0,0.0,0.67,2,255,1.0,0.0,0.5,0.05,0.0,0.0,0.0,0.0,0
0,tcp,http,SF,207,1969,0,0,0,0,0,1,0,0,0,0,0,0,0,0,0,0,12,16,0.0,0.0,0.0,0.0,1.0,0.0,0.12,14,255,1.0,0.0,0.07,0.02,0.0,0.0,0.0,0.0,0
0,tcp,http,SF,208,2676,0,0,0,0,0,1,0,0,0,0,0,0,0,0,0,0,4,22,0.0,0.0,0.0,0.0,1.0,0.0,0.09,255,255,1.0,0.0,0.0,0.0,0.0,0.0,0.0,0.0,0
0,udp,domain_u,SF,44,44,0,0,0,0,0,0,0,0,0,0,0,0,0,0,0,0,144,224,0.0,0.0,0.0,0.0,1.0,0.0,0.01,255,255,1.0,0.0,0.01,0.0,0.0,0.0,0.0,0.0,0
0,udp,domain_u,SF,44,69,0,0,0,0,0,0,0,0,0,0,0,0,0,0,0,0,139,139,0.0,0.0,0.0,0.0,1.0,0.0,0.0,255,254,1.0,0.01,0.0,0.0,0.0,0.0,0.0,0.0,0
0,tcp,http,SF,223,431,0,0,0,0,0,1,0,0,0,0,0,0,0,0,0,0,16,24,0.0,0.0,0.0,0.0,1.0,0.0,0.08,255,255,1.0,0.0,0.0,0.0,0.0,0.0,0.0,0.0,0
0,tcp,http,SF,193,7927,0,0,0,0,0,1,0,0,0,0,0,0,0,0,0,0,2,2,0.0,0.0,0.0,0.0,1.0,0.0,0.0,147,255,1.0,0.0,0.01,0.03,0.01,0.01,0.0,0.0,0
0,tcp,http,SF,222,882,0,0,0,0,0,1,0,0,0,0,0,0,0,0,0,0,1,16,0.0,0.0,0.0,0.0,1.0,0.0,0.12,255,255,1.0,0.0,0.0,0.0,0.0,0.0,0.0,0.0,0
0,tcp,ftp_data,SF,334,0,0,0,0,0,0,1,0,0,0,0,0,0,0,0,0,0,2,2,0.0,0.0,0.0,0.0,1.0,0.0,0.0,6,23,1.0,0.0,1.0,0.17,0.0,0.0,0.0,0.0,1
0,tcp,http,SF,247,6161,0,0,0,0,0,1,0,0,0,0,0,0,0,0,0,0,2,19,0.0,0.0,0.0,0.0,1.0,0.0,0.11,46,255,1.0,0.0,0.02,0.04,0.02,0.0,0.0,0.0,0
0,udp,other,SF,516,4,0,0,0,0,0,0,0,0,0,0,0,0,0,0,0,0,455,455,0.0,0.0,0.0,0.0,1.0,0.0,0.0,255,255,1.0,0.0,1.0,0.0,0.0,0.0,0.0,0.0,0
5,tcp,smtp,SF,951,330,0,0,0,0,0,1,0,0,0,0,0,0,0,0,0,0,1,2,0.0,0.0,0.0,0.0,1.0,0.0,1.0,72,48,0.67,0.04,0.01,0.0,0.0,0.0,0.0,0.0,0
0,tcp,http,SF,216,2658,0,0,0,0,0,1,0,0,0,0,0,0,0,0,0,0,23,23,0.0,0.0,0.0,0.0,1.0,0.0,0.0,255,255,1.0,0.0,0.0,0.0,0.0,0.0,0.0,0.0,0
0,udp,domain_u,SF,46,72,0,0,0,0,0,0,0,0,0,0,0,0,0,0,0,0,142,142,0.0,0.0,0.0,0.0,1.0,0.0,0.0,255,255,1.0,0.0,0.0,0.0,0.0,0.0,0.0,0.0,0
0,udp,other,SF,516,4,0,0,0,0,0,0,0,0,0,0,0,0,0,0,0,0,166,166,0.0,0.0,0.0,0.0,1.0,0.0,0.0,166,166,1.0,0.0,1.0,0.0,0.0,0.0,0.0,0.0,0
0,tcp,smtp,SF,997,331,0,0,0,0,0,1,0,0,0,0,0,0,0,0,0,0,1,1,0.0,0.0,0.0,0.0,1.0,0.0,0.0,76,64,0.84,0.04,0.01,0.0,0.0,0.0,0.0,0.0,0
0,tcp,http,SF,466,377,0,0,0,0,0,1,0,0,0,0,0,0,0,0,0,0,1,1,0.0,0.0,0.0,0.0,1.0,0.0,0.0,13,249,1.0,0.0,0.08,0.14,0.0,0.0,0.15,0.9,0
0,tcp,http,SF,200,3523,0,0,0,0,0,1,0,0,0,0,0,0,0,0,0,0,8,10,0.0,0.0,0.0,0.0,1.0,0.0,0.3,19,255,1.0,0.0,0.05,0.02,0.0,0.0,0.0,0.0,0
0,tcp,http,SF,212,525,0,0,0,0,0,1,0,0,0,0,0,0,0,0,0,0,6,6,0.0,0.0,0.0,0.0,1.0,0.0,0.0,6,255,1.0,0.0,0.17,0.02,0.0,0.0,0.0,0.0,0
0,tcp,http,SF,176,142716,0,0,0,0,0,1,0,0,0,0,0,0,0,0,0,0,1,1,0.0,0.0,0.0,0.0,1.0,0.0,0.0,5,255,1.0,0.0,0.2,0.02,0.0,0.0,0.0,0.0,0
0,udp,domain_u,SF,44,132,0,0,0,0,0,0,0,0,0,0,0,0,0,0,0,0,121,201,0.0,0.0,0.0,0.0,1.0,0.0,0.01,255,255,1.0,0.0,0.0,0.0,0.0,0.0,0.0,0.0,0
0,tcp,http,SF,222,488,0,0,0,0,0,1,0,0,0,0,0,0,0,0,0,0,14,14,0.0,0.0,0.0,0.0,1.0,0.0,0.0,255,255,1.0,0.0,0.0,0.0,0.0,0.0,0.02,0.02,0
0,tcp,ftp_data,SF,854,0,0,0,0,0,0,1,0,0,0,0,0,0,0,0,0,0,8,8,0.0,0.0,0.0,0.0,1.0,0.0,0.0,255,18,0.07,0.06,0.07,0.0,0.81,0.0,0.01,0.0,0
0,tcp,http,REJ,0,0,0,0,0,0,0,0,0,0,0,0,0,0,0,0,0,0,1,2,0.0,0.0,1.0,1.0,1.0,0.0,1.0,10,243,1.0,0.0,0.1,0.12,0.0,0.0,1.0,0.98,0
0,udp,domain_u,SF,46,77,0,0,0,0,0,0,0,0,0,0,0,0,0,0,0,0,317,317,0.0,0.0,0.0,0.0,1.0,0.0,0.0,255,221,0.87,0.01,0.0,0.0,0.0,0.0,0.0,0.0,0
0,udp,domain_u,SF,44,135,0,0,0,0,0,0,0,0,0,0,0,0,0,0,0,0,192,272,0.0,0.0,0.0,0.0,1.0,0.0,0.01,255,253,0.99,0.01,0.0,0.0,0.0,0.0,0.0,0.0,0
12160,tcp,telnet,SF,339,1729,0,0,0,0,0,1,0,0,0,0,0,0,0,0,0,0,1,1,0.0,0.0,0.0,0.0,1.0,0.0,0.0,255,9,0.04,0.07,0.0,0.0,0.78,0.11,0.0,0.0,0
0,tcp,http,SF,202,777,0,0,0,0,0,1,0,0,0,0,0,0,0,0,0,0,23,26,0.0,0.0,0.0,0.0,1.0,0.0,0.15,75,255,1.0,0.0,0.01,0.05,0.0,0.0,0.0,0.0,0
0,tcp,http,SF,210,1733,0,0,0,0,0,1,0,0,0,0,0,0,0,0,0,0,14,14,0.0,0.0,0.0,0.0,1.0,0.0,0.0,14,255,1.0,0.0,0.07,0.04,0.0,0.0,0.0,0.0,0
0,tcp,smtp,SF,1313,328,0,0,0,0,0,1,0,0,0,0,0,0,0,0,0,0,1,1,0.0,0.0,0.0,0.0,1.0,0.0,0.0,87,92,0.38,0.02,0.01,0.02,0.0,0.0,0.0,0.0,0
0,tcp,ftp_data,SF,334,0,0,0,0,0,0,1,0,0,0,0,0,0,0,0,0,0,2,2,0.0,0.0,0.0,0.0,1.0,0.0,0.0,2,32,1.0,0.0,1.0,0.12,0.0,0.0,0.0,0.0,1
5,tcp,smtp,SF,908,364,0,0,0,0,0,1,0,0,0,0,0,0,0,0,0,0,2,4,0.0,0.0,0.0,0.0,1.0,0.0,0.75,199,148,0.74,0.03,0.01,0.0,0.0,0.0,0.0,0.0,0
0,tcp,http,SF,241,415,0,0,0,0,0,1,0,0,0,0,0,0,0,0,0,0,32,37,0.0,0.0,0.0,0.0,1.0,0.0,0.05,56,255,1.0,0.0,0.02,0.03,0.0,0.0,0.0,0.0,0
0,tcp,http,SF,314,1165,0,0,0,0,0,1,0,0,0,0,0,0,0,0,0,0,2,2,0.0,0.0,0.0,0.0,1.0,0.0,0.0,129,255,1.0,0.0,0.01,0.02,0.0,0.0,0.0,0.0,0
134,tcp,login,SF,100,39445,0,0,2,0,0,1,1,0,0,1,0,0,1,0,0,0,1,1,0.0,0.0,0.0,0.0,1.0,0.0,0.0,2,1,0.5,1.0,0.5,0.0,0.0,0.0,0.0,0.0,1
0,icmp,urp_i,SF,182,0,0,0,0,0,0,0,0,0,0,0,0,0,0,0,0,0,2,1,0.0,0.0,0.0,0.0,0.5,1.0,0.0,255,18,0.07,0.01,0.09,0.0,0.0,0.0,0.0,0.0,0
0,icmp,urp_i,SF,181,0,0,0,0,0,0,0,0,0,0,0,0,0,0,0,0,0,7,6,0.0,0.0,0.0,0.0,0.86,0.29,0.0,255,23,0.09,0.01,0.1,0.0,0.0,0.0,0.0,0.0,0
4339,udp,other,SF,147,105,0,0,0,0,0,0,0,0,0,0,0,0,0,0,0,0,4,2,0.0,0.0,0.0,0.0,0.5,0.5,0.0,255,2,0.01,0.65,0.95,0.0,0.0,0.0,0.0,0.0,0
0,tcp,ftp_data,SF,334,0,0,0,0,0,0,1,0,0,0,0,0,0,0,0,0,0,2,2,0.0,0.0,0.0,0.0,1.0,0.0,0.0,4,22,1.0,0.0,1.0,0.18,0.0,0.0,0.0,0.0,1
0,tcp,ftp_data,SF,246,0,0,0,0,0,0,1,0,0,0,0,0,0,0,0,0,0,2,3,0.0,0.0,0.0,0.0,1.0,0.0,0.67,2,21,1.0,0.0,1.0,0.14,0.0,0.0,0.0,0.0,1
0,tcp,http,SF,209,508,0,0,0,0,0,1,0,0,0,0,0,0,0,0,0,0,9,14,0.0,0.0,0.0,0.0,1.0,0.0,0.14,9,255,1.0,0.0,0.11,0.05,0.0,0.01,0.0,0.0,0
0,tcp,http,SF,305,4758,0,0,0,0,0,1,0,0,0,0,0,0,0,0,0,0,7,7,0.0,0.0,0.0,0.0,1.0,0.0,0.0,255,255,1.0,0.0,0.0,0.0,0.0,0.0,0.0,0.0,0
0,tcp,ftp_data,SF,334,0,0,0,0,0,0,1,0,0,0,0,0,0,0,0,0,0,1,1,0.0,0.0,0.0,0.0,1.0,0.0,0.0,8,63,0.88,0.25,1.0,0.11,0.25,0.02,0.0,0.0,1
10,tcp,ftp_data,SF,0,5150823,0,0,0,0,0,0,0,0,0,0,0,0,0,0,0,0,1,1,0.0,0.0,0.0,0.0,1.0,0.0,0.0,7,7,1.0,0.0,1.0,0.0,0.0,0.0,0.0,0.0,1
0,tcp,http,SF,290,3084,0,0,0,0,0,1,0,0,0,0,0,0,0,0,0,0,2,2,0.0,0.0,0.0,0.0,1.0,0.0,0.0,111,255,1.0,0.0,0.01,0.02,0.0,0.0,0.0,0.0,0
0,udp,domain_u,SF,44,113,0,0,0,0,0,0,0,0,0,0,0,0,0,0,0,0,1,3,0.0,0.0,0.0,0.0,1.0,0.0,0.67,255,236,0.93,0.01,0.0,0.0,0.0,0.0,0.02,0.0,0
454,udp,other,SF,147,105,0,0,0,0,0,0,0,0,0,0,0,0,0,0,0,0,6,2,0.0,0.0,0.0,0.0,0.33,0.5,0.0,255,2,0.01,0.63,0.92,0.0,0.0,0.0,0.0,0.0,0
0,udp,private,SF,105,146,0,0,0,0,0,0,0,0,0,0,0,0,0,0,0,0,1,1,0.0,0.0,0.0,0.0,1.0,0.0,0.0,142,132,0.93,0.02,0.01,0.0,0.0,0.0,0.0,0.0,0
1,tcp,smtp,SF,1509,328,0,0,0,0,0,1,0,0,0,0,0,0,0,0,0,0,1,1,0.0,0.0,0.0,0.0,1.0,0.0,0.0,255,11,0.04,0.69,0.0,0.0,0.0,0.09,0.0,0.0,0
0,tcp,http,SF,236,435,0,0,0,0,0,1,0,0,0,0,0,0,0,0,0,0,1,1,0.0,0.0,0.0,0.0,1.0,0.0,0.0,5,255,1.0,0.0,0.2,0.06,0.0,0.01,0.0,0.0,0
0,tcp,telnet,S1,90,2832,0,0,0,0,0,1,0,0,0,0,0,0,0,0,0,0,1,1,1.0,1.0,0.0,0.0,1.0,0.0,0.0,160,32,0.2,0.44,0.01,0.0,0.1,0.5,0.41,0.03,0
0,tcp,ftp,SF,1168,2447,0,0,0,28,0,1,0,0,0,0,0,0,0,0,0,1,1,1,0.0,0.0,0.0,0.0,1.0,0.0,0.0,255,110,0.43,0.02,0.0,0.0,0.0,0.0,0.01,0.0,1
0,tcp,http,SF,235,2507,0,0,0,0,0,1,0,0,0,0,0,0,0,0,0,0,6,6,0.0,0.0,0.0,0.0,1.0,0.0,0.0,255,254,1.0,0.01,0.0,0.0,0.0,0.0,0.0,0.0,0
0,tcp,http,SF,208,2568,0,0,0,0,0,1,0,0,0,0,0,0,0,0,0,0,5,18,0.0,0.0,0.0,0.0,1.0,0.0,0.17,255,255,1.0,0.0,0.0,0.0,0.0,0.0,0.0,0.0,0
21,tcp,ftp,SF,239,772,0,0,0,4,0,1,0,0,0,0,0,0,0,0,0,1,1,1,0.0,0.0,0.0,0.0,1.0,0.0,0.0,218,34,0.16,0.06,0.0,0.0,0.02,0.0,0.0,0.0,0
0,tcp,smtp,SF,1353,360,0,0,0,0,0,1,0,0,0,0,0,0,0,0,0,0,1,2,0.0,0.0,0.0,0.0,1.0,0.0,1.0,255,17,0.07,0.56,0.0,0.0,0.0,0.0,0.0,0.0,0
0,tcp,http,SF,209,1395,0,0,0,0,0,1,0,0,0,0,0,0,0,0,0,0,27,29,0.0,0.0,0.0,0.0,1.0,0.0,0.07,255,255,1.0,0.0,0.0,0.0,0.0,0.0,0.0,0.0,0
0,udp,domain_u,SF,44,80,0,0,0,0,0,0,0,0,0,0,0,0,0,0,0,0,168,168,0.0,0.0,0.0,0.0,1.0,0.0,0.0,255,249,0.98,0.01,0.01,0.0,0.0,0.0,0.0,0.0,0
0,udp,domain_u,SF,44,72,0,0,0,0,0,0,0,0,0,0,0,0,0,0,0,0,40,39,0.0,0.0,0.0,0.0,0.98,0.05,0.0,255,255,1.0,0.0,0.0,0.0,0.0,0.0,0.0,0.0,0
0,tcp,ftp_data,SF,1339,0,0,0,0,0,0,1,0,0,0,0,0,0,0,0,0,0,2,2,0.0,0.0,0.0,0.0,1.0,0.0,0.0,128,89,0.51,0.06,0.53,0.03,0.0,0.0,0.0,0.0,0
0,udp,domain_u,SF,43,75,0,0,0,0,0,0,0,0,0,0,0,0,0,0,0,0,199,203,0.0,0.0,0.0,0.0,1.0,0.0,0.01,255,215,0.84,0.01,0.0,0.0,0.0,0.0,0.0,0.0,0
1,tcp,ftp,SF,1211,2449,0,0,0,28,0,1,0,0,0,0,0,0,0,0,0,1,1,1,0.0,0.0,0.0,0.0,1.0,0.0,0.0,230,58,0.25,0.02,0.0,0.0,0.0,0.0,0.01,0.0,1
0,udp,domain_u,SF,44,131,0,0,0,0,0,0,0,0,0,0,0,0,0,0,0,0,69,149,0.0,0.0,0.0,0.0,1.0,0.0,0.01,255,254,1.0,0.01,0.0,0.0,0.0,0.0,0.0,0.0,0
0,tcp,http,SF,245,263,0,0,0,0,0,1,0,0,0,0,0,0,0,0,0,0,12,13,0.08,0.08,0.0,0.0,1.0,0.0,0.15,255,255,1.0,0.0,0.0,0.0,0.01,0.01,0.02,0.02,0
0,tcp,ftp_data,SF,334,0,0,0,0,0,0,1,0,0,0,0,0,0,0,0,0,0,2,2,0.0,0.0,0.0,0.0,1.0,0.0,0.0,6,26,1.0,0.0,1.0,0.19,0.0,0.0,0.0,0.0,1
0,tcp,http,SF,206,1929,0,0,0,0,0,1,0,0,0,0,0,0,0,0,0,0,29,29,0.0,0.0,0.0,0.0,1.0,0.0,0.0,255,255,1.0,0.0,0.0,0.0,0.0,0.0,0.0,0.0,0
0,tcp,ftp_data,SF,334,0,0,0,0,0,0,1,0,0,0,0,0,0,0,0,0,0,2,2,0.0,0.0,0.0,0.0,1.0,0.0,0.0,255,83,0.33,0.07,0.35,0.0,0.01,0.04,0.0,0.0,1
0,tcp,http,SF,197,777,0,0,0,0,0,1,0,0,0,0,0,0,0,0,0,0,10,10,0.0,0.0,0.0,0.0,1.0,0.0,0.0,10,64,1.0,0.0,0.1,0.06,0.0,0.0,0.0,0.0,0
0,tcp,ftp_data,SF,852,0,0,0,0,0,0,0,0,0,0,0,0,0,0,0,0,0,12,12,0.0,0.0,0.0,0.0,1.0,0.0,0.0,46,78,0.39,0.04,0.39,0.03,0.0,0.0,0.0,0.0,0
0,tcp,smtp,SF,1350,386,0,0,0,0,0,1,0,0,0,0,0,0,0,0,0,0,1,1,0.0,0.0,0.0,0.0,1.0,0.0,0.0,255,57,0.22,0.07,0.0,0.0,0.59,0.0,0.01,0.0,0
0,tcp,http,SF,235,11394,0,0,0,0,0,1,0,0,0,0,0,0,0,0,0,0,1,5,0.0,0.0,0.0,0.0,1.0,0.0,0.4,64,255,1.0,0.0,0.02,0.02,0.0,0.0,0.0,0.0,0
0,udp,domain_u,SF,45,129,0,0,0,0,0,0,0,0,0,0,0,0,0,0,0,0,68,148,0.0,0.0,0.0,0.0,1.0,0.0,0.01,255,254,1.0,0.01,0.0,0.0,0.0,0.0,0.0,0.0,0
0,tcp,ftp_data,SF,749,0,0,0,0,0,0,0,0,0,0,0,0,0,0,0,0,0,1,1,0.0,0.0,0.0,0.0,1.0,0.0,0.0,54,7,0.13,0.07,0.13,0.0,0.0,0.0,0.0,0.0,0
0,tcp,http,SF,160,3759,0,0,0,0,0,1,0,0,0,0,0,0,0,0,0,0,3,3,0.0,0.0,0.0,0.0,1.0,0.0,0.0,31,84,1.0,0.0,0.03,0.06,0.0,0.0,0.0,0.0,0
1,tcp,ftp,SF,1232,2449,0,0,0,28,0,1,0,0,0,0,0,0,0,0,0,1,1,1,0.0,0.0,0.0,0.0,1.0,0.0,0.0,204,32,0.16,0.02,0.0,0.0,0.0,0.0,0.01,0.0,1
2,tcp,ftp,SF,1263,2451,0,0,0,28,0,1,0,0,0,0,0,0,0,0,0,1,1,1,0.0,0.0,0.0,0.0,1.0,0.0,0.0,252,80,0.32,0.02,0.0,0.0,0.0,0.0,0.01,0.0,1
0,tcp,http,SF,312,461,0,0,0,0,0,1,0,0,0,0,0,0,0,0,0,0,27,49,0.0,0.0,0.0,0.0,1.0,0.0,0.04,27,255,1.0,0.0,0.04,0.04,0.0,0.01,0.0,0.0,0
3,tcp,smtp,SF,715,364,0,0,0,0,0,1,0,0,0,0,0,0,0,0,0,0,1,1,0.0,0.0,0.0,0.0,1.0,0.0,0.0,92,66,0.65,0.03,0.01,0.03,0.0,0.0,0.0,0.0,0
0,tcp,ftp_data,SF,7196,0,0,0,0,0,0,1,0,0,0,0,0,0,0,0,0,0,8,8,0.0,0.0,0.0,0.0,1.0,0.0,0.0,255,14,0.05,0.8,0.05,0.0,0.0,0.0,0.0,0.0,0
1,tcp,smtp,SF,1869,390,0,0,0,0,0,1,0,0,0,0,0,0,0,0,0,0,1,2,0.0,0.0,0.0,0.0,1.0,0.0,1.0,117,80,0.61,0.06,0.01,0.03,0.0,0.0,0.0,0.0,0
0,tcp,ftp,SF,1237,2451,0,0,0,28,0,1,0,0,0,0,0,0,0,0,0,1,1,1,0.0,0.0,0.0,0.0,1.0,0.0,0.0,188,16,0.09,0.03,0.01,0.0,0.01,0.0,0.01,0.0,1
0,tcp,http,SF,359,908,0,0,0,0,0,1,0,0,0,0,0,0,0,0,0,0,34,34,0.0,0.0,0.0,0.0,1.0,0.0,0.0,154,255,1.0,0.0,0.01,0.01,0.0,0.0,0.06,0.05,0
0,tcp,ftp_data,SF,334,0,0,0,0,0,0,1,0,0,0,0,0,0,0,0,0,0,2,2,0.0,0.0,0.0,0.0,1.0,0.0,0.0,4,26,1.0,0.0,1.0,0.15,0.0,0.0,0.0,0.0,1
0,tcp,http,SF,344,1247,0,0,0,0,0,1,0,0,0,0,0,0,0,0,0,0,9,9,0.0,0.0,0.0,0.0,1.0,0.0,0.0,255,255,1.0,0.0,0.0,0.0,0.0,0.0,0.0,0.0,0
0,tcp,http,SF,229,2701,0,0,0,0,0,1,0,0,0,0,0,0,0,0,0,0,3,22,0.33,0.09,0.0,0.0,1.0,0.0,0.14,59,255,1.0,0.0,0.02,0.03,0.03,0.01,0.0,0.0,0
0,tcp,http,SF,307,587,0,0,0,0,0,1,0,0,0,0,0,0,0,0,0,0,10,10,0.0,0.0,0.0,0.0,1.0,0.0,0.0,10,255,1.0,0.0,0.1,0.04,0.0,0.0,0.0,0.0,0
0,tcp,smtp,SF,734,329,0,0,0,0,0,1,0,0,0,0,0,0,0,0,0,0,1,4,0.0,0.0,0.0,0.0,1.0,0.0,1.0,94,157,0.43,0.07,0.01,0.01,0.0,0.0,0.0,0.0,0
0,tcp,ftp_data,SF,334,0,0,0,0,0,0,1,0,0,0,0,0,0,0,0,0,0,1,1,0.0,0.0,0.0,0.0,1.0,0.0,0.0,10,37,1.0,0.0,1.0,0.08,0.0,0.0,0.0,0.0,1
0,tcp,http,REJ,0,0,0,0,0,0,0,0,0,0,0,0,0,0,0,0,0,0,21,21,0.0,0.0,0.81,0.81,1.0,0.0,0.0,40,120,1.0,0.0,0.03,0.17,0.0,0.0,0.9,0.97,0
0,tcp,ftp_data,SF,334,0,0,0,0,0,0,1,0,0,0,0,0,0,0,0,0,0,1,1,0.0,0.0,0.0,0.0,1.0,0.0,0.0,3,22,1.0,0.0,1.0,0.14,0.0,0.0,0.0,0.0,1
0,tcp,http,SF,230,3244,0,0,0,0,0,1,0,0,0,0,0,0,0,0,0,0,2,3,0.0,0.0,0.0,0.0,1.0,0.0,0.67,23,255,1.0,0.0,0.04,0.04,0.0,0.0,0.0,0.0,0
0,tcp,http,SF,292,861,0,0,0,0,0,1,0,0,0,0,0,0,0,0,0,0,5,5,0.0,0.0,0.0,0.0,1.0,0.0,0.0,32,97,1.0,0.0,0.03,0.05,0.0,0.0,0.0,0.0,0
0,tcp,ftp_data,SF,334,0,0,0,0,0,0,1,0,0,0,0,0,0,0,0,0,0,1,1,0.0,0.0,0.0,0.0,1.0,0.0,0.0,3,7,1.0,0.0,1.0,0.43,0.0,0.0,0.0,0.0,1
0,udp,domain_u,SF,33,0,0,0,0,0,0,0,0,0,0,0,0,0,0,0,0,0,1,5,0.0,0.0,0.0,0.0,1.0,0.0,0.6,142,22,0.13,0.05,0.13,0.09,0.0,0.0,0.0,0.0,0
0,tcp,http,SF,301,1411,0,0,0,0,0,1,0,0,0,0,0,0,0,0,0,0,18,18,0.0,0.0,0.0,0.0,1.0,0.0,0.0,255,255,1.0,0.0,0.0,0.0,0.0,0.0,0.0,0.0,0
0,tcp,http,SF,338,4156,0,0,0,0,0,1,0,0,0,0,0,0,0,0,0,0,20,35,0.0,0.0,0.0,0.0,1.0,0.0,0.06,42,255,1.0,0.0,0.02,0.04,0.0,0.0,0.0,0.0,0
0,tcp,http,SF,196,2999,0,0,0,0,0,1,0,0,0,0,0,0,0,0,0,0,1,2,0.0,0.0,0.0,0.0,1.0,0.0,1.0,65,255,1.0,0.0,0.02,0.01,0.0,0.0,0.0,0.0,0
0,tcp,ftp_data,SF,13239,0,0,0,0,0,0,0,0,0,0,0,0,0,0,0,0,0,3,3,0.0,0.0,0.0,0.0,1.0,0.0,0.0,81,70,0.64,0.07,0.64,0.03,0.01,0.0,0.0,0.0,0
0,tcp,http,SF,330,373,0,0,0,0,0,1,0,0,0,0,0,0,0,0,0,0,21,21,0.0,0.0,0.0,0.0,1.0,0.0,0.0,255,255,1.0,0.0,0.0,0.0,0.0,0.0,0.0,0.0,0
1,tcp,ftp,SF,1174,2447,0,0,0,28,0,1,0,0,0,0,0,0,0,0,0,1,1,1,0.0,0.0,0.0,0.0,1.0,0.0,0.0,106,4,0.04,0.06,0.01,0.0,0.02,0.0,0.08,0.0,1
0,udp,domain_u,SF,41,41,0,0,0,0,0,0,0,0,0,0,0,0,0,0,0,0,118,200,0.0,0.0,0.0,0.0,1.0,0.0,0.02,255,255,1.0,0.0,0.01,0.0,0.0,0.0,0.0,0.0,0
0,icmp,eco_i,SF,30,0,0,0,0,0,0,0,0,0,0,0,0,0,0,0,0,0,5,1,0.0,0.0,0.0,0.0,0.2,0.6,0.0,255,5,0.02,0.01,0.07,0.0,0.0,0.0,0.0,0.0,0
5058,tcp,ftp_data,SF,5133876,0,0,0,0,0,0,1,0,0,0,0,0,0,0,0,0,0,1,1,0.0,0.0,0.0,0.0,1.0,0.0,0.0,4,31,1.0,0.0,1.0,0.13,0.0,0.0,0.0,0.0,1
10125,tcp,ftp,SF,1018,2197,0,0,0,19,0,1,0,0,0,0,0,0,0,0,0,1,1,1,0.0,0.0,0.0,0.0,1.0,0.0,0.0,255,9,0.04,0.02,0.0,0.0,0.18,0.0,0.0,0.0,1
0,tcp,ftp_data,SF,2890,0,0,0,0,0,0,1,0,0,0,0,0,0,0,0,0,0,12,12,0.0,0.0,0.0,0.0,1.0,0.0,0.0,181,84,0.46,0.02,0.46,0.0,0.0,0.0,0.0,0.0,0
0,tcp,telnet,RSTO,126,179,0,0,0,1,1,0,0,0,0,0,0,0,0,0,0,0,2,2,0.0,0.0,1.0,1.0,1.0,0.0,0.0,19,19,1.0,0.0,0.05,0.0,0.05,0.05,0.95,0.95,1
0,tcp,http,SF,320,15080,0,0,0,0,0,1,0,0,0,0,0,0,0,0,0,0,12,15,0.0,0.0,0.0,0.0,1.0,0.0,0.2,231,255,1.0,0.0,0.0,0.02,0.0,0.0,0.0,0.0,0
0,icmp,eco_i,SF,30,0,0,0,0,0,0,0,0,0,0,0,0,0,0,0,0,0,2,1,0.0,0.0,0.0,0.0,0.5,1.0,0.0,255,3,0.01,0.01,0.02,0.0,0.0,0.0,0.0,0.0,0
0,tcp,http,SF,258,471,0,0,0,0,0,1,0,0,0,0,0,0,0,0,0,0,17,17,0.0,0.0,0.0,0.0,1.0,0.0,0.0,78,255,1.0,0.0,0.01,0.03,0.0,0.0,0.0,0.0,0
0,tcp,other,SF,4539,0,0,0,0,0,0,1,0,0,0,0,0,0,0,0,0,0,20,1,0.05,0.0,0.0,0.0,0.05,0.35,0.0,238,1,0.0,0.05,0.37,0.0,0.02,0.0,0.0,0.0,0
0,tcp,http,SF,440,3001,0,0,0,0,0,1,0,0,0,0,0,0,0,0,0,0,6,6,0.0,0.0,0.0,0.0,1.0,0.0,0.0,255,255,1.0,0.0,0.0,0.0,0.0,0.0,0.0,0.0,0
0,tcp,http,SF,202,1449,0,0,0,0,0,1,0,0,0,0,0,0,0,0,0,0,11,11,0.0,0.0,0.0,0.0,1.0,0.0,0.0,75,255,1.0,0.0,0.01,0.01,0.0,0.0,0.0,0.0,0
0,tcp,smtp,SF,2708,331,0,0,0,2,0,1,0,0,0,0,0,0,0,0,0,0,1,1,0.0,0.0,0.0,0.0,1.0,0.0,0.0,255,13,0.05,0.62,0.0,0.0,0.0,0.08,0.0,0.0,0
0,tcp,time,S0,0,0,0,0,0,0,0,0,0,0,0,0,0,0,0,0,0,0,2,2,0.5,0.5,0.0,0.0,1.0,0.0,0.0,16,16,1.0,0.0,0.12,0.0,0.06,0.06,0.0,0.0,0
0,tcp,ftp_data,SF,12286,0,0,0,0,0,0,1,0,0,0,0,0,0,0,0,0,0,3,3,0.0,0.0,0.0,0.0,1.0,0.0,0.0,103,103,0.48,0.05,0.48,0.02,0.0,0.0,0.0,0.0,0
1,tcp,smtp,SF,2592,335,0,0,0,0,0,1,0,0,0,0,0,0,0,0,0,0,1,1,0.0,0.0,0.0,0.0,1.0,0.0,0.0,255,119,0.47,0.03,0.0,0.0,0.0,0.0,0.0,0.0,0
0,tcp,http,SF,345,1935,0,0,0,0,0,1,0,0,0,0,0,0,0,0,0,0,3,6,0.0,0.0,0.0,0.0,1.0,0.0,0.5,175,255,1.0,0.0,0.01,0.05,0.0,0.0,0.0,0.0,0
0,tcp,http,SF,240,881,0,0,0,0,0,1,0,0,0,0,0,0,0,0,0,0,26,26,0.0,0.0,0.0,0.0,1.0,0.0,0.0,255,255,1.0,0.0,0.0,0.0,0.0,0.0,0.0,0.0,0
0,tcp,http,SF,162,3561,0,0,0,0,0,1,0,0,0,0,0,0,0,0,0,0,1,1,0.0,0.0,0.0,0.0,1.0,0.0,0.0,1,255,1.0,0.0,1.0,0.03,0.0,0.0,0.0,0.0,0
0,udp,domain_u,SF,31,91,0,0,0,0,0,0,0,0,0,0,0,0,0,0,0,0,1,2,0.0,0.0,0.0,0.0,1.0,0.0,1.0,10,224,0.8,0.2,0.8,0.01,0.0,0.0,0.2,0.0,0
0,udp,domain_u,SF,45,76,0,0,0,0,0,0,0,0,0,0,0,0,0,0,0,0,92,92,0.0,0.0,0.0,0.0,1.0,0.0,0.0,255,254,1.0,0.01,0.0,0.0,0.0,0.0,0.0,0.0,0
0,tcp,http,SF,232,9533,0,0,0,0,0,1,0,0,0,0,0,0,0,0,0,0,2,11,0.0,0.0,0.0,0.0,1.0,0.0,0.18,255,255,1.0,0.0,0.0,0.0,0.0,0.0,0.0,0.0,0
0,tcp,ftp_data,SF,30,0,0,0,0,0,0,1,0,0,0,0,0,0,0,0,0,0,1,1,0.0,0.0,0.0,0.0,1.0,0.0,0.0,5,17,1.0,0.0,1.0,0.24,0.0,0.0,0.0,0.0,1
0,tcp,ftp_data,SF,334,0,0,0,0,0,0,1,0,0,0,0,0,0,0,0,0,0,2,2,0.0,0.0,0.0,0.0,1.0,0.0,0.0,8,28,1.0,0.0,1.0,0.11,0.0,0.0,0.0,0.0,1
0,tcp,http,SF,212,6258,0,0,0,0,0,1,0,0,0,0,0,0,0,0,0,0,8,8,0.0,0.0,0.0,0.0,1.0,0.0,0.0,64,255,1.0,0.0,0.02,0.05,0.0,0.0,0.0,0.0,0
4168,udp,other,SF,145,105,0,0,0,0,0,0,0,0,0,0,0,0,0,0,0,0,1,1,0.0,0.0,0.0,0.0,1.0,0.0,0.0,119,3,0.03,0.61,0.88,0.0,0.0,0.0,0.0,0.0,0
0,tcp,http,SF,320,1103,0,0,0,0,0,1,0,0,0,0,0,0,0,0,0,0,9,9,0.0,0.0,0.0,0.0,1.0,0.0,0.0,114,255,1.0,0.0,0.01,0.02,0.0,0.0,0.0,0.0,0
0,tcp,http,SF,248,1374,0,0,0,0,0,1,0,0,0,0,0,0,0,0,0,0,7,10,0.0,0.0,0.0,0.0,1.0,0.0,0.2,255,255,1.0,0.0,0.0,0.0,0.0,0.0,0.0,0.0,0
0,tcp,ftp_data,SF,334,0,0,0,0,0,0,1,0,0,0,0,0,0,0,0,0,0,2,2,0.0,0.0,0.0,0.0,1.0,0.0,0.0,8,47,1.0,0.0,1.0,0.13,0.0,0.0,0.0,0.0,1
0,tcp,http,SF,226,2507,0,0,0,0,0,1,0,0,0,0,0,0,0,0,0,0,5,11,0.0,0.0,0.0,0.0,1.0,0.0,0.18,130,119,0.92,0.02,0.01,0.0,0.0,0.0,0.0,0.0,0
0,tcp,http,SF,310,6072,0,0,0,0,0,1,0,0,0,0,0,0,0,0,0,0,23,30,0.0,0.0,0.0,0.0,1.0,0.0,0.07,255,255,1.0,0.0,0.0,0.0,0.0,0.0,0.0,0.0,0
0,tcp,http,SF,221,1912,0,0,0,0,0,1,0,0,0,0,0,0,0,0,0,0,27,27,0.0,0.0,0.0,0.0,1.0,0.0,0.0,191,255,1.0,0.0,0.01,0.02,0.01,0.01,0.0,0.0,0
0,tcp,http,SF,314,479,0,0,0,0,0,1,0,0,0,0,0,0,0,0,0,0,5,26,0.0,0.0,0.0,0.0,1.0,0.0,0.19,11,255,1.0,0.0,0.09,0.05,0.0,0.01,0.0,0.0,0
0,tcp,http,SF,321,8064,0,0,0,0,0,1,0,0,0,0,0,0,0,0,0,0,11,38,0.09,0.03,0.0,0.0,1.0,0.0,0.05,180,255,1.0,0.0,0.01,0.02,0.01,0.0,0.0,0.0,0
0,tcp,ftp_data,SF,334,0,0,0,0,0,0,1,0,0,0,0,0,0,0,0,0,0,1,1,0.0,0.0,0.0,0.0,1.0,0.0,0.0,3,33,1.0,0.0,1.0,0.15,0.0,0.0,0.0,0.0,1
0,udp,domain_u,SF,42,42,0,0,0,0,0,0,0,0,0,0,0,0,0,0,0,0,2,2,0.0,0.0,0.0,0.0,1.0,0.0,0.0,255,247,0.97,0.01,0.0,0.0,0.0,0.0,0.0,0.0,0
4,tcp,ftp_data,SF,832,0,0,0,0,0,0,1,0,0,0,0,0,0,0,0,0,0,1,1,0.0,0.0,0.0,0.0,1.0,0.0,0.0,16,43,1.0,0.0,1.0,0.07,0.0,0.0,0.0,0.0,1
0,tcp,ftp_data,SF,334,0,0,0,0,0,0,1,0,0,0,0,0,0,0,0,0,0,1,1,0.0,0.0,0.0,0.0,1.0,0.0,0.0,5,33,1.0,0.0,1.0,0.12,0.0,0.0,0.0,0.0,1
0,tcp,ftp_data,SF,11,0,0,0,0,0,0,1,0,0,0,0,0,0,0,0,0,0,2,2,0.0,0.0,0.0,0.0,1.0,0.0,0.0,13,41,0.31,0.23,0.31,0.05,0.08,0.0,0.0,0.0,0
0,tcp,http,SF,210,299,0,0,0,0,0,1,0,0,0,0,0,0,0,0,0,0,10,21,0.0,0.0,0.0,0.0,1.0,0.0,0.1,29,255,1.0,0.0,0.03,0.01,0.0,0.0,0.0,0.0,0
0,tcp,http,SF,313,11759,0,0,0,0,0,1,0,0,0,0,0,0,0,0,0,0,3,3,0.0,0.0,0.0,0.0,1.0,0.0,0.0,6,255,1.0,0.0,0.17,0.02,0.0,0.0,0.0,0.0,0
0,tcp,ftp_data,SF,567,0,0,0,0,0,0,1,0,0,0,6,0,0,0,0,0,0,1,1,0.0,0.0,0.0,0.0,1.0,0.0,0.0,1,66,1.0,0.0,1.0,0.03,0.0,0.0,0.0,0.0,0
0,tcp,http,SF,288,2394,0,0,0,0,0,1,0,0,0,0,0,0,0,0,0,0,7,8,0.0,0.0,0.0,0.0,1.0,0.0,0.25,82,255,1.0,0.0,0.01,0.01,0.0,0.0,0.0,0.0,0
0,tcp,ftp_data,SF,334,0,0,0,0,0,0,1,0,0,0,0,0,0,0,0,0,0,2,2,0.0,0.0,0.0,0.0,1.0,0.0,0.0,8,16,1.0,0.0,1.0,0.19,0.0,0.0,0.0,0.0,1
0,tcp,http,SF,243,11710,0,0,0,0,0,1,0,0,0,0,0,0,0,0,0,0,3,3,0.0,0.0,0.0,0.0,1.0,0.0,0.0,13,255,1.0,0.0,0.08,0.04,0.0,0.0,0.0,0.0,0
0,udp,domain_u,SF,46,46,0,0,0,0,0,0,0,0,0,0,0,0,0,0,0,0,13,19,0.0,0.0,0.0,0.0,1.0,0.0,0.16,255,254,1.0,0.01,0.0,0.0,0.0,0.0,0.0,0.0,0
0,tcp,ftp_data,SF,246,0,0,0,0,0,0,1,0,0,0,0,0,0,0,0,0,0,1,1,0.0,0.0,0.0,0.0,1.0,0.0,0.0,4,44,1.0,0.0,1.0,0.09,0.0,0.0,0.25,0.02,1
0,tcp,smtp,SF,1936,398,0,0,0,0,0,1,0,0,0,0,0,0,0,0,0,0,1,1,0.0,0.0,0.0,0.0,1.0,0.0,0.0,136,146,0.49,0.02,0.01,0.01,0.0,0.0,0.0,0.0,0
0,tcp,http,SF,199,176,0,0,0,0,0,1,0,0,0,0,0,0,0,0,0,0,3,3,0.0,0.0,0.0,0.0,1.0,0.0,0.0,3,255,1.0,0.0,0.33,0.02,0.0,0.0,0.0,0.0,0
0,tcp,http,SF,219,3458,0,0,0,0,0,1,0,0,0,0,0,0,0,0,0,0,1,2,0.0,0.0,0.0,0.0,1.0,0.0,1.0,16,255,1.0,0.0,0.06,0.03,0.0,0.0,0.0,0.0,0
14,udp,domain_u,SF,111,36,0,0,0,0,0,0,0,0,0,0,0,0,0,0,0,0,1,1,0.0,0.0,0.0,0.0,1.0,0.0,0.0,4,3,0.75,0.5,0.75,0.0,0.0,0.0,0.0,0.0,0
0,tcp,http,SF,168,28927,0,0,0,0,0,1,0,0,0,0,0,0,0,0,0,0,7,13,0.0,0.0,0.0,0.0,1.0,0.0,0.31,7,255,1.0,0.0,0.14,0.01,0.0,0.0,0.0,0.0,0
3,tcp,ftp_data,SF,2194619,0,0,0,0,0,0,1,0,0,0,0,0,0,0,0,0,0,2,2,0.0,0.0,0.0,0.0,1.0,0.0,0.0,55,79,0.45,0.05,0.45,0.03,0.0,0.0,0.0,0.0,0
0,udp,domain_u,SF,45,73,0,0,0,0,0,0,0,0,0,0,0,0,0,0,0,0,116,116,0.0,0.0,0.0,0.0,1.0,0.0,0.0,255,255,1.0,0.0,0.01,0.0,0.0,0.0,0.0,0.0,0
1,tcp,ftp,SF,1209,2447,0,0,0,28,0,1,0,0,0,0,0,0,0,0,0,1,1,1,0.0,0.0,0.0,0.0,1.0,0.0,0.0,255,64,0.25,0.02,0.0,0.0,0.0,0.0,0.0,0.0,1
29,udp,domain_u,SF,42,42,0,0,0,0,0,0,0,0,0,0,0,0,0,0,0,0,2,6,0.0,0.0,0.0,0.0,1.0,0.0,0.33,255,238,0.93,0.01,0.06,0.0,0.0,0.0,0.0,0.0,0
0,tcp,http,SF,259,12260,0,0,0,0,0,1,0,0,0,0,0,0,0,0,0,0,1,4,0.0,0.0,0.0,0.0,1.0,0.0,0.75,154,255,1.0,0.0,0.01,0.01,0.0,0.0,0.0,0.0,0
0,icmp,eco_i,SF,30,0,0,0,0,0,0,0,0,0,0,0,0,0,0,0,0,0,1,1,0.0,0.0,0.0,0.0,1.0,0.0,0.0,17,91,1.0,0.0,1.0,0.42,0.0,0.0,0.0,0.0,0
0,tcp,http,SF,255,618,0,0,0,0,0,1,0,0,0,0,0,0,0,0,0,0,15,15,0.0,0.0,0.0,0.0,1.0,0.0,0.0,124,255,1.0,0.0,0.01,0.02,0.0,0.0,0.0,0.0,0
0,tcp,telnet,RSTO,126,179,0,0,0,1,1,0,0,0,0,0,0,0,0,0,0,0,1,1,0.0,0.0,1.0,1.0,1.0,0.0,0.0,27,27,1.0,0.0,0.04,0.0,0.07,0.07,0.93,0.93,1
4005,udp,other,SF,147,105,0,0,0,0,0,0,0,0,0,0,0,0,0,0,0,0,2,2,0.0,0.0,0.0,0.0,1.0,0.0,0.0,255,2,0.01,0.82,0.99,0.0,0.0,0.0,0.0,0.0,0
0,tcp,http,SF,214,1502,0,0,0,0,0,1,0,0,0,0,0,0,0,0,0,0,13,17,0.0,0.0,0.0,0.0,1.0,0.0,0.12,92,255,1.0,0.0,0.01,0.04,0.0,0.04,0.0,0.0,0
0,tcp,http,SF,228,6687,0,0,0,0,0,1,0,0,0,0,0,0,0,0,0,0,17,17,0.0,0.0,0.0,0.0,1.0,0.0,0.0,17,255,1.0,0.0,0.06,0.04,0.0,0.0,0.0,0.0,0
0,tcp,ftp,SF,1265,2451,0,0,0,28,0,1,0,0,0,0,0,0,0,0,0,1,1,1,0.0,0.0,0.0,0.0,1.0,0.0,0.0,195,23,0.12,0.03,0.01,0.0,0.01,0.0,0.01,0.0,1
12597,udp,other,SF,147,105,0,0,0,0,0,0,0,0,0,0,0,0,0,0,0,0,4,2,0.0,0.0,0.0,0.0,0.5,0.5,0.0,255,2,0.01,0.59,0.93,0.0,0.0,0.0,0.0,0.0,0
0,tcp,http,SF,231,1253,0,0,0,0,0,1,0,0,0,0,0,0,0,0,0,0,10,10,0.0,0.0,0.0,0.0,1.0,0.0,0.0,10,255,1.0,0.0,0.1,0.07,0.0,0.0,0.0,0.0,0
2657,udp,other,SF,147,105,0,0,0,0,0,0,0,0,0,0,0,0,0,0,0,0,6,2,0.0,0.0,0.0,0.0,0.33,0.5,0.0,255,2,0.01,0.44,0.93,0.0,0.0,0.0,0.0,0.0,0
10131,tcp,ftp,SF,1015,2197,0,0,0,19,0,1,0,0,0,0,0,0,0,0,0,1,1,1,0.0,0.0,0.0,0.0,1.0,0.0,0.0,255,7,0.03,0.02,0.0,0.0,0.19,0.0,0.0,0.0,1
0,tcp,http,REJ,0,0,0,0,0,0,0,0,0,0,0,0,0,0,0,0,0,0,1,1,0.0,0.0,1.0,1.0,1.0,0.0,0.0,4,72,1.0,0.0,0.25,0.31,0.0,0.0,1.0,1.0,0
0,tcp,http,SF,222,648,0,0,0,0,0,1,0,0,0,0,0,0,0,0,0,0,5,5,0.0,0.0,0.0,0.0,1.0,0.0,0.0,130,255,1.0,0.0,0.01,0.03,0.0,0.0,0.0,0.01,0
0,tcp,ftp_data,SF,334,0,0,0,0,0,0,1,0,0,0,0,0,0,0,0,0,0,1,1,0.0,0.0,0.0,0.0,1.0,0.0,0.0,5,9,1.0,0.0,1.0,0.33,0.0,0.0,0.0,0.0,1
0,tcp,smtp,SF,1067,343,0,0,0,0,0,1,0,0,0,0,0,0,0,0,0,0,1,1,0.0,0.0,0.0,0.0,1.0,0.0,0.0,43,156,0.33,0.12,0.02,0.01,0.0,0.0,0.0,0.0,0
0,udp,domain_u,SF,42,133,0,0,0,0,0,0,0,0,0,0,0,0,0,0,0,0,215,292,0.0,0.0,0.0,0.0,1.0,0.01,0.01,217,178,0.82,0.01,0.0,0.0,0.0,0.0,0.0,0.0,0
0,tcp,http,SF,207,1824,0,0,0,0,0,1,0,0,0,0,0,0,0,0,0,0,3,5,0.0,0.0,0.0,0.0,1.0,0.0,0.4,33,255,1.0,0.0,0.03,0.04,0.0,0.0,0.0,0.0,0
1,tcp,ftp,SF,1257,2451,0,0,0,28,0,1,0,0,0,0,0,0,0,0,0,1,1,1,0.0,0.0,0.0,0.0,1.0,0.0,0.0,255,80,0.31,0.02,0.0,0.0,0.0,0.0,0.0,0.0,1
0,tcp,http,REJ,0,0,0,0,0,0,0,0,0,0,0,0,0,0,0,0,0,0,1,1,0.0,0.0,1.0,1.0,1.0,0.0,0.0,4,34,1.0,0.0,0.25,0.24,0.0,0.0,1.0,1.0,0
5066,tcp,ftp_data,SF,5133876,0,0,0,0,0,0,1,0,0,0,0,0,0,0,0,0,0,1,1,0.0,0.0,0.0,0.0,1.0,0.0,0.0,4,60,1.0,0.0,1.0,0.12,0.25,0.02,0.0,0.0,1
0,udp,domain_u,SF,45,87,0,0,0,0,0,0,0,0,0,0,0,0,0,0,0,0,187,187,0.0,0.0,0.0,0.0,1.0,0.0,0.0,255,206,0.81,0.01,0.0,0.0,0.0,0.0,0.0,0.0,0
0,tcp,http,SF,345,1613,0,0,0,0,0,1,0,0,0,0,0,0,0,0,0,0,17,17,0.0,0.0,0.0,0.0,1.0,0.0,0.0,17,255,1.0,0.0,0.06,0.04,0.0,0.0,0.0,0.0,0
0,tcp,smtp,S0,0,0,0,0,0,0,0,0,0,0,0,0,0,0,0,0,0,0,2,3,0.5,0.33,0.0,0.0,1.0,0.0,0.67,204,152,0.58,0.02,0.01,0.01,0.0,0.02,0.0,0.0,0
0,tcp,http,SF,205,181,0,0,0,0,0,1,0,0,0,0,0,0,0,0,0,0,8,8,0.0,0.0,0.0,0.0,1.0,0.0,0.0,8,172,1.0,0.0,0.12,0.01,0.0,0.0,0.0,0.0,0
0,tcp,http,SF,239,607,0,0,0,0,0,1,0,0,0,0,0,0,0,0,0,0,11,11,0.0,0.0,0.0,0.0,1.0,0.0,0.0,151,255,1.0,0.0,0.01,0.03,0.01,0.01,0.01,0.01,0
0,tcp,http,SF,231,4848,0,0,0,0,0,1,0,0,0,0,0,0,0,0,0,0,18,18,0.0,0.0,0.0,0.0,1.0,0.0,0.0,18,255,1.0,0.0,0.06,0.05,0.0,0.0,0.0,0.0,0
25,tcp,ftp,SF,331,1063,0,0,0,6,0,1,0,0,0,0,0,0,0,0,0,1,1,1,0.0,0.0,0.0,0.0,1.0,0.0,0.0,252,67,0.27,0.28,0.0,0.0,0.0,0.0,0.26,0.01,0
1,tcp,smtp,SF,1076,330,0,0,0,0,0,1,0,0,0,0,0,0,0,0,0,0,1,3,0.0,0.0,0.0,0.0,1.0,0.0,1.0,14,169,0.5,0.36,0.07,0.02,0.0,0.0,0.0,0.0,0
0,tcp,http,SF,299,507,0,0,0,0,0,1,0,0,0,0,0,0,0,0,0,0,14,16,0.0,0.0,0.0,0.0,1.0,0.0,0.19,46,255,1.0,0.0,0.02,0.02,0.0,0.0,0.0,0.0,0
0,tcp,http,SF,293,12334,0,0,0,0,0,1,0,0,0,0,0,0,0,0,0,0,6,24,0.0,0.0,0.0,0.0,1.0,0.0,0.21,192,255,1.0,0.0,0.01,0.01,0.01,0.0,0.0,0.0,0
0,tcp,ftp_data,SF,334,0,0,0,0,0,0,1,0,0,0,0,0,0,0,0,0,0,1,1,0.0,0.0,0.0,0.0,1.0,0.0,0.0,5,13,1.0,0.0,1.0,0.23,0.0,0.0,0.0,0.0,1
0,tcp,ftp_data,SF,334,0,0,0,0,0,0,1,0,0,0,0,0,0,0,0,0,0,1,1,0.0,0.0,0.0,0.0,1.0,0.0,0.0,10,18,1.0,0.0,1.0,0.11,0.0,0.0,0.0,0.0,1
0,udp,domain_u,SF,42,42,0,0,0,0,0,0,0,0,0,0,0,0,0,0,0,0,1,1,0.0,0.0,0.0,0.0,1.0,0.0,0.0,255,246,0.96,0.01,0.01,0.0,0.0,0.0,0.0,0.0,0
0,tcp,ftp_data,SF,1363,0,0,0,0,0,0,0,0,0,0,0,0,0,0,0,0,0,17,17,0.0,0.0,0.0,0.0,1.0,0.0,0.0,29,107,0.79,0.14,0.79,0.02,0.0,0.0,0.0,0.0,0
0,tcp,http,SF,299,12211,0,0,0,0,0,1,0,0,0,0,0,0,0,0,0,0,7,8,0.0,0.0,0.0,0.0,1.0,0.0,0.25,153,255,1.0,0.0,0.01,0.02,0.0,0.0,0.0,0.0,0
23,tcp,ftp,SF,336,1072,0,0,0,6,0,1,0,0,0,0,0,0,0,0,0,1,1,1,0.0,0.0,0.0,0.0,1.0,0.0,0.0,99,11,0.1,0.72,0.01,0.18,0.0,0.0,0.66,0.18,0
0,tcp,http,SF,308,895,0,0,0,0,0,1,0,0,0,0,0,0,0,0,0,0,2,3,0.0,0.0,0.0,0.0,1.0,0.0,0.67,144,255,1.0,0.0,0.01,0.02,0.0,0.0,0.0,0.0,0
2,tcp,ftp,SF,1231,2451,0,0,0,28,0,1,0,0,0,0,0,0,0,0,0,1,1,1,0.0,0.0,0.0,0.0,1.0,0.0,0.0,211,39,0.18,0.02,0.0,0.0,0.0,0.0,0.01,0.0,1
226,tcp,telnet,SF,161,4819,0,0,0,0,0,1,2,0,0,0,0,0,0,0,0,0,1,1,0.0,0.0,0.0,0.0,1.0,0.0,0.0,151,25,0.17,0.03,0.01,0.0,0.0,0.0,0.01,0.04,0
0,tcp,http,SF,315,1175,0,0,0,0,0,1,0,0,0,0,0,0,0,0,0,0,3,3,0.0,0.0,0.0,0.0,1.0,0.0,0.0,3,255,1.0,0.0,0.33,0.02,0.0,0.0,0.0,0.0,0
38,tcp,ftp,SF,1485,4152,0,0,0,30,0,1,0,0,0,0,0,0,0,0,0,1,1,1,0.0,0.0,0.0,0.0,1.0,0.0,0.0,10,6,0.6,0.3,0.1,0.0,0.0,0.0,0.0,0.0,0
0,tcp,http,SF,302,258,0,0,0,0,0,1,0,0,0,0,0,0,0,0,0,0,3,3,0.0,0.0,0.0,0.0,1.0,0.0,0.0,255,247,0.97,0.01,0.0,0.0,0.0,0.0,0.0,0.0,0
0,udp,domain_u,SF,45,123,0,0,0,0,0,0,0,0,0,0,0,0,0,0,0,0,54,53,0.0,0.0,0.0,0.0,0.98,0.04,0.0,255,162,0.64,0.01,0.0,0.0,0.0,0.0,0.0,0.0,0
0,tcp,http,SF,230,1283,0,0,0,0,0,1,0,0,0,0,0,0,0,0,0,0,2,2,0.0,0.0,0.0,0.0,1.0,0.0,0.0,107,254,1.0,0.0,0.01,0.01,0.01,0.0,0.0,0.0,0
0,tcp,http,SF,303,29228,0,0,0,0,0,1,0,0,0,0,0,0,0,0,0,0,25,25,0.0,0.0,0.0,0.0,1.0,0.0,0.0,134,255,1.0,0.0,0.01,0.01,0.0,0.0,0.0,0.0,0
0,tcp,http,SF,295,1215,0,0,0,0,0,1,0,0,0,0,0,0,0,0,0,0,14,15,0.0,0.0,0.0,0.0,1.0,0.0,0.13,99,255,1.0,0.0,0.01,0.13,0.01,0.0,0.25,0.7,0
4,tcp,ftp_data,SF,832,0,0,0,0,0,0,1,0,0,0,0,0,0,0,0,0,0,1,1,0.0,0.0,0.0,0.0,1.0,0.0,0.0,3,15,1.0,0.0,1.0,0.27,0.0,0.0,0.0,0.0,1
0,tcp,http,SF,294,1158,0,0,0,0,0,1,0,0,0,0,0,0,0,0,0,0,25,26,0.0,0.0,0.0,0.0,1.0,0.0,0.08,255,255,1.0,0.0,0.0,0.0,0.0,0.0,0.0,0.0,0
0,tcp,http,SF,244,1603,0,0,0,0,0,1,0,0,0,0,0,0,0,0,0,0,5,5,0.0,0.0,0.0,0.0,1.0,0.0,0.0,5,255,1.0,0.0,0.2,0.04,0.0,0.0,0.0,0.0,0
0,tcp,http,SF,244,2730,0,0,0,0,0,1,0,0,0,0,0,0,0,0,0,0,6,7,0.0,0.0,0.0,0.0,1.0,0.0,0.29,6,255,1.0,0.0,0.17,0.04,0.0,0.0,0.0,0.0,0
0,tcp,http,SF,333,458,0,0,0,0,0,1,0,0,0,0,0,0,0,0,0,0,1,3,0.0,0.0,0.0,0.0,1.0,0.0,0.67,6,255,1.0,0.0,0.17,0.06,0.0,0.0,0.0,0.0,0
0,tcp,http,SF,334,2510,0,0,0,0,0,1,0,0,0,0,0,0,0,0,0,0,4,4,0.0,0.0,0.0,0.0,1.0,0.0,0.0,11,255,1.0,0.0,0.09,0.11,0.0,0.0,0.64,0.76,0
0,tcp,http,SF,238,1535,0,0,0,0,0,1,0,0,0,0,0,0,0,0,0,0,23,25,0.0,0.0,0.0,0.0,1.0,0.0,0.08,181,255,1.0,0.0,0.01,0.02,0.0,0.0,0.02,0.01,0
1,tcp,ftp,SF,1193,2449,0,0,0,28,0,1,0,0,0,0,0,0,0,0,0,1,1,1,0.0,0.0,0.0,0.0,1.0,0.0,0.0,255,112,0.44,0.02,0.0,0.0,0.0,0.0,0.01,0.0,1
0,tcp,ftp_data,SF,334,0,0,0,0,0,0,1,0,0,0,0,0,0,0,0,0,0,1,1,0.0,0.0,0.0,0.0,1.0,0.0,0.0,5,25,1.0,0.0,1.0,0.2,0.0,0.0,0.0,0.0,1
0,tcp,http,SF,270,5465,0,0,0,0,0,1,0,0,0,0,0,0,0,0,0,0,1,5,0.0,0.0,0.0,0.0,1.0,0.0,0.4,31,255,1.0,0.0,0.03,0.07,0.0,0.01,0.0,0.0,0
2,tcp,ftp_data,SF,2194619,0,0,0,0,0,0,1,0,0,0,0,0,0,0,0,0,0,6,2,0.0,0.0,0.0,0.0,0.33,0.5,0.0,255,6,0.02,0.65,0.02,0.0,0.0,0.0,0.0,0.0,0
0,tcp,http,SF,207,771,0,0,0,0,0,1,0,0,0,0,0,0,0,0,0,0,13,13,0.0,0.0,0.0,0.0,1.0,0.0,0.0,255,255,1.0,0.0,0.01,0.0,0.0,0.0,0.0,0.0,0
0,tcp,http,REJ,0,0,0,0,0,0,0,0,0,0,0,0,0,0,0,0,0,0,1,1,0.0,0.0,1.0,1.0,1.0,0.0,0.0,74,255,1.0,0.0,0.01,0.15,0.0,0.0,0.95,0.98,0
0,tcp,ftp_data,SF,334,0,0,0,0,0,0,1,0,0,0,0,0,0,0,0,0,0,2,2,0.0,0.0,0.0,0.0,1.0,0.0,0.0,5,30,1.0,0.0,1.0,0.17,0.0,0.03,0.0,0.0,1
0,tcp,ftp,SF,1224,2449,0,0,0,28,0,1,0,0,0,0,0,0,0,0,0,1,1,1,0.0,0.0,0.0,0.0,1.0,0.0,0.0,255,42,0.16,0.02,0.0,0.0,0.05,0.0,0.0,0.0,1
0,tcp,http,SF,326,3844,0,0,0,0,0,1,0,0,0,0,0,0,0,0,0,0,4,5,0.0,0.0,0.0,0.0,1.0,0.0,0.4,255,255,1.0,0.0,0.0,0.0,0.0,0.0,0.0,0.0,0
0,tcp,http,SF,319,6406,0,0,0,0,0,1,0,0,0,0,0,0,0,0,0,0,14,14,0.0,0.0,0.0,0.0,1.0,0.0,0.0,75,255,1.0,0.0,0.01,0.02,0.0,0.0,0.0,0.0,0
0,tcp,smtp,SF,1529,385,0,0,0,0,0,1,0,0,0,0,0,0,0,0,0,0,1,3,0.0,0.0,0.0,0.0,1.0,0.0,1.0,186,95,0.51,0.08,0.01,0.0,0.01,0.0,0.0,0.0,0
0,tcp,ftp_data,SF,334,0,0,0,0,0,0,1,0,0,0,0,0,0,0,0,0,0,2,2,0.0,0.0,0.0,0.0,1.0,0.0,0.0,9,27,0.89,0.22,1.0,0.11,0.0,0.0,0.0,0.0,1
0,tcp,ftp_data,SF,4892,0,0,0,0,0,0,0,0,0,0,0,0,0,0,0,0,0,18,18,0.0,0.0,0.0,0.0,1.0,0.0,0.0,255,93,0.36,0.03,0.36,0.0,0.0,0.0,0.0,0.0,0
0,tcp,http,SF,267,388,0,0,0,0,0,1,0,0,0,0,0,0,0,0,0,0,9,9,0.0,0.0,0.0,0.0,1.0,0.0,0.0,255,255,1.0,0.0,0.0,0.0,0.0,0.0,0.0,0.0,0
11155,tcp,telnet,SF,104,3112,0,0,0,0,0,1,0,0,0,0,0,0,0,0,0,0,1,1,0.0,0.0,0.0,0.0,1.0,0.0,0.0,47,7,0.15,0.11,0.02,0.0,0.04,0.14,0.06,0.0,0
0,udp,domain_u,SF,42,42,0,0,0,0,0,0,0,0,0,0,0,0,0,0,0,0,5,8,0.0,0.0,0.0,0.0,1.0,0.0,0.25,35,32,0.91,0.09,0.03,0.0,0.0,0.0,0.0,0.0,0
0,tcp,ftp_data,SF,373,0,0,0,0,0,0,1,0,0,0,0,0,0,0,0,0,0,1,1,0.0,0.0,0.0,0.0,1.0,0.0,0.0,8,82,0.88,0.25,0.88,0.04,0.0,0.0,0.0,0.0,0
0,tcp,http,SF,311,4161,0,0,0,0,0,1,0,0,0,0,0,0,0,0,0,0,16,16,0.0,0.0,0.0,0.0,1.0,0.0,0.0,255,255,1.0,0.0,0.0,0.0,0.0,0.0,0.0,0.0,0
0,tcp,ftp_data,SF,12,0,0,0,0,0,0,0,0,0,0,0,0,0,0,0,0,0,2,2,0.0,0.0,0.0,0.0,1.0,0.0,0.0,181,82,0.27,0.03,0.27,0.02,0.0,0.0,0.0,0.0,0
0,tcp,http,SF,222,6602,0,0,0,0,0,1,0,0,0,0,0,0,0,0,0,0,11,11,0.0,0.0,0.0,0.0,1.0,0.0,0.0,255,255,1.0,0.0,0.0,0.0,0.0,0.0,0.0,0.0,0
5042,tcp,ftp_data,SF,5133876,0,0,0,0,7,0,1,0,0,0,0,0,0,0,0,0,0,1,1,0.0,0.0,0.0,0.0,1.0,0.0,0.0,9,34,1.0,0.0,1.0,0.15,0.0,0.03,0.0,0.0,1
0,tcp,http,SF,226,1197,0,0,0,0,0,1,0,0,0,0,0,0,0,0,0,0,6,6,0.0,0.0,0.0,0.0,1.0,0.0,0.0,45,255,1.0,0.0,0.02,0.04,0.0,0.0,0.0,0.0,0
0,tcp,http,SF,326,2250,0,0,0,0,0,1,0,0,0,0,0,0,0,0,0,0,15,15,0.0,0.0,0.0,0.0,1.0,0.0,0.0,255,255,1.0,0.0,0.0,0.0,0.0,0.0,0.0,0.0,0
0,tcp,http,SF,198,2148,0,0,0,0,0,1,0,0,0,0,0,0,0,0,0,0,11,11,0.0,0.0,0.0,0.0,1.0,0.0,0.0,11,255,1.0,0.0,0.09,0.03,0.0,0.0,0.0,0.0,0
0,tcp,ftp_data,SF,334,0,0,0,0,0,0,1,0,0,0,0,0,0,0,0,0,0,2,2,0.0,0.0,0.0,0.0,1.0,0.0,0.0,7,32,1.0,0.0,1.0,0.16,0.0,0.0,0.0,0.0,1
0,tcp,http,SF,213,1752,0,0,0,0,0,1,0,0,0,0,0,0,0,0,0,0,21,52,0.0,0.0,0.0,0.0,1.0,0.0,0.08,73,255,1.0,0.0,0.01,0.04,0.0,0.0,0.0,0.0,0
0,tcp,http,SF,277,1925,0,0,0,0,0,1,0,0,0,0,0,0,0,0,0,0,17,21,0.0,0.0,0.0,0.0,1.0,0.0,0.1,255,255,1.0,0.0,0.0,0.0,0.0,0.0,0.0,0.0,0
0,udp,private,SF,105,145,0,0,0,0,0,0,0,0,0,0,0,0,0,0,0,0,4,1,0.0,0.0,0.0,0.0,0.25,0.5,0.0,255,242,0.95,0.01,0.01,0.0,0.0,0.0,0.0,0.0,0
0,tcp,http,SF,340,14206,0,0,0,0,0,1,0,0,0,0,0,0,0,0,0,0,2,5,0.5,0.2,0.0,0.0,1.0,0.0,0.4,8,255,1.0,0.0,0.12,0.06,0.12,0.0,0.0,0.0,0
0,tcp,http,SF,208,260,0,0,0,0,0,1,0,0,0,0,0,0,0,0,0,0,12,31,0.0,0.0,0.0,0.0,1.0,0.0,0.06,67,255,1.0,0.0,0.01,0.05,0.0,0.0,0.0,0.0,0
0,icmp,urp_i,SF,78,0,0,0,0,0,0,0,0,0,0,0,0,0,0,0,0,0,19,1,0.0,0.0,0.0,0.0,0.05,0.11,0.0,255,13,0.05,0.01,0.05,0.0,0.0,0.0,0.0,0.0,0
1,tcp,smtp,SF,936,333,0,0,0,0,0,1,0,0,0,0,0,0,0,0,0,0,1,1,0.0,0.0,0.0,0.0,1.0,0.0,0.0,64,100,0.5,0.09,0.02,0.02,0.0,0.0,0.0,0.0,0
0,tcp,finger,SF,9,593,0,0,0,0,0,0,0,0,0,0,0,0,0,0,0,0,1,1,0.0,0.0,0.0,0.0,1.0,0.0,0.0,178,6,0.02,0.02,0.01,0.33,0.0,0.0,0.0,0.0,0
0,tcp,http,REJ,0,0,0,0,0,0,0,0,0,0,0,0,0,0,0,0,0,0,511,1,0.0,0.0,0.0,1.0,0.0,0.0,0.0,238,200,0.84,0.01,0.0,0.0,0.0,0.0,0.84,1.0,0
0,tcp,http,SF,190,622,0,0,0,0,0,1,0,0,0,0,0,0,0,0,0,0,21,39,0.05,0.05,0.0,0.0,1.0,0.0,0.08,43,54,1.0,0.0,0.02,0.11,0.02,0.02,0.51,0.59,0
0,tcp,http,SF,213,984,0,0,0,0,0,1,0,0,0,0,0,0,0,0,0,0,25,25,0.0,0.0,0.0,0.0,1.0,0.0,0.0,255,255,1.0,0.0,0.0,0.0,0.0,0.0,0.0,0.0,0
0,tcp,http,SF,316,4282,0,0,0,0,0,1,0,0,0,0,0,0,0,0,0,0,4,6,0.0,0.0,0.0,0.0,1.0,0.0,0.5,47,255,1.0,0.0,0.02,0.01,0.0,0.0,0.0,0.0,0
0,tcp,http,SF,313,2698,0,0,0,0,0,1,0,0,0,0,0,0,1,0,0,0,2,3,0.0,0.0,0.0,0.33,1.0,0.0,0.67,255,252,0.99,0.01,0.0,0.0,0.0,0.0,0.0,0.0,0
0,tcp,http,REJ,0,0,0,0,0,0,0,0,0,0,0,0,0,0,0,0,0,0,1,1,0.0,0.0,1.0,1.0,1.0,0.0,0.0,10,227,1.0,0.0,0.1,0.12,0.0,0.0,1.0,0.72,0
4,tcp,ftp_data,SF,832,0,0,0,0,0,0,1,0,0,0,0,0,0,0,0,0,0,1,1,0.0,0.0,0.0,0.0,1.0,0.0,0.0,255,69,0.27,0.08,0.32,0.0,0.01,0.01,0.0,0.0,1
0,tcp,ftp_data,SF,334,0,0,0,0,0,0,1,0,0,0,0,0,0,0,0,0,0,1,1,0.0,0.0,0.0,0.0,1.0,0.0,0.0,12,39,1.0,0.0,1.0,0.08,0.0,0.0,0.0,0.0,1
2,tcp,smtp,SF,2794,331,0,0,0,0,0,1,0,0,0,0,0,0,0,0,0,0,1,4,0.0,0.0,0.0,0.0,1.0,0.0,1.0,34,141,0.41,0.09,0.03,0.01,0.0,0.0,0.0,0.04,0
26,tcp,ftp,SF,876,2586,0,0,0,18,0,1,0,0,0,0,0,0,0,0,0,1,1,1,0.0,0.0,0.0,0.0,1.0,0.0,0.0,255,70,0.27,0.02,0.0,0.0,0.0,0.0,0.0,0.0,0
0,tcp,http,SF,296,2507,0,0,0,0,0,1,0,0,0,0,0,0,0,0,0,0,6,6,0.0,0.0,0.0,0.0,1.0,0.0,0.0,255,252,0.99,0.01,0.0,0.0,0.0,0.0,0.0,0.0,0
0,udp,domain_u,SF,43,43,0,0,0,0,0,0,0,0,0,0,0,0,0,0,0,0,64,144,0.0,0.0,0.0,0.0,1.0,0.0,0.01,255,255,1.0,0.0,0.01,0.0,0.0,0.0,0.0,0.0,0
0,udp,domain_u,SF,91,0,0,0,0,0,0,0,0,0,0,0,0,0,0,0,0,0,1,2,0.0,0.0,0.0,0.0,1.0,0.0,1.0,67,42,0.63,0.03,0.63,0.0,0.0,0.0,0.0,0.0,0
0,tcp,ftp_data,SF,641,0,0,0,0,0,0,1,0,0,0,0,0,0,0,0,0,0,2,3,0.0,0.0,0.0,0.0,1.0,0.0,0.67,105,93,0.09,0.03,0.09,0.02,0.0,0.0,0.0,0.0,0
0,tcp,auth,SF,14,41,0,0,0,0,0,0,0,0,0,0,0,0,0,0,0,0,2,2,0.0,0.0,0.0,0.0,1.0,0.0,0.0,55,9,0.09,0.09,0.02,0.22,0.0,0.0,0.0,0.0,0
0,tcp,http,SF,242,19341,0,0,0,0,0,1,0,0,0,0,0,0,0,0,0,0,5,5,0.0,0.0,0.0,0.0,1.0,0.0,0.0,255,255,1.0,0.0,0.0,0.0,0.01,0.01,0.0,0.0,0
2,tcp,ftp,SF,1268,2451,0,0,0,28,0,1,0,0,0,0,0,0,0,0,0,1,1,1,0.0,0.0,0.0,0.0,1.0,0.0,0.0,254,82,0.32,0.02,0.0,0.0,0.0,0.0,0.01,0.0,1
666,tcp,telnet,SF,451,14663,0,0,0,0,0,1,2,0,0,0,0,0,0,0,0,0,1,1,0.0,0.0,0.0,0.0,1.0,0.0,0.0,255,49,0.19,0.02,0.0,0.0,0.38,0.49,0.0,0.0,0
1,tcp,smtp,SF,1093,334,0,0,0,0,0,1,0,0,0,0,0,0,0,0,0,0,1,2,0.0,0.0,0.0,0.0,1.0,0.0,1.0,72,180,0.67,0.07,0.01,0.01,0.0,0.0,0.0,0.0,0
0,tcp,http,SF,184,1619,0,0,0,0,0,1,0,0,0,0,0,0,0,0,0,0,2,2,0.0,0.0,0.0,0.0,1.0,0.0,0.0,255,231,0.91,0.01,0.0,0.0,0.0,0.0,0.0,0.0,0
0,tcp,ftp_data,SF,334,0,0,0,0,0,0,1,0,0,0,0,0,0,0,0,0,0,1,1,0.0,0.0,0.0,0.0,1.0,0.0,0.0,3,9,1.0,0.0,1.0,0.44,0.0,0.0,0.0,0.0,1
27,tcp,telnet,SF,116,15814,0,0,0,0,0,1,0,0,0,0,0,0,0,0,0,0,1,1,0.0,0.0,0.0,0.0,1.0,0.0,0.0,7,1,0.14,0.29,0.14,0.0,0.0,0.0,0.0,0.0,0
0,tcp,smtp,SF,3391,337,0,0,0,0,0,1,0,0,0,0,0,0,0,0,0,0,1,1,0.0,0.0,0.0,0.0,1.0,0.0,0.0,147,135,0.67,0.05,0.01,0.01,0.01,0.01,0.01,0.0,0
0,tcp,http,SF,186,14496,0,0,0,0,0,1,0,0,0,0,0,0,0,0,0,0,6,6,0.0,0.0,0.0,0.0,1.0,0.0,0.0,255,255,1.0,0.0,0.01,0.0,0.0,0.0,0.0,0.0,0
0,tcp,http,SF,310,16090,0,0,0,0,0,1,0,0,0,0,0,0,0,0,0,0,12,12,0.0,0.0,0.0,0.0,1.0,0.0,0.0,25,255,1.0,0.0,0.04,0.05,0.0,0.0,0.0,0.0,0
0,tcp,http,SF,255,2042,0,0,0,0,0,1,0,0,0,0,0,0,0,0,0,0,6,10,0.0,0.0,0.0,0.0,1.0,0.0,0.2,68,255,1.0,0.0,0.01,0.03,0.0,0.0,0.0,0.0,0
5063,tcp,ftp_data,SF,5133876,0,0,0,0,1,0,1,0,0,0,0,0,0,0,0,0,0,1,1,0.0,0.0,0.0,0.0,1.0,0.0,0.0,4,36,1.0,0.0,1.0,0.14,0.0,0.0,0.0,0.0,1
0,tcp,auth,SF,10,38,0,0,0,0,0,1,0,0,0,0,0,0,0,0,0,0,2,1,0.0,0.0,0.0,0.0,0.5,1.0,0.0,83,2,0.02,0.07,0.01,0.0,0.01,0.0,0.01,0.0,0
0,tcp,ftp_data,SF,567,0,0,0,0,0,0,0,0,0,0,0,0,0,0,0,0,0,1,1,0.0,0.0,0.0,0.0,1.0,0.0,0.0,40,97,0.77,0.08,0.77,0.02,0.0,0.0,0.0,0.0,0
0,tcp,http,SF,161,1679,0,0,0,0,0,1,0,0,0,0,0,0,0,0,0,0,1,1,0.0,0.0,0.0,0.0,1.0,0.0,0.0,1,255,1.0,0.0,1.0,0.04,0.0,0.0,0.0,0.0,0
0,tcp,http,SF,213,317,0,0,0,0,0,1,0,0,0,0,0,0,0,0,0,0,14,14,0.0,0.0,0.0,0.0,1.0,0.0,0.0,14,255,1.0,0.0,0.07,0.05,0.0,0.0,0.0,0.0,0
0,tcp,http,SF,209,935,0,0,0,0,0,1,0,0,0,0,0,0,0,0,0,0,4,5,0.0,0.0,0.0,0.0,1.0,0.0,0.4,255,255,1.0,0.0,0.0,0.0,0.0,0.0,0.0,0.0,0
0,tcp,ftp_data,SF,334,0,0,0,0,0,0,1,0,0,0,0,0,0,0,0,0,0,1,1,0.0,0.0,0.0,0.0,1.0,0.0,0.0,3,29,1.0,0.0,1.0,0.17,0.0,0.0,0.0,0.0,1
0,udp,domain_u,SF,44,44,0,0,0,0,0,0,0,0,0,0,0,0,0,0,0,0,194,194,0.0,0.0,0.0,0.0,1.0,0.0,0.0,255,255,1.0,0.0,0.01,0.0,0.0,0.0,0.0,0.0,0
0,tcp,http,SF,246,2889,0,0,0,0,0,1,0,0,0,0,0,0,0,0,0,0,1,1,0.0,0.0,0.0,0.0,1.0,0.0,0.0,200,255,1.0,0.0,0.0,0.02,0.0,0.0,0.0,0.0,0
0,tcp,http,SF,308,2325,0,0,0,0,0,1,0,0,0,0,0,0,0,0,0,0,1,4,0.0,0.0,0.0,0.0,1.0,0.0,0.75,255,255,1.0,0.0,0.0,0.0,0.0,0.0,0.0,0.0,0
0,tcp,http,SF,211,467,0,0,0,0,0,1,0,0,0,0,0,0,0,0,0,0,13,13,0.0,0.0,0.0,0.0,1.0,0.0,0.0,13,255,1.0,0.0,0.08,0.05,0.0,0.0,0.0,0.0,0
0,udp,other,SF,516,4,0,0,0,0,0,0,0,0,0,0,0,0,0,0,0,0,315,315,0.0,0.0,0.0,0.0,1.0,0.0,0.0,255,255,1.0,0.0,1.0,0.0,0.0,0.0,0.0,0.0,0
0,tcp,http,SF,286,7669,0,0,0,0,0,1,0,0,0,0,0,0,0,0,0,0,4,4,0.0,0.0,0.25,0.25,1.0,0.0,0.0,16,255,1.0,0.0,0.06,0.03,0.0,0.01,0.06,0.0,0
0,tcp,http,SF,226,5336,0,0,0,0,0,1,0,0,0,0,0,0,0,0,0,0,1,2,0.0,0.0,0.0,0.0,1.0,0.0,1.0,126,255,1.0,0.0,0.01,0.01,0.0,0.0,0.0,0.0,0
0,tcp,other,SF,59,0,0,0,0,0,0,1,0,0,0,0,0,0,0,0,0,0,12,1,0.08,0.0,0.0,0.0,0.08,0.33,0.0,225,1,0.0,0.03,0.26,0.0,0.0,0.0,0.0,0.0,0
0,tcp,ftp_data,SF,212,0,0,0,0,0,0,1,0,0,0,1,0,0,0,0,0,0,2,2,0.0,0.0,0.0,0.0,1.0,0.0,0.0,92,73,0.16,0.07,0.16,0.03,0.01,0.0,0.0,0.0,0
0,tcp,http,SF,232,5834,0,0,0,0,0,1,0,0,0,0,0,0,0,0,0,0,1,40,0.0,0.0,0.0,0.0,1.0,0.0,0.05,1,193,1.0,0.0,1.0,0.09,0.0,0.01,0.0,0.0,0
0,tcp,ftp_data,SF,12,0,0,0,0,0,0,1,0,0,0,0,0,0,0,0,0,0,1,1,0.0,0.0,0.0,0.0,1.0,0.0,0.0,51,34,0.18,0.08,0.18,0.06,0.0,0.03,0.0,0.0,0
0,tcp,ftp_data,SF,491,0,0,0,0,0,0,0,0,0,0,0,0,0,0,0,0,0,2,2,0.0,0.0,0.0,0.0,1.0,0.0,0.0,164,12,0.05,0.02,0.05,0.17,0.0,0.0,0.02,0.0,0
0,tcp,http,SF,319,453,0,0,0,0,0,1,0,0,0,0,0,0,0,0,0,0,9,9,0.0,0.0,0.0,0.0,1.0,0.0,0.0,255,255,1.0,0.0,0.0,0.0,0.0,0.0,0.0,0.0,0
0,tcp,http,SF,204,1672,0,0,0,0,0,1,0,0,0,0,0,0,0,0,0,0,22,22,0.0,0.0,0.0,0.0,1.0,0.0,0.0,255,255,1.0,0.0,0.0,0.0,0.0,0.0,0.0,0.0,0
0,icmp,urp_i,SF,183,0,0,0,0,0,0,0,0,0,0,0,0,0,0,0,0,0,2,1,0.0,0.0,0.0,0.0,0.5,1.0,0.0,255,47,0.18,0.01,0.2,0.0,0.0,0.0,0.0,0.0,0
0,tcp,http,SF,309,262,0,0,0,0,0,1,0,0,0,0,0,0,0,0,0,0,5,5,0.0,0.0,0.0,0.0,1.0,0.0,0.0,255,255,1.0,0.0,0.0,0.0,0.0,0.0,0.0,0.0,0
0,tcp,ftp_data,SF,567,0,0,0,0,0,0,0,0,0,0,0,0,0,0,0,0,0,2,1,0.0,0.0,0.0,0.0,0.5,1.0,0.0,255,59,0.23,0.03,0.23,0.0,0.0,0.0,0.0,0.0,0
0,udp,domain_u,SF,42,42,0,0,0,0,0,0,0,0,0,0,0,0,0,0,0,0,5,9,0.0,0.0,0.0,0.0,1.0,0.0,0.22,255,235,0.92,0.01,0.05,0.0,0.0,0.0,0.0,0.0,0
0,tcp,http,SF,187,2097,0,0,0,0,0,1,0,0,0,0,0,0,0,0,0,0,19,19,0.0,0.0,0.0,0.0,1.0,0.0,0.0,38,255,1.0,0.0,0.03,0.04,0.0,0.0,0.0,0.0,0
0,tcp,ftp_data,SF,12,0,0,0,0,0,0,1,0,0,0,0,0,0,0,0,0,0,2,2,0.0,0.0,0.0,0.0,1.0,0.0,0.0,22,6,0.27,0.09,0.27,0.0,0.0,0.0,0.0,0.0,0
0,tcp,ftp,S1,1189,3366,0,0,0,24,0,1,0,0,0,0,0,0,0,0,0,1,1,1,1.0,1.0,0.0,0.0,1.0,0.0,0.0,61,20,0.33,0.07,0.02,0.0,0.02,0.05,0.0,0.0,0
0,tcp,http,SF,195,1428,0,0,0,0,0,1,0,0,0,0,0,0,0,0,0,0,8,8,0.0,0.0,0.0,0.0,1.0,0.0,0.0,52,255,1.0,0.0,0.02,0.04,0.0,0.0,0.0,0.0,0
7,tcp,smtp,SF,2206,328,0,0,0,0,0,1,0,0,0,0,0,0,0,0,0,0,1,1,0.0,0.0,0.0,0.0,1.0,0.0,0.0,255,149,0.58,0.02,0.0,0.0,0.0,0.0,0.0,0.0,0
0,udp,domain_u,SF,45,70,0,0,0,0,0,0,0,0,0,0,0,0,0,0,0,0,242,241,0.0,0.0,0.0,0.0,1.0,0.01,0.0,255,250,0.98,0.01,0.0,0.0,0.0,0.0,0.0,0.0,0
1,tcp,smtp,SF,1236,329,0,0,0,0,0,1,0,0,0,0,0,0,0,0,0,0,1,1,0.0,0.0,0.0,0.0,1.0,0.0,0.0,18,65,0.89,0.17,0.06,0.03,0.0,0.0,0.0,0.0,0
0,tcp,ftp_data,SF,334,0,0,0,0,0,0,1,0,0,0,0,0,0,0,0,0,0,1,1,0.0,0.0,0.0,0.0,1.0,0.0,0.0,1,35,1.0,0.0,1.0,0.17,0.0,0.0,0.0,0.0,1
7,tcp,smtp,SF,1489,332,0,0,0,0,0,1,0,0,0,0,0,0,0,0,0,0,1,1,0.0,0.0,0.0,0.0,1.0,0.0,0.0,140,138,0.59,0.02,0.01,0.01,0.0,0.0,0.0,0.0,0
0,tcp,http,SF,257,1968,0,0,0,0,0,1,0,0,0,0,0,0,0,0,0,0,8,20,0.0,0.0,0.0,0.0,1.0,0.0,0.3,238,255,1.0,0.0,0.0,0.02,0.0,0.0,0.0,0.0,0
5064,tcp,ftp_data,SF,5133876,0,0,0,0,1,0,1,0,0,0,0,0,0,0,0,0,0,1,1,0.0,0.0,0.0,0.0,1.0,0.0,0.0,4,46,1.0,0.0,1.0,0.04,0.0,0.02,0.0,0.0,1
0,udp,other,SF,147,0,0,0,0,0,0,0,0,0,0,0,0,0,0,0,0,0,3,1,0.0,0.0,0.0,0.0,0.33,0.67,0.0,66,1,0.02,0.53,0.86,0.0,0.0,0.0,0.0,0.0,0
3,tcp,smtp,SF,840,331,0,0,0,0,0,1,0,0,0,0,0,0,0,0,0,0,1,2,0.0,0.0,0.0,0.0,1.0,0.0,1.0,96,142,0.57,0.03,0.01,0.01,0.0,0.0,0.0,0.0,0
0,tcp,http,SF,316,36707,0,0,0,0,0,1,0,0,0,0,0,0,0,0,0,0,1,1,0.0,0.0,0.0,0.0,1.0,0.0,0.0,2,255,1.0,0.0,0.5,0.04,0.0,0.0,0.0,0.0,0
0,tcp,http,SF,338,1981,0,0,0,0,0,1,0,0,0,0,0,0,0,0,0,0,14,14,0.0,0.0,0.0,0.0,1.0,0.0,0.0,104,255,1.0,0.0,0.01,0.04,0.02,0.01,0.0,0.0,0
0,tcp,http,SF,293,2854,0,0,0,0,0,1,0,0,0,0,0,0,0,0,0,0,25,25,0.0,0.0,0.0,0.0,1.0,0.0,0.0,255,255,1.0,0.0,0.0,0.0,0.0,0.0,0.0,0.0,0
1,tcp,ftp,SF,1226,2451,0,0,0,28,0,1,0,0,0,0,0,0,0,0,0,1,1,1,0.0,0.0,0.0,0.0,1.0,0.0,0.0,255,131,0.51,0.02,0.0,0.0,0.0,0.0,0.0,0.0,1
0,tcp,http,SF,308,944,0,0,0,0,0,1,0,0,0,0,0,0,0,0,0,0,2,4,0.0,0.0,0.0,0.0,1.0,0.0,0.5,255,255,1.0,0.0,0.0,0.0,0.0,0.0,0.0,0.0,0
0,tcp,telnet,RSTR,126,179,0,0,0,2,1,0,0,0,0,0,0,0,0,0,0,0,2,2,0.0,0.0,1.0,1.0,1.0,0.0,0.0,37,37,1.0,0.0,0.05,0.0,0.05,0.05,0.95,0.95,1
0,tcp,imap4,SF,0,0,0,0,0,2,0,0,0,0,0,0,0,0,0,0,0,0,4,163,0.5,0.58,0.0,0.03,1.0,0.0,0.28,4,4,1.0,0.0,1.0,0.0,0.5,0.5,0.0,0.0,1
0,tcp,http,REJ,0,0,0,0,0,0,0,0,0,0,0,0,0,0,0,0,0,0,1,2,0.0,0.0,1.0,0.5,1.0,0.0,1.0,1,255,1.0,0.0,1.0,0.25,0.0,0.0,1.0,0.95,0
0,tcp,ftp_data,SF,0,467968,0,0,0,0,0,0,0,0,0,0,0,0,0,0,0,0,1,1,0.0,0.0,0.0,0.0,1.0,0.0,0.0,2,2,1.0,0.0,1.0,0.0,0.0,0.0,0.0,0.0,1
0,tcp,http,SF,311,677,0,0,0,0,0,1,0,0,0,0,0,0,0,0,0,0,6,6,0.0,0.0,0.0,0.0,1.0,0.0,0.0,17,255,1.0,0.0,0.06,0.04,0.0,0.0,0.0,0.0,0
0,udp,domain_u,SF,45,72,0,0,0,0,0,0,0,0,0,0,0,0,0,0,0,0,64,64,0.0,0.0,0.0,0.0,1.0,0.0,0.0,255,255,1.0,0.0,0.0,0.0,0.0,0.0,0.0,0.0,0
0,tcp,http,SF,199,1582,0,0,0,0,0,1,0,0,0,0,0,0,0,0,0,0,12,12,0.0,0.0,0.0,0.0,1.0,0.0,0.0,255,255,1.0,0.0,0.0,0.0,0.0,0.0,0.0,0.0,0
1,tcp,smtp,SF,1223,330,0,0,0,0,0,1,0,0,0,0,0,0,0,0,0,0,1,1,0.0,0.0,0.0,0.0,1.0,0.0,0.0,1,184,1.0,0.0,1.0,0.01,0.0,0.0,0.0,0.0,0
0,tcp,http,SF,204,334,0,0,0,0,0,1,0,0,0,0,0,0,0,0,0,0,34,34,0.0,0.0,0.0,0.0,1.0,0.0,0.0,255,255,1.0,0.0,0.0,0.0,0.0,0.0,0.0,0.0,0
0,tcp,http,SF,213,523,0,0,0,0,0,1,0,0,0,0,0,0,0,0,0,0,22,22,0.0,0.0,0.0,0.0,1.0,0.0,0.0,22,103,1.0,0.0,0.05,0.04,0.0,0.0,0.0,0.0,0
0,tcp,ftp_data,SF,6932,0,0,0,0,0,0,1,0,0,0,0,0,0,0,0,0,0,2,2,0.0,0.0,0.0,0.0,1.0,0.0,0.0,57,4,0.07,0.11,0.07,0.0,0.0,0.0,0.0,0.0,0
4,tcp,smtp,SF,3245,330,0,0,0,0,0,1,0,0,0,0,0,0,0,0,0,0,1,2,0.0,0.0,0.0,0.0,1.0,0.0,1.0,168,171,0.67,0.02,0.01,0.01,0.0,0.0,0.0,0.0,0
0,tcp,http,SF,230,1713,0,0,0,0,0,1,0,0,0,0,0,0,0,0,0,0,9,9,0.0,0.0,0.0,0.0,1.0,0.0,0.0,25,255,1.0,0.0,0.04,0.05,0.0,0.0,0.0,0.0,0
0,tcp,http,SF,294,9524,0,0,0,0,0,1,0,0,0,0,0,0,0,0,0,0,1,1,0.0,0.0,0.0,0.0,1.0,0.0,0.0,174,255,1.0,0.0,0.01,0.01,0.01,0.0,0.0,0.0,0
1,tcp,ftp,SF,1197,2449,0,0,0,28,0,1,0,0,0,0,0,0,0,0,0,1,1,1,0.0,0.0,0.0,0.0,1.0,0.0,0.0,223,51,0.23,0.02,0.0,0.0,0.0,0.0,0.01,0.0,1
0,udp,private,SF,105,147,0,0,0,0,0,0,0,0,0,0,0,0,0,0,0,0,8,2,0.0,0.0,0.0,0.0,0.25,0.25,0.0,255,242,0.95,0.01,0.01,0.0,0.0,0.0,0.0,0.0,0
0,tcp,http,S0,0,0,0,0,0,0,0,0,0,0,0,0,0,0,0,0,0,0,1,2,1.0,0.5,0.0,0.5,1.0,0.0,1.0,13,254,1.0,0.0,0.08,0.25,0.08,0.0,0.92,0.89,0
0,tcp,http,SF,207,655,0,0,0,0,0,1,0,0,0,0,0,0,0,0,0,0,52,56,0.0,0.0,0.0,0.0,1.0,0.0,0.04,255,255,1.0,0.0,0.0,0.0,0.0,0.0,0.0,0.0,0
2,tcp,ftp,SF,1189,2445,0,0,0,28,0,1,0,0,0,0,0,0,0,0,0,1,1,1,0.0,0.0,0.0,0.0,1.0,0.0,0.0,255,105,0.41,0.02,0.01,0.0,0.0,0.0,0.01,0.0,1
0,icmp,ecr_i,SF,30,0,0,0,0,0,0,0,0,0,0,0,0,0,0,0,0,0,1,1,0.0,0.0,0.0,0.0,1.0,0.0,0.0,42,42,1.0,0.0,1.0,0.0,0.0,0.0,0.0,0.0,0
2594,udp,other,SF,146,105,0,0,0,0,0,0,0,0,0,0,0,0,0,0,0,0,1,1,0.0,0.0,0.0,0.0,1.0,0.0,0.0,255,1,0.0,0.88,0.98,0.0,0.0,0.0,0.0,0.0,0
0,udp,domain_u,SF,45,117,0,0,0,0,0,0,0,0,0,0,0,0,0,0,0,0,110,110,0.0,0.0,0.0,0.0,1.0,0.0,0.0,255,255,1.0,0.0,0.0,0.0,0.0,0.0,0.0,0.0,0
0,tcp,telnet,RSTO,126,179,0,0,0,1,1,0,0,0,0,0,0,0,0,0,0,0,2,2,0.0,0.0,1.0,1.0,1.0,0.0,0.0,21,21,1.0,0.0,0.05,0.0,0.05,0.05,0.95,0.95,1
0,tcp,http,SF,324,2497,0,0,0,0,0,1,0,0,0,0,0,0,0,0,0,0,9,9,0.0,0.0,0.0,0.0,1.0,0.0,0.0,164,255,1.0,0.0,0.01,0.02,0.0,0.0,0.0,0.0,0
0,tcp,http,SF,226,1245,0,0,0,0,0,1,0,0,0,0,0,0,0,0,0,0,6,6,0.0,0.0,0.0,0.0,1.0,0.0,0.0,34,255,1.0,0.0,0.03,0.03,0.0,0.0,0.0,0.0,0
0,tcp,http,SF,160,6787,0,0,0,0,0,1,0,0,0,0,0,0,0,0,0,0,2,2,0.0,0.0,0.0,0.0,1.0,0.0,0.0,16,255,1.0,0.0,0.06,0.04,0.0,0.0,0.0,0.0,0
0,udp,domain_u,SF,44,129,0,0,0,0,0,0,0,0,0,0,0,0,0,0,0,0,93,159,0.0,0.0,0.0,0.0,1.0,0.0,0.01,255,255,1.0,0.0,0.0,0.0,0.0,0.0,0.0,0.0,0
0,tcp,http,SF,301,2698,0,0,0,0,0,1,0,0,0,0,0,0,1,0,0,0,6,6,0.0,0.0,0.0,0.0,1.0,0.0,0.0,255,240,0.94,0.01,0.0,0.0,0.0,0.0,0.0,0.0,0
0,udp,domain_u,SF,44,72,0,0,0,0,0,0,0,0,0,0,0,0,0,0,0,0,43,43,0.0,0.0,0.0,0.0,1.0,0.0,0.0,255,254,1.0,0.01,0.0,0.0,0.0,0.0,0.0,0.0,0
0,tcp,ftp_data,SF,334,0,0,0,0,0,0,1,0,0,0,0,0,0,0,0,0,0,1,1,0.0,0.0,0.0,0.0,1.0,0.0,0.0,3,56,1.0,0.0,1.0,0.12,0.0,0.02,0.0,0.0,1
0,tcp,http,SF,265,3232,0,0,0,0,0,1,0,0,0,0,0,0,0,0,0,0,19,19,0.0,0.0,0.0,0.0,1.0,0.0,0.0,255,255,1.0,0.0,0.0,0.0,0.0,0.0,0.0,0.0,0
10,tcp,smtp,SF,11587,1431,0,0,0,0,0,1,0,0,0,0,0,0,0,0,0,0,1,1,0.0,0.0,0.0,0.0,1.0,0.0,0.0,112,180,0.7,0.12,0.01,0.01,0.01,0.0,0.03,0.04,0
0,tcp,http,SF,245,2762,0,0,0,0,0,1,0,0,0,0,0,0,0,0,0,0,8,8,0.0,0.0,0.0,0.0,1.0,0.0,0.0,255,255,1.0,0.0,0.01,0.0,0.0,0.0,0.0,0.0,0
0,tcp,http,SF,252,4586,0,0,0,0,0,1,0,0,0,0,0,0,0,0,0,0,12,12,0.0,0.0,0.0,0.0,1.0,0.0,0.0,225,255,1.0,0.0,0.0,0.02,0.0,0.0,0.0,0.0,0
1,tcp,ftp,SF,1243,2449,0,0,0,28,0,1,0,0,0,0,0,0,0,0,0,1,1,1,0.0,0.0,0.0,0.0,1.0,0.0,0.0,255,92,0.36,0.02,0.01,0.0,0.0,0.0,0.01,0.0,1
0,udp,domain_u,SF,46,140,0,0,0,0,0,0,0,0,0,0,0,0,0,0,0,0,79,159,0.0,0.0,0.0,0.0,1.0,0.0,0.01,255,254,1.0,0.01,0.0,0.0,0.0,0.0,0.0,0.0,0
0,tcp,http,SF,229,679,0,0,0,0,0,1,0,0,0,0,0,0,0,0,0,0,11,34,0.0,0.0,0.0,0.0,1.0,0.0,0.12,152,255,1.0,0.0,0.01,0.02,0.0,0.0,0.0,0.0,0
1,tcp,ftp,SF,1187,2447,0,0,0,28,0,1,0,0,0,0,0,0,0,0,0,1,1,1,0.0,0.0,0.0,0.0,1.0,0.0,0.0,255,100,0.39,0.02,0.0,0.0,0.0,0.0,0.0,0.0,1
0,tcp,http,SF,206,1286,0,0,0,0,0,1,0,0,0,0,0,0,0,0,0,0,4,46,0.0,0.0,0.0,0.02,1.0,0.0,0.09,255,255,1.0,0.0,0.0,0.0,0.0,0.0,0.0,0.0,0
0,tcp,http,REJ,0,0,0,0,0,0,0,0,0,0,0,0,0,0,0,0,0,0,1,1,0.0,0.0,1.0,1.0,1.0,0.0,0.0,5,235,1.0,0.0,0.2,0.18,0.0,0.0,1.0,0.59,0
0,tcp,http,S0,0,0,0,0,0,0,0,0,0,0,0,0,0,0,0,0,0,0,2,3,0.5,0.33,0.0,0.0,1.0,0.0,0.67,128,255,1.0,0.0,0.02,0.04,0.01,0.0,0.0,0.0,0
0,tcp,http,SF,230,718,0,0,0,0,0,1,0,0,0,0,0,0,0,0,0,0,5,9,0.2,0.22,0.0,0.0,1.0,0.0,0.22,59,255,1.0,0.0,0.02,0.05,0.02,0.0,0.0,0.0,0
0,tcp,ftp_data,SF,960,0,0,0,0,0,0,0,0,0,0,0,0,0,0,0,0,0,2,2,0.0,0.0,0.0,0.0,1.0,0.0,0.0,15,6,0.4,0.13,0.4,0.0,0.0,0.0,0.0,0.0,0
0,udp,domain_u,SF,30,30,0,0,0,0,0,0,0,0,0,0,0,0,0,0,0,0,1,2,0.0,0.0,0.0,0.0,1.0,0.0,1.0,255,241,0.95,0.01,0.0,0.0,0.0,0.0,0.0,0.0,0
0,tcp,http,SF,201,362,0,0,0,0,0,1,0,0,0,0,0,0,0,0,0,0,25,27,0.0,0.0,0.0,0.0,1.0,0.0,0.07,255,255,1.0,0.0,0.0,0.0,0.0,0.0,0.0,0.0,0
12,tcp,ftp_data,SF,7045,0,0,0,0,0,0,1,0,0,0,0,0,0,0,0,0,0,2,2,0.0,0.0,0.0,0.0,1.0,0.0,0.0,5,45,1.0,0.0,1.0,0.09,0.0,0.0,0.2,0.02,1
0,tcp,ftp,SF,1191,2448,0,0,0,28,0,1,0,0,0,0,0,0,0,0,0,1,1,1,0.0,0.0,0.0,0.0,1.0,0.0,0.0,255,66,0.26,0.02,0.0,0.0,0.0,0.0,0.0,0.0,1
0,tcp,http,SF,316,3222,0,0,0,0,0,1,0,0,0,0,0,0,0,0,0,0,2,2,0.0,0.0,0.0,0.0,1.0,0.0,0.0,255,244,0.96,0.02,0.0,0.0,0.0,0.0,0.0,0.0,0
0,tcp,ftp_data,SF,491,0,0,0,0,0,0,0,0,0,0,0,0,0,0,0,0,0,2,2,0.0,0.0,0.0,0.0,1.0,0.0,0.0,65,30,0.12,0.06,0.12,0.07,0.0,0.0,0.03,0.0,0
1,tcp,ftp,SF,1216,2449,0,0,0,28,0,1,0,0,0,0,0,0,0,0,0,1,1,1,0.0,0.0,0.0,0.0,1.0,0.0,0.0,255,126,0.49,0.02,0.0,0.0,0.0,0.0,0.0,0.0,1
0,tcp,http,SF,296,768,0,0,0,0,0,1,0,0,0,0,0,0,0,0,0,0,30,68,0.0,0.0,0.0,0.0,1.0,0.0,0.06,255,255,1.0,0.0,0.0,0.0,0.0,0.0,0.0,0.0,0
0,tcp,http,SF,335,308,0,0,0,0,0,1,0,0,0,0,0,0,0,0,0,0,2,2,0.0,0.0,0.0,0.0,1.0,0.0,0.0,33,255,1.0,0.0,0.03,0.05,0.0,0.0,0.0,0.0,0
0,udp,domain_u,SF,43,127,0,0,0,0,0,0,0,0,0,0,0,0,0,0,0,0,113,195,0.0,0.0,0.0,0.0,1.0,0.0,0.02,255,254,1.0,0.01,0.0,0.0,0.0,0.0,0.0,0.0,0
0,udp,domain_u,SF,34,34,0,0,0,0,0,0,0,0,0,0,0,0,0,0,0,0,1,3,0.0,0.0,0.0,0.0,1.0,0.0,1.0,255,202,0.79,0.01,0.0,0.0,0.0,0.0,0.0,0.0,0
0,tcp,http,SF,361,777,0,0,0,0,0,1,0,0,0,0,0,0,0,0,0,0,18,19,0.0,0.0,0.0,0.0,1.0,0.0,0.11,255,255,1.0,0.0,0.0,0.0,0.0,0.0,0.01,0.01,0
0,tcp,ftp_data,SF,334,0,0,0,0,0,0,1,0,0,0,0,0,0,0,0,0,0,1,1,0.0,0.0,0.0,0.0,1.0,0.0,0.0,5,40,1.0,0.0,1.0,0.15,0.0,0.0,0.0,0.0,1
0,udp,domain_u,SF,44,134,0,0,0,0,0,0,0,0,0,0,0,0,0,0,0,0,64,145,0.0,0.0,0.0,0.0,1.0,0.0,0.01,255,197,0.77,0.01,0.0,0.0,0.0,0.0,0.0,0.0,0
5,tcp,smtp,SF,3053,329,0,0,0,0,0,1,0,0,0,0,0,0,0,0,0,0,2,2,0.0,0.0,0.0,0.0,1.0,0.0,0.0,28,182,1.0,0.0,0.04,0.02,0.0,0.0,0.0,0.0,0
0,tcp,ftp_data,SF,334,0,0,0,0,0,0,1,0,0,0,0,0,0,0,0,0,0,1,1,0.0,0.0,0.0,0.0,1.0,0.0,0.0,1,35,1.0,0.0,1.0,0.06,0.0,0.0,0.0,0.0,1
0,tcp,http,SF,314,1108,0,0,0,0,0,1,0,0,0,0,0,0,0,0,0,0,4,9,0.0,0.0,0.0,0.0,1.0,0.0,0.22,255,255,1.0,0.0,0.0,0.0,0.0,0.0,0.0,0.0,0
0,tcp,ftp_data,SF,334,0,0,0,0,0,0,1,0,0,0,0,0,0,0,0,0,0,2,2,0.0,0.0,0.0,0.0,1.0,0.0,0.0,2,4,1.0,0.0,1.0,0.5,0.0,0.0,0.0,0.0,1
0,tcp,http,SF,247,2073,0,0,0,0,0,1,0,0,0,0,0,0,0,0,0,0,18,18,0.0,0.0,0.0,0.0,1.0,0.0,0.0,255,255,1.0,0.0,0.01,0.0,0.0,0.0,0.0,0.0,0
1,tcp,smtp,SF,1578,333,0,0,0,0,0,1,0,0,0,0,0,0,0,0,0,0,1,2,0.0,0.0,0.0,0.0,1.0,0.0,1.0,31,203,0.94,0.06,0.03,0.01,0.0,0.0,0.0,0.0,0
0,tcp,http,SF,351,7310,0,0,0,0,0,1,0,0,0,0,0,0,0,0,0,0,3,26,0.0,0.0,0.0,0.0,1.0,0.0,0.15,120,255,1.0,0.0,0.01,0.02,0.0,0.0,0.0,0.0,0
553,udp,other,SF,146,105,0,0,0,0,0,0,0,0,0,0,0,0,0,0,0,0,2,2,0.0,0.0,0.0,0.0,1.0,0.0,0.0,255,3,0.01,0.75,0.98,0.0,0.0,0.0,0.0,0.0,0
0,tcp,http,SF,237,2322,0,0,0,0,0,1,0,0,0,0,0,0,0,0,0,0,1,2,0.0,0.0,0.0,0.0,1.0,0.0,1.0,4,255,1.0,0.0,0.25,0.05,0.0,0.0,0.0,0.0,0
3015,udp,other,SF,145,105,0,0,0,0,0,0,0,0,0,0,0,0,0,0,0,0,1,1,0.0,0.0,0.0,0.0,1.0,0.0,0.0,255,1,0.0,0.65,0.95,0.0,0.0,0.0,0.0,0.0,0
0,tcp,ftp_data,SF,10073,0,0,0,0,0,0,1,0,0,0,0,0,0,0,0,0,0,4,4,0.0,0.0,0.0,0.0,1.0,0.0,0.0,78,112,0.76,0.03,0.76,0.03,0.0,0.0,0.0,0.0,0
0,tcp,ftp_data,SF,192,0,0,0,0,0,0,1,0,0,0,0,0,0,0,0,0,0,2,2,0.0,0.0,0.0,0.0,1.0,0.0,0.0,7,45,0.57,0.43,0.57,0.07,0.0,0.02,0.0,0.0,0
0,udp,domain_u,SF,42,42,0,0,0,0,0,0,0,0,0,0,0,0,0,0,0,0,80,160,0.0,0.0,0.0,0.0,1.0,0.0,0.01,255,255,1.0,0.0,0.01,0.0,0.0,0.0,0.0,0.0,0
0,tcp,finger,SF,9,284,0,0,0,0,0,0,0,0,0,0,0,0,0,0,0,0,1,1,0.0,0.0,0.0,0.0,1.0,0.0,0.0,204,13,0.04,0.03,0.0,0.15,0.0,0.0,0.0,0.0,0
0,tcp,http,SF,275,432,0,0,0,0,0,1,0,0,0,0,0,0,0,0,0,0,1,1,0.0,0.0,0.0,0.0,1.0,0.0,0.0,10,255,1.0,0.0,0.1,0.02,0.0,0.01,0.0,0.02,0
0,tcp,http,SF,347,654,0,0,0,0,0,1,0,0,0,0,0,0,0,0,0,0,29,50,0.0,0.0,0.0,0.0,1.0,0.0,0.04,255,255,1.0,0.0,0.0,0.0,0.0,0.0,0.0,0.0,0
0,udp,domain_u,SF,44,132,0,0,0,0,0,0,0,0,0,0,0,0,0,0,0,0,65,145,0.0,0.0,0.0,0.0,1.0,0.0,0.01,255,254,1.0,0.01,0.0,0.0,0.0,0.0,0.0,0.0,0
6,tcp,telnet,SF,104,1351,0,0,0,0,0,1,0,0,0,0,0,0,0,0,0,0,1,1,0.0,0.0,0.0,0.0,1.0,0.0,0.0,29,4,0.03,0.21,0.03,0.75,0.0,0.0,0.0,0.0,0
0,udp,domain_u,SF,42,108,0,0,0,0,0,0,0,0,0,0,0,0,0,0,0,0,1,1,0.0,0.0,0.0,0.0,1.0,0.0,0.0,56,209,0.7,0.05,0.7,0.01,0.0,0.0,0.18,0.0,0
0,tcp,http,S0,263,0,0,0,0,0,0,0,0,0,0,0,0,0,0,0,0,0,2,3,0.5,0.33,0.0,0.0,1.0,0.0,0.67,8,255,1.0,0.0,0.25,0.02,0.12,0.01,0.12,0.03,0
0,tcp,http,SF,293,1439,0,0,0,0,0,1,0,0,0,0,0,0,0,0,0,0,9,10,0.0,0.0,0.0,0.0,1.0,0.0,0.2,255,255,1.0,0.0,0.0,0.0,0.0,0.0,0.0,0.0,0
0,tcp,http,SF,205,365,0,0,0,0,0,1,0,0,0,0,0,0,0,0,0,0,21,21,0.0,0.0,0.0,0.0,1.0,0.0,0.0,228,255,1.0,0.0,0.0,0.02,0.0,0.0,0.0,0.0,0
0,tcp,ftp_data,SF,334,0,0,0,0,0,0,1,0,0,0,0,0,0,0,0,0,0,2,2,0.0,0.0,0.0,0.0,1.0,0.0,0.0,26,2,0.08,0.08,0.08,0.0,0.0,0.0,0.0,0.0,1
0,tcp,http,SF,306,607,0,0,0,0,0,1,0,0,0,0,0,0,0,0,0,0,6,6,0.0,0.0,0.0,0.0,1.0,0.0,0.0,255,255,1.0,0.0,0.0,0.0,0.0,0.0,0.0,0.0,0
0,tcp,http,SF,277,4704,0,0,0,0,0,1,0,0,0,0,0,0,0,0,0,0,5,5,0.0,0.0,0.0,0.0,1.0,0.0,0.0,255,255,1.0,0.0,0.0,0.0,0.0,0.0,0.0,0.0,0
4,tcp,ftp,SF,1194,2449,0,0,0,28,0,1,0,0,0,0,0,0,0,0,0,1,1,1,0.0,0.0,0.0,0.0,1.0,0.0,0.0,233,61,0.26,0.02,0.0,0.0,0.0,0.0,0.01,0.0,1
0,udp,domain_u,SF,44,69,0,0,0,0,0,0,0,0,0,0,0,0,0,0,0,0,104,104,0.0,0.0,0.0,0.0,1.0,0.0,0.0,255,254,1.0,0.01,0.0,0.0,0.0,0.0,0.0,0.0,0
0,tcp,http,SF,218,1213,0,0,0,0,0,1,0,0,0,0,0,0,0,0,0,0,12,12,0.0,0.0,0.0,0.0,1.0,0.0,0.0,255,255,1.0,0.0,0.0,0.0,0.0,0.0,0.0,0.0,0
0,tcp,http,SF,335,2016,0,0,0,0,0,1,0,0,0,0,0,0,0,0,0,0,11,11,0.0,0.0,0.0,0.0,1.0,0.0,0.0,255,255,1.0,0.0,0.0,0.0,0.0,0.0,0.0,0.0,0
10,tcp,ftp_data,SF,0,5151385,0,0,0,0,0,0,0,0,0,0,0,0,0,0,0,0,1,1,0.0,0.0,0.0,0.0,1.0,0.0,0.0,5,5,1.0,0.0,1.0,0.0,0.0,0.0,0.0,0.0,1
0,tcp,http,SF,346,465,0,0,0,0,0,1,0,0,0,0,0,0,0,0,0,0,7,8,0.0,0.0,0.0,0.0,1.0,0.0,0.25,16,255,1.0,0.0,0.06,0.06,0.0,0.0,0.0,0.0,0
0,tcp,http,SF,219,579,0,0,0,0,0,1,0,0,0,0,0,0,0,0,0,0,4,4,0.0,0.0,0.0,0.0,1.0,0.0,0.0,45,211,1.0,0.0,0.02,0.06,0.0,0.0,0.0,0.0,0
0,tcp,http,SF,219,1337,0,0,0,0,0,1,0,0,0,0,0,0,0,0,0,0,7,7,0.0,0.0,0.0,0.0,1.0,0.0,0.0,8,8,1.0,0.0,0.12,0.0,0.0,0.0,0.0,0.0,0
0,tcp,ftp_data,SF,4892,0,0,0,0,0,0,0,0,0,0,0,0,0,0,0,0,0,8,8,0.0,0.0,0.0,0.0,1.0,0.0,0.0,2,54,1.0,0.0,1.0,0.04,0.0,0.0,0.0,0.0,0
0,tcp,http,SF,227,253,0,0,0,0,0,1,0,0,0,0,0,0,0,0,0,0,2,2,0.0,0.0,0.0,0.0,1.0,0.0,0.0,36,255,1.0,0.0,0.03,0.07,0.0,0.0,0.0,0.0,0
0,udp,domain_u,SF,33,0,0,0,0,0,0,0,0,0,0,0,0,0,0,0,0,0,1,20,0.0,0.0,0.0,0.0,1.0,0.0,0.15,255,45,0.18,0.03,0.18,0.0,0.0,0.0,0.02,0.0,0
0,tcp,http,SF,237,2535,0,0,0,0,0,1,0,0,0,0,0,0,0,0,0,0,2,47,0.0,0.0,0.0,0.0,1.0,0.0,0.06,4,255,1.0,0.0,0.25,0.04,0.0,0.0,0.0,0.0,0
0,tcp,http,SF,261,354,0,0,0,0,0,1,0,0,0,0,0,0,0,0,0,0,16,17,0.0,0.0,0.0,0.0,1.0,0.0,0.12,255,255,1.0,0.0,0.0,0.0,0.0,0.0,0.0,0.0,0
0,tcp,http,REJ,0,0,0,0,0,0,0,0,0,0,0,0,0,0,0,0,0,0,1,4,0.0,0.0,1.0,1.0,1.0,0.0,1.0,5,247,1.0,0.0,0.2,0.13,0.0,0.0,1.0,0.98,0
0,udp,domain_u,SF,46,472,0,0,0,0,0,0,0,0,0,0,0,0,0,0,0,0,260,259,0.0,0.0,0.0,0.0,1.0,0.01,0.0,255,251,0.98,0.01,0.0,0.0,0.0,0.0,0.0,0.0,0
0,udp,domain_u,SF,43,129,0,0,0,0,0,0,0,0,0,0,0,0,0,0,0,0,75,155,0.0,0.0,0.0,0.0,1.0,0.0,0.01,255,254,1.0,0.01,0.0,0.0,0.0,0.0,0.0,0.0,0
0,udp,domain_u,SF,44,44,0,0,0,0,0,0,0,0,0,0,0,0,0,0,0,0,160,240,0.0,0.0,0.0,0.0,1.0,0.0,0.01,255,255,1.0,0.0,0.01,0.0,0.0,0.0,0.0,0.0,0
0,tcp,http,REJ,0,0,0,0,0,0,0,0,0,0,0,0,0,0,0,0,0,0,1,1,0.0,0.0,1.0,1.0,1.0,0.0,0.0,55,255,1.0,0.0,0.02,0.09,0.0,0.0,0.69,0.91,0
0,tcp,http,SF,217,280,0,0,0,0,0,1,0,0,0,0,0,0,0,0,0,0,12,12,0.0,0.0,0.0,0.0,1.0,0.0,0.0,176,255,1.0,0.0,0.01,0.01,0.0,0.0,0.0,0.0,0
0,udp,domain_u,SF,46,83,0,0,0,0,0,0,0,0,0,0,0,0,0,0,0,0,55,55,0.0,0.0,0.0,0.0,1.0,0.0,0.0,255,255,1.0,0.0,0.01,0.0,0.0,0.0,0.0,0.0,0
0,tcp,http,SF,346,11317,0,0,0,0,0,1,0,0,0,0,0,0,0,0,0,0,5,5,0.0,0.0,0.0,0.0,1.0,0.0,0.0,184,255,1.0,0.0,0.01,0.02,0.0,0.0,0.0,0.0,0
12980,udp,other,SF,146,105,0,0,0,0,0,0,0,0,0,0,0,0,0,0,0,0,2,2,0.0,0.0,0.0,0.0,1.0,0.0,0.0,255,2,0.01,0.87,1.0,0.0,0.0,0.0,0.0,0.0,0
0,tcp,http,SF,310,11593,0,0,0,0,0,1,0,0,0,0,0,0,0,0,0,0,5,5,0.0,0.0,0.0,0.0,1.0,0.0,0.0,5,255,1.0,0.0,0.2,0.04,0.0,0.01,0.0,0.0,0
0,tcp,http,SF,243,1247,0,0,0,0,0,1,0,0,0,0,0,0,0,0,0,0,6,6,0.17,0.17,0.0,0.0,1.0,0.0,0.0,135,255,1.0,0.0,0.01,0.05,0.01,0.0,0.24,0.6,0
0,tcp,http,SF,227,762,0,0,0,0,0,1,0,0,0,0,0,0,0,0,0,0,17,17,0.0,0.0,0.0,0.0,1.0,0.0,0.0,202,255,1.0,0.0,0.0,0.02,0.0,0.0,0.0,0.0,0
0,udp,ntp_u,SF,48,48,0,0,0,0,0,0,0,0,0,0,0,0,0,0,0,0,2,1,0.0,0.0,0.0,0.0,0.5,1.0,0.0,255,17,0.07,0.01,0.07,0.0,0.0,0.0,0.0,0.0,0
0,tcp,ftp_data,SF,334,0,0,0,0,0,0,1,0,0,0,0,0,0,0,0,0,0,1,1,0.0,0.0,0.0,0.0,1.0,0.0,0.0,3,13,1.0,0.0,1.0,0.23,0.0,0.0,0.0,0.0,1
0,tcp,http,SF,206,2543,0,0,0,0,0,1,0,0,0,0,0,0,0,0,0,0,8,9,0.0,0.0,0.0,0.0,1.0,0.0,0.22,255,255,1.0,0.0,0.0,0.0,0.0,0.0,0.0,0.0,0
0,tcp,http,SF,378,928,0,0,0,0,0,1,0,0,0,0,0,0,0,0,0,0,21,21,0.0,0.0,0.0,0.0,1.0,0.0,0.0,255,255,1.0,0.0,0.01,0.0,0.0,0.0,0.0,0.0,0
2,tcp,ftp,SF,1254,2451,0,0,0,28,0,1,0,0,0,0,0,0,0,0,0,1,1,1,0.0,0.0,0.0,0.0,1.0,0.0,0.0,255,134,0.53,0.02,0.0,0.0,0.0,0.0,0.0,0.0,1
0,tcp,http,SF,297,2120,0,0,0,0,0,1,0,0,0,0,0,0,0,0,0,0,26,26,0.0,0.0,0.0,0.0,1.0,0.0,0.0,255,255,1.0,0.0,0.0,0.0,0.0,0.0,0.0,0.0,0
0,tcp,http,REJ,0,0,0,0,0,0,0,0,0,0,0,0,0,0,0,0,0,0,1,1,0.0,0.0,1.0,1.0,1.0,0.0,0.0,228,255,1.0,0.0,0.0,0.03,0.0,0.0,0.32,0.4,0
7,tcp,smtp,SF,1738,333,0,0,0,0,0,1,0,0,0,0,0,0,0,0,0,0,1,1,0.0,0.0,0.0,0.0,1.0,0.0,0.0,60,44,0.73,0.07,0.02,0.0,0.0,0.0,0.0,0.0,0
0,tcp,http,SF,218,2647,0,0,0,0,0,1,0,0,0,0,0,0,0,0,0,0,6,6,0.0,0.0,0.0,0.0,1.0,0.0,0.0,255,255,1.0,0.0,0.0,0.0,0.0,0.0,0.0,0.0,0
0,tcp,http,REJ,0,0,0,0,0,0,0,0,0,0,0,0,0,0,0,0,0,0,1,1,0.0,0.0,1.0,1.0,1.0,0.0,0.0,7,56,1.0,0.0,0.14,0.25,0.0,0.0,1.0,1.0,0
0,tcp,ftp_data,SF,334,0,0,0,0,0,0,1,0,0,0,0,0,0,0,0,0,0,2,2,0.0,0.0,0.0,0.0,1.0,0.0,0.0,2,15,1.0,0.0,1.0,0.2,0.0,0.0,0.0,0.0,1
0,tcp,http,SF,141,4049,0,0,0,0,0,1,0,0,0,0,0,0,0,0,0,0,2,7,0.5,0.14,0.0,0.0,1.0,0.0,0.29,162,255,1.0,0.0,0.01,0.02,0.01,0.0,0.0,0.0,0
12,tcp,ftp_data,SF,7045,0,0,0,0,0,0,1,0,0,0,0,0,0,0,0,0,0,2,2,0.5,0.5,0.0,0.0,1.0,0.0,0.0,2,58,1.0,0.0,1.0,0.12,0.5,0.02,0.0,0.0,1
0,tcp,pop_3,SF,35,130,0,0,0,0,0,1,0,0,0,0,0,0,0,0,0,0,1,1,0.0,0.0,0.0,0.0,1.0,0.0,0.0,75,5,0.03,0.19,0.01,0.4,0.03,0.0,0.0,0.0,0
0,udp,domain_u,SF,45,71,0,0,0,0,0,0,0,0,0,0,0,0,0,0,0,0,263,263,0.0,0.0,0.0,0.0,1.0,0.0,0.0,255,237,0.93,0.01,0.0,0.0,0.0,0.0,0.0,0.0,0
27,tcp,ftp,SF,1529,4152,0,0,0,30,0,1,0,0,0,0,0,0,0,0,0,1,1,1,0.0,0.0,0.0,0.0,1.0,0.0,0.0,130,26,0.2,0.05,0.01,0.0,0.0,0.0,0.0,0.0,0
0,tcp,http,S0,0,0,0,0,0,0,0,0,0,0,0,0,0,0,0,0,0,0,2,9,0.5,0.11,0.0,0.0,1.0,0.0,0.22,5,255,1.0,0.0,0.4,0.09,0.2,0.0,0.0,0.0,0
0,udp,domain_u,SF,43,132,0,0,0,0,0,0,0,0,0,0,0,0,0,0,0,0,74,118,0.0,0.0,0.0,0.0,1.0,0.0,0.02,95,208,1.0,0.0,1.0,0.01,0.0,0.0,0.0,0.0,0
0,tcp,ftp_data,SF,334,0,0,0,0,0,0,1,0,0,0,0,0,0,0,0,0,0,1,1,0.0,0.0,0.0,0.0,1.0,0.0,0.0,5,31,1.0,0.0,1.0,0.19,0.0,0.0,0.0,0.0,1
0,tcp,http,SF,317,1285,0,0,0,0,0,1,0,0,0,0,0,0,0,0,0,0,2,2,0.0,0.0,0.0,0.0,1.0,0.0,0.0,42,255,1.0,0.0,0.02,0.04,0.0,0.0,0.0,0.0,0
0,tcp,ftp_data,SF,334,0,0,0,0,0,0,1,0,0,0,0,0,0,0,0,0,0,2,2,0.0,0.0,0.0,0.0,1.0,0.0,0.0,2,56,1.0,0.0,1.0,0.11,0.0,0.0,0.0,0.0,1
0,tcp,ftp,SF,1255,2451,0,0,0,28,0,1,0,0,0,0,0,0,0,0,0,1,1,1,0.0,0.0,0.0,0.0,1.0,0.0,0.0,255,129,0.51,0.02,0.0,0.0,0.0,0.0,0.0,0.0,1
0,udp,domain_u,SF,44,110,0,0,0,0,0,0,0,0,0,0,0,0,0,0,0,0,224,224,0.0,0.0,0.0,0.0,1.0,0.0,0.0,255,243,0.95,0.01,0.0,0.0,0.0,0.0,0.0,0.0,0
0,tcp,http,SF,249,1875,0,0,0,0,0,1,0,0,0,0,0,0,0,0,0,0,7,7,0.0,0.0,0.0,0.0,1.0,0.0,0.0,255,255,1.0,0.0,0.0,0.0,0.0,0.0,0.0,0.0,0
0,tcp,http,SF,193,1069,0,0,0,0,0,1,0,0,0,0,0,0,0,0,0,0,2,2,0.0,0.0,0.0,0.0,1.0,0.0,0.0,22,255,1.0,0.0,0.05,0.04,0.0,0.0,0.0,0.0,0
0,tcp,http,SF,327,1047,0,0,0,0,0,1,0,0,0,0,0,0,0,0,0,0,6,6,0.0,0.0,0.0,0.0,1.0,0.0,0.0,204,255,1.0,0.0,0.0,0.01,0.0,0.0,0.0,0.0,0
0,tcp,http,SF,314,3768,0,0,0,0,0,1,0,0,0,0,0,0,0,0,0,0,13,13,0.0,0.0,0.0,0.0,1.0,0.0,0.0,38,255,1.0,0.0,0.03,0.04,0.0,0.0,0.0,0.0,0
0,tcp,http,SF,184,4611,0,0,0,0,0,1,0,0,0,0,0,0,0,0,0,0,1,1,0.0,0.0,0.0,0.0,1.0,0.0,0.0,255,233,0.91,0.02,0.0,0.0,0.0,0.0,0.0,0.0,0
0,tcp,http,SF,284,281,0,0,0,0,0,1,0,0,0,0,0,0,0,0,0,0,2,4,0.0,0.0,0.0,0.0,1.0,0.0,0.5,242,255,1.0,0.0,0.0,0.01,0.0,0.0,0.0,0.0,0
0,udp,domain_u,SF,44,72,0,0,0,0,0,0,0,0,0,0,0,0,0,0,0,0,83,83,0.0,0.0,0.0,0.0,1.0,0.0,0.0,255,227,0.89,0.01,0.01,0.0,0.0,0.0,0.0,0.0,0
0,tcp,ftp_data,SF,334,0,0,0,0,0,0,1,0,0,0,0,0,0,0,0,0,0,1,1,0.0,0.0,0.0,0.0,1.0,0.0,0.0,5,39,1.0,0.0,1.0,0.18,0.0,0.0,0.0,0.0,1
0,tcp,http,SF,210,1040,0,0,0,0,0,1,0,0,0,0,0,0,0,0,0,0,2,2,0.0,0.0,0.0,0.0,1.0,0.0,0.0,54,255,1.0,0.0,0.02,0.03,0.0,0.0,0.0,0.0,0
0,tcp,http,REJ,0,0,0,0,0,0,0,0,0,0,0,0,0,0,0,0,0,0,1,1,0.0,0.0,1.0,1.0,1.0,0.0,0.0,19,255,1.0,0.0,0.05,0.19,0.0,0.0,1.0,0.99,0
12,tcp,http,SF,51,8127,0,0,0,2,0,1,0,1,0,0,0,0,1,0,0,0,1,1,0.0,0.0,0.0,0.0,1.0,0.0,0.0,255,246,0.96,0.01,0.0,0.0,0.0,0.0,0.0,0.0,1
0,tcp,http,S1,336,13140,0,0,0,0,0,1,0,0,0,0,0,0,0,0,0,0,1,1,1.0,1.0,0.0,0.0,1.0,0.0,0.0,7,255,1.0,0.0,0.14,0.06,0.14,0.0,0.0,0.0,0
0,tcp,http,S2,157,0,0,0,0,2,0,1,0,0,0,0,0,0,0,0,0,0,1,2,1.0,0.5,0.0,0.0,1.0,0.0,1.0,50,50,1.0,0.0,0.02,0.0,0.02,0.02,0.0,0.0,0
0,tcp,http,SF,207,259,0,0,0,0,0,1,0,0,0,0,0,0,0,0,0,0,2,3,0.0,0.0,0.0,0.0,1.0,0.0,0.67,9,255,1.0,0.0,0.11,0.05,0.0,0.0,0.0,0.0,0
20,tcp,smtp,SF,11711,1372,0,0,0,0,0,1,0,0,0,0,0,0,0,0,0,0,1,1,0.0,0.0,0.0,0.0,1.0,0.0,0.0,172,166,0.66,0.02,0.01,0.01,0.01,0.0,0.0,0.0,0
0,tcp,http,SF,219,734,0,0,0,0,0,1,0,0,0,0,0,0,0,0,0,0,10,10,0.0,0.0,0.0,0.0,1.0,0.0,0.0,10,255,1.0,0.0,0.1,0.03,0.0,0.0,0.0,0.0,0
0,tcp,smtp,SF,1062,334,0,0,0,0,0,1,0,0,0,0,0,0,0,0,0,0,1,1,0.0,0.0,0.0,0.0,1.0,0.0,0.0,128,87,0.68,0.04,0.01,0.0,0.0,0.0,0.0,0.0,0
0,tcp,http,SF,212,18417,0,0,0,0,0,1,0,0,0,0,0,0,0,0,0,0,4,4,0.0,0.0,0.0,0.0,1.0,0.0,0.0,244,255,1.0,0.0,0.0,0.01,0.0,0.0,0.0,0.0,0
0,tcp,http,REJ,0,0,0,0,0,0,0,0,0,0,0,0,0,0,0,0,0,0,2,2,0.0,0.0,1.0,1.0,1.0,0.0,0.0,224,186,0.83,0.02,0.0,0.0,0.0,0.0,0.83,1.0,0
0,tcp,ftp_data,SF,1339,0,0,0,0,0,0,1,0,0,0,0,0,0,0,0,0,0,3,2,0.0,0.0,0.0,0.0,0.67,0.67,0.0,84,30,0.36,0.05,0.36,0.0,0.0,0.0,0.0,0.0,0
0,icmp,urp_i,SF,181,0,0,0,0,0,0,0,0,0,0,0,0,0,0,0,0,0,6,5,0.0,0.0,0.0,0.0,0.83,0.33,0.0,255,29,0.11,0.01,0.12,0.0,0.0,0.0,0.0,0.0,0
0,tcp,http,SF,235,9146,0,0,0,0,0,1,0,0,0,0,0,0,0,0,0,0,1,1,0.0,0.0,0.0,0.0,1.0,0.0,0.0,27,255,1.0,0.0,0.04,0.01,0.0,0.0,0.0,0.0,0
63,udp,ntp_u,SF,48,48,0,0,0,0,0,0,0,0,0,0,0,0,0,0,0,0,1,1,0.0,0.0,0.0,0.0,1.0,0.0,0.0,24,24,1.0,0.0,1.0,0.0,0.0,0.0,0.0,0.0,0
0,tcp,http,REJ,0,0,0,0,0,0,0,0,0,0,0,0,0,0,0,0,0,0,1,2,0.0,0.0,1.0,1.0,1.0,0.0,1.0,5,255,1.0,0.0,0.2,0.21,0.0,0.0,1.0,0.98,0
0,tcp,http,SF,280,5732,0,0,0,0,0,1,0,0,0,0,0,0,0,0,0,0,16,16,0.0,0.0,0.0,0.0,1.0,0.0,0.0,255,255,1.0,0.0,0.0,0.0,0.0,0.0,0.0,0.0,0
0,tcp,http,SF,313,29165,0,0,0,0,0,1,0,0,0,0,0,0,0,0,0,0,4,4,0.0,0.0,0.0,0.0,1.0,0.0,0.0,22,255,1.0,0.0,0.05,0.05,0.0,0.0,0.0,0.0,0
0,tcp,smtp,SF,48,284,0,0,0,0,0,1,1,0,0,0,0,0,0,0,0,0,1,5,0.0,0.0,0.0,0.0,1.0,0.0,1.0,42,93,0.38,0.12,0.02,0.02,0.0,0.0,0.0,0.0,0
0,tcp,ftp_data,SF,334,0,0,0,0,0,0,1,0,0,0,0,0,0,0,0,0,0,1,1,0.0,0.0,0.0,0.0,1.0,0.0,0.0,3,14,1.0,0.0,1.0,0.14,0.0,0.0,0.0,0.0,1
0,tcp,ftp_data,SF,10044,0,0,0,0,0,0,0,0,0,0,0,0,0,0,0,0,0,2,2,0.0,0.0,0.0,0.0,1.0,0.0,0.0,253,74,0.29,0.02,0.29,0.0,0.0,0.0,0.0,0.0,0
0,tcp,smtp,SF,977,333,0,0,0,0,0,1,0,0,0,0,0,0,0,0,0,0,1,1,0.0,0.0,0.0,0.0,1.0,0.0,0.0,126,161,0.78,0.03,0.02,0.01,0.0,0.0,0.0,0.0,0
0,tcp,http,SF,233,835,0,0,0,0,0,1,0,0,0,0,0,0,0,0,0,0,11,11,0.0,0.0,0.0,0.0,1.0,0.0,0.0,255,255,1.0,0.0,0.0,0.0,0.0,0.0,0.0,0.0,0
0,tcp,ftp_data,SF,8325,0,0,0,0,0,0,0,0,0,0,0,0,0,0,0,0,0,19,19,0.0,0.0,0.0,0.0,1.0,0.0,0.0,255,112,0.44,0.03,0.44,0.0,0.0,0.0,0.0,0.0,0
12,tcp,ftp_data,SF,7045,0,0,0,0,0,0,1,0,0,0,0,0,0,0,0,0,0,1,1,0.0,0.0,0.0,0.0,1.0,0.0,0.0,1,38,1.0,0.0,1.0,0.08,0.0,0.03,0.0,0.0,1
0,tcp,ftp,SF,1202,2449,0,0,0,28,0,1,0,0,0,0,0,0,0,0,0,1,1,1,0.0,0.0,0.0,0.0,1.0,0.0,0.0,206,34,0.17,0.02,0.0,0.0,0.0,0.0,0.01,0.0,1
0,icmp,eco_i,SF,30,0,0,0,0,0,0,0,0,0,0,0,0,0,0,0,0,0,2,1,0.0,0.0,0.0,0.0,0.5,1.0,0.0,255,28,0.11,0.01,0.55,0.0,0.0,0.0,0.0,0.0,0
0,tcp,telnet,RSTO,126,179,0,0,0,1,1,0,0,0,0,0,0,0,0,0,0,0,1,1,0.0,0.0,1.0,1.0,1.0,0.0,0.0,42,42,1.0,0.0,0.02,0.0,0.05,0.05,0.95,0.95,1
0,tcp,http,REJ,0,0,0,0,0,0,0,0,0,0,0,0,0,0,0,0,0,0,1,2,0.0,0.0,1.0,1.0,1.0,0.0,1.0,53,255,1.0,0.0,0.02,0.08,0.0,0.0,1.0,1.0,0
0,udp,other,SF,146,0,0,0,0,0,0,0,0,0,0,0,0,0,0,0,0,0,15,1,0.0,0.0,0.0,0.0,0.07,0.2,0.0,255,1,0.0,0.6,0.88,0.0,0.0,0.0,0.0,0.0,0
0,tcp,http,SF,318,762,0,0,0,0,0,1,0,0,0,0,0,0,0,0,0,0,30,60,0.0,0.0,0.0,0.0,1.0,0.0,0.07,255,255,1.0,0.0,0.0,0.0,0.0,0.0,0.0,0.0,0
0,tcp,http,SF,213,308,0,0,0,0,0,1,0,0,0,0,0,0,0,0,0,0,10,10,0.0,0.0,0.0,0.0,1.0,0.0,0.0,255,255,1.0,0.0,0.0,0.0,0.0,0.0,0.0,0.0,0
0,tcp,http,SF,232,9534,0,0,0,0,0,1,0,0,0,0,0,0,0,0,0,0,1,1,0.0,0.0,0.0,0.0,1.0,0.0,0.0,44,249,1.0,0.0,0.02,0.1,0.0,0.0,0.98,0.95,0
0,tcp,http,SF,295,741,0,0,0,0,0,1,0,0,0,0,0,0,0,0,0,0,39,71,0.0,0.0,0.0,0.0,1.0,0.0,0.04,255,255,1.0,0.0,0.0,0.0,0.0,0.0,0.0,0.0,0
0,tcp,http,SF,240,492,0,0,0,0,0,1,0,0,0,0,0,0,0,0,0,0,2,3,0.0,0.0,0.0,0.0,1.0,0.0,0.67,12,255,1.0,0.0,0.08,0.04,0.0,0.0,0.0,0.0,0
0,tcp,http,SF,247,1143,0,0,0,0,0,1,0,0,0,0,0,0,0,0,0,0,16,16,0.0,0.0,0.0,0.0,1.0,0.0,0.0,255,255,1.0,0.0,0.0,0.0,0.0,0.0,0.0,0.0,0
0,tcp,http,SF,237,3952,0,0,0,0,0,1,0,0,0,0,0,0,0,0,0,0,7,7,0.0,0.0,0.0,0.0,1.0,0.0,0.0,7,255,1.0,0.0,0.14,0.03,0.0,0.0,0.0,0.0,0
0,tcp,http,SF,315,2603,0,0,0,0,0,1,0,0,0,0,0,0,0,0,0,0,17,22,0.0,0.0,0.0,0.0,1.0,0.0,0.09,255,255,1.0,0.0,0.0,0.0,0.0,0.0,0.0,0.0,0
0,tcp,http,SF,218,706,0,0,0,0,0,1,0,0,0,0,0,0,0,0,0,0,27,27,0.0,0.0,0.0,0.0,1.0,0.0,0.0,255,255,1.0,0.0,0.0,0.0,0.0,0.0,0.0,0.0,0
0,tcp,http,SF,203,434,0,0,0,0,0,1,0,0,0,0,0,0,0,0,0,0,1,1,0.0,0.0,0.0,0.0,1.0,0.0,0.0,221,255,1.0,0.0,0.0,0.02,0.0,0.0,0.0,0.0,0
7,tcp,telnet,SF,105,2138,0,0,0,0,0,1,0,0,0,0,0,0,0,0,0,0,1,1,0.0,0.0,0.0,0.0,1.0,0.0,0.0,189,2,0.01,0.03,0.01,0.0,0.0,0.0,0.0,0.0,0
0,tcp,http,SF,202,1405,0,0,0,0,0,1,0,0,0,0,0,0,0,0,0,0,14,14,0.0,0.0,0.0,0.0,1.0,0.0,0.0,14,255,1.0,0.0,0.07,0.04,0.0,0.0,0.0,0.0,0
0,tcp,http,SF,286,3042,0,0,0,0,0,1,0,0,0,0,0,0,0,0,0,0,1,1,0.0,0.0,0.0,0.0,1.0,0.0,0.0,4,255,1.0,0.0,0.25,0.01,0.25,0.0,0.0,0.0,0
0,udp,domain_u,SF,44,71,0,0,0,0,0,0,0,0,0,0,0,0,0,0,0,0,122,123,0.0,0.0,0.0,0.0,1.0,0.0,0.02,255,253,0.99,0.01,0.0,0.0,0.0,0.0,0.0,0.0,0
0,tcp,http,SF,304,2239,0,0,0,0,0,1,0,0,0,0,0,0,0,0,0,0,5,5,0.0,0.0,0.0,0.0,1.0,0.0,0.0,255,244,0.96,0.02,0.0,0.0,0.0,0.0,0.0,0.0,0
0,tcp,ftp_data,SF,334,0,0,0,0,0,0,1,0,0,0,0,0,0,0,0,0,0,2,2,0.0,0.0,0.0,0.0,1.0,0.0,0.0,4,15,1.0,0.0,1.0,0.13,0.0,0.0,0.0,0.0,1
0,udp,domain_u,SF,46,72,0,0,0,0,0,0,0,0,0,0,0,0,0,0,0,0,145,145,0.0,0.0,0.0,0.0,1.0,0.0,0.0,255,202,0.79,0.01,0.0,0.0,0.0,0.0,0.0,0.0,0
0,tcp,ftp_data,SF,172,0,0,0,0,0,0,0,0,0,0,0,0,0,0,0,0,0,3,3,0.0,0.0,0.0,0.0,1.0,0.0,0.0,146,42,0.29,0.04,0.29,0.0,0.0,0.0,0.0,0.0,0
0,tcp,http,SF,303,1380,0,0,0,0,0,1,0,0,0,0,0,0,0,0,0,0,3,3,0.0,0.0,0.0,0.0,1.0,0.0,0.0,255,254,1.0,0.01,0.0,0.0,0.0,0.0,0.0,0.0,0
0,tcp,http,SF,235,940,0,0,0,0,0,1,0,0,0,0,0,0,0,0,0,0,1,1,0.0,0.0,0.0,0.0,1.0,0.0,0.0,93,255,1.0,0.0,0.01,0.02,0.0,0.0,0.0,0.0,0
0,tcp,http,SF,260,5989,0,0,0,0,0,1,0,0,0,0,0,0,0,0,0,0,1,1,0.0,0.0,0.0,0.0,1.0,0.0,0.0,243,255,1.0,0.0,0.0,0.01,0.0,0.0,0.0,0.0,0
0,udp,domain_u,SF,45,45,0,0,0,0,0,0,0,0,0,0,0,0,0,0,0,0,186,186,0.0,0.0,0.0,0.0,1.0,0.0,0.0,255,250,0.98,0.01,0.01,0.0,0.0,0.0,0.0,0.0,0
0,udp,domain_u,SF,44,130,0,0,0,0,0,0,0,0,0,0,0,0,0,0,0,0,147,227,0.0,0.0,0.0,0.0,1.0,0.0,0.01,255,255,1.0,0.0,0.0,0.0,0.0,0.0,0.0,0.0,0
13,tcp,auth,SF,9,36,0,0,0,0,0,1,0,0,0,0,0,0,0,0,0,0,1,1,0.0,0.0,0.0,0.0,1.0,0.0,0.0,227,5,0.02,0.02,0.0,0.0,0.0,0.0,0.0,0.0,0
0,tcp,http,SF,222,1447,0,0,0,0,0,1,0,0,0,0,0,0,0,0,0,0,4,5,0.0,0.0,0.0,0.0,1.0,0.0,0.4,114,255,1.0,0.0,0.01,0.02,0.0,0.0,0.0,0.0,0
0,udp,domain_u,SF,44,77,0,0,0,0,0,0,0,0,0,0,0,0,0,0,0,0,276,276,0.0,0.0,0.0,0.0,1.0,0.0,0.0,255,206,0.81,0.01,0.0,0.0,0.0,0.0,0.0,0.0,0
0,tcp,ftp_data,SF,8766,0,0,0,0,0,0,0,0,0,0,0,0,0,0,0,0,0,4,4,0.0,0.0,0.0,0.0,1.0,0.0,0.0,57,10,0.18,0.07,0.18,0.0,0.0,0.0,0.0,0.0,0
0,tcp,http,SF,248,1667,0,0,0,0,0,1,0,0,0,0,0,0,0,0,0,0,3,12,0.0,0.0,0.0,0.0,1.0,0.0,0.17,255,255,1.0,0.0,0.0,0.0,0.0,0.0,0.0,0.0,0
0,tcp,http,SF,236,1112,0,0,0,0,0,1,0,0,0,0,0,0,0,0,0,0,2,2,0.0,0.0,0.0,0.0,1.0,0.0,0.0,109,255,1.0,0.0,0.01,0.02,0.0,0.0,0.0,0.0,0
0,tcp,ftp_data,SF,65,0,0,0,0,0,0,0,0,0,0,0,0,0,0,0,0,0,1,1,0.0,0.0,0.0,0.0,1.0,0.0,0.0,211,8,0.01,0.01,0.01,0.25,0.95,0.0,0.0,0.0,0
0,tcp,ftp,SF,1225,2451,0,0,0,28,0,1,0,0,0,0,0,0,0,0,0,1,1,1,0.0,0.0,0.0,0.0,1.0,0.0,0.0,255,116,0.45,0.02,0.0,0.0,0.0,0.0,0.0,0.0,1
0,tcp,http,SF,294,2138,0,0,0,0,0,1,0,0,0,0,0,0,0,0,0,0,10,10,0.0,0.0,0.0,0.0,1.0,0.0,0.0,120,255,1.0,0.0,0.01,0.08,0.0,0.0,0.04,0.44,0
0,udp,domain_u,SF,42,72,0,0,0,0,0,0,0,0,0,0,0,0,0,0,0,0,226,226,0.0,0.0,0.0,0.0,1.0,0.0,0.0,255,255,1.0,0.0,0.01,0.0,0.0,0.0,0.0,0.0,0
0,udp,domain_u,SF,46,46,0,0,0,0,0,0,0,0,0,0,0,0,0,0,0,0,114,175,0.0,0.0,0.0,0.0,1.0,0.0,0.02,255,255,1.0,0.0,0.01,0.0,0.0,0.0,0.0,0.0,0
0,tcp,http,SF,306,6015,0,0,0,0,0,1,0,0,0,0,0,0,0,0,0,0,1,3,0.0,0.0,0.0,0.0,1.0,0.0,0.67,10,255,1.0,0.0,0.1,0.03,0.0,0.0,0.0,0.0,0
4,tcp,ftp_data,SF,832,0,0,0,0,0,0,1,0,0,0,0,0,0,0,0,0,0,1,1,0.0,0.0,0.0,0.0,1.0,0.0,0.0,3,38,1.0,0.0,1.0,0.16,0.0,0.03,0.0,0.0,1
0,tcp,smtp,SF,10848,942,0,0,0,0,0,1,0,0,0,0,0,0,0,0,0,0,1,1,0.0,0.0,0.0,0.0,1.0,0.0,0.0,255,4,0.02,0.01,0.0,0.0,0.0,0.0,0.02,0.0,0
0,tcp,http,SF,315,10677,0,0,0,0,0,1,0,0,0,0,0,0,0,0,0,0,1,5,0.0,0.0,0.0,0.0,1.0,0.0,0.6,1,255,1.0,0.0,1.0,0.05,0.0,0.0,0.0,0.0,0
0,tcp,http,SF,223,1645,0,0,0,0,0,1,0,0,0,0,0,0,0,0,0,0,5,5,0.0,0.0,0.0,0.0,1.0,0.0,0.0,255,255,1.0,0.0,0.0,0.0,0.0,0.0,0.0,0.0,0
14498,udp,other,SF,147,105,0,0,0,0,0,0,0,0,0,0,0,0,0,0,0,0,5,1,0.0,0.0,0.0,0.0,0.2,0.6,0.0,255,1,0.0,0.84,1.0,0.0,0.0,0.0,0.0,0.0,0
0,tcp,http,SF,201,825,0,0,0,0,0,1,0,0,0,0,0,0,0,0,0,0,11,13,0.0,0.0,0.0,0.0,1.0,0.0,0.15,255,255,1.0,0.0,0.0,0.0,0.0,0.0,0.0,0.0,0
0,tcp,http,SF,162,10384,0,0,0,0,0,1,0,0,0,0,0,0,0,0,0,0,1,1,0.0,0.0,0.0,0.0,1.0,0.0,0.0,10,255,1.0,0.0,0.1,0.04,0.0,0.0,0.0,0.0,0
0,tcp,ftp_data,SF,14052,0,0,0,0,0,0,0,0,0,0,0,0,0,0,0,0,0,1,1,0.0,0.0,0.0,0.0,1.0,0.0,0.0,255,7,0.03,0.07,0.03,0.0,0.91,0.0,0.0,0.0,0
0,tcp,http,SF,218,406,0,0,0,0,0,1,0,0,0,0,0,0,0,0,0,0,5,5,0.0,0.0,0.0,0.0,1.0,0.0,0.0,255,255,1.0,0.0,0.0,0.0,0.0,0.0,0.0,0.0,0
0,tcp,ftp_data,SF,334,0,0,0,0,0,0,1,0,0,0,0,0,0,0,0,0,0,2,2,0.0,0.0,0.0,0.0,1.0,0.0,0.0,6,27,1.0,0.0,1.0,0.19,0.0,0.04,0.0,0.0,1
0,tcp,http,SF,242,2042,0,0,0,0,0,1,0,0,0,0,0,0,0,0,0,0,16,16,0.0,0.0,0.0,0.0,1.0,0.0,0.0,255,255,1.0,0.0,0.0,0.0,0.0,0.0,0.0,0.0,0
0,tcp,http,SF,238,5476,0,0,0,0,0,1,0,0,0,0,0,0,0,0,0,0,13,13,0.0,0.0,0.0,0.0,1.0,0.0,0.0,35,255,1.0,0.0,0.03,0.02,0.0,0.0,0.0,0.0,0
0,tcp,http,SF,235,8183,0,0,0,0,0,1,0,0,0,0,0,0,0,0,0,0,15,15,0.0,0.0,0.0,0.0,1.0,0.0,0.0,69,255,1.0,0.0,0.01,0.01,0.0,0.0,0.0,0.0,0
0,tcp,http,SF,203,1074,0,0,0,0,0,1,0,0,0,0,0,0,0,0,0,0,8,9,0.0,0.0,0.0,0.0,1.0,0.0,0.22,82,255,1.0,0.0,0.01,0.01,0.0,0.0,0.0,0.0,0
17,tcp,smtp,SF,11322,1362,0,0,0,0,0,1,0,0,0,0,0,0,0,0,0,0,1,1,0.0,0.0,0.0,0.0,1.0,0.0,0.0,254,93,0.37,0.03,0.0,0.0,0.0,0.0,0.0,0.0,0
1440,udp,other,SF,146,105,0,0,0,0,0,0,0,0,0,0,0,0,0,0,0,0,1,1,0.0,0.0,0.0,0.0,1.0,0.0,0.0,255,1,0.0,0.57,0.96,0.0,0.0,0.0,0.0,0.0,0
0,tcp,http,SF,285,296,0,0,0,0,0,1,0,0,0,0,0,0,0,0,0,0,2,2,0.5,0.5,0.0,0.0,1.0,0.0,0.0,2,255,1.0,0.0,0.5,0.04,0.5,0.01,0.0,0.0,0
0,tcp,smtp,SF,988,330,0,0,0,0,0,1,0,0,0,0,0,0,0,0,0,0,1,1,0.0,0.0,0.0,0.0,1.0,0.0,0.0,203,148,0.73,0.03,0.0,0.0,0.0,0.01,0.0,0.0,0
0,tcp,http,SF,257,2129,0,0,0,0,0,1,0,0,0,0,0,0,0,0,0,0,9,10,0.0,0.0,0.0,0.0,1.0,0.0,0.2,189,255,1.0,0.0,0.01,0.02,0.0,0.0,0.0,0.0,0
0,tcp,http,SF,288,499,0,0,0,0,0,1,0,0,0,0,0,0,0,0,0,0,23,23,0.0,0.0,0.0,0.0,1.0,0.0,0.0,84,255,1.0,0.0,0.01,0.02,0.0,0.0,0.0,0.0,0
0,udp,domain_u,SF,44,44,0,0,0,0,0,0,0,0,0,0,0,0,0,0,0,0,115,115,0.0,0.0,0.0,0.0,1.0,0.0,0.0,255,252,0.99,0.01,0.0,0.0,0.0,0.0,0.0,0.0,0
0,tcp,smtp,SF,820,325,0,0,0,0,0,1,0,0,0,0,0,0,0,0,0,0,1,1,0.0,0.0,0.0,0.0,1.0,0.0,0.0,204,245,0.96,0.01,0.0,0.01,0.0,0.0,0.0,0.0,0
0,tcp,http,REJ,0,0,0,0,0,0,0,0,0,0,0,0,0,0,0,0,0,0,21,21,0.0,0.0,0.81,0.81,1.0,0.0,0.0,24,177,1.0,0.0,0.04,0.21,0.0,0.0,0.83,0.98,0
28,tcp,ftp,SF,1148,3380,0,0,0,24,0,1,0,0,0,0,0,0,0,0,0,1,1,1,0.0,0.0,0.0,0.0,1.0,0.0,0.0,1,1,1.0,0.0,1.0,0.0,0.0,0.0,0.0,0.0,0
0,tcp,http,SF,296,1227,0,0,0,0,0,1,0,0,0,0,0,0,0,0,0,0,1,1,0.0,0.0,0.0,0.0,1.0,0.0,0.0,18,18,1.0,0.0,0.06,0.0,0.0,0.0,0.0,0.0,0
0,tcp,smtp,SF,2597,394,0,0,0,0,0,1,0,0,0,0,0,0,1,0,0,0,1,1,0.0,0.0,0.0,0.0,1.0,0.0,0.0,255,1,0.0,0.02,0.0,0.0,1.0,0.0,0.0,0.0,0
12546,tcp,ftp,RSTO,358,1184,0,0,0,6,0,1,0,0,0,0,0,0,0,0,0,1,1,1,0.0,0.0,1.0,1.0,1.0,0.0,0.0,255,144,0.56,0.02,0.0,0.0,0.0,0.0,0.0,0.01,1
0,tcp,http,SF,328,25453,0,0,0,0,0,1,0,0,0,0,0,0,0,0,0,0,3,3,0.0,0.0,0.0,0.0,1.0,0.0,0.0,7,255,1.0,0.0,0.14,0.04,0.0,0.0,0.0,0.0,0
0,tcp,ftp_data,SF,319,0,0,0,0,0,0,1,0,0,0,1,0,0,0,0,0,0,2,2,0.0,0.0,0.0,0.0,1.0,0.0,0.0,234,72,0.31,0.03,0.31,0.0,0.0,0.0,0.0,0.0,0
0,tcp,ftp_data,SF,383,0,0,0,0,0,0,1,0,0,0,0,0,0,0,0,0,0,2,2,0.0,0.0,0.0,0.0,1.0,0.0,0.0,63,57,0.17,0.1,0.17,0.05,0.0,0.0,0.02,0.0,0
0,tcp,http,SF,215,1598,0,0,0,0,0,1,0,0,0,0,0,0,0,0,0,0,3,3,0.0,0.0,0.0,0.0,1.0,0.0,0.0,255,255,1.0,0.0,0.0,0.0,0.0,0.0,0.0,0.0,0
0,tcp,smtp,SF,3205,331,0,0,0,0,0,1,0,0,0,0,0,0,0,0,0,0,1,2,0.0,0.0,0.0,0.0,1.0,0.0,1.0,57,197,0.95,0.05,0.02,0.02,0.0,0.01,0.0,0.0,0
0,tcp,ftp_data,SF,866,0,0,0,0,0,0,0,0,0,0,0,0,0,0,0,0,0,1,1,0.0,0.0,0.0,0.0,1.0,0.0,0.0,1,1,1.0,0.0,1.0,0.0,0.0,0.0,0.0,0.0,1
0,tcp,http,SF,210,246,0,0,0,0,0,1,0,0,0,0,0,0,0,0,0,0,2,6,0.0,0.0,0.0,0.0,1.0,0.0,0.5,2,255,1.0,0.0,0.5,0.03,0.0,0.0,0.0,0.0,0
0,udp,domain_u,SF,42,42,0,0,0,0,0,0,0,0,0,0,0,0,0,0,0,0,8,14,0.0,0.0,0.0,0.0,1.0,0.0,0.21,255,233,0.91,0.01,0.0,0.0,0.0,0.0,0.0,0.0,0
0,tcp,http,SF,321,737,0,0,0,0,0,1,0,0,0,0,0,0,0,0,0,0,23,23,0.0,0.0,0.0,0.0,1.0,0.0,0.0,255,255,1.0,0.0,0.0,0.0,0.0,0.0,0.0,0.0,0
1,tcp,ftp,SF,1227,2451,0,0,0,28,0,1,0,0,0,0,0,0,0,0,0,1,1,1,0.0,0.0,0.0,0.0,1.0,0.0,0.0,255,113,0.44,0.02,0.0,0.0,0.0,0.0,0.0,0.0,1
0,tcp,http,SF,350,281,0,0,0,0,0,1,0,0,0,0,0,0,0,0,0,0,25,29,0.0,0.0,0.0,0.0,1.0,0.0,0.07,255,255,1.0,0.0,0.0,0.0,0.0,0.0,0.0,0.0,0
0,tcp,http,SF,224,11631,0,0,0,0,0,1,0,0,0,0,0,0,0,0,0,0,3,3,0.0,0.0,0.0,0.0,1.0,0.0,0.0,3,255,1.0,0.0,0.33,0.01,0.0,0.0,0.0,0.0,0
0,udp,domain_u,SF,44,69,0,0,0,0,0,0,0,0,0,0,0,0,0,0,0,0,22,22,0.0,0.0,0.0,0.0,1.0,0.0,0.0,255,238,0.93,0.01,0.0,0.0,0.0,0.0,0.0,0.0,0
0,tcp,http,SF,493,10265,0,0,0,0,0,1,0,0,0,0,0,0,0,0,0,0,11,11,0.0,0.0,0.0,0.0,1.0,0.0,0.0,255,255,1.0,0.0,0.0,0.0,0.0,0.0,0.02,0.02,0
0,tcp,http,S1,228,21900,0,0,0,0,0,1,0,0,0,0,0,0,0,0,0,0,1,1,1.0,1.0,0.0,0.0,1.0,0.0,0.0,243,255,1.0,0.0,0.0,0.01,0.0,0.0,0.0,0.0,0
0,tcp,http,REJ,0,0,0,0,0,0,0,0,0,0,0,0,0,0,0,0,0,0,1,1,0.0,0.0,1.0,1.0,1.0,0.0,0.0,2,15,1.0,0.0,0.5,0.6,0.0,0.07,1.0,0.87,0
0,tcp,http,SF,337,1158,0,0,0,0,0,1,0,0,0,0,0,0,0,0,0,0,9,9,0.0,0.0,0.0,0.0,1.0,0.0,0.0,171,255,1.0,0.0,0.01,0.04,0.0,0.0,0.0,0.0,0
0,tcp,http,SF,254,1133,0,0,0,0,0,1,0,0,0,0,0,0,0,0,0,0,22,22,0.0,0.0,0.0,0.0,1.0,0.0,0.0,112,246,1.0,0.0,0.01,0.02,0.0,0.0,0.0,0.0,0
0,tcp,finger,S1,7,0,0,0,0,0,0,0,0,0,0,0,0,0,0,0,0,0,1,1,1.0,1.0,0.0,0.0,1.0,0.0,0.0,85,8,0.07,0.04,0.01,0.25,0.04,0.25,0.0,0.0,0
0,udp,domain_u,SF,36,101,0,0,0,0,0,0,0,0,0,0,0,0,0,0,0,0,1,1,0.0,0.0,0.0,0.0,1.0,0.0,0.0,255,190,0.75,0.01,0.0,0.0,0.0,0.0,0.0,0.0,0
0,tcp,ftp_data,SF,7321,0,0,0,0,0,0,0,0,0,0,0,0,0,0,0,0,0,2,2,0.0,0.0,0.0,0.0,1.0,0.0,0.0,31,3,0.1,0.06,0.1,0.0,0.0,0.0,0.0,0.0,0
0,tcp,http,SF,325,186,0,0,0,0,0,1,0,0,0,0,0,0,0,0,0,0,21,23,0.0,0.0,0.0,0.0,1.0,0.0,0.09,255,255,1.0,0.0,0.0,0.0,0.0,0.0,0.0,0.0,0
0,tcp,ftp_data,SF,334,0,0,0,0,0,0,1,0,0,0,0,0,0,0,0,0,0,2,2,0.0,0.0,0.0,0.0,1.0,0.0,0.0,2,36,1.0,0.0,1.0,0.19,0.0,0.0,0.0,0.0,1
67,tcp,login,SF,157,2703,0,0,1,0,0,1,0,0,0,0,0,0,0,0,0,0,1,1,0.0,0.0,0.0,0.0,1.0,0.0,0.0,2,1,0.5,1.0,0.5,0.0,0.0,0.0,0.0,0.0,1
4,tcp,finger,SF,10,140,0,0,0,0,0,0,0,0,0,0,0,0,0,0,0,0,1,1,0.0,0.0,0.0,0.0,1.0,0.0,0.0,224,14,0.06,0.03,0.0,0.0,0.0,0.0,0.0,0.0,0
0,tcp,ftp_data,SF,88382,0,0,0,0,0,0,1,0,0,0,1,0,0,0,0,0,0,23,23,0.0,0.0,0.0,0.0,1.0,0.0,0.0,255,151,0.59,0.02,0.59,0.0,0.0,0.01,0.0,0.0,0
0,tcp,http,SF,320,495,0,0,0,0,0,1,0,0,0,0,0,0,0,0,0,0,40,41,0.0,0.0,0.0,0.0,1.0,0.0,0.05,203,255,1.0,0.0,0.0,0.01,0.0,0.0,0.0,0.0,0
0,tcp,ftp,SF,1237,2449,0,0,0,28,0,1,0,0,0,0,0,0,0,0,0,1,1,1,0.0,0.0,0.0,0.0,1.0,0.0,0.0,255,85,0.33,0.02,0.0,0.0,0.0,0.0,0.0,0.0,1
0,tcp,ftp_data,SF,190,0,0,0,0,0,0,1,0,0,0,1,0,0,0,0,0,0,2,2,0.0,0.0,0.0,0.0,1.0,0.0,0.0,255,2,0.01,0.62,0.01,0.0,0.0,0.0,0.0,0.0,0
0,udp,domain_u,SF,45,131,0,0,0,0,0,0,0,0,0,0,0,0,0,0,0,0,1,5,0.0,0.0,0.0,0.0,1.0,0.0,0.8,59,32,0.54,0.05,0.02,0.0,0.0,0.0,0.0,0.0,0
0,tcp,http,SF,338,1040,0,0,0,0,0,1,0,0,0,0,0,0,0,0,0,0,27,27,0.0,0.0,0.0,0.0,1.0,0.0,0.0,72,255,1.0,0.0,0.01,0.06,0.0,0.01,0.0,0.0,0
0,tcp,http,SF,227,3971,0,0,0,0,0,1,0,0,0,0,0,0,0,0,0,0,1,4,0.0,0.0,0.0,0.0,1.0,0.0,0.5,1,255,1.0,0.0,1.0,0.01,0.0,0.0,0.0,0.0,0
12,tcp,ftp_data,SF,7045,0,0,0,0,0,0,1,0,0,0,0,0,0,0,0,0,0,2,2,0.0,0.0,0.0,0.0,1.0,0.0,0.0,2,46,1.0,0.0,1.0,0.04,0.0,0.02,0.0,0.0,1
0,tcp,ftp_data,SF,334,0,0,0,0,0,0,1,0,0,0,0,0,0,0,0,0,0,2,2,0.0,0.0,0.0,0.0,1.0,0.0,0.0,6,18,1.0,0.0,1.0,0.11,0.0,0.0,0.0,0.0,1
15159,tcp,ftp,SF,350,1185,0,0,0,6,0,1,0,0,0,0,0,0,0,0,0,1,1,2,0.0,0.0,0.0,0.0,1.0,0.0,1.0,255,142,0.56,0.02,0.0,0.0,0.0,0.0,0.0,0.0,1
0,tcp,ftp_data,SF,8173,0,0,0,0,0,0,0,0,0,0,0,0,0,0,0,0,0,15,15,0.0,0.0,0.0,0.0,1.0,0.0,0.0,53,21,0.4,0.06,0.4,0.0,0.0,0.0,0.0,0.0,0
0,tcp,ftp_data,SF,334,0,0,0,0,0,0,1,0,0,0,0,0,0,0,0,0,0,2,2,0.0,0.0,0.0,0.0,1.0,0.0,0.0,8,34,1.0,0.0,1.0,0.15,0.0,0.0,0.0,0.0,1
5043,tcp,ftp_data,SF,5131424,0,0,0,0,4,0,1,0,0,0,0,0,0,0,0,0,0,1,7,0.0,0.14,0.0,0.0,1.0,0.0,0.29,7,42,1.0,0.0,1.0,0.14,0.0,0.02,0.0,0.0,1
12,tcp,ftp_data,SF,7045,0,0,0,0,0,0,1,0,0,0,0,0,0,0,0,0,0,2,2,0.0,0.0,0.0,0.0,1.0,0.0,0.0,2,37,1.0,0.0,1.0,0.16,0.0,0.03,0.0,0.0,1
0,tcp,ftp_data,SF,852,0,0,0,0,0,0,1,0,0,0,0,0,0,0,0,0,0,17,17,0.0,0.0,0.0,0.0,1.0,0.0,0.0,255,111,0.44,0.02,0.44,0.0,0.0,0.0,0.0,0.0,0
0,tcp,http,SF,212,1843,0,0,0,0,0,1,0,0,0,0,0,0,0,0,0,0,8,8,0.0,0.0,0.0,0.0,1.0,0.0,0.0,67,255,1.0,0.0,0.01,0.02,0.0,0.01,0.0,0.0,0
0,tcp,http,SF,230,27137,0,0,0,0,0,1,0,0,0,0,0,0,0,0,0,0,15,15,0.0,0.0,0.0,0.0,1.0,0.0,0.0,36,255,1.0,0.0,0.03,0.03,0.0,0.0,0.0,0.0,0
0,tcp,http,SF,225,833,0,0,0,0,0,1,0,0,0,0,0,0,0,0,0,0,3,4,0.0,0.0,0.0,0.0,1.0,0.0,0.5,33,255,1.0,0.0,0.03,0.05,0.0,0.0,0.0,0.0,0
1,tcp,ftp,SF,1223,2449,0,0,0,28,0,1,0,0,0,0,0,0,0,0,0,1,1,1,0.0,0.0,0.0,0.0,1.0,0.0,0.0,194,22,0.11,0.03,0.01,0.0,0.01,0.0,0.01,0.0,1
0,tcp,http,SF,207,935,0,0,0,0,0,1,0,0,0,0,0,0,0,0,0,0,10,13,0.0,0.0,0.0,0.0,1.0,0.0,0.15,255,255,1.0,0.0,0.0,0.0,0.0,0.0,0.0,0.0,0
0,tcp,http,SF,220,2446,0,0,0,0,0,1,0,0,0,0,0,0,0,0,0,0,10,12,0.0,0.0,0.0,0.0,1.0,0.0,0.25,255,255,1.0,0.0,0.0,0.0,0.0,0.0,0.0,0.0,0
2,tcp,smtp,SF,1860,335,0,0,0,0,0,1,0,0,0,0,0,0,0,0,0,0,1,3,0.0,0.0,0.0,0.0,1.0,0.0,1.0,46,165,0.67,0.07,0.02,0.01,0.0,0.0,0.0,0.0,0
0,tcp,http,SF,325,2531,0,0,0,0,0,1,0,0,0,0,0,0,0,0,0,0,1,1,0.0,0.0,0.0,0.0,1.0,0.0,0.0,255,255,1.0,0.0,0.0,0.0,0.0,0.0,0.0,0.0,0
0,tcp,http,SF,285,18555,0,0,0,0,0,1,0,0,0,0,0,0,0,0,0,0,8,8,0.0,0.0,0.0,0.0,1.0,0.0,0.0,123,255,1.0,0.0,0.01,0.03,0.0,0.0,0.0,0.0,0
0,tcp,http,SF,229,2638,0,0,0,0,0,1,0,0,0,0,0,0,0,0,0,0,10,10,0.0,0.0,0.0,0.0,1.0,0.0,0.0,255,255,1.0,0.0,0.0,0.0,0.0,0.0,0.0,0.0,0
0,tcp,http,SF,309,744,0,0,0,0,0,1,0,0,0,0,0,0,0,0,0,0,23,23,0.0,0.0,0.0,0.0,1.0,0.0,0.0,23,191,1.0,0.0,0.04,0.12,0.0,0.0,0.0,0.0,0
0,tcp,http,RSTO,280,2920,0,0,0,0,0,1,0,0,0,0,0,0,0,0,0,0,3,3,0.0,0.0,0.33,0.33,1.0,0.0,0.0,124,255,1.0,0.0,0.01,0.02,0.0,0.0,0.02,0.01,0
0,tcp,ftp_data,SF,6062,0,0,0,0,0,0,1,0,0,0,0,0,0,0,0,0,0,13,14,0.0,0.0,0.0,0.0,1.0,0.0,0.14,189,56,0.2,0.06,0.22,0.04,0.01,0.0,0.0,0.0,0
27,tcp,ftp,SF,1072,3081,0,0,0,22,0,1,0,0,0,0,0,0,0,0,0,1,1,1,0.0,0.0,0.0,0.0,1.0,0.0,0.0,255,59,0.23,0.02,0.0,0.0,0.0,0.0,0.0,0.0,0
0,udp,domain_u,SF,46,112,0,0,0,0,0,0,0,0,0,0,0,0,0,0,0,0,73,151,0.0,0.0,0.0,0.0,1.0,0.0,0.01,255,174,0.68,0.02,0.0,0.0,0.0,0.0,0.0,0.0,0
0,udp,private,SF,105,145,0,0,0,0,0,0,0,0,0,0,0,0,0,0,0,0,7,1,0.0,0.0,0.0,0.0,0.14,0.29,0.0,255,235,0.92,0.01,0.01,0.0,0.0,0.0,0.0,0.0,0
1,tcp,smtp,SF,1040,327,0,0,0,0,0,1,0,0,0,0,0,0,0,0,0,0,1,3,0.0,0.0,0.0,0.0,1.0,0.0,1.0,29,149,0.62,0.14,0.03,0.01,0.0,0.01,0.0,0.0,0
0,tcp,http,SF,240,8156,0,0,0,0,0,1,0,0,0,0,0,0,0,0,0,0,5,7,0.0,0.0,0.0,0.0,1.0,0.0,0.43,183,255,1.0,0.0,0.01,0.01,0.0,0.0,0.0,0.0,0
0,tcp,ftp_data,SF,567,0,0,0,0,0,0,0,0,0,0,0,0,0,0,0,0,0,2,1,0.0,0.0,0.0,0.0,0.5,1.0,0.0,255,71,0.28,0.03,0.28,0.0,0.01,0.0,0.0,0.0,0
0,tcp,http,REJ,0,0,0,0,0,0,0,0,0,0,0,0,0,0,0,0,0,0,1,21,0.0,0.95,1.0,0.05,1.0,0.0,0.1,68,50,0.74,0.07,0.01,0.0,0.03,0.0,0.74,1.0,0
0,udp,domain_u,SF,44,133,0,0,0,0,0,0,0,0,0,0,0,0,0,0,0,0,64,144,0.0,0.0,0.0,0.0,1.0,0.0,0.01,254,195,0.77,0.01,0.0,0.0,0.0,0.0,0.0,0.0,0
0,udp,domain_u,SF,43,141,0,0,0,0,0,0,0,0,0,0,0,0,0,0,0,0,47,197,0.0,0.0,0.0,0.0,1.0,0.0,0.02,187,196,0.79,0.02,0.7,0.01,0.0,0.0,0.07,0.0,0
0,tcp,http,SF,295,4603,0,0,0,0,0,1,0,0,0,0,0,0,0,0,0,0,2,2,0.0,0.0,0.0,0.0,1.0,0.0,0.0,70,255,1.0,0.0,0.01,0.06,0.0,0.0,0.0,0.0,0
0,tcp,smtp,SF,1003,326,0,0,0,0,0,1,0,0,0,0,0,0,0,0,0,0,1,2,0.0,0.0,0.0,0.0,1.0,0.0,1.0,154,133,0.86,0.03,0.01,0.0,0.0,0.0,0.0,0.0,0
0,udp,domain_u,SF,46,78,0,0,0,0,0,0,0,0,0,0,0,0,0,0,0,0,262,263,0.0,0.0,0.0,0.0,1.0,0.01,0.01,255,242,0.95,0.01,0.0,0.0,0.0,0.0,0.0,0.0,0
0,tcp,http,SF,236,468,0,0,0,0,0,1,0,0,0,0,0,0,0,0,0,0,16,17,0.0,0.0,0.0,0.0,1.0,0.0,0.12,51,255,1.0,0.0,0.02,0.04,0.0,0.0,0.0,0.0,0
1,tcp,smtp,SF,1173,333,0,0,0,0,0,1,0,0,0,0,0,0,0,0,0,0,1,1,0.0,0.0,0.0,0.0,1.0,0.0,0.0,39,223,1.0,0.0,0.03,0.01,0.0,0.0,0.0,0.0,0
0,tcp,http,SF,246,1875,0,0,0,0,0,1,0,0,0,0,0,0,0,0,0,0,3,3,0.0,0.0,0.0,0.0,1.0,0.0,0.0,255,255,1.0,0.0,0.0,0.0,0.0,0.0,0.0,0.0,0
28,udp,domain_u,SF,44,44,0,0,0,0,0,0,0,0,0,0,0,0,0,0,0,0,4,4,0.0,0.0,0.0,0.0,0.25,0.5,0.5,67,64,0.96,0.03,0.01,0.0,0.0,0.0,0.0,0.0,0
0,udp,domain_u,SF,42,42,0,0,0,0,0,0,0,0,0,0,0,0,0,0,0,0,7,7,0.0,0.0,0.0,0.0,1.0,0.0,0.0,255,249,0.98,0.01,0.01,0.0,0.0,0.0,0.0,0.0,0
0,udp,other,SF,516,4,0,0,0,0,0,0,0,0,0,0,0,0,0,0,0,0,481,481,0.0,0.0,0.0,0.0,1.0,0.0,0.0,255,255,1.0,0.0,1.0,0.0,0.0,0.0,0.0,0.0,0
0,tcp,http,SF,260,283,0,0,0,0,0,1,0,0,0,0,0,0,0,0,0,0,8,8,0.0,0.0,0.0,0.0,1.0,0.0,0.0,255,251,0.98,0.01,0.0,0.0,0.0,0.0,0.0,0.0,0
0,tcp,http,SF,272,194,0,0,0,0,0,1,0,0,0,0,0,0,0,0,0,0,1,1,0.0,0.0,0.0,0.0,1.0,0.0,0.0,38,38,1.0,0.0,0.03,0.0,0.0,0.0,0.0,0.0,0
0,tcp,http,SF,279,914,0,0,0,0,0,1,0,0,0,0,0,0,0,0,0,0,5,26,0.0,0.0,0.0,0.0,1.0,0.0,0.08,255,255,1.0,0.0,0.0,0.0,0.0,0.0,0.0,0.0,0
0,tcp,http,SF,287,1195,0,0,0,0,0,1,0,0,0,0,0,0,0,0,0,0,13,13,0.0,0.0,0.0,0.0,1.0,0.0,0.0,13,255,1.0,0.0,0.08,0.07,0.0,0.0,0.0,0.0,0
0,tcp,ftp_data,SF,334,0,0,0,0,0,0,1,0,0,0,0,0,0,0,0,0,0,2,2,0.0,0.0,0.0,0.0,1.0,0.0,0.0,2,8,1.0,0.0,1.0,0.5,0.0,0.0,0.0,0.0,1
0,tcp,ftp_data,SF,334,0,0,0,0,0,0,1,0,0,0,0,0,0,0,0,0,0,1,1,0.0,0.0,0.0,0.0,1.0,0.0,0.0,8,45,1.0,0.0,1.0,0.07,0.0,0.02,0.0,0.0,1
30,tcp,telnet,SF,482,354790,0,0,0,0,0,1,0,0,0,0,0,0,0,0,0,0,1,1,0.0,0.0,0.0,0.0,1.0,0.0,0.0,193,64,0.33,0.02,0.01,0.0,0.0,0.0,0.0,0.0,0
0,tcp,http,SF,208,367,0,0,0,0,0,1,0,0,0,0,0,0,0,0,0,0,19,22,0.0,0.0,0.0,0.0,1.0,0.0,0.14,19,255,1.0,0.0,0.05,0.02,0.0,0.0,0.0,0.0,0
0,tcp,ftp_data,SF,965,0,0,0,0,0,0,1,0,0,0,0,0,0,0,0,0,0,4,4,0.0,0.0,0.0,0.0,1.0,0.0,0.0,255,132,0.52,0.02,0.52,0.0,0.0,0.01,0.0,0.0,0
0,udp,domain_u,SF,44,66,0,0,0,0,0,0,0,0,0,0,0,0,0,0,0,0,222,226,0.0,0.0,0.0,0.0,1.0,0.0,0.01,255,218,0.85,0.01,0.0,0.0,0.0,0.0,0.0,0.0,0
4,tcp,ftp,SF,1232,2449,0,0,0,28,0,1,0,0,0,0,0,0,0,0,0,1,1,1,0.0,0.0,0.0,0.0,1.0,0.0,0.0,246,74,0.3,0.02,0.0,0.0,0.0,0.0,0.01,0.0,1
0,tcp,http,SF,313,6356,0,0,0,0,0,1,0,0,0,0,0,0,0,0,0,0,28,28,0.0,0.0,0.0,0.0,1.0,0.0,0.0,255,255,1.0,0.0,0.0,0.0,0.0,0.0,0.0,0.0,0
0,tcp,smtp,SF,3465,334,0,0,0,0,0,1,0,0,0,0,0,0,0,0,0,0,1,1,0.0,0.0,0.0,0.0,1.0,0.0,0.0,125,161,0.78,0.03,0.01,0.01,0.0,0.0,0.0,0.0,0
0,tcp,smtp,SF,652,337,0,0,0,0,0,1,0,0,0,0,0,0,0,0,0,0,1,2,0.0,0.0,0.0,0.0,1.0,0.0,1.0,199,213,0.84,0.02,0.01,0.01,0.0,0.0,0.0,0.0,0
0,tcp,http,SF,227,2052,0,0,0,0,0,1,0,0,0,0,0,0,0,0,0,0,7,7,0.0,0.0,0.0,0.0,1.0,0.0,0.0,45,255,1.0,0.0,0.02,0.03,0.02,0.0,0.0,0.0,0
0,tcp,http,SF,159,9998,0,0,0,0,0,1,0,0,0,0,0,0,0,0,0,0,10,10,0.0,0.0,0.0,0.0,1.0,0.0,0.0,121,255,1.0,0.0,0.01,0.13,0.0,0.0,0.67,0.84,0
0,tcp,ftp_data,SF,12,0,0,0,0,0,0,0,0,0,0,0,0,0,0,0,0,0,1,1,0.0,0.0,0.0,0.0,1.0,0.0,0.0,115,59,0.04,0.03,0.04,0.03,0.0,0.0,0.0,0.0,0
0,tcp,http,SF,335,289,0,0,0,0,0,1,0,0,0,0,0,0,0,0,0,0,1,1,0.0,0.0,0.0,0.0,1.0,0.0,0.0,12,255,1.0,0.0,0.08,0.01,0.0,0.0,0.0,0.0,0
0,tcp,http,SF,206,854,0,0,0,0,0,1,0,0,0,0,0,0,0,0,0,0,6,6,0.0,0.0,0.0,0.0,1.0,0.0,0.0,33,255,1.0,0.0,0.03,0.03,0.0,0.0,0.0,0.0,0
0,tcp,smtp,SF,1994,332,0,0,0,0,0,1,0,0,0,0,0,0,2,0,0,0,1,2,0.0,0.0,0.0,0.0,1.0,0.0,1.0,48,43,0.9,0.06,0.02,0.0,0.0,0.0,0.0,0.0,0
0,tcp,http,SF,294,358,0,0,0,0,0,1,0,0,0,0,0,0,0,0,0,0,40,40,0.0,0.0,0.0,0.0,1.0,0.0,0.0,40,255,1.0,0.0,0.03,0.02,0.0,0.0,0.0,0.0,0
1,tcp,smtp,SF,937,330,0,0,0,0,0,1,0,0,0,0,0,0,0,0,0,0,1,2,0.0,0.0,0.0,0.0,1.0,0.0,1.0,165,121,0.73,0.03,0.01,0.0,0.0,0.0,0.0,0.0,0
0,tcp,telnet,RSTO,126,179,0,0,0,1,1,0,0,0,0,0,0,0,0,0,0,0,1,1,0.0,0.0,1.0,1.0,1.0,0.0,0.0,26,26,1.0,0.0,0.04,0.0,0.08,0.08,0.92,0.92,1
0,tcp,ftp_data,SF,2056,0,0,0,0,0,0,1,0,0,0,0,0,0,0,0,0,0,6,6,0.0,0.0,0.0,0.0,1.0,0.0,0.0,28,76,0.93,0.07,0.93,0.03,0.0,0.0,0.0,0.0,0
10339,udp,other,SF,146,105,0,0,0,0,0,0,0,0,0,0,0,0,0,0,0,0,1,1,0.0,0.0,0.0,0.0,1.0,0.0,0.0,255,1,0.0,0.75,1.0,0.0,0.0,0.0,0.0,0.0,0
0,tcp,http,SF,293,2582,0,0,0,0,0,1,0,0,0,0,0,0,0,0,0,0,16,16,0.0,0.0,0.0,0.0,1.0,0.0,0.0,16,255,1.0,0.0,0.06,0.02,0.0,0.0,0.0,0.0,0
2,tcp,ftp,SF,1225,2451,0,0,0,28,0,1,0,0,0,0,0,0,0,0,0,1,1,1,0.0,0.0,0.0,0.0,1.0,0.0,0.0,255,109,0.43,0.02,0.0,0.0,0.0,0.0,0.0,0.0,1
0,tcp,ftp_data,SF,192,0,0,0,0,0,0,1,0,0,0,0,0,0,0,0,0,0,2,2,0.0,0.0,0.0,0.0,1.0,0.0,0.0,227,100,0.42,0.03,0.42,0.02,0.0,0.0,0.0,0.0,0
0,tcp,http,SF,244,406,0,0,0,0,0,1,0,0,0,0,0,0,0,0,0,0,9,9,0.0,0.0,0.0,0.0,1.0,0.0,0.0,255,255,1.0,0.0,0.0,0.0,0.0,0.0,0.0,0.0,0
0,tcp,http,SF,276,6052,0,0,0,0,0,1,0,0,0,0,0,0,0,0,0,0,1,7,0.0,0.0,0.0,0.0,1.0,0.0,0.29,101,255,1.0,0.0,0.01,0.03,0.0,0.0,0.0,0.0,0
0,tcp,http,SF,224,7989,0,0,0,0,0,1,0,0,0,0,0,0,0,0,0,0,2,45,0.0,0.0,0.0,0.0,1.0,0.0,0.11,88,255,1.0,0.0,0.01,0.04,0.0,0.0,0.0,0.0,0
0,tcp,telnet,RSTO,126,179,0,0,0,1,1,0,0,0,0,0,0,0,0,0,0,0,1,1,0.0,0.0,1.0,1.0,1.0,0.0,0.0,50,50,1.0,0.0,0.02,0.0,0.04,0.04,0.96,0.96,1
0,tcp,http,SF,222,664,0,0,0,0,0,1,0,0,0,0,0,0,0,0,0,0,4,15,0.0,0.0,0.0,0.0,1.0,0.0,0.2,23,255,1.0,0.0,0.09,0.04,0.0,0.0,0.0,0.0,0
0,tcp,ftp_data,SF,334,0,0,0,0,0,0,1,0,0,0,0,0,0,0,0,0,0,1,1,0.0,0.0,0.0,0.0,1.0,0.0,0.0,5,9,1.0,0.0,1.0,0.22,0.0,0.0,0.0,0.0,1
1,tcp,ftp,SF,1235,2451,0,0,0,28,0,1,0,0,0,0,0,0,0,0,0,1,1,1,0.0,0.0,0.0,0.0,1.0,0.0,0.0,255,115,0.45,0.02,0.0,0.0,0.0,0.0,0.01,0.0,1
0,tcp,ftp_data,SF,246,0,0,0,0,0,0,1,0,0,0,0,0,0,0,0,0,0,2,2,0.0,0.0,0.0,0.0,1.0,0.0,0.0,9,9,1.0,0.0,1.0,0.0,0.0,0.0,0.0,0.0,1
0,tcp,http,REJ,0,0,0,0,0,0,0,0,0,0,0,0,0,0,0,0,0,0,1,3,0.0,0.0,1.0,1.0,1.0,0.0,1.0,3,255,1.0,0.0,0.33,0.11,0.0,0.0,1.0,0.97,0
1,tcp,smtp,SF,1987,332,0,0,0,0,0,1,0,0,0,0,0,0,0,0,0,0,1,1,0.0,0.0,0.0,0.0,1.0,0.0,0.0,160,161,0.69,0.03,0.01,0.01,0.0,0.0,0.0,0.0,0
0,tcp,ftp_data,SF,14189,0,0,0,0,0,0,1,0,0,0,0,0,0,0,0,0,0,3,3,0.0,0.0,0.0,0.0,1.0,0.0,0.0,26,74,0.92,0.08,0.92,0.03,0.0,0.0,0.0,0.0,0
4055,udp,other,SF,145,105,0,0,0,0,0,0,0,0,0,0,0,0,0,0,0,0,3,1,0.0,0.0,0.0,0.0,0.33,1.0,0.0,255,1,0.0,0.47,0.82,0.0,0.0,0.0,0.0,0.0,0
0,tcp,ftp_data,SF,6601,0,0,0,0,0,0,1,0,0,0,0,0,0,0,0,0,0,19,20,0.0,0.0,0.0,0.0,1.0,0.0,0.1,113,74,0.46,0.05,0.46,0.03,0.0,0.0,0.0,0.0,0
0,tcp,http,SF,226,1489,0,0,0,0,0,1,0,0,0,0,0,0,0,0,0,0,12,12,0.0,0.0,0.0,0.0,1.0,0.0,0.0,255,255,1.0,0.0,0.0,0.0,0.0,0.0,0.0,0.0,0
0,tcp,http,SF,355,657,0,0,0,0,0,1,0,0,0,0,0,0,0,0,0,0,16,16,0.0,0.0,0.0,0.0,1.0,0.0,0.0,255,255,1.0,0.0,0.0,0.0,0.0,0.0,0.0,0.0,0
0,udp,private,SF,105,147,0,0,0,0,0,0,0,0,0,0,0,0,0,0,0,0,7,1,0.0,0.0,0.0,0.0,0.14,0.29,0.0,255,239,0.94,0.01,0.0,0.0,0.0,0.0,0.0,0.0,0
0,tcp,http,SF,216,1856,0,0,0,0,0,1,0,0,0,0,0,0,0,0,0,0,26,26,0.0,0.0,0.0,0.0,1.0,0.0,0.0,255,255,1.0,0.0,0.0,0.0,0.0,0.0,0.0,0.0,0
1,tcp,finger,SF,10,139,0,0,0,0,0,0,0,0,0,0,0,0,0,0,0,0,2,1,0.0,0.0,0.0,0.0,0.5,1.0,0.0,252,17,0.07,0.02,0.0,0.0,0.0,0.0,0.0,0.0,0
0,udp,domain_u,SF,45,45,0,0,0,0,0,0,0,0,0,0,0,0,0,0,0,0,134,134,0.0,0.0,0.0,0.0,1.0,0.0,0.0,255,255,1.0,0.0,0.01,0.0,0.0,0.0,0.0,0.0,0
0,tcp,smtp,SF,988,329,0,0,0,0,0,1,0,0,0,0,0,0,0,0,0,0,1,4,0.0,0.0,0.0,0.0,1.0,0.0,1.0,219,169,0.77,0.02,0.0,0.0,0.0,0.0,0.0,0.0,0
0,tcp,http,SF,313,1508,0,0,0,0,0,1,0,0,0,0,0,0,0,0,0,0,3,3,0.0,0.0,0.0,0.0,1.0,0.0,0.0,70,255,1.0,0.0,0.01,0.04,0.01,0.0,0.0,0.0,0
0,tcp,finger,SF,10,218,0,0,0,0,0,0,0,0,0,0,0,0,0,0,0,0,1,1,0.0,0.0,0.0,0.0,1.0,0.0,0.0,18,4,0.22,0.17,0.06,0.0,0.0,0.0,0.0,0.0,0
0,tcp,http,SF,338,283,0,0,0,0,0,1,0,0,0,0,0,0,0,0,0,0,2,2,0.0,0.0,0.0,0.0,1.0,0.0,0.0,255,240,0.94,0.01,0.0,0.0,0.0,0.0,0.0,0.0,0
0,tcp,ftp_data,SF,854,0,0,0,0,0,0,0,0,0,0,0,0,0,0,0,0,0,1,1,0.0,0.0,0.0,0.0,1.0,0.0,0.0,190,71,0.22,0.02,0.22,0.03,0.0,0.0,0.0,0.0,0
0,tcp,http,SF,298,2944,0,0,0,0,0,1,0,0,0,0,0,0,0,0,0,0,9,9,0.0,0.0,0.0,0.0,1.0,0.0,0.0,255,255,1.0,0.0,0.0,0.0,0.0,0.0,0.0,0.0,0
0,tcp,ftp_data,SF,334,0,0,0,0,0,0,1,0,0,0,0,0,0,0,0,0,0,2,2,0.0,0.0,0.0,0.0,1.0,0.0,0.0,255,71,0.28,0.13,0.38,0.0,0.02,0.01,0.0,0.0,1
0,tcp,http,SF,244,984,0,0,0,0,0,1,0,0,0,0,0,0,0,0,0,0,4,8,0.0,0.0,0.0,0.0,1.0,0.0,0.25,255,255,1.0,0.0,0.0,0.0,0.0,0.0,0.0,0.0,0
0,tcp,http,SF,314,476,0,0,0,0,0,1,0,0,0,0,0,0,0,0,0,0,6,11,0.0,0.0,0.0,0.0,1.0,0.0,0.36,6,255,1.0,0.0,0.17,0.04,0.0,0.0,0.0,0.0,0
0,tcp,http,SF,349,269,0,0,0,0,0,1,0,0,0,0,0,0,0,0,0,0,4,4,0.0,0.0,0.0,0.0,1.0,0.0,0.0,110,255,1.0,0.0,0.01,0.04,0.0,0.01,0.0,0.0,0
2,tcp,smtp,SF,920,334,0,0,0,0,0,1,0,0,0,0,0,0,0,0,0,0,1,1,0.0,0.0,0.0,0.0,1.0,0.0,0.0,95,191,0.66,0.05,0.01,0.01,0.0,0.0,0.0,0.0,0
0,tcp,http,SF,197,1410,0,0,0,0,0,1,0,0,0,0,0,0,0,0,0,0,2,17,0.0,0.0,0.0,0.0,1.0,0.0,0.12,255,255,1.0,0.0,0.0,0.0,0.0,0.0,0.0,0.0,0
0,tcp,smtp,SF,729,330,0,0,0,0,0,1,0,0,0,0,0,0,0,0,0,0,1,1,0.0,0.0,0.0,0.0,1.0,0.0,0.0,255,151,0.59,0.02,0.0,0.0,0.0,0.0,0.0,0.0,0
0,tcp,http,SF,223,18942,0,0,0,0,0,1,0,0,0,0,0,0,0,0,0,0,4,21,0.0,0.0,0.0,0.0,1.0,0.0,0.19,255,255,1.0,0.0,0.0,0.0,0.0,0.0,0.0,0.0,0
1,tcp,ftp,SF,1184,2445,0,0,0,28,0,1,0,0,0,0,0,0,0,0,0,1,1,1,0.0,0.0,0.0,0.0,1.0,0.0,0.0,255,39,0.15,0.02,0.0,0.0,0.07,0.0,0.0,0.0,1
0,icmp,urp_i,SF,181,0,0,0,0,0,0,0,0,0,0,0,0,0,0,0,0,0,2,1,0.0,0.0,0.0,0.0,0.5,1.0,0.0,255,103,0.4,0.01,0.51,0.0,0.0,0.0,0.0,0.0,0
4,tcp,ftp_data,SF,832,0,0,0,0,0,0,1,0,0,0,0,0,0,0,0,0,0,1,1,0.0,0.0,0.0,0.0,1.0,0.0,0.0,3,37,1.0,0.0,1.0,0.16,0.0,0.03,0.0,0.0,1
0,tcp,http,SF,207,176,0,0,0,0,0,1,0,0,0,0,0,0,0,0,0,0,17,17,0.06,0.06,0.0,0.0,1.0,0.0,0.0,17,255,1.0,0.0,0.06,0.05,0.06,0.01,0.0,0.0,0
0,tcp,http,SF,213,8135,0,0,0,0,0,1,0,0,0,0,0,0,0,0,0,0,13,13,0.0,0.0,0.0,0.0,1.0,0.0,0.0,13,255,1.0,0.0,0.08,0.07,0.0,0.0,0.0,0.0,0
0,udp,domain_u,SF,46,481,0,0,0,0,0,0,0,0,0,0,0,0,0,0,0,0,209,208,0.0,0.0,0.0,0.0,1.0,0.01,0.0,255,237,0.93,0.02,0.0,0.0,0.0,0.0,0.0,0.0,0
1,tcp,ftp,SF,1206,2449,0,0,0,28,0,1,0,0,0,0,0,0,0,0,0,1,1,1,0.0,0.0,0.0,0.0,1.0,0.0,0.0,255,97,0.38,0.02,0.0,0.0,0.0,0.0,0.0,0.0,1
0,tcp,http,SF,289,406,0,0,0,0,0,1,0,0,0,0,0,0,0,0,0,0,8,12,0.0,0.0,0.0,0.0,1.0,0.0,0.25,255,255,1.0,0.0,0.0,0.0,0.0,0.0,0.0,0.0,0
0,udp,domain_u,SF,45,45,0,0,0,0,0,0,0,0,0,0,0,0,0,0,0,0,40,40,0.0,0.0,0.0,0.0,1.0,0.0,0.0,255,255,1.0,0.0,0.01,0.0,0.0,0.0,0.0,0.0,0
0,udp,domain_u,SF,46,80,0,0,0,0,0,0,0,0,0,0,0,0,0,0,0,0,314,314,0.0,0.0,0.0,0.0,1.0,0.0,0.0,255,254,1.0,0.01,0.0,0.0,0.0,0.0,0.0,0.0,0
0,tcp,telnet,RSTO,126,179,0,0,0,1,1,0,0,0,0,0,0,0,0,0,0,0,1,1,0.0,0.0,1.0,1.0,1.0,0.0,0.0,34,34,1.0,0.0,0.03,0.0,0.06,0.06,0.94,0.94,1
0,udp,domain_u,SF,44,125,0,0,0,0,0,0,0,0,0,0,0,0,0,0,0,0,208,208,0.0,0.0,0.0,0.0,1.0,0.0,0.0,133,94,0.71,0.02,0.02,0.0,0.0,0.0,0.0,0.0,0
0,tcp,ftp_data,SF,0,7181,0,0,0,0,0,0,0,0,0,0,0,0,0,0,0,0,1,1,0.0,0.0,0.0,0.0,1.0,0.0,0.0,1,1,1.0,0.0,1.0,0.0,0.0,0.0,0.0,0.0,1
8461,udp,other,SF,147,105,0,0,0,0,0,0,0,0,0,0,0,0,0,0,0,0,7,1,0.0,0.0,0.0,0.0,0.14,0.57,0.0,255,4,0.02,0.28,0.59,0.0,0.0,0.0,0.0,0.0,0
0,tcp,http,SF,306,16751,0,0,0,0,0,1,0,0,0,0,0,0,0,0,0,0,37,48,0.0,0.0,0.0,0.0,1.0,0.0,0.08,37,255,1.0,0.0,0.03,0.02,0.0,0.0,0.0,0.0,0
0,tcp,http,SF,222,2477,0,0,0,0,0,1,0,0,0,0,0,0,0,0,0,0,10,11,0.0,0.0,0.0,0.0,1.0,0.0,0.18,50,255,1.0,0.0,0.02,0.02,0.0,0.0,0.0,0.0,0
0,tcp,ftp_data,SF,7233,0,0,0,0,0,0,1,0,0,0,0,0,0,0,0,0,0,10,10,0.0,0.0,0.0,0.0,1.0,0.0,0.0,47,26,0.47,0.11,0.47,0.08,0.0,0.0,0.0,0.0,0
0,tcp,http,SF,188,1872,0,0,0,0,0,1,0,0,0,0,0,0,0,0,0,0,24,24,0.0,0.0,0.0,0.0,1.0,0.0,0.0,96,255,1.0,0.0,0.01,0.02,0.0,0.0,0.0,0.0,0
1,tcp,smtp,SF,1017,340,0,0,0,0,0,1,0,0,0,0,1,0,0,0,0,0,1,1,0.0,0.0,0.0,0.0,1.0,0.0,0.0,138,159,0.67,0.04,0.01,0.01,0.0,0.0,0.0,0.0,0
6195,udp,other,SF,147,105,0,0,0,0,0,0,0,0,0,0,0,0,0,0,0,0,6,2,0.0,0.0,0.0,0.0,0.33,0.5,0.0,255,2,0.01,0.85,1.0,0.0,0.0,0.0,0.0,0.0,0
0,tcp,http,SF,216,333,0,0,0,0,0,1,0,0,0,0,0,0,0,0,0,0,34,34,0.0,0.0,0.0,0.0,1.0,0.0,0.0,117,255,1.0,0.0,0.01,0.03,0.0,0.0,0.0,0.0,0
0,tcp,http,SF,294,2401,0,0,0,0,0,1,0,0,0,0,0,0,0,0,0,0,9,10,0.0,0.0,0.0,0.0,1.0,0.0,0.2,255,255,1.0,0.0,0.0,0.0,0.0,0.0,0.0,0.0,0
0,udp,domain_u,SF,45,72,0,0,0,0,0,0,0,0,0,0,0,0,0,0,0,0,277,277,0.0,0.0,0.0,0.0,1.0,0.0,0.0,255,206,0.81,0.01,0.0,0.0,0.0,0.0,0.0,0.0,0
0,tcp,auth,SF,10,37,0,0,0,0,0,0,0,0,0,0,0,0,0,0,0,0,2,1,0.0,0.0,0.0,0.0,0.5,1.0,0.0,255,5,0.02,0.03,0.0,0.0,0.0,0.0,0.0,0.0,0
0,tcp,http,SF,236,267,0,0,0,0,0,1,0,0,0,0,0,0,0,0,0,0,11,15,0.0,0.0,0.0,0.0,1.0,0.0,0.27,255,255,1.0,0.0,0.0,0.0,0.0,0.0,0.0,0.0,0
0,tcp,ftp_data,SF,334,0,0,0,0,0,0,1,0,0,0,0,0,0,0,0,0,0,1,1,0.0,0.0,0.0,0.0,1.0,0.0,0.0,3,7,1.0,0.0,1.0,0.29,0.0,0.0,0.0,0.0,1
0,tcp,http,SF,340,3662,0,0,0,0,0,1,0,0,0,0,0,0,0,0,0,0,7,7,0.0,0.0,0.0,0.0,1.0,0.0,0.0,255,255,1.0,0.0,0.0,0.0,0.0,0.0,0.0,0.0,0
0,tcp,http,SF,213,4708,0,0,0,0,0,1,0,0,0,0,0,0,0,0,0,0,6,7,0.0,0.0,0.0,0.0,1.0,0.0,0.29,161,255,1.0,0.0,0.01,0.02,0.0,0.0,0.0,0.0,0
0,tcp,ftp_data,SF,26,0,0,0,0,0,0,0,0,0,0,0,0,0,0,0,0,0,1,12,0.0,0.0,0.0,0.0,1.0,0.0,0.17,255,29,0.11,0.07,0.11,0.0,0.82,0.0,0.0,0.0,0
0,tcp,ftp_data,SF,194,0,0,0,0,0,0,1,0,0,0,0,0,0,0,0,0,0,3,2,0.0,0.0,0.0,0.0,0.67,0.67,0.0,136,43,0.32,0.04,0.32,0.0,0.0,0.0,0.0,0.0,0
0,udp,domain_u,SF,45,82,0,0,0,0,0,0,0,0,0,0,0,0,0,0,0,0,206,206,0.0,0.0,0.0,0.0,1.0,0.0,0.0,255,255,1.0,0.0,0.01,0.0,0.0,0.0,0.0,0.0,0
0,tcp,http,SF,289,1900,0,0,0,0,0,1,0,0,0,0,0,0,0,0,0,0,7,7,0.0,0.0,0.0,0.0,1.0,0.0,0.0,7,255,1.0,0.0,0.14,0.04,0.0,0.0,0.0,0.0,0
0,tcp,http,SF,318,4430,0,0,0,0,0,1,0,0,0,0,0,0,0,0,0,0,4,4,0.0,0.0,0.0,0.0,1.0,0.0,0.0,4,255,1.0,0.0,0.25,0.01,0.0,0.0,0.0,0.0,0
0,tcp,http,SF,220,868,0,0,0,0,0,1,0,0,0,0,0,0,0,0,0,0,8,8,0.0,0.0,0.0,0.0,1.0,0.0,0.0,255,255,1.0,0.0,0.0,0.0,0.0,0.0,0.0,0.0,0
1190,udp,other,SF,147,105,0,0,0,0,0,0,0,0,0,0,0,0,0,0,0,0,2,2,0.0,0.0,0.0,0.0,1.0,0.0,0.0,255,3,0.01,0.73,0.9,0.0,0.0,0.0,0.0,0.0,0
0,tcp,http,SF,283,2531,0,0,0,0,0,1,0,0,0,0,0,0,0,0,0,0,5,5,0.0,0.0,0.0,0.0,1.0,0.0,0.0,255,255,1.0,0.0,0.0,0.0,0.01,0.01,0.0,0.0,0
0,tcp,finger,S0,0,0,0,0,0,0,0,0,0,0,0,0,0,0,0,0,0,0,2,2,0.5,0.5,0.0,0.0,1.0,0.0,0.0,124,17,0.06,0.04,0.02,0.12,0.01,0.06,0.0,0.0,0
0,tcp,http,S0,0,0,0,0,0,0,0,0,0,0,0,0,0,0,0,0,0,0,3,3,0.33,0.33,0.0,0.0,1.0,0.0,0.0,3,255,1.0,0.0,0.67,0.04,0.33,0.01,0.0,0.0,0
0,tcp,http,SF,256,2787,0,0,0,0,0,1,0,0,0,0,0,0,0,0,0,0,6,6,0.17,0.17,0.0,0.0,1.0,0.0,0.0,255,255,1.0,0.0,0.0,0.0,0.01,0.01,0.0,0.0,0
0,tcp,http,SF,349,1426,0,0,0,0,0,1,0,0,0,0,0,0,0,0,0,0,26,26,0.0,0.0,0.0,0.0,1.0,0.0,0.0,255,255,1.0,0.0,0.0,0.0,0.0,0.0,0.0,0.0,0
0,udp,domain_u,SF,44,129,0,0,0,0,0,0,0,0,0,0,0,0,0,0,0,0,76,156,0.0,0.0,0.0,0.0,0.99,0.03,0.01,255,254,1.0,0.01,0.0,0.0,0.0,0.0,0.0,0.0,0
0,udp,domain_u,SF,43,135,0,0,0,0,0,0,0,0,0,0,0,0,0,0,0,0,53,132,0.0,0.0,0.0,0.0,1.0,0.0,0.02,255,255,1.0,0.0,0.0,0.0,0.0,0.0,0.0,0.0,0
0,tcp,http,SF,297,1263,0,0,0,0,0,1,0,0,0,0,0,0,0,0,0,0,1,1,0.0,0.0,0.0,0.0,1.0,0.0,0.0,255,255,1.0,0.0,0.0,0.0,0.0,0.0,0.0,0.0,0
4,tcp,ftp_data,SF,2194619,0,0,0,0,0,0,1,0,0,0,0,0,0,0,0,0,0,4,2,0.0,0.0,0.0,0.0,0.5,0.5,0.0,255,53,0.21,0.35,0.21,0.0,0.0,0.0,0.0,0.0,0
0,tcp,http,SF,247,760,0,0,0,0,0,1,0,0,0,0,0,0,0,0,0,0,7,7,0.0,0.0,0.0,0.0,1.0,0.0,0.0,56,255,1.0,0.0,0.02,0.01,0.0,0.0,0.0,0.0,0
0,tcp,http,SF,389,9062,0,0,0,0,0,1,0,0,0,0,0,0,0,0,0,0,6,6,0.0,0.0,0.0,0.0,1.0,0.0,0.0,255,255,1.0,0.0,0.0,0.0,0.0,0.0,0.0,0.0,0
0,udp,domain_u,SF,43,128,0,0,0,0,0,0,0,0,0,0,0,0,0,0,0,0,64,144,0.0,0.0,0.0,0.0,1.0,0.0,0.01,255,254,1.0,0.01,0.0,0.0,0.0,0.0,0.0,0.0,0
0,udp,domain_u,SF,43,43,0,0,0,0,0,0,0,0,0,0,0,0,0,0,0,0,158,238,0.0,0.0,0.0,0.0,1.0,0.0,0.02,255,202,0.79,0.01,0.01,0.0,0.0,0.0,0.0,0.0,0
14857,tcp,telnet,SF,1253,216966,0,0,0,0,0,1,761,1,2,849,0,0,9,0,0,0,1,1,0.0,0.0,0.0,0.0,1.0,0.0,0.0,151,30,0.2,0.03,0.01,0.0,0.01,0.03,0.05,0.23,0
0,tcp,http,SF,295,771,0,0,0,0,0,1,0,0,0,0,0,0,0,0,0,0,15,15,0.0,0.0,0.0,0.0,1.0,0.0,0.0,199,255,1.0,0.0,0.01,0.02,0.0,0.0,0.0,0.0,0
0,tcp,http,SF,334,4165,0,0,0,0,0,1,0,0,0,0,0,0,0,0,0,0,9,9,0.0,0.0,0.0,0.0,1.0,0.0,0.0,118,255,1.0,0.0,0.01,0.05,0.0,0.0,0.0,0.0,0
1,tcp,smtp,SF,554,331,0,0,0,0,0,1,0,0,0,0,0,0,0,0,0,0,1,1,0.0,0.0,0.0,0.0,1.0,0.0,0.0,255,190,0.75,0.03,0.0,0.0,0.0,0.0,0.0,0.0,0
2630,udp,other,SF,145,105,0,0,0,0,0,0,0,0,0,0,0,0,0,0,0,0,1,1,0.0,0.0,0.0,0.0,1.0,0.0,0.0,255,2,0.01,0.71,1.0,0.0,0.0,0.0,0.0,0.0,0
0,tcp,ftp_data,SF,59,0,0,0,0,0,0,0,0,0,0,0,0,0,0,0,0,0,12,12,0.0,0.0,0.0,0.0,1.0,0.0,0.0,96,105,0.48,0.04,0.48,0.02,0.0,0.0,0.0,0.0,0
0,tcp,smtp,SF,1499,328,0,0,0,0,0,1,0,0,0,0,0,0,0,0,0,0,2,1,0.0,0.0,0.0,0.0,0.5,1.0,0.0,196,120,0.55,0.04,0.01,0.02,0.0,0.0,0.0,0.0,0
1,tcp,smtp,SF,941,327,0,0,0,0,0,1,0,0,0,0,0,0,0,0,0,0,2,1,0.0,0.0,0.0,0.0,0.5,1.0,0.0,133,107,0.8,0.03,0.01,0.0,0.0,0.0,0.0,0.0,0
2,tcp,ftp,SF,1202,2447,0,0,0,28,0,1,0,0,0,0,0,0,0,0,0,1,1,1,0.0,0.0,0.0,0.0,1.0,0.0,0.0,178,6,0.03,0.03,0.01,0.0,0.01,0.0,0.01,0.0,1
2,tcp,ftp,SF,1209,2449,0,0,0,28,0,1,0,0,0,0,0,0,0,0,0,1,1,1,0.0,0.0,0.0,0.0,1.0,0.0,0.0,214,42,0.2,0.02,0.0,0.0,0.0,0.0,0.01,0.0,1
0,tcp,http,SF,313,1290,0,0,0,0,0,1,0,0,0,0,0,0,0,0,0,0,31,31,0.0,0.0,0.0,0.0,1.0,0.0,0.0,31,255,1.0,0.0,0.03,0.06,0.0,0.0,0.0,0.0,0
0,udp,domain_u,SF,44,127,0,0,0,0,0,0,0,0,0,0,0,0,0,0,0,0,150,150,0.0,0.0,0.0,0.0,1.0,0.0,0.0,255,254,1.0,0.01,0.0,0.0,0.0,0.0,0.0,0.0,0
0,udp,domain_u,SF,42,74,0,0,0,0,0,0,0,0,0,0,0,0,0,0,0,0,243,244,0.0,0.0,0.0,0.0,1.0,0.0,0.01,255,200,0.78,0.01,0.0,0.0,0.0,0.0,0.0,0.0,0
0,udp,domain_u,SF,43,69,0,0,0,0,0,0,0,0,0,0,0,0,0,0,0,0,111,116,0.0,0.0,0.0,0.0,1.0,0.0,0.03,255,255,1.0,0.0,0.0,0.0,0.0,0.0,0.0,0.0,0
0,tcp,ftp_data,SF,334,0,0,0,0,0,0,1,0,0,0,0,0,0,0,0,0,0,1,1,0.0,0.0,0.0,0.0,1.0,0.0,0.0,5,38,0.6,0.4,0.6,0.16,0.0,0.0,0.0,0.0,1
0,tcp,http,SF,227,10431,0,0,0,0,0,1,0,0,0,0,0,0,0,0,0,0,1,8,0.0,0.0,0.0,0.0,1.0,0.0,0.25,6,255,1.0,0.0,0.17,0.02,0.0,0.0,0.0,0.0,0
0,tcp,ftp_data,SF,175337,0,0,0,0,0,0,0,0,0,0,0,0,0,0,0,0,0,1,1,0.0,0.0,0.0,0.0,1.0,0.0,0.0,255,90,0.35,0.02,0.35,0.0,0.0,0.0,0.0,0.0,0
4,tcp,ftp_data,SF,832,0,0,0,0,0,0,1,0,0,0,0,0,0,0,0,0,0,1,1,0.0,0.0,0.0,0.0,1.0,0.0,0.0,3,46,1.0,0.0,1.0,0.04,0.0,0.02,0.0,0.0,1
0,tcp,ftp_data,SF,334,0,0,0,0,0,0,1,0,0,0,0,0,0,0,0,0,0,2,2,0.0,0.0,0.0,0.0,1.0,0.0,0.0,2,36,1.0,0.0,1.0,0.14,0.0,0.0,0.0,0.0,1
0,udp,domain_u,SF,44,129,0,0,0,0,0,0,0,0,0,0,0,0,0,0,0,0,57,137,0.0,0.0,0.0,0.0,1.0,0.0,0.01,255,255,1.0,0.0,0.0,0.0,0.0,0.0,0.0,0.0,0
0,tcp,http,SF,218,974,0,0,0,0,0,1,0,0,0,0,0,0,0,0,0,0,6,6,0.0,0.0,0.0,0.0,1.0,0.0,0.0,6,255,1.0,0.0,0.17,0.02,0.0,0.01,0.0,0.0,0
0,tcp,http,REJ,0,0,0,0,0,0,0,0,0,0,0,0,0,0,0,0,0,0,1,1,0.0,0.0,1.0,1.0,1.0,0.0,0.0,41,255,1.0,0.0,0.02,0.1,0.0,0.0,1.0,1.0,0
0,udp,domain_u,SF,45,79,0,0,0,0,0,0,0,0,0,0,0,0,0,0,0,0,311,310,0.0,0.0,0.0,0.0,1.0,0.01,0.0,255,233,0.91,0.01,0.0,0.0,0.0,0.0,0.0,0.0,0
0,tcp,smtp,SF,250760,364,0,0,0,0,0,1,0,0,0,0,0,0,0,0,0,0,1,1,0.0,0.0,0.0,0.0,1.0,0.0,0.0,34,105,0.68,0.15,0.03,0.03,0.0,0.0,0.0,0.0,0
0,tcp,http,SF,288,1318,0,0,0,0,0,1,0,0,0,0,0,0,0,0,0,0,35,37,0.0,0.0,0.0,0.0,1.0,0.0,0.08,104,255,1.0,0.0,0.01,0.03,0.0,0.0,0.0,0.0,0
0,tcp,http,SF,299,4073,0,0,0,0,0,1,0,0,0,0,0,0,0,0,0,0,5,7,0.0,0.0,0.0,0.0,1.0,0.0,0.29,255,255,1.0,0.0,0.0,0.0,0.0,0.0,0.0,0.0,0
1,tcp,ftp,SF,1241,2449,0,0,0,28,0,1,0,0,0,0,0,0,0,0,0,1,1,1,0.0,0.0,0.0,0.0,1.0,0.0,0.0,200,28,0.14,0.03,0.0,0.0,0.0,0.0,0.01,0.0,1
0,tcp,http,SF,149,1030,0,0,0,0,0,1,0,0,0,0,0,0,0,0,0,0,1,1,0.0,0.0,0.0,0.0,1.0,0.0,0.0,4,255,1.0,0.0,0.25,0.02,0.0,0.0,0.0,0.0,0
0,tcp,http,SF,206,1555,0,0,0,0,0,1,0,0,0,0,0,0,0,0,0,0,20,20,0.0,0.0,0.0,0.0,1.0,0.0,0.0,51,255,1.0,0.0,0.02,0.03,0.02,0.0,0.0,0.0,0
0,tcp,http,SF,240,1890,0,0,0,0,0,1,0,0,0,0,0,0,0,0,0,0,2,2,0.0,0.0,0.0,0.0,1.0,0.0,0.0,255,255,1.0,0.0,0.01,0.0,0.0,0.0,0.0,0.0,0
0,tcp,http,SF,210,955,0,0,0,0,0,1,0,0,0,0,0,0,0,0,0,0,6,7,0.0,0.0,0.0,0.0,1.0,0.0,0.29,85,255,1.0,0.0,0.01,0.02,0.0,0.0,0.04,0.04,0
0,udp,domain_u,SF,45,111,0,0,0,0,0,0,0,0,0,0,0,0,0,0,0,0,38,104,0.0,0.0,0.0,0.0,1.0,0.0,0.02,255,202,0.79,0.02,0.0,0.0,0.0,0.0,0.0,0.0,0
10,udp,private,SF,105,147,0,0,0,0,0,0,0,0,0,0,0,0,0,0,0,0,2,2,0.0,0.0,0.0,0.0,1.0,0.0,0.0,210,184,0.88,0.01,0.01,0.0,0.0,0.0,0.0,0.0,0
0,tcp,http,SF,291,12334,0,0,0,0,0,1,0,0,0,0,0,0,0,0,0,0,6,12,0.0,0.0,0.0,0.0,1.0,0.0,0.33,192,255,1.0,0.0,0.01,0.01,0.0,0.0,0.0,0.0,0
0,udp,domain_u,SF,45,154,0,0,0,0,0,0,0,0,0,0,0,0,0,0,0,0,63,143,0.0,0.0,0.0,0.0,1.0,0.0,0.01,255,255,1.0,0.0,0.0,0.0,0.0,0.0,0.0,0.0,0
0,tcp,http,SF,254,801,0,0,0,0,0,1,0,0,0,0,0,0,0,0,0,0,7,7,0.0,0.0,0.0,0.0,1.0,0.0,0.0,27,255,1.0,0.0,0.04,0.02,0.0,0.0,0.0,0.0,0
0,tcp,http,SF,303,437,0,0,0,0,0,1,0,0,0,0,0,0,0,0,0,0,13,13,0.0,0.0,0.0,0.0,1.0,0.0,0.0,255,255,1.0,0.0,0.0,0.0,0.0,0.0,0.0,0.0,0
0,tcp,http,SF,219,608,0,0,0,0,0,1,0,0,0,0,0,0,0,0,0,0,16,16,0.0,0.0,0.0,0.0,1.0,0.0,0.0,255,255,1.0,0.0,0.0,0.0,0.0,0.0,0.0,0.0,0
0,tcp,http,SF,235,7886,0,0,0,0,0,1,0,0,0,0,0,0,0,0,0,0,15,15,0.0,0.0,0.0,0.0,1.0,0.0,0.0,16,255,1.0,0.0,0.06,0.04,0.0,0.0,0.0,0.0,0
0,tcp,http,SF,350,431,0,0,0,0,0,1,0,0,0,0,0,0,0,0,0,0,4,21,0.0,0.0,0.0,0.0,1.0,0.0,0.14,255,255,1.0,0.0,0.0,0.0,0.0,0.0,0.0,0.0,0
1,tcp,ftp,SF,1242,2449,0,0,0,28,0,1,0,0,0,0,0,0,0,0,0,1,1,1,0.0,0.0,0.0,0.0,1.0,0.0,0.0,255,63,0.25,0.02,0.0,0.0,0.0,0.0,0.0,0.0,1
0,tcp,ftp,SF,1235,2449,0,0,0,28,0,1,0,0,0,0,0,0,0,0,0,1,1,1,0.0,0.0,0.0,0.0,1.0,0.0,0.0,192,20,0.1,0.03,0.01,0.0,0.01,0.0,0.01,0.0,1
0,tcp,http,SF,249,564,0,0,0,0,0,1,0,0,0,0,0,0,0,0,0,0,16,16,0.0,0.0,0.0,0.0,1.0,0.0,0.0,82,255,1.0,0.0,0.01,0.04,0.0,0.0,0.0,0.0,0
3,tcp,smtp,SF,1623,330,0,0,0,0,0,1,0,0,0,0,0,0,0,0,0,0,1,2,0.0,0.0,0.0,0.0,1.0,0.0,1.0,26,17,0.65,0.12,0.04,0.0,0.0,0.0,0.0,0.0,0
0,tcp,http,REJ,0,0,0,0,0,0,0,0,0,0,0,0,0,0,0,0,0,0,1,1,0.0,0.0,1.0,1.0,1.0,0.0,0.0,6,255,1.0,0.0,0.17,0.15,0.0,0.0,1.0,0.82,0
55,tcp,ftp_data,SF,7767,0,0,0,0,0,0,1,0,0,0,0,0,0,0,0,0,0,1,1,0.0,0.0,0.0,0.0,1.0,0.0,0.0,209,4,0.02,0.52,0.02,0.0,0.0,0.0,0.0,0.0,0
0,tcp,http,SF,221,321,0,0,0,0,0,1,0,0,0,0,0,0,0,0,0,0,8,8,0.0,0.0,0.0,0.0,1.0,0.0,0.0,255,255,1.0,0.0,0.0,0.0,0.0,0.0,0.0,0.0,0
0,tcp,http,REJ,0,0,0,0,0,0,0,0,0,0,0,0,0,0,0,0,0,0,1,1,0.0,0.0,1.0,1.0,1.0,0.0,0.0,17,44,1.0,0.0,0.06,0.25,0.0,0.0,1.0,1.0,0
0,udp,other,SF,516,4,0,0,0,0,0,0,0,0,0,0,0,0,0,0,0,0,451,451,0.0,0.0,0.0,0.0,1.0,0.0,0.0,255,255,1.0,0.0,1.0,0.0,0.0,0.0,0.0,0.0,0
0,tcp,http,SF,323,310,0,0,0,0,0,1,0,0,0,0,0,0,0,0,0,0,21,21,0.0,0.0,0.0,0.0,1.0,0.0,0.0,116,255,1.0,0.0,0.01,0.02,0.0,0.0,0.19,0.33,0
2,tcp,ftp,SF,1194,2447,0,0,0,28,0,1,0,0,0,0,0,0,0,0,0,1,1,1,0.0,0.0,0.0,0.0,1.0,0.0,0.0,255,103,0.4,0.02,0.0,0.0,0.0,0.0,0.01,0.0,1
0,tcp,http,SF,296,545,0,0,0,0,0,1,0,0,0,0,0,0,0,0,0,0,5,5,0.0,0.0,0.0,0.0,1.0,0.0,0.0,5,255,1.0,0.0,0.2,0.1,0.0,0.0,0.0,0.0,0
0,tcp,ftp_data,SF,4892,0,0,0,0,0,0,0,0,0,0,0,0,0,0,0,0,0,18,18,0.0,0.0,0.0,0.0,1.0,0.0,0.0,156,48,0.31,0.04,0.31,0.0,0.0,0.0,0.0,0.0,0
3,tcp,smtp,SF,1826,363,0,0,0,0,0,1,0,0,0,0,0,0,0,0,0,0,2,2,0.0,0.0,0.0,0.0,1.0,0.0,0.0,52,192,0.71,0.08,0.02,0.02,0.0,0.0,0.0,0.0,0
0,tcp,http,SF,363,961,0,0,0,0,0,1,0,0,0,0,0,0,0,0,0,0,11,12,0.0,0.0,0.0,0.0,1.0,0.0,0.17,112,254,1.0,0.0,0.01,0.02,0.02,0.01,0.0,0.0,0
0,tcp,http,SF,198,175,0,0,0,0,0,1,0,0,0,0,0,0,0,0,0,0,16,16,0.0,0.0,0.0,0.0,1.0,0.0,0.0,16,255,1.0,0.0,0.06,0.02,0.0,0.0,0.0,0.0,0
0,udp,domain_u,SF,45,128,0,0,0,0,0,0,0,0,0,0,0,0,0,0,0,0,77,155,0.0,0.0,0.0,0.0,1.0,0.0,0.01,253,133,0.53,0.02,0.0,0.0,0.0,0.0,0.0,0.0,0
0,icmp,urp_i,SF,78,0,0,0,0,0,0,0,0,0,0,0,0,0,0,0,0,0,41,1,0.0,0.0,0.0,0.0,0.02,0.05,0.0,255,17,0.07,0.01,0.07,0.0,0.0,0.0,0.0,0.0,0
5055,tcp,ftp_data,SF,5135678,0,0,0,0,3,0,1,0,0,0,0,0,0,0,0,0,0,1,1,0.0,0.0,0.0,0.0,1.0,0.0,0.0,2,42,1.0,0.0,1.0,0.1,0.0,0.0,0.0,0.0,1
0,udp,domain_u,SF,45,144,0,0,0,0,0,0,0,0,0,0,0,0,0,0,0,0,49,129,0.0,0.0,0.0,0.0,0.98,0.04,0.02,255,226,0.89,0.01,0.0,0.0,0.0,0.0,0.0,0.0,0
0,tcp,telnet,RSTO,125,179,0,0,0,1,1,0,0,0,0,0,0,0,0,0,0,0,1,1,0.0,0.0,1.0,1.0,1.0,0.0,0.0,4,4,1.0,0.0,0.25,0.0,0.25,0.25,0.75,0.75,1
0,tcp,smtp,SF,923,332,0,0,0,0,0,1,0,0,0,0,0,0,0,0,0,0,1,1,0.0,0.0,0.0,0.0,1.0,0.0,0.0,42,165,0.6,0.12,0.02,0.01,0.0,0.01,0.0,0.0,0
0,tcp,smtp,SF,1626,334,0,0,0,0,0,1,0,0,0,0,0,0,0,0,0,0,1,1,0.0,0.0,0.0,0.0,1.0,0.0,0.0,6,38,0.67,0.33,0.17,0.05,0.0,0.0,0.0,0.0,0
0,tcp,ftp_data,SF,15876,0,0,0,0,0,0,0,0,0,0,0,0,0,0,0,0,0,16,16,0.0,0.0,0.0,0.0,1.0,0.0,0.0,201,92,0.46,0.03,0.46,0.0,0.0,0.0,0.0,0.0,0
0,tcp,ftp_data,SF,334,0,0,0,0,0,0,1,0,0,0,0,0,0,0,0,0,0,1,1,0.0,0.0,0.0,0.0,1.0,0.0,0.0,8,35,1.0,0.0,1.0,0.09,0.0,0.0,0.0,0.0,1
0,tcp,http,SF,294,15864,0,0,0,0,0,1,0,0,0,0,0,0,0,0,0,0,4,4,0.0,0.0,0.0,0.0,1.0,0.0,0.0,4,255,1.0,0.0,0.25,0.03,0.0,0.0,0.0,0.0,0
0,tcp,http,SF,246,497,0,0,0,0,0,1,0,0,0,0,0,0,0,0,0,0,2,2,0.0,0.0,0.0,0.0,1.0,0.0,0.0,4,255,1.0,0.0,0.25,0.02,0.25,0.0,0.0,0.0,0
0,tcp,http,SF,198,6026,0,0,0,0,0,1,0,0,0,0,0,0,0,0,0,0,2,31,0.0,0.0,0.0,0.0,1.0,0.0,0.1,12,255,1.0,0.0,0.08,0.04,0.0,0.0,0.0,0.0,0
0,tcp,http,SF,247,608,0,0,0,0,0,1,0,0,0,0,0,0,0,0,0,0,11,11,0.0,0.0,0.0,0.0,1.0,0.0,0.0,255,255,1.0,0.0,0.0,0.0,0.0,0.0,0.0,0.0,0
0,tcp,ftp_data,SF,334,0,0,0,0,0,0,1,0,0,0,0,0,0,0,0,0,0,1,1,0.0,0.0,0.0,0.0,1.0,0.0,0.0,11,40,0.82,0.18,0.82,0.12,0.0,0.0,0.0,0.0,1
0,udp,other,SF,147,0,0,0,0,0,0,0,0,0,0,0,0,0,0,0,0,0,3,1,0.0,0.0,0.0,0.0,0.33,0.67,0.0,255,3,0.01,0.81,1.0,0.0,0.0,0.0,0.0,0.0,0
0,tcp,http,SF,166,14553,0,0,0,0,0,1,0,0,0,0,0,0,0,0,0,0,1,1,0.0,0.0,0.0,0.0,1.0,0.0,0.0,1,255,1.0,0.0,1.0,0.05,0.0,0.0,0.0,0.0,0
0,tcp,http,SF,360,4425,0,0,0,0,0,1,0,0,0,0,0,0,0,0,0,0,4,5,0.0,0.0,0.0,0.0,1.0,0.0,0.4,255,255,1.0,0.0,0.0,0.0,0.0,0.0,0.0,0.0,0
0,tcp,smtp,SF,827,334,0,0,0,0,0,1,0,0,0,0,0,0,0,0,0,0,1,1,0.0,0.0,0.0,0.0,1.0,0.0,0.0,28,217,1.0,0.0,0.04,0.01,0.0,0.0,0.0,0.0,0
0,tcp,http,SF,162,525,0,0,0,0,0,1,0,0,0,0,0,0,0,0,0,0,1,1,0.0,0.0,0.0,0.0,1.0,0.0,0.0,1,255,1.0,0.0,1.0,0.05,0.0,0.0,0.0,0.0,0
0,tcp,http,SF,306,2239,0,0,0,0,0,1,0,0,0,0,0,0,0,0,0,0,2,2,0.0,0.0,0.0,0.0,1.0,0.0,0.0,208,199,0.96,0.02,0.0,0.0,0.0,0.0,0.0,0.0,0
0,udp,domain_u,SF,44,154,0,0,0,0,0,0,0,0,0,0,0,0,0,0,0,0,206,283,0.0,0.0,0.0,0.0,1.0,0.01,0.01,208,169,0.81,0.01,0.0,0.0,0.0,0.0,0.0,0.0,0
0,tcp,http,SF,197,1349,0,0,0,0,0,1,0,0,0,0,0,0,0,0,0,0,31,33,0.0,0.0,0.0,0.0,1.0,0.0,0.09,255,255,1.0,0.0,0.0,0.0,0.0,0.0,0.0,0.0,0
0,tcp,imap4,SH,0,0,0,0,0,0,0,0,0,0,0,0,0,0,0,0,0,0,1,160,1.0,0.58,0.0,0.03,1.0,0.0,0.28,1,1,1.0,0.0,1.0,0.0,1.0,1.0,0.0,0.0,1
0,tcp,http,SF,166,4360,0,0,0,0,0,1,0,0,0,0,0,0,0,0,0,0,1,1,0.0,0.0,0.0,0.0,1.0,0.0,0.0,11,255,1.0,0.0,0.09,0.05,0.0,0.0,0.0,0.0,0
10,tcp,smtp,SF,1613,326,0,0,0,0,0,1,0,0,0,0,0,0,0,0,0,0,1,2,0.0,0.0,0.0,0.0,1.0,0.0,1.0,147,111,0.76,0.03,0.01,0.0,0.0,0.0,0.0,0.0,0
0,tcp,http,SF,375,2655,0,0,0,0,0,1,0,0,0,0,0,0,0,0,0,0,10,11,0.0,0.0,0.0,0.0,1.0,0.0,0.18,255,255,1.0,0.0,0.0,0.0,0.0,0.0,0.0,0.0,0
0,tcp,http,SF,267,1343,0,0,0,0,0,1,0,0,0,0,0,0,0,0,0,0,16,17,0.0,0.0,0.0,0.0,1.0,0.0,0.12,255,255,1.0,0.0,0.0,0.0,0.0,0.0,0.0,0.0,0
0,tcp,http,SF,460,7055,0,0,0,0,0,1,0,0,0,0,0,0,0,0,0,0,3,3,0.0,0.0,0.0,0.0,1.0,0.0,0.0,255,255,1.0,0.0,0.0,0.0,0.0,0.0,0.0,0.0,0
0,tcp,http,SF,229,1221,0,0,0,0,0,1,0,0,0,0,0,0,0,0,0,0,2,2,0.0,0.0,0.0,0.0,1.0,0.0,0.0,6,255,1.0,0.0,0.17,0.06,0.0,0.0,0.0,0.0,0
0,tcp,imap4,SH,0,0,0,0,0,0,0,0,0,0,0,0,0,0,0,0,0,0,2,161,1.0,0.58,0.0,0.03,1.0,0.0,0.28,2,2,1.0,0.0,1.0,0.0,1.0,1.0,0.0,0.0,1
0,udp,domain_u,SF,42,135,0,0,0,0,0,0,0,0,0,0,0,0,0,0,0,0,78,158,0.0,0.0,0.0,0.0,1.0,0.0,0.01,255,255,1.0,0.0,0.0,0.0,0.0,0.0,0.0,0.0,0
0,tcp,ftp_data,SF,334,0,0,0,0,0,0,1,0,0,0,0,0,0,0,0,0,0,2,2,0.0,0.0,0.0,0.0,1.0,0.0,0.0,4,15,1.0,0.0,1.0,0.2,0.0,0.0,0.0,0.0,1
0,tcp,http,SF,304,9067,0,0,0,0,0,1,0,0,0,0,0,0,0,0,0,0,6,6,0.0,0.0,0.0,0.0,1.0,0.0,0.0,6,255,1.0,0.0,0.17,0.03,0.0,0.0,0.0,0.0,0
1315,udp,domain_u,SF,110,28,0,0,0,0,0,0,0,0,0,0,0,0,0,0,0,0,2,2,0.0,0.0,0.0,0.0,1.0,0.0,0.0,23,16,0.7,0.09,0.3,0.0,0.0,0.0,0.0,0.0,0
0,tcp,http,SF,167,11766,0,0,0,0,0,1,0,0,0,0,0,0,0,0,0,0,4,8,0.0,0.0,0.0,0.0,1.0,0.0,0.25,82,255,1.0,0.0,0.01,0.02,0.0,0.0,0.0,0.0,0
0,tcp,http,SF,225,9921,0,0,0,0,0,1,0,0,0,0,0,0,0,0,0,0,13,13,0.0,0.0,0.0,0.0,1.0,0.0,0.0,33,255,1.0,0.0,0.03,0.05,0.0,0.0,0.0,0.0,0
0,tcp,http,RSTO,0,0,0,0,0,0,0,1,0,0,0,0,0,0,0,0,0,0,1,2,0.0,0.0,1.0,1.0,1.0,0.0,1.0,255,248,0.97,0.01,0.0,0.0,0.0,0.0,0.01,0.01,0
15157,tcp,ftp,SF,355,1191,0,0,0,5,0,1,0,0,0,0,0,0,0,0,0,1,1,1,0.0,0.0,0.0,0.0,1.0,0.0,0.0,255,141,0.55,0.02,0.0,0.0,0.0,0.0,0.0,0.0,1
0,tcp,http,SF,224,5756,0,0,0,0,0,1,0,0,0,0,0,0,0,0,0,0,2,2,0.0,0.0,0.0,0.0,1.0,0.0,0.0,15,255,1.0,0.0,0.07,0.03,0.0,0.0,0.0,0.0,0
0,udp,domain_u,SF,39,99,0,0,0,0,0,0,0,0,0,0,0,0,0,0,0,0,1,1,0.0,0.0,0.0,0.0,1.0,0.0,0.0,255,245,0.96,0.01,0.0,0.0,0.0,0.0,0.0,0.0,0
0,tcp,http,SF,172,15514,0,0,0,0,0,1,0,0,0,0,0,0,0,0,0,0,5,5,0.0,0.0,0.0,0.0,1.0,0.0,0.0,76,255,1.0,0.0,0.01,0.02,0.0,0.0,0.0,0.0,0
5042,tcp,ftp_data,SF,0,5129964,0,0,0,0,0,0,0,0,0,0,0,0,0,0,0,0,1,1,0.0,0.0,0.0,0.0,1.0,0.0,0.0,255,64,0.25,0.02,0.0,0.0,0.72,0.83,0.0,0.0,0
0,tcp,http,REJ,0,0,0,0,0,0,0,0,0,0,0,0,0,0,0,0,0,0,1,1,0.0,0.0,1.0,1.0,1.0,0.0,0.0,10,108,1.0,0.0,0.1,0.24,0.0,0.0,1.0,1.0,0
0,tcp,http,SF,205,313,0,0,0,0,0,1,0,0,0,0,0,0,0,0,0,0,40,40,0.0,0.0,0.0,0.0,1.0,0.0,0.0,255,255,1.0,0.0,0.0,0.0,0.0,0.0,0.05,0.05,0
0,tcp,http,SF,219,1826,0,0,0,0,0,1,0,0,0,0,0,0,0,0,0,0,2,4,0.0,0.0,0.0,0.0,1.0,0.0,0.5,18,255,1.0,0.0,0.06,0.01,0.0,0.0,0.0,0.0,0
0,tcp,http,REJ,0,0,0,0,0,0,0,0,0,0,0,0,0,0,0,0,0,0,1,1,0.0,0.0,1.0,1.0,1.0,0.0,0.0,91,219,1.0,0.0,0.01,0.14,0.0,0.0,1.0,1.0,0
0,tcp,http,SF,351,1483,0,0,0,0,0,1,0,0,0,0,0,0,0,0,0,0,5,21,0.0,0.0,0.0,0.0,1.0,0.0,0.1,255,255,1.0,0.0,0.0,0.0,0.0,0.0,0.0,0.0,0
0,tcp,http,REJ,0,0,0,0,0,0,0,0,0,0,0,0,0,0,0,0,0,0,1,1,0.0,0.0,1.0,1.0,1.0,0.0,0.0,11,121,1.0,0.0,0.09,0.07,0.0,0.0,1.0,0.6,0
129,tcp,telnet,SF,204,30066,0,0,0,0,0,1,1,1,0,3,0,0,0,0,0,0,1,1,0.0,0.0,0.0,0.0,1.0,0.0,0.0,1,3,1.0,0.0,1.0,1.0,0.0,0.0,0.0,0.0,0
0,udp,domain_u,SF,33,88,0,0,0,0,0,0,0,0,0,0,0,0,0,0,0,0,4,4,0.0,0.0,0.0,0.0,1.0,0.0,0.0,255,253,0.99,0.01,0.0,0.0,0.0,0.0,0.0,0.0,0
1,tcp,smtp,SF,1350,333,0,0,0,0,0,1,0,0,0,0,0,0,0,0,0,0,1,3,0.0,0.0,0.0,0.0,1.0,0.0,1.0,173,137,0.51,0.02,0.01,0.01,0.0,0.0,0.03,0.05,0
0,udp,domain_u,SF,44,114,0,0,0,0,0,0,0,0,0,0,0,0,0,0,0,0,180,182,0.0,0.0,0.0,0.0,1.0,0.0,0.01,255,230,0.9,0.01,0.0,0.0,0.0,0.0,0.0,0.0,0
0,tcp,http,SF,303,4360,0,0,0,0,0,1,0,0,0,0,0,0,0,0,0,0,3,3,0.0,0.0,0.0,0.0,1.0,0.0,0.0,8,255,1.0,0.0,0.12,0.05,0.0,0.0,0.0,0.0,0
0,tcp,http,SF,211,662,0,0,0,0,0,1,0,0,0,0,0,0,0,0,0,0,1,1,0.0,0.0,0.0,0.0,1.0,0.0,0.0,1,255,1.0,0.0,1.0,0.05,0.0,0.0,0.0,0.0,0
0,tcp,smtp,SF,682,315,0,0,0,1,0,1,0,0,0,0,0,0,0,0,0,0,1,1,0.0,0.0,0.0,0.0,1.0,0.0,0.0,153,92,0.34,0.03,0.01,0.02,0.01,0.01,0.0,0.0,0
0,tcp,http,S2,162,0,0,0,0,2,0,1,0,0,0,0,0,0,0,0,0,0,1,1,1.0,1.0,0.0,0.0,1.0,0.0,0.0,26,255,1.0,0.0,0.04,0.04,0.04,0.01,0.0,0.01,0
0,tcp,smtp,SF,947,330,0,0,0,0,0,1,0,0,0,0,0,0,0,0,0,0,1,1,0.0,0.0,0.0,0.0,1.0,0.0,0.0,53,179,0.87,0.06,0.02,0.01,0.0,0.0,0.0,0.0,0
0,tcp,ftp_data,SF,641,0,0,0,0,0,0,1,0,0,0,0,0,0,0,0,0,0,2,2,0.0,0.0,0.0,0.0,1.0,0.0,0.0,61,64,0.08,0.05,0.08,0.03,0.0,0.25,0.0,0.0,0
0,tcp,http,SF,216,392,0,0,0,0,0,1,0,0,0,0,0,0,0,0,0,0,31,35,0.0,0.0,0.0,0.0,1.0,0.0,0.11,255,255,1.0,0.0,0.0,0.0,0.0,0.0,0.0,0.0,0
0,tcp,http,SF,324,1564,0,0,0,0,0,1,0,0,0,0,0,0,0,0,0,0,7,7,0.0,0.0,0.0,0.0,1.0,0.0,0.0,255,255,1.0,0.0,0.0,0.0,0.0,0.0,0.0,0.0,0
1,tcp,ftp,SF,1228,2449,0,0,0,28,0,1,0,0,0,0,0,0,0,0,0,1,1,1,0.0,0.0,0.0,0.0,1.0,0.0,0.0,107,5,0.05,0.06,0.01,0.0,0.02,0.0,0.07,0.0,1
0,tcp,http,SF,203,2108,0,0,0,0,0,1,0,0,0,0,0,0,0,0,0,0,9,15,0.0,0.0,0.0,0.0,1.0,0.0,0.27,60,255,1.0,0.0,0.02,0.01,0.0,0.0,0.0,0.0,0
1,tcp,smtp,SF,888,335,0,0,0,0,0,1,0,0,0,0,0,0,0,0,0,0,1,3,0.0,0.33,0.0,0.0,1.0,0.0,0.67,57,119,0.21,0.05,0.02,0.02,0.0,0.0,0.0,0.0,0
1,tcp,ftp,SF,1119,2443,0,0,0,28,0,1,0,0,0,0,0,0,0,0,0,1,1,1,0.0,0.0,0.0,0.0,1.0,0.0,0.0,255,139,0.55,0.02,0.0,0.0,0.0,0.0,0.0,0.0,1
0,tcp,ftp_data,SF,334,0,0,0,0,0,0,1,0,0,0,0,0,0,0,0,0,0,2,2,0.0,0.0,0.0,0.0,1.0,0.0,0.0,2,9,1.0,0.0,1.0,0.22,0.0,0.0,0.0,0.11,1
0,udp,domain_u,SF,45,133,0,0,0,0,0,0,0,0,0,0,0,0,0,0,0,0,73,153,0.0,0.0,0.0,0.0,1.0,0.0,0.01,255,255,1.0,0.0,0.0,0.0,0.0,0.0,0.0,0.0,0
0,tcp,http,REJ,0,0,0,0,0,0,0,0,0,0,0,0,0,0,0,0,0,0,1,1,0.0,0.0,1.0,1.0,1.0,0.0,0.0,7,255,1.0,0.0,0.14,0.07,0.0,0.0,1.0,0.46,0
0,udp,domain_u,SF,46,46,0,0,0,0,0,0,0,0,0,0,0,0,0,0,0,0,276,276,0.0,0.0,0.0,0.0,1.0,0.0,0.0,255,242,0.95,0.01,0.0,0.0,0.0,0.0,0.0,0.0,0
1,tcp,ftp,SF,1158,2443,0,0,0,28,0,1,0,0,0,0,0,0,0,0,0,1,1,1,0.0,0.0,0.0,0.0,1.0,0.0,0.0,231,59,0.26,0.02,0.0,0.0,0.0,0.0,0.01,0.0,1
0,tcp,http,SF,216,1230,0,0,0,0,0,1,0,0,0,0,0,0,0,0,0,0,10,10,0.0,0.0,0.0,0.0,1.0,0.0,0.0,10,255,1.0,0.0,0.1,0.01,0.0,0.0,0.0,0.0,0
0,tcp,http,SF,313,29165,0,0,0,0,0,1,0,0,0,0,0,0,0,0,0,0,1,2,0.0,0.0,0.0,0.0,1.0,0.0,1.0,1,255,1.0,0.0,1.0,0.04,0.0,0.0,0.0,0.0,0
3,tcp,smtp,SF,826,331,0,0,0,0,0,1,0,0,0,0,0,0,0,0,0,0,1,2,0.0,0.0,0.0,0.0,1.0,0.0,1.0,105,64,0.61,0.04,0.01,0.0,0.0,0.0,0.0,0.0,0
0,tcp,http,SF,303,4823,0,0,0,0,0,1,0,0,0,0,0,0,0,0,0,0,27,38,0.04,0.03,0.0,0.0,1.0,0.0,0.05,255,255,1.0,0.0,0.0,0.0,0.0,0.0,0.0,0.0,0
22,tcp,ftp,SF,341,1072,0,0,0,6,0,1,0,0,0,0,0,0,0,0,0,1,1,1,0.0,0.0,0.0,0.0,1.0,0.0,0.0,1,1,1.0,0.0,1.0,0.0,0.0,0.0,0.0,0.0,0
0,tcp,ftp,SF,1229,2451,0,0,0,28,0,1,0,0,0,0,0,0,0,0,0,1,1,1,0.0,0.0,0.0,0.0,1.0,0.0,0.0,255,54,0.21,0.02,0.0,0.0,0.01,0.0,0.0,0.0,1
0,tcp,http,SF,354,1425,0,0,0,0,0,1,0,0,0,0,0,0,0,0,0,0,2,6,0.0,0.0,0.0,0.0,1.0,0.0,0.33,3,135,1.0,0.0,0.33,0.02,0.0,0.0,0.0,0.0,0
0,tcp,ftp_data,SF,334,0,0,0,0,0,0,1,0,0,0,0,0,0,0,0,0,0,1,1,0.0,0.0,0.0,0.0,1.0,0.0,0.0,7,17,1.0,0.0,1.0,0.24,0.0,0.0,0.0,0.0,1
0,tcp,http,SF,241,307,0,0,0,0,0,1,0,0,0,0,0,0,0,0,0,0,3,6,0.0,0.0,0.0,0.0,1.0,0.0,0.33,3,255,1.0,0.0,0.33,0.03,0.0,0.0,0.0,0.0,0
0,tcp,http,SF,323,397,0,0,0,0,0,1,0,0,0,0,0,0,0,0,0,0,4,5,0.0,0.0,0.0,0.0,1.0,0.0,0.4,167,255,1.0,0.0,0.01,0.02,0.0,0.01,0.02,0.04,0
0,tcp,http,SF,299,1912,0,0,0,0,0,1,0,0,0,0,0,0,0,0,0,0,10,11,0.0,0.0,0.0,0.0,1.0,0.0,0.18,38,255,1.0,0.0,0.03,0.04,0.0,0.01,0.0,0.0,0
0,tcp,http,SF,222,248,0,0,0,0,0,1,0,0,0,0,0,0,0,0,0,0,30,31,0.0,0.0,0.0,0.0,1.0,0.0,0.06,119,255,1.0,0.0,0.01,0.04,0.0,0.0,0.0,0.0,0
0,tcp,http,SF,220,2193,0,0,0,0,0,1,0,0,0,0,0,0,0,0,0,0,8,8,0.0,0.0,0.0,0.0,1.0,0.0,0.0,62,255,1.0,0.0,0.02,0.02,0.0,0.0,0.0,0.0,0
27,tcp,ftp,SF,290,903,0,0,0,5,0,1,0,0,0,0,0,0,0,0,0,1,2,1,0.0,0.0,0.0,0.0,0.5,1.0,0.0,19,1,0.05,0.26,0.05,0.0,0.0,0.0,0.0,0.0,0
0,tcp,http,SF,213,3224,0,0,0,0,0,1,0,0,0,0,0,0,0,0,0,0,15,15,0.0,0.0,0.0,0.0,1.0,0.0,0.0,15,255,1.0,0.0,0.07,0.03,0.0,0.0,0.0,0.0,0
0,tcp,http,SF,249,2233,0,0,0,0,0,1,0,0,0,0,0,0,0,0,0,0,3,3,0.0,0.0,0.0,0.0,1.0,0.0,0.0,255,255,1.0,0.0,0.0,0.0,0.0,0.0,0.0,0.0,0
0,tcp,http,SF,217,5575,0,0,0,0,0,1,0,0,0,0,0,0,0,0,0,0,36,36,0.0,0.0,0.0,0.0,1.0,0.0,0.0,255,255,1.0,0.0,0.0,0.0,0.0,0.0,0.0,0.0,0
0,tcp,ftp_data,SF,334,0,0,0,0,0,0,1,0,0,0,0,0,0,0,0,0,0,1,1,0.0,0.0,0.0,0.0,1.0,0.0,0.0,3,38,0.33,0.67,0.33,0.16,0.0,0.0,0.0,0.0,1
0,tcp,http,SF,203,6534,0,0,0,0,0,1,0,0,0,0,0,0,0,0,0,0,25,25,0.0,0.0,0.0,0.0,1.0,0.0,0.0,255,255,1.0,0.0,0.0,0.0,0.0,0.0,0.0,0.0,0
0,tcp,http,SF,232,458,0,0,0,0,0,1,0,0,0,0,0,0,0,0,0,0,2,16,0.0,0.0,0.0,0.0,1.0,0.0,0.38,5,255,1.0,0.0,0.2,0.1,0.0,0.0,0.0,0.0,0
0,tcp,http,SF,297,1380,0,0,0,0,0,1,0,0,0,0,0,0,0,0,0,0,3,3,0.0,0.0,0.0,0.0,1.0,0.0,0.0,255,246,0.96,0.01,0.0,0.0,0.0,0.0,0.0,0.0,0
0,tcp,http,SF,167,12937,0,0,0,0,0,1,0,0,0,0,0,0,0,0,0,0,9,11,0.0,0.0,0.0,0.0,1.0,0.0,0.18,9,255,1.0,0.0,0.11,0.04,0.0,0.0,0.0,0.01,0
0,tcp,smtp,SF,975,330,0,0,0,0,0,1,0,0,0,0,0,0,0,0,0,0,1,1,0.0,0.0,0.0,0.0,1.0,0.0,0.0,146,155,0.63,0.03,0.01,0.01,0.0,0.0,0.0,0.0,0
0,tcp,http,SF,197,25519,0,0,0,0,0,1,0,0,0,0,0,0,0,0,0,0,3,12,0.0,0.0,0.0,0.0,1.0,0.0,0.17,255,255,1.0,0.0,0.0,0.0,0.0,0.0,0.0,0.0,0
0,tcp,http,S2,211,24573,0,0,0,0,0,1,0,0,0,0,0,0,0,0,0,0,2,2,0.5,0.5,0.0,0.0,1.0,0.0,0.0,124,255,1.0,0.0,0.01,0.01,0.01,0.0,0.06,0.03,0
0,tcp,http,SF,257,4496,0,0,0,0,0,1,0,0,0,0,0,0,0,0,0,0,8,8,0.0,0.0,0.0,0.0,1.0,0.0,0.0,255,255,1.0,0.0,0.0,0.0,0.0,0.0,0.0,0.0,0
0,tcp,smtp,SF,127,241,0,0,0,0,0,1,0,0,0,0,0,0,0,0,0,0,2,1,0.0,0.0,0.0,0.0,0.5,1.0,0.0,109,85,0.28,0.65,0.01,0.02,0.0,0.0,0.61,0.0,0
0,tcp,http,SF,244,238,0,0,0,0,0,1,0,0,0,0,0,0,0,0,0,0,1,12,0.0,0.0,0.0,0.0,1.0,0.0,0.17,2,255,1.0,0.0,0.5,0.04,0.0,0.0,0.0,0.0,0
0,tcp,http,SF,225,17,0,0,0,0,0,1,0,0,0,0,0,0,0,0,0,0,39,39,0.0,0.0,0.0,0.0,1.0,0.0,0.0,255,255,1.0,0.0,0.0,0.0,0.0,0.0,0.0,0.0,0
0,tcp,ftp_data,SF,334,0,0,0,0,0,0,1,0,0,0,0,0,0,0,0,0,0,2,2,0.0,0.0,0.0,0.0,1.0,0.0,0.0,224,85,0.36,0.02,0.36,0.02,0.0,0.0,0.0,0.0,1
0,tcp,http,SF,191,1849,0,0,0,0,0,1,0,0,0,0,0,0,0,0,0,0,13,13,0.0,0.0,0.0,0.0,1.0,0.0,0.0,19,255,1.0,0.0,0.05,0.02,0.0,0.01,0.0,0.0,0
0,tcp,ftp_data,SF,334,0,0,0,0,0,0,1,0,0,0,0,0,0,0,0,0,0,1,1,0.0,0.0,0.0,0.0,1.0,0.0,0.0,7,18,1.0,0.0,1.0,0.11,0.0,0.0,0.0,0.0,1
1,tcp,smtp,SF,709,339,0,0,0,0,0,1,0,0,0,0,0,0,0,0,0,0,1,1,0.0,0.0,0.0,0.0,1.0,0.0,0.0,158,145,0.55,0.04,0.01,0.01,0.0,0.0,0.0,0.0,0
0,tcp,http,SF,249,354,0,0,0,0,0,1,0,0,0,0,0,0,0,0,0,0,12,12,0.0,0.0,0.0,0.0,1.0,0.0,0.0,255,255,1.0,0.0,0.0,0.0,0.0,0.0,0.0,0.0,0
0,udp,domain_u,SF,44,128,0,0,0,0,0,0,0,0,0,0,0,0,0,0,0,0,64,144,0.0,0.0,0.0,0.0,0.98,0.03,0.01,255,229,0.9,0.02,0.0,0.0,0.0,0.0,0.0,0.0,0
0,tcp,http,SF,160,421,0,0,0,0,0,1,0,0,0,0,0,0,0,0,0,0,1,1,0.0,0.0,0.0,0.0,1.0,0.0,0.0,1,98,1.0,0.0,1.0,0.07,0.0,0.0,0.0,0.0,0
0,tcp,http,SF,346,397,0,0,0,0,0,1,0,0,0,0,0,0,0,0,0,0,10,46,0.0,0.0,0.0,0.0,1.0,0.0,0.09,255,255,1.0,0.0,0.0,0.0,0.0,0.0,0.0,0.0,0
0,tcp,http,SF,248,1875,0,0,0,0,0,1,0,0,0,0,0,0,0,0,0,0,12,12,0.0,0.0,0.0,0.0,1.0,0.0,0.0,55,255,1.0,0.0,0.02,0.04,0.0,0.0,0.0,0.0,0
0,tcp,http,SF,222,1471,0,0,0,0,0,1,0,0,0,0,0,0,0,0,0,0,21,27,0.0,0.0,0.0,0.0,1.0,0.0,0.15,47,199,1.0,0.0,0.02,0.05,0.0,0.0,0.0,0.0,0
0,tcp,http,S0,0,0,0,0,0,0,0,0,0,0,0,0,0,0,0,0,0,0,2,2,0.5,0.5,0.0,0.0,1.0,0.0,0.0,3,255,1.0,0.0,0.67,0.04,0.33,0.0,0.0,0.0,0
1,tcp,smtp,SF,1000,326,0,0,0,0,0,1,0,0,0,0,0,0,0,0,0,0,1,2,0.0,0.0,0.0,0.0,1.0,0.0,1.0,21,151,0.95,0.1,0.05,0.01,0.0,0.0,0.0,0.0,0
1,tcp,smtp,SF,1493,330,0,0,0,0,0,1,0,0,0,1,0,0,0,0,0,0,1,2,0.0,0.0,0.0,0.0,1.0,0.0,1.0,255,121,0.47,0.03,0.0,0.0,0.0,0.0,0.0,0.0,0
0,udp,domain_u,SF,44,74,0,0,0,0,0,0,0,0,0,0,0,0,0,0,0,0,197,197,0.0,0.0,0.0,0.0,0.99,0.01,0.01,255,249,0.98,0.01,0.0,0.0,0.0,0.0,0.0,0.0,0
0,tcp,http,SF,244,2662,0,0,0,0,0,1,0,0,0,0,0,0,0,0,0,0,1,1,0.0,0.0,0.0,0.0,1.0,0.0,0.0,91,255,1.0,0.0,0.01,0.03,0.02,0.01,0.0,0.0,0
0,tcp,http,SF,269,38544,0,0,0,0,0,1,0,0,0,0,0,0,0,0,0,0,1,1,0.0,0.0,0.0,0.0,1.0,0.0,0.0,87,255,1.0,0.0,0.01,0.04,0.0,0.0,0.2,0.08,0
0,tcp,smtp,SF,1950,331,0,0,0,0,0,1,0,0,0,0,0,0,0,0,0,0,1,2,0.0,0.0,0.0,0.0,1.0,0.0,1.0,115,200,0.94,0.03,0.01,0.01,0.0,0.0,0.0,0.0,0
2593,udp,other,SF,146,105,0,0,0,0,0,0,0,0,0,0,0,0,0,0,0,0,1,1,0.0,0.0,0.0,0.0,1.0,0.0,0.0,255,1,0.0,0.85,0.99,0.0,0.0,0.0,0.0,0.0,0
8,tcp,telnet,SF,248,8775,0,0,0,0,0,1,0,0,0,0,0,0,0,0,0,0,1,1,0.0,0.0,0.0,0.0,1.0,0.0,0.0,153,13,0.08,0.03,0.01,0.0,0.0,0.0,0.03,0.08,0
0,tcp,ftp_data,SF,334,0,0,0,0,0,0,1,0,0,0,0,0,0,0,0,0,0,2,2,0.0,0.0,0.0,0.0,1.0,0.0,0.0,6,34,1.0,0.0,1.0,0.12,0.0,0.0,0.0,0.0,1
0,udp,domain_u,SF,44,131,0,0,0,0,0,0,0,0,0,0,0,0,0,0,0,0,1,2,0.0,0.0,0.0,0.0,1.0,0.0,1.0,2,1,0.5,1.0,0.5,0.0,0.0,0.0,0.0,0.0,0
0,tcp,http,SF,312,3248,0,0,0,0,0,1,0,0,0,0,0,0,0,0,0,0,13,13,0.0,0.0,0.0,0.0,1.0,0.0,0.0,32,255,1.0,0.0,0.03,0.01,0.0,0.0,0.0,0.0,0
0,tcp,ftp_data,SF,334,0,0,0,0,0,0,1,0,0,0,0,0,0,0,0,0,0,1,1,0.0,0.0,0.0,0.0,1.0,0.0,0.0,1,35,1.0,0.0,1.0,0.2,0.0,0.0,0.0,0.0,1
0,tcp,http,SF,177,14571,0,0,0,0,0,1,0,0,0,0,0,0,0,0,0,0,2,6,0.0,0.0,0.0,0.0,1.0,0.0,0.33,17,255,1.0,0.0,0.06,0.04,0.0,0.0,0.0,0.0,0
0,tcp,http,SF,335,20,0,0,0,0,0,1,0,0,0,0,0,0,0,0,0,0,42,42,0.0,0.0,0.0,0.0,1.0,0.0,0.0,255,255,1.0,0.0,0.0,0.0,0.01,0.01,0.0,0.0,0
0,tcp,http,SF,311,397,0,0,0,0,0,1,0,0,0,0,0,0,0,0,0,0,15,25,0.0,0.0,0.0,0.0,1.0,0.0,0.12,250,255,1.0,0.0,0.0,0.01,0.0,0.01,0.0,0.0,0
0,tcp,smtp,SF,761,345,0,0,0,0,0,1,0,0,0,0,0,0,0,0,0,0,1,1,0.0,0.0,0.0,0.0,1.0,0.0,0.0,136,76,0.4,0.52,0.01,0.03,0.01,0.01,0.5,0.03,0
0,tcp,http,SF,221,571,0,0,0,0,0,1,0,0,0,0,0,0,0,0,0,0,3,5,0.0,0.0,0.0,0.0,1.0,0.0,0.4,40,255,1.0,0.0,0.03,0.02,0.0,0.0,0.0,0.0,0
0,tcp,smtp,SF,1003,336,0,0,0,0,0,1,0,0,0,0,0,0,0,0,0,0,1,1,0.0,0.0,0.0,0.0,1.0,0.0,0.0,205,128,0.51,0.02,0.0,0.02,0.0,0.0,0.0,0.0,0
0,tcp,http,SF,333,517,0,0,0,0,0,1,0,0,0,0,0,0,0,0,0,0,40,43,0.03,0.02,0.0,0.0,1.0,0.0,0.05,255,255,1.0,0.0,0.0,0.0,0.0,0.0,0.0,0.0,0
12666,tcp,IRC,RSTR,1921,10470,0,0,0,0,0,0,0,0,0,0,0,0,0,0,0,0,1,1,0.0,0.0,1.0,1.0,1.0,0.0,0.0,8,2,0.25,0.25,0.12,0.0,0.0,0.0,0.25,1.0,0
0,udp,domain_u,SF,42,135,0,0,0,0,0,0,0,0,0,0,0,0,0,0,0,0,71,151,0.0,0.0,0.0,0.0,1.0,0.0,0.01,255,255,1.0,0.0,0.0,0.0,0.0,0.0,0.0,0.0,0
0,tcp,ftp_data,SF,641,0,0,0,0,0,0,0,0,0,0,0,0,0,0,0,0,0,1,1,0.0,0.0,0.0,0.0,1.0,0.0,0.0,14,5,0.36,0.14,0.36,0.0,0.0,0.0,0.0,0.0,0
0,tcp,http,SF,292,394,0,0,0,0,0,1,0,0,0,0,0,0,0,0,0,0,1,1,0.0,0.0,0.0,0.0,1.0,0.0,0.0,255,255,1.0,0.0,0.0,0.0,0.0,0.0,0.0,0.0,0
0,tcp,http,SF,305,313,0,0,0,0,0,1,0,0,0,0,0,0,0,0,0,0,25,33,0.0,0.0,0.0,0.0,1.0,0.0,0.15,173,255,1.0,0.0,0.01,0.02,0.01,0.01,0.0,0.0,0
1,tcp,smtp,SF,1414,404,0,0,0,0,0,1,0,0,0,0,0,0,0,0,0,0,1,2,0.0,0.0,0.0,0.0,1.0,0.0,1.0,157,124,0.79,0.03,0.01,0.0,0.0,0.0,0.0,0.0,0
0,tcp,http,SF,324,1875,0,0,0,0,0,1,0,0,0,0,0,0,0,0,0,0,13,13,0.0,0.0,0.0,0.0,1.0,0.0,0.0,255,255,1.0,0.0,0.0,0.0,0.0,0.0,0.0,0.0,0
11584,udp,other,SF,146,105,0,0,0,0,0,0,0,0,0,0,0,0,0,0,0,0,1,1,0.0,0.0,0.0,0.0,1.0,0.0,0.0,255,1,0.0,0.62,0.98,0.0,0.0,0.0,0.0,0.0,0
4,udp,domain_u,SF,42,42,0,0,0,0,0,0,0,0,0,0,0,0,0,0,0,0,1,1,0.0,0.0,0.0,0.0,1.0,0.0,0.0,255,233,0.91,0.01,0.0,0.0,0.0,0.0,0.0,0.0,0
0,udp,domain_u,SF,43,135,0,0,0,0,0,0,0,0,0,0,0,0,0,0,0,0,159,239,0.0,0.0,0.0,0.0,1.0,0.0,0.01,255,255,1.0,0.0,0.0,0.0,0.0,0.0,0.0,0.0,0
0,tcp,imap4,S1,1492,649186,0,0,0,0,0,0,0,0,0,0,0,0,0,0,0,0,1,1,1.0,1.0,0.0,0.0,1.0,0.0,0.0,11,11,1.0,0.0,0.09,0.0,0.55,0.55,0.0,0.0,1
9248,udp,other,SF,147,105,0,0,0,0,0,0,0,0,0,0,0,0,0,0,0,0,1,1,0.0,0.0,0.0,0.0,1.0,0.0,0.0,255,2,0.01,0.62,0.89,0.0,0.0,0.0,0.0,0.0,0
1,tcp,http,SF,259,901953,0,0,0,1,0,1,1,0,0,0,0,0,0,0,0,0,1,3,0.0,0.0,0.0,0.0,1.0,0.0,1.0,27,255,1.0,0.0,0.04,0.03,0.0,0.0,0.0,0.0,0
0,tcp,ftp_data,SF,1339,0,0,0,0,0,0,1,0,0,0,0,0,0,0,0,0,0,2,2,0.0,0.0,0.0,0.0,1.0,0.0,0.0,24,66,0.25,0.21,0.25,0.03,0.0,0.0,0.0,0.0,0
0,tcp,telnet,RSTO,126,179,0,0,0,1,1,0,0,0,0,0,0,0,0,0,0,0,3,3,0.0,0.0,1.0,1.0,1.0,0.0,0.0,38,38,1.0,0.0,0.03,0.0,0.05,0.05,0.95,0.95,1
0,tcp,ftp_data,SF,88382,0,0,0,0,0,0,0,0,0,0,0,0,0,0,0,0,0,20,20,0.0,0.0,0.0,0.0,1.0,0.0,0.0,85,92,0.47,0.06,0.47,0.02,0.0,0.0,0.0,0.0,0
0,udp,domain_u,SF,45,123,0,0,0,0,0,0,0,0,0,0,0,0,0,0,0,0,184,184,0.0,0.0,0.0,0.0,1.0,0.0,0.0,255,255,1.0,0.0,0.0,0.0,0.0,0.0,0.0,0.0,0
0,tcp,http,SF,216,9211,0,0,0,0,0,1,0,0,0,0,0,0,0,0,0,0,36,36,0.0,0.0,0.0,0.0,1.0,0.0,0.0,255,255,1.0,0.0,0.0,0.0,0.0,0.0,0.32,0.32,0
0,tcp,http,SF,232,654,0,0,0,0,0,1,0,0,0,0,0,0,0,0,0,0,3,3,0.0,0.0,0.0,0.0,1.0,0.0,0.0,255,255,1.0,0.0,0.0,0.0,0.0,0.0,0.0,0.0,0
2,tcp,ftp,SF,1240,2449,0,0,0,28,0,1,0,0,0,0,0,0,0,0,0,1,1,1,0.0,0.0,0.0,0.0,1.0,0.0,0.0,177,5,0.03,0.03,0.01,0.0,0.01,0.0,0.01,0.0,1
0,tcp,http,SF,287,1284,0,0,0,0,0,1,0,0,0,0,0,0,0,0,0,0,41,41,0.0,0.0,0.0,0.0,1.0,0.0,0.0,255,255,1.0,0.0,0.0,0.0,0.01,0.01,0.02,0.02,0
0,udp,domain_u,SF,43,122,0,0,0,0,0,0,0,0,0,0,0,0,0,0,0,0,218,217,0.0,0.0,0.0,0.0,1.0,0.01,0.0,107,74,0.69,0.02,0.01,0.0,0.0,0.0,0.0,0.0,0
0,tcp,http,SF,215,588,0,0,0,0,0,1,0,0,0,0,0,0,0,0,0,0,18,18,0.0,0.0,0.0,0.0,1.0,0.0,0.0,255,255,1.0,0.0,0.0,0.0,0.0,0.0,0.0,0.0,0
0,udp,domain_u,SF,45,130,0,0,0,0,0,0,0,0,0,0,0,0,0,0,0,0,137,217,0.0,0.0,0.0,0.0,1.0,0.0,0.01,255,255,1.0,0.0,0.0,0.0,0.0,0.0,0.0,0.0,0
0,tcp,ftp_data,SF,334,0,0,0,0,0,0,1,0,0,0,0,0,0,0,0,0,0,1,1,0.0,0.0,0.0,0.0,1.0,0.0,0.0,3,13,1.0,0.0,1.0,0.31,0.0,0.0,0.0,0.0,1
0,udp,private,SF,105,147,0,0,0,0,0,0,0,0,0,0,0,0,0,0,0,0,9,2,0.0,0.0,0.0,0.0,0.22,0.22,0.0,255,231,0.91,0.01,0.01,0.0,0.0,0.0,0.0,0.0,0
0,tcp,http,REJ,0,0,0,0,0,0,0,0,0,0,0,0,0,0,0,0,0,0,1,1,0.0,0.0,1.0,1.0,1.0,0.0,0.0,3,90,1.0,0.0,0.33,0.22,0.0,0.0,1.0,1.0,0
0,tcp,http,SF,241,872,0,0,0,0,0,1,0,0,0,0,0,0,0,0,0,0,22,22,0.0,0.0,0.0,0.0,1.0,0.0,0.0,255,255,1.0,0.0,0.0,0.0,0.0,0.0,0.0,0.0,0
0,tcp,http,SF,205,7623,0,0,0,0,0,1,0,0,0,0,0,0,0,0,0,0,6,6,0.0,0.0,0.0,0.0,1.0,0.0,0.0,28,255,1.0,0.0,0.04,0.04,0.0,0.0,0.0,0.0,0
0,tcp,http,SF,213,281,0,0,0,0,0,1,0,0,0,0,0,0,0,0,0,0,3,6,0.33,0.17,0.0,0.0,1.0,0.0,0.5,3,255,1.0,0.0,0.33,0.01,0.33,0.01,0.0,0.0,0
0,tcp,http,SF,311,447,0,0,0,0,0,1,0,0,0,0,0,0,0,0,0,0,13,17,0.0,0.0,0.0,0.0,1.0,0.0,0.18,255,255,1.0,0.0,0.0,0.0,0.0,0.0,0.0,0.0,0
0,tcp,http,SF,203,826,0,0,0,0,0,1,0,0,0,0,0,0,0,0,0,0,7,7,0.0,0.0,0.0,0.0,1.0,0.0,0.0,187,255,1.0,0.0,0.01,0.01,0.0,0.0,0.0,0.0,0
0,tcp,http,SF,324,1942,0,0,0,0,0,1,0,0,0,0,0,0,0,0,0,0,27,28,0.0,0.0,0.0,0.0,1.0,0.0,0.07,181,255,1.0,0.0,0.01,0.01,0.0,0.0,0.0,0.0,0
0,tcp,http,SF,279,307,0,0,0,0,0,1,0,0,0,0,0,0,0,0,0,0,15,19,0.0,0.0,0.0,0.0,1.0,0.0,0.11,255,255,1.0,0.0,0.0,0.0,0.0,0.0,0.0,0.0,0
0,tcp,http,SF,207,283,0,0,0,0,0,1,0,0,0,0,0,0,0,0,0,0,2,2,0.0,0.0,0.0,0.0,1.0,0.0,0.0,236,255,1.0,0.0,0.0,0.01,0.0,0.0,0.0,0.0,0
0,tcp,http,SF,219,370,0,0,0,0,0,1,0,0,0,0,0,0,0,0,0,0,7,7,0.0,0.0,0.0,0.0,1.0,0.0,0.0,255,255,1.0,0.0,0.01,0.0,0.0,0.0,0.0,0.0,0
0,tcp,http,SF,206,471,0,0,0,0,0,1,0,0,0,0,0,0,0,0,0,0,11,11,0.0,0.0,0.0,0.0,1.0,0.0,0.0,38,255,1.0,0.0,0.03,0.02,0.0,0.0,0.0,0.0,0
0,tcp,http,SF,311,15986,0,0,0,0,0,1,0,0,0,0,0,0,0,0,0,0,3,7,0.0,0.0,0.0,0.0,1.0,0.0,0.43,54,255,1.0,0.0,0.02,0.01,0.02,0.01,0.0,0.0,0
0,tcp,http,SF,288,1604,0,0,0,0,0,1,0,0,0,0,0,0,0,0,0,0,20,20,0.0,0.0,0.0,0.0,1.0,0.0,0.0,60,255,1.0,0.0,0.02,0.04,0.0,0.0,0.0,0.0,0
0,tcp,http,SF,233,2507,0,0,0,0,0,1,0,0,0,0,0,0,0,0,0,0,4,40,0.0,0.0,0.0,0.0,1.0,0.0,0.05,255,251,0.98,0.01,0.0,0.0,0.0,0.0,0.0,0.0,0
344,tcp,telnet,SF,235,6842,0,0,0,0,0,1,3,0,0,0,0,0,0,0,0,0,1,1,0.0,0.0,0.0,0.0,1.0,0.0,0.0,255,17,0.07,0.06,0.0,0.0,0.75,0.0,0.01,0.12,0
0,udp,domain_u,SF,32,32,0,0,0,0,0,0,0,0,0,0,0,0,0,0,0,0,3,5,0.0,0.0,0.0,0.0,0.67,0.67,0.4,133,103,0.77,0.03,0.02,0.0,0.0,0.0,0.0,0.0,0
0,udp,domain_u,SF,45,125,0,0,0,0,0,0,0,0,0,0,0,0,0,0,0,0,69,151,0.0,0.0,0.0,0.0,0.99,0.03,0.02,255,194,0.76,0.02,0.0,0.0,0.0,0.0,0.0,0.0,0
0,tcp,http,SF,217,11880,0,0,0,0,0,1,0,0,0,0,0,0,0,0,0,0,1,1,0.0,0.0,0.0,0.0,1.0,0.0,0.0,15,255,1.0,0.0,0.07,0.02,0.0,0.0,0.0,0.0,0
0,tcp,http,SF,199,765,0,0,0,0,0,1,0,0,0,0,0,0,0,0,0,0,38,38,0.0,0.0,0.0,0.0,1.0,0.0,0.0,255,255,1.0,0.0,0.0,0.0,0.0,0.0,0.0,0.0,0
0,tcp,ftp_data,SF,334,0,0,0,0,0,0,1,0,0,0,0,0,0,0,0,0,0,1,1,0.0,0.0,0.0,0.0,1.0,0.0,0.0,3,23,1.0,0.0,1.0,0.17,0.0,0.0,0.0,0.0,1
0,tcp,http,SF,203,904,0,0,0,0,0,1,0,0,0,0,0,0,0,0,0,0,17,18,0.0,0.0,0.0,0.0,1.0,0.0,0.11,255,255,1.0,0.0,0.0,0.0,0.0,0.0,0.0,0.0,0
0,tcp,ftp_data,SF,3909,0,0,0,0,0,0,1,0,0,0,0,0,0,0,0,0,0,7,7,0.0,0.0,0.0,0.0,1.0,0.0,0.0,106,47,0.18,0.03,0.18,0.04,0.0,0.0,0.0,0.0,0
15163,tcp,ftp,SF,367,1202,0,0,0,6,0,1,0,0,0,0,0,0,0,0,0,1,1,1,0.0,0.0,0.0,0.0,1.0,0.0,0.0,255,4,0.02,0.02,0.0,0.0,0.2,0.0,0.0,0.0,1
0,tcp,ftp_data,SF,334,0,0,0,0,0,0,1,0,0,0,0,0,0,0,0,0,0,2,2,0.0,0.0,0.0,0.0,1.0,0.0,0.0,3,3,1.0,0.0,1.0,0.0,0.0,0.0,0.0,0.0,1
0,tcp,http,SF,235,32795,0,0,0,0,0,1,0,0,0,0,0,0,0,0,0,0,4,4,0.0,0.0,0.0,0.0,1.0,0.0,0.0,176,255,1.0,0.0,0.01,0.03,0.0,0.0,0.0,0.0,0
0,tcp,http,SF,235,597,0,0,0,0,0,1,0,0,0,0,0,0,0,0,0,0,2,2,0.0,0.0,0.0,0.0,1.0,0.0,0.0,48,255,1.0,0.0,0.02,0.03,0.02,0.0,0.0,0.0,0
5041,tcp,ftp_data,SF,5133876,0,0,0,0,3,0,1,0,0,0,0,0,0,0,0,0,0,1,19,0.0,0.0,0.0,0.0,1.0,0.0,0.11,18,53,1.0,0.0,1.0,0.11,0.0,0.02,0.0,0.0,1
0,tcp,smtp,SF,1114,367,0,0,0,0,0,1,0,0,0,0,0,0,0,0,0,0,1,2,0.0,0.0,0.0,0.0,1.0,0.0,1.0,162,202,0.87,0.02,0.01,0.01,0.0,0.0,0.0,0.0,0
0,tcp,http,SF,231,1187,0,0,0,0,0,1,0,0,0,0,0,0,0,0,0,0,3,3,0.0,0.0,0.0,0.0,1.0,0.0,0.0,255,255,1.0,0.0,0.0,0.0,0.0,0.0,0.0,0.0,0
0,tcp,ftp_data,SF,334,0,0,0,0,0,0,1,0,0,0,0,0,0,0,0,0,0,1,1,0.0,0.0,0.0,0.0,1.0,0.0,0.0,221,82,0.35,0.02,0.35,0.02,0.0,0.0,0.0,0.0,1
0,tcp,ftp_data,SF,334,0,0,0,0,0,0,1,0,0,0,0,0,0,0,0,0,0,1,1,0.0,0.0,0.0,0.0,1.0,0.0,0.0,1,42,1.0,0.0,1.0,0.17,0.0,0.0,0.0,0.0,1
4,tcp,ftp_data,SF,832,0,0,0,0,0,0,1,0,0,0,0,0,0,0,0,0,0,1,1,0.0,0.0,0.0,0.0,1.0,0.0,0.0,3,40,1.0,0.0,1.0,0.08,0.0,0.03,0.0,0.0,1
0,udp,domain_u,SF,44,139,0,0,0,0,0,0,0,0,0,0,0,0,0,0,0,0,76,156,0.0,0.0,0.0,0.0,1.0,0.0,0.01,255,254,1.0,0.01,0.0,0.0,0.0,0.0,0.0,0.0,0
2,tcp,ftp_data,SF,2194619,0,0,0,0,0,0,1,0,0,0,0,0,0,0,0,0,0,2,2,0.0,0.0,0.0,0.0,1.0,0.0,0.0,10,35,0.6,0.4,0.6,0.06,0.0,0.0,0.0,0.0,0
0,udp,domain_u,SF,45,136,0,0,0,0,0,0,0,0,0,0,0,0,0,0,0,0,75,155,0.0,0.0,0.0,0.0,1.0,0.0,0.01,255,254,1.0,0.01,0.0,0.0,0.0,0.0,0.0,0.0,0
0,tcp,smtp,SF,1113,331,0,0,0,0,0,1,0,0,0,0,0,0,0,0,0,0,1,4,0.0,0.0,0.0,0.0,1.0,0.0,1.0,49,175,0.76,0.1,0.02,0.01,0.0,0.0,0.0,0.01,0
34,tcp,ftp,SF,236,769,0,0,0,4,0,1,0,0,0,0,0,0,0,0,0,1,1,1,0.0,0.0,0.0,0.0,1.0,0.0,0.0,82,27,0.33,0.06,0.01,0.0,0.01,0.0,0.0,0.0,0
3,tcp,smtp,SF,636,333,0,0,0,0,0,1,0,0,0,0,0,0,0,0,0,0,2,5,0.0,0.0,0.0,0.0,0.5,1.0,1.0,121,103,0.49,0.11,0.01,0.02,0.02,0.0,0.0,0.0,0
0,tcp,http,SF,301,2454,0,0,0,0,0,1,0,0,0,0,0,0,0,0,0,0,2,4,0.0,0.0,0.0,0.0,1.0,0.0,0.75,7,255,1.0,0.0,0.14,0.04,0.0,0.0,0.0,0.0,0
0,tcp,ftp_data,SF,246,0,0,0,0,0,0,1,0,0,0,0,0,0,0,0,0,0,1,1,0.0,0.0,0.0,0.0,1.0,0.0,0.0,1,13,1.0,0.0,1.0,0.31,0.0,0.0,0.0,0.0,1
0,tcp,ftp_data,SF,1010,0,0,0,0,0,0,1,0,0,0,0,0,0,0,0,0,0,2,2,0.0,0.0,0.0,0.0,1.0,0.0,0.0,157,84,0.41,0.04,0.41,0.02,0.0,0.0,0.0,0.0,0
1,tcp,smtp,SF,935,328,0,0,0,0,0,1,0,0,0,0,0,0,0,0,0,0,1,2,0.0,0.0,0.0,0.0,1.0,0.0,1.0,142,188,0.81,0.04,0.01,0.01,0.0,0.0,0.0,0.0,0
0,tcp,http,SF,310,259,0,0,0,0,0,1,0,0,0,0,0,0,0,0,0,0,6,6,0.0,0.0,0.0,0.0,1.0,0.0,0.0,69,142,1.0,0.0,0.01,0.06,0.0,0.0,0.0,0.01,0
0,udp,domain_u,SF,34,0,0,0,0,0,0,0,0,0,0,0,0,0,0,0,0,0,1,3,0.0,0.0,0.0,0.0,1.0,0.0,0.67,121,62,0.24,0.04,0.24,0.03,0.0,0.0,0.0,0.0,0
0,tcp,http,SF,216,7085,0,0,0,0,0,1,0,0,0,0,0,0,0,0,0,0,8,8,0.0,0.0,0.0,0.0,1.0,0.0,0.0,21,217,1.0,0.0,0.05,0.09,0.0,0.0,0.0,0.0,0
0,udp,domain_u,SF,45,74,0,0,0,0,0,0,0,0,0,0,0,0,0,0,0,0,313,312,0.0,0.0,0.0,0.0,1.0,0.01,0.0,255,233,0.91,0.01,0.0,0.0,0.0,0.0,0.0,0.0,0
11,tcp,smtp,SF,11516,922,0,0,0,0,0,1,0,0,0,0,0,0,0,0,0,0,1,1,0.0,0.0,0.0,0.0,1.0,0.0,0.0,255,5,0.02,0.01,0.0,0.0,0.0,0.0,0.0,0.0,0
0,udp,other,SF,146,0,0,0,0,0,0,0,0,0,0,0,0,0,0,0,0,0,3,1,0.0,0.0,0.0,0.0,0.33,0.67,0.0,255,1,0.0,0.7,0.98,0.0,0.0,0.0,0.0,0.0,0
0,tcp,finger,SF,10,272,0,0,0,0,0,0,0,0,0,0,0,0,0,0,0,0,1,1,0.0,0.0,0.0,0.0,1.0,0.0,0.0,255,3,0.01,0.02,0.0,0.0,0.0,0.0,0.86,0.0,0
0,tcp,http,SF,288,711,0,0,0,0,0,1,0,0,0,0,0,0,0,0,0,0,15,20,0.0,0.0,0.0,0.0,1.0,0.0,0.15,44,255,1.0,0.0,0.02,0.05,0.0,0.0,0.0,0.0,0
0,tcp,http,SF,240,1475,0,0,0,0,0,1,0,0,0,0,0,0,0,0,0,0,12,12,0.0,0.0,0.0,0.0,1.0,0.0,0.0,255,255,1.0,0.0,0.0,0.0,0.0,0.0,0.0,0.0,0
0,tcp,smtp,SF,1437,384,0,0,0,0,0,1,0,0,0,0,0,0,0,0,0,0,1,1,0.0,0.0,0.0,0.0,1.0,0.0,0.0,133,72,0.21,0.54,0.01,0.03,0.01,0.0,0.52,0.03,0
0,udp,domain_u,SF,44,80,0,0,0,0,0,0,0,0,0,0,0,0,0,0,0,0,119,119,0.0,0.0,0.0,0.0,1.0,0.0,0.0,255,255,1.0,0.0,0.0,0.0,0.0,0.0,0.0,0.0,0
0,udp,private,SF,105,145,0,0,0,0,0,0,0,0,0,0,0,0,0,0,0,0,1,1,0.0,0.0,0.0,0.0,1.0,0.0,0.0,13,5,0.38,0.23,0.08,0.0,0.0,0.0,0.0,0.0,0
0,tcp,http,SF,256,791,0,0,0,0,0,1,0,0,0,0,0,0,0,0,0,0,1,1,0.0,0.0,0.0,0.0,1.0,0.0,0.0,255,222,0.87,0.01,0.0,0.0,0.0,0.0,0.0,0.0,0
0,tcp,http,SF,295,332,0,0,0,0,0,1,0,0,0,0,0,0,0,0,0,0,16,16,0.0,0.0,0.0,0.0,1.0,0.0,0.0,97,206,1.0,0.0,0.01,0.03,0.0,0.0,0.0,0.0,0
0,tcp,http,SF,299,678,0,0,0,0,0,1,0,0,0,0,0,0,0,0,0,0,9,9,0.0,0.0,0.0,0.0,1.0,0.0,0.0,255,255,1.0,0.0,0.01,0.0,0.0,0.0,0.0,0.0,0
10656,udp,other,SF,147,105,0,0,0,0,0,0,0,0,0,0,0,0,0,0,0,0,1,1,0.0,0.0,0.0,0.0,1.0,0.0,0.0,255,2,0.01,0.63,0.93,0.0,0.0,0.0,0.0,0.0,0
207,tcp,http,SF,192,464,0,0,0,0,0,1,0,0,0,0,0,0,0,0,0,0,8,8,0.0,0.0,0.0,0.0,1.0,0.0,0.0,74,255,1.0,0.0,0.01,0.04,0.0,0.0,0.0,0.0,0
0,tcp,ftp,SF,1221,2449,0,0,0,28,0,1,0,0,0,0,0,0,0,0,0,1,1,1,0.0,0.0,0.0,0.0,1.0,0.0,0.0,221,49,0.22,0.02,0.0,0.0,0.0,0.0,0.01,0.0,1
0,tcp,http,SF,353,3941,0,0,0,0,0,1,0,0,0,0,0,0,0,0,0,0,11,11,0.18,0.18,0.0,0.0,1.0,0.0,0.0,255,255,1.0,0.0,0.0,0.0,0.01,0.01,0.0,0.0,0
1,tcp,ftp,SF,1224,2449,0,0,0,28,0,1,0,0,0,0,0,0,0,0,0,1,1,1,0.0,0.0,0.0,0.0,1.0,0.0,0.0,255,72,0.28,0.02,0.0,0.0,0.0,0.0,0.0,0.0,1
0,udp,domain_u,SF,46,80,0,0,0,0,0,0,0,0,0,0,0,0,0,0,0,0,178,178,0.0,0.0,0.0,0.0,1.0,0.0,0.0,255,255,1.0,0.0,0.01,0.0,0.0,0.0,0.0,0.0,0
0,tcp,ftp_data,SF,334,0,0,0,0,0,0,1,0,0,0,0,0,0,0,0,0,0,1,1,0.0,0.0,0.0,0.0,1.0,0.0,0.0,5,27,1.0,0.0,1.0,0.19,0.0,0.04,0.0,0.0,1
0,tcp,http,SF,368,789,0,0,0,0,0,1,0,0,0,0,0,0,0,0,0,0,1,31,0.0,0.0,0.0,0.0,1.0,0.0,0.19,13,255,1.0,0.0,0.08,0.05,0.0,0.0,0.0,0.0,0
0,tcp,http,SF,237,931,0,0,0,0,0,1,0,0,0,0,0,0,0,0,0,0,16,46,0.0,0.0,0.0,0.0,1.0,0.0,0.11,255,255,1.0,0.0,0.0,0.0,0.0,0.0,0.0,0.0,0
0,tcp,http,SF,317,2823,0,0,0,0,0,1,0,0,0,0,0,0,0,0,0,0,12,47,0.0,0.0,0.0,0.0,1.0,0.0,0.09,12,255,1.0,0.0,0.08,0.01,0.0,0.0,0.0,0.0,0
0,tcp,http,SF,275,1154,0,0,0,0,0,1,0,0,0,0,0,0,0,0,0,0,9,9,0.0,0.0,0.0,0.0,1.0,0.0,0.0,9,255,1.0,0.0,0.11,0.07,0.0,0.0,0.0,0.0,0
0,tcp,http,SF,212,267,0,0,0,0,0,1,0,0,0,0,0,0,0,0,0,0,17,18,0.0,0.0,0.0,0.0,1.0,0.0,0.11,46,255,1.0,0.0,0.02,0.02,0.0,0.0,0.0,0.0,0
0,tcp,http,SF,217,337,0,0,0,0,0,1,0,0,0,0,0,0,0,0,0,0,26,26,0.0,0.0,0.0,0.0,1.0,0.0,0.0,53,255,1.0,0.0,0.02,0.05,0.0,0.0,0.0,0.0,0
0,tcp,http,SF,235,986,0,0,0,0,0,1,0,0,0,0,0,0,0,0,0,0,32,52,0.0,0.0,0.0,0.0,1.0,0.0,0.04,70,255,1.0,0.0,0.01,0.02,0.0,0.0,0.0,0.0,0
0,tcp,http,SF,384,334,0,0,0,0,0,1,0,0,0,0,0,0,0,0,0,0,19,33,0.0,0.0,0.0,0.0,1.0,0.0,0.12,39,231,1.0,0.0,0.03,0.21,0.0,0.0,0.08,0.77,0
27,tcp,ftp,SF,905,2586,0,0,0,18,0,1,0,0,0,0,0,0,0,0,0,1,1,1,0.0,0.0,0.0,0.0,1.0,0.0,0.0,80,27,0.34,0.04,0.01,0.0,0.0,0.0,0.0,0.0,0
0,tcp,smtp,SF,1078,328,0,0,0,0,0,1,0,0,0,0,0,0,0,0,0,0,1,2,0.0,0.0,0.0,0.0,1.0,0.0,1.0,63,7,0.11,0.67,0.02,0.0,0.0,0.0,0.0,0.0,0
0,tcp,http,SF,224,2531,0,0,0,0,0,1,0,0,0,0,0,0,0,0,0,0,9,9,0.0,0.0,0.0,0.0,1.0,0.0,0.0,192,196,1.0,0.0,0.01,0.01,0.01,0.01,0.0,0.0,0
0,tcp,http,SF,316,1208,0,0,0,0,0,1,0,0,0,0,0,0,0,0,0,0,3,5,0.0,0.0,0.0,0.0,1.0,0.0,0.4,3,255,1.0,0.0,0.33,0.1,0.0,0.01,0.0,0.0,0
0,tcp,http,SF,358,4480,0,0,0,0,0,1,0,0,0,0,0,0,0,0,0,0,13,14,0.0,0.0,0.0,0.0,1.0,0.0,0.14,255,255,1.0,0.0,0.0,0.0,0.0,0.0,0.0,0.0,0
0,tcp,http,SF,282,327,0,0,0,0,0,1,0,0,0,0,0,0,0,0,0,0,10,10,0.0,0.0,0.0,0.0,1.0,0.0,0.0,37,255,1.0,0.0,0.03,0.03,0.0,0.0,0.0,0.0,0
0,icmp,urp_i,SF,63,0,0,0,0,0,0,0,0,0,0,0,0,0,0,0,0,0,5,1,0.0,0.0,0.0,0.0,0.2,0.4,0.0,255,23,0.09,0.01,0.09,0.0,0.0,0.0,0.0,0.0,0
0,tcp,http,SF,204,1509,0,0,0,0,0,1,0,0,0,0,0,0,0,0,0,0,6,22,0.0,0.0,0.0,0.0,1.0,0.0,0.09,42,255,1.0,0.0,0.02,0.02,0.0,0.0,0.0,0.0,0
0,tcp,smtp,SF,784,329,0,0,0,0,0,1,0,0,0,0,0,0,0,0,0,0,1,1,0.0,0.0,0.0,0.0,1.0,0.0,0.0,255,139,0.55,0.02,0.0,0.0,0.0,0.0,0.0,0.0,0
0,tcp,http,SF,318,1748,0,0,0,0,0,1,0,0,0,0,0,0,0,0,0,0,7,8,0.0,0.0,0.0,0.0,1.0,0.0,0.25,8,99,1.0,0.0,0.12,0.12,0.0,0.0,0.0,0.0,0
0,tcp,smtp,SF,3862,333,0,0,0,0,0,1,0,0,0,0,0,0,0,0,0,0,1,1,0.0,0.0,0.0,0.0,1.0,0.0,0.0,194,164,0.78,0.02,0.01,0.01,0.0,0.0,0.0,0.0,0
0,tcp,http,SF,287,2462,0,0,0,0,0,1,0,0,0,0,0,0,0,0,0,0,2,2,0.0,0.0,0.0,0.0,1.0,0.0,0.0,37,255,1.0,0.0,0.03,0.04,0.0,0.0,0.0,0.0,0
0,tcp,http,SF,198,1307,0,0,0,0,0,1,0,0,0,0,0,0,0,0,0,0,5,5,0.0,0.0,0.0,0.0,1.0,0.0,0.0,128,255,1.0,0.0,0.01,0.02,0.0,0.0,0.02,0.01,0
0,tcp,http,SF,279,4699,0,0,0,0,0,1,0,0,0,0,0,0,0,0,0,0,16,18,0.0,0.0,0.0,0.0,1.0,0.0,0.17,34,255,1.0,0.0,0.03,0.05,0.0,0.0,0.0,0.0,0
0,tcp,ftp_data,SF,4316,0,0,0,0,0,0,1,0,0,0,0,0,1,0,0,0,0,5,5,0.0,0.0,0.0,0.0,1.0,0.0,0.0,180,89,0.36,0.05,0.38,0.02,0.03,0.0,0.0,0.0,0
0,tcp,http,SF,268,22835,0,0,0,0,0,1,0,0,0,0,0,0,0,0,0,0,7,7,0.0,0.0,0.0,0.0,1.0,0.0,0.0,255,255,1.0,0.0,0.0,0.0,0.0,0.0,0.0,0.0,0
0,udp,domain_u,SF,44,74,0,0,0,0,0,0,0,0,0,0,0,0,0,0,0,0,158,160,0.0,0.0,0.0,0.0,1.0,0.0,0.02,255,233,0.91,0.01,0.0,0.0,0.0,0.0,0.0,0.0,0
0,tcp,http,SF,329,1262,0,0,0,0,0,1,0,0,0,0,0,0,0,0,0,0,8,10,0.0,0.0,0.0,0.0,1.0,0.0,0.2,26,255,1.0,0.0,0.04,0.03,0.0,0.0,0.0,0.0,0
2472,udp,other,SF,147,105,0,0,0,0,0,0,0,0,0,0,0,0,0,0,0,0,2,2,0.0,0.0,0.0,0.0,1.0,0.0,0.0,255,2,0.01,0.84,0.99,0.0,0.0,0.0,0.0,0.0,0
0,tcp,http,REJ,0,0,0,0,0,0,0,0,0,0,0,0,0,0,0,0,0,0,1,1,0.0,0.0,1.0,1.0,1.0,0.0,0.0,30,255,1.0,0.0,0.03,0.13,0.0,0.0,1.0,0.79,0
0,udp,domain_u,SF,42,76,0,0,0,0,0,0,0,0,0,0,0,0,0,0,0,0,24,24,0.0,0.0,0.0,0.0,1.0,0.0,0.0,255,253,0.99,0.01,0.0,0.0,0.0,0.0,0.0,0.0,0
140,tcp,http,SF,448,549,0,0,0,0,0,1,0,0,0,0,0,0,0,0,0,0,1,9,0.0,0.0,0.0,0.0,1.0,0.0,0.22,22,255,1.0,0.0,0.05,0.05,0.0,0.0,0.0,0.0,0
31,tcp,ftp,SF,1203,3380,0,0,0,24,0,1,0,0,0,0,0,0,0,0,0,1,1,1,0.0,0.0,0.0,0.0,1.0,0.0,0.0,240,57,0.24,0.02,0.0,0.0,0.0,0.0,0.0,0.0,0
0,udp,domain_u,SF,43,77,0,0,0,0,0,0,0,0,0,0,0,0,0,0,0,0,218,218,0.0,0.0,0.0,0.0,1.0,0.01,0.01,255,254,1.0,0.01,0.0,0.0,0.0,0.0,0.0,0.0,0
0,tcp,ftp_data,SF,11842,0,0,0,0,0,0,0,0,0,0,0,0,0,0,0,0,0,1,1,0.0,0.0,0.0,0.0,1.0,0.0,0.0,32,4,0.12,0.06,0.12,0.0,0.0,0.0,0.0,0.0,0
0,tcp,smtp,S2,1448,0,0,0,0,2,0,1,0,0,0,0,0,0,0,0,0,0,1,2,1.0,0.5,0.0,0.0,1.0,0.0,1.0,183,195,0.74,0.03,0.01,0.01,0.02,0.01,0.0,0.0,0
0,udp,domain_u,SF,42,42,0,0,0,0,0,0,0,0,0,0,0,0,0,0,0,0,18,28,0.0,0.0,0.0,0.0,1.0,0.0,0.11,255,255,1.0,0.0,0.0,0.0,0.0,0.0,0.0,0.0,0
0,tcp,http,SF,189,10372,0,0,0,0,0,1,0,0,0,0,0,0,0,0,0,0,7,8,0.0,0.0,0.0,0.0,1.0,0.0,0.25,26,255,1.0,0.0,0.04,0.04,0.0,0.0,0.0,0.0,0
0,tcp,http,SF,324,1049,0,0,0,0,0,1,0,0,0,0,0,0,0,0,0,0,4,4,0.0,0.0,0.0,0.0,1.0,0.0,0.0,79,255,1.0,0.0,0.01,0.01,0.0,0.0,0.0,0.0,0
0,icmp,urp_i,SF,78,0,0,0,0,0,0,0,0,0,0,0,0,0,0,0,0,0,43,3,0.0,0.0,0.0,0.0,0.07,0.05,0.0,255,19,0.07,0.01,0.07,0.0,0.0,0.0,0.0,0.0,0
1,tcp,ftp,SF,1150,2443,0,0,0,28,0,1,0,0,0,0,0,0,0,0,0,1,1,1,0.0,0.0,0.0,0.0,1.0,0.0,0.0,255,28,0.11,0.02,0.0,0.0,0.11,0.0,0.0,0.0,1
0,tcp,http,SF,236,1248,0,0,0,0,0,1,0,0,0,0,0,0,0,0,0,0,12,12,0.0,0.0,0.0,0.0,1.0,0.0,0.0,255,255,1.0,0.0,0.0,0.0,0.0,0.0,0.0,0.0,0
0,udp,domain_u,SF,45,45,0,0,0,0,0,0,0,0,0,0,0,0,0,0,0,0,116,198,0.0,0.0,0.0,0.0,1.0,0.0,0.02,255,255,1.0,0.0,0.01,0.0,0.0,0.0,0.0,0.0,0
1,tcp,smtp,SF,1771,417,0,0,0,0,0,1,0,0,0,0,0,0,0,0,0,0,1,2,0.0,0.0,0.0,0.0,1.0,0.0,1.0,146,176,0.62,0.03,0.01,0.01,0.0,0.0,0.0,0.0,0
0,udp,other,SF,516,4,0,0,0,0,0,0,0,0,0,0,0,0,0,0,0,0,471,471,0.0,0.0,0.0,0.0,1.0,0.0,0.0,255,255,1.0,0.0,1.0,0.0,0.0,0.0,0.0,0.0,0
0,tcp,http,SF,222,1529,0,0,0,0,0,1,0,0,0,0,0,0,0,0,0,0,3,3,0.0,0.0,0.0,0.0,1.0,0.0,0.0,255,255,1.0,0.0,0.0,0.0,0.0,0.0,0.0,0.0,0
1,tcp,smtp,SF,981,388,0,0,0,0,0,1,0,0,0,0,0,0,0,0,0,0,1,1,0.0,0.0,0.0,0.0,1.0,0.0,0.0,255,128,0.5,0.02,0.0,0.0,0.42,0.47,0.0,0.0,0
0,tcp,http,SF,382,499,0,0,0,0,0,1,0,0,0,0,0,0,0,0,0,0,1,18,0.0,0.0,0.0,0.0,1.0,0.0,0.22,15,255,1.0,0.0,0.07,0.04,0.07,0.0,0.0,0.0,0
0,tcp,http,SF,242,398,0,0,0,0,0,1,0,0,0,0,0,0,0,0,0,0,1,1,0.0,0.0,0.0,0.0,1.0,0.0,0.0,24,255,1.0,0.0,0.04,0.04,0.0,0.0,0.04,0.0,0
0,tcp,ftp_data,SF,334,0,0,0,0,0,0,1,0,0,0,0,0,0,0,0,0,0,1,1,0.0,0.0,0.0,0.0,1.0,0.0,0.0,1,35,1.0,0.0,1.0,0.14,0.0,0.0,0.0,0.0,1
0,tcp,http,REJ,0,0,0,0,0,0,0,0,0,0,0,0,0,0,0,0,0,0,1,3,0.0,0.0,1.0,1.0,1.0,0.0,1.0,3,255,1.0,0.0,0.33,0.17,0.0,0.0,1.0,0.89,0
0,udp,domain_u,SF,42,42,0,0,0,0,0,0,0,0,0,0,0,0,0,0,0,0,126,125,0.0,0.0,0.0,0.0,0.99,0.02,0.0,255,254,1.0,0.01,0.0,0.0,0.0,0.0,0.0,0.0,0
2,tcp,ftp_data,SF,2194619,0,0,0,0,0,0,0,0,0,0,0,0,0,0,0,0,0,1,1,0.0,0.0,0.0,0.0,1.0,0.0,0.0,8,5,0.62,0.25,0.62,0.0,0.0,0.0,0.0,0.0,0
0,tcp,ftp_data,SF,334,0,0,0,0,0,0,1,0,0,0,0,0,0,0,0,0,0,2,2,0.0,0.0,0.0,0.0,1.0,0.0,0.0,14,43,0.86,0.14,0.86,0.12,0.0,0.0,0.0,0.0,1
0,tcp,http,SF,168,1674,0,0,0,0,0,1,0,0,0,0,0,0,0,0,0,0,2,11,0.5,0.09,0.0,0.0,1.0,0.0,0.18,2,9,1.0,0.0,0.5,0.33,0.5,0.11,0.0,0.0,0
93,tcp,http,SF,258,278,0,0,0,0,0,1,0,0,0,0,0,0,0,0,0,0,1,5,0.0,0.0,0.0,0.0,1.0,0.0,0.6,255,251,0.98,0.01,0.0,0.0,0.0,0.0,0.0,0.0,0
0,tcp,http,SF,306,1075,0,0,0,0,0,1,0,0,0,0,0,0,0,0,0,0,2,2,0.0,0.0,0.0,0.0,1.0,0.0,0.0,255,251,0.98,0.01,0.0,0.0,0.0,0.0,0.0,0.0,0
0,tcp,http,SF,232,2280,0,0,0,0,0,1,0,0,0,0,0,0,0,0,0,0,29,29,0.0,0.0,0.0,0.0,1.0,0.0,0.0,255,255,1.0,0.0,0.0,0.0,0.0,0.0,0.0,0.0,0
0,tcp,http,SF,220,1109,0,0,0,0,0,1,0,0,0,0,0,0,0,0,0,0,10,10,0.0,0.0,0.0,0.0,1.0,0.0,0.0,135,255,1.0,0.0,0.01,0.02,0.0,0.0,0.0,0.0,0
0,tcp,http,SF,230,814,0,0,0,0,0,1,0,0,0,0,0,0,0,0,0,0,4,5,0.0,0.0,0.0,0.0,1.0,0.0,0.4,255,255,1.0,0.0,0.0,0.0,0.0,0.0,0.01,0.01,0
0,tcp,http,REJ,0,0,0,0,0,0,0,0,0,0,0,0,0,0,0,0,0,0,1,1,0.0,0.0,1.0,1.0,1.0,0.0,0.0,7,237,1.0,0.0,0.14,0.23,0.0,0.0,1.0,1.0,0
0,tcp,ftp_data,SF,334,0,0,0,0,0,0,1,0,0,0,0,0,0,0,0,0,0,1,1,0.0,0.0,0.0,0.0,1.0,0.0,0.0,6,18,1.0,0.0,1.0,0.22,0.0,0.0,0.0,0.0,1
0,tcp,ftp_data,SF,334,0,0,0,0,0,0,1,0,0,0,0,0,0,0,0,0,0,1,1,0.0,0.0,0.0,0.0,1.0,0.0,0.0,3,51,1.0,0.0,1.0,0.1,0.0,0.0,0.0,0.0,1
7993,tcp,IRC,RSTR,773,6955,0,0,0,0,0,0,0,0,0,0,0,0,0,0,0,0,2,1,0.0,0.0,0.5,1.0,0.5,1.0,0.0,4,2,0.5,0.5,0.25,0.0,0.0,0.0,0.5,1.0,0
0,udp,domain_u,SF,46,128,0,0,0,0,0,0,0,0,0,0,0,0,0,0,0,0,222,302,0.0,0.0,0.0,0.0,1.0,0.0,0.01,255,253,0.99,0.01,0.0,0.0,0.0,0.0,0.0,0.0,0
0,tcp,telnet,S1,167,19827,0,0,0,0,0,1,83,1,2,91,0,0,0,0,0,0,1,1,1.0,1.0,0.0,0.0,1.0,0.0,0.0,21,8,0.29,0.14,0.05,0.25,0.05,0.12,0.0,0.0,0
0,tcp,ftp_data,SF,334,0,0,0,0,0,0,1,0,0,0,0,0,0,0,0,0,0,1,1,0.0,0.0,0.0,0.0,1.0,0.0,0.0,13,42,0.85,0.15,0.85,0.12,0.0,0.0,0.0,0.0,1
1,tcp,ftp,SF,1246,2449,0,0,0,28,0,1,0,0,0,0,0,0,0,0,0,1,1,1,0.0,0.0,0.0,0.0,1.0,0.0,0.0,255,136,0.53,0.02,0.0,0.0,0.0,0.0,0.0,0.0,1
0,tcp,ftp_data,SF,0,20595,0,0,0,0,0,0,0,0,0,0,0,0,0,0,0,0,1,1,0.0,0.0,0.0,0.0,1.0,0.0,0.0,183,125,0.55,0.03,0.01,0.02,0.0,0.0,0.0,0.0,0
0,tcp,http,SF,222,2778,0,0,0,0,0,1,0,0,0,0,0,0,0,0,0,0,9,9,0.0,0.0,0.0,0.0,1.0,0.0,0.0,9,255,1.0,0.0,0.11,0.05,0.0,0.01,0.0,0.0,0
0,udp,domain_u,SF,29,0,0,0,0,0,0,0,0,0,0,0,0,0,0,0,0,0,1,2,0.0,0.0,0.0,0.0,1.0,0.0,1.0,153,15,0.1,0.05,0.1,0.0,0.02,0.0,0.0,0.0,0
0,tcp,http,SF,230,10597,0,0,0,0,0,1,0,0,0,0,0,0,0,0,0,0,5,5,0.0,0.0,0.0,0.0,1.0,0.0,0.0,5,255,1.0,0.0,0.2,0.04,0.0,0.0,0.0,0.0,0
2,tcp,ftp,SF,1225,2449,0,0,0,28,0,1,0,0,0,0,0,0,0,0,0,1,1,1,0.0,0.0,0.0,0.0,1.0,0.0,0.0,255,91,0.36,0.02,0.0,0.0,0.0,0.0,0.01,0.0,1
0,icmp,eco_i,SF,30,0,0,0,0,0,0,0,0,0,0,0,0,0,0,0,0,0,2,1,0.0,0.0,0.0,0.0,0.5,1.0,0.0,255,4,0.02,0.01,0.02,0.0,0.0,0.0,0.0,0.0,0
0,tcp,http,SF,196,12954,0,0,0,0,0,1,0,0,0,0,0,0,0,0,0,0,23,23,0.0,0.0,0.0,0.0,1.0,0.0,0.0,46,255,1.0,0.0,0.02,0.03,0.0,0.0,0.0,0.01,0
0,tcp,http,SF,330,1119,0,0,0,0,0,1,0,0,0,0,0,0,0,0,0,0,11,11,0.0,0.0,0.0,0.0,1.0,0.0,0.0,255,255,1.0,0.0,0.0,0.0,0.0,0.0,0.0,0.0,0
0,tcp,telnet,RSTO,126,179,0,0,0,1,1,0,0,0,0,0,0,0,0,0,0,0,1,1,0.0,0.0,1.0,1.0,1.0,0.0,0.0,31,31,1.0,0.0,0.03,0.0,0.06,0.06,0.94,0.94,1
0,tcp,ftp_data,SF,334,0,0,0,0,0,0,1,0,0,0,0,0,0,0,0,0,0,1,1,0.0,0.0,0.0,0.0,1.0,0.0,0.0,3,3,1.0,0.0,1.0,0.0,0.0,0.0,0.0,0.0,1
0,tcp,http,REJ,0,0,0,0,0,0,0,0,0,0,0,0,0,0,0,0,0,0,1,2,0.0,0.0,1.0,1.0,1.0,0.0,1.0,48,255,1.0,0.0,0.02,0.18,0.0,0.01,1.0,0.99,0
0,udp,domain_u,SF,46,71,0,0,0,0,0,0,0,0,0,0,0,0,0,0,0,0,212,212,0.0,0.0,0.0,0.0,1.0,0.0,0.0,255,255,1.0,0.0,0.01,0.0,0.0,0.0,0.0,0.0,0
0,tcp,ftp_data,SF,9311,0,0,0,0,0,0,1,0,0,0,0,0,0,0,0,0,0,15,15,0.0,0.0,0.0,0.0,1.0,0.0,0.0,26,15,0.58,0.08,0.58,0.0,0.0,0.0,0.0,0.0,0
4,tcp,ftp_data,SF,832,0,0,0,0,0,0,1,0,0,0,0,0,0,0,0,0,0,1,1,0.0,0.0,0.0,0.0,1.0,0.0,0.0,3,28,1.0,0.0,1.0,0.18,0.0,0.0,0.0,0.0,1
0,tcp,smtp,SF,1366,328,0,0,0,0,0,1,0,0,0,0,0,0,0,0,0,0,1,2,0.0,0.0,0.0,0.0,1.0,0.0,1.0,144,106,0.74,0.03,0.01,0.0,0.0,0.0,0.0,0.0,0
3,tcp,smtp,SF,992,358,0,0,0,0,0,1,0,0,0,0,0,0,0,0,0,0,1,1,0.0,0.0,0.0,0.0,1.0,0.0,0.0,43,157,0.53,0.07,0.02,0.01,0.0,0.0,0.0,0.0,0
0,tcp,http,SF,300,1451,0,0,0,0,0,1,0,0,0,0,0,0,0,0,0,0,6,7,0.0,0.0,0.0,0.0,1.0,0.0,0.29,30,255,1.0,0.0,0.03,0.03,0.03,0.0,0.0,0.0,0
0,tcp,http,SF,215,5971,0,0,0,0,0,1,0,0,0,0,0,0,0,0,0,0,20,20,0.0,0.0,0.0,0.0,1.0,0.0,0.0,255,255,1.0,0.0,0.0,0.0,0.0,0.0,0.0,0.0,0
0,tcp,http,SF,218,19550,0,0,0,0,0,1,0,0,0,0,0,0,0,0,0,0,2,7,0.0,0.0,0.0,0.0,1.0,0.0,0.43,2,255,1.0,0.0,0.5,0.05,0.0,0.0,0.0,0.0,0
0,tcp,http,SF,216,11094,0,0,0,0,0,1,0,0,0,0,0,0,0,0,0,0,3,7,0.0,0.0,0.0,0.0,1.0,0.0,0.43,46,231,1.0,0.0,0.02,0.04,0.0,0.0,0.0,0.0,0
0,tcp,http,SF,212,7203,0,0,0,0,0,1,0,0,0,0,0,0,0,0,0,0,15,15,0.0,0.0,0.0,0.0,1.0,0.0,0.0,176,255,1.0,0.0,0.01,0.01,0.01,0.0,0.0,0.0,0
0,tcp,http,SF,211,765,0,0,0,0,0,1,0,0,0,0,0,0,0,0,0,0,3,3,0.0,0.0,0.0,0.0,1.0,0.0,0.0,100,255,1.0,0.0,0.01,0.04,0.0,0.0,0.0,0.0,0
0,tcp,http,SF,312,294,0,0,0,0,0,1,0,0,0,0,0,0,0,0,0,0,34,34,0.0,0.0,0.0,0.0,1.0,0.0,0.0,255,255,1.0,0.0,0.0,0.0,0.0,0.0,0.0,0.0,0
0,tcp,http,SF,322,1931,0,0,0,0,0,1,0,0,0,0,0,0,0,0,0,0,6,33,0.0,0.0,0.0,0.0,1.0,0.0,0.06,255,255,1.0,0.0,0.0,0.0,0.0,0.0,0.0,0.0,0
0,tcp,http,SF,207,1918,0,0,0,0,0,1,0,0,0,0,0,0,0,0,0,0,7,14,0.0,0.0,0.0,0.0,1.0,0.0,0.14,255,255,1.0,0.0,0.0,0.0,0.0,0.0,0.0,0.0,0
0,tcp,ftp,SF,1238,2451,0,0,0,28,0,1,0,0,0,0,0,0,0,0,0,1,1,1,0.0,0.0,0.0,0.0,1.0,0.0,0.0,255,120,0.47,0.02,0.0,0.0,0.0,0.0,0.0,0.0,1
2,tcp,ftp_data,SF,2194619,0,0,0,0,0,0,1,0,0,0,0,0,0,0,0,0,0,2,2,0.0,0.0,0.0,0.0,1.0,0.0,0.0,209,77,0.22,0.02,0.22,0.03,0.0,0.0,0.0,0.0,0
0,tcp,smtp,SF,1119,328,0,0,0,0,0,1,0,0,0,0,0,0,0,0,0,0,1,1,0.0,0.0,0.0,0.0,1.0,0.0,0.0,65,93,0.91,0.06,0.02,0.02,0.0,0.0,0.0,0.0,0
0,udp,domain_u,SF,43,127,0,0,0,0,0,0,0,0,0,0,0,0,0,0,0,0,57,137,0.0,0.0,0.0,0.0,1.0,0.0,0.01,255,199,0.78,0.02,0.0,0.0,0.0,0.0,0.0,0.0,0
0,tcp,telnet,RSTO,125,179,0,0,0,1,1,0,0,0,0,0,0,0,0,0,0,0,2,2,0.0,0.0,1.0,1.0,1.0,0.0,0.0,5,5,1.0,0.0,0.2,0.0,0.2,0.2,0.8,0.8,1
0,udp,domain_u,SF,44,73,0,0,0,0,0,0,0,0,0,0,0,0,0,0,0,0,213,218,0.0,0.0,0.0,0.0,1.0,0.0,0.01,255,254,1.0,0.01,0.0,0.0,0.0,0.0,0.0,0.0,0
0,tcp,ftp_data,SF,12,0,0,0,0,0,0,1,0,0,0,0,0,0,0,0,0,0,1,2,0.0,0.0,0.0,0.0,1.0,0.0,1.0,115,126,0.47,0.03,0.47,0.02,0.0,0.0,0.0,0.0,0
0,tcp,http,SF,215,337,0,0,0,0,0,1,0,0,0,0,0,0,0,0,0,0,28,28,0.04,0.04,0.0,0.0,1.0,0.0,0.0,27,255,1.0,0.0,0.04,0.02,0.0,0.0,0.0,0.0,0
0,tcp,http,SF,184,9215,0,0,0,0,0,1,0,0,0,0,0,0,0,0,0,0,3,3,0.0,0.0,0.0,0.0,1.0,0.0,0.0,3,255,1.0,0.0,0.33,0.05,0.0,0.0,0.0,0.0,0
2,tcp,smtp,SF,759,334,0,0,0,0,0,1,0,0,0,0,0,0,0,0,0,0,1,1,0.0,0.0,0.0,0.0,1.0,0.0,0.0,255,17,0.07,0.62,0.0,0.0,0.0,0.0,0.0,0.0,0
4,tcp,ftp_data,SF,832,0,0,0,0,0,0,1,0,0,0,0,0,0,0,0,0,0,1,1,0.0,0.0,0.0,0.0,1.0,0.0,0.0,7,18,1.0,0.0,1.0,0.11,0.0,0.0,0.0,0.0,1
0,udp,domain_u,SF,45,117,0,0,0,0,0,0,0,0,0,0,0,0,0,0,0,0,112,112,0.0,0.0,0.0,0.0,1.0,0.0,0.0,255,255,1.0,0.0,0.0,0.0,0.0,0.0,0.0,0.0,0
0,tcp,http,SF,313,27520,0,0,0,0,0,1,0,0,0,0,0,0,0,0,0,0,3,9,0.33,0.22,0.0,0.0,1.0,0.0,0.33,76,255,1.0,0.0,0.01,0.01,0.01,0.0,0.0,0.01,0
1,tcp,smtp,SF,1161,338,0,0,0,0,0,1,0,0,0,0,0,0,0,0,0,0,1,1,0.0,0.0,0.0,0.0,1.0,0.0,0.0,194,123,0.63,0.02,0.01,0.0,0.0,0.0,0.0,0.0,0
0,tcp,ftp_data,SF,7196,0,0,0,0,0,0,1,0,0,0,0,0,0,0,0,0,0,9,9,0.0,0.0,0.0,0.0,1.0,0.0,0.0,181,85,0.47,0.02,0.47,0.0,0.0,0.0,0.0,0.0,0
0,udp,domain_u,SF,46,135,0,0,0,0,0,0,0,0,0,0,0,0,0,0,0,0,78,158,0.0,0.0,0.0,0.0,1.0,0.0,0.01,255,218,0.85,0.01,0.0,0.0,0.0,0.0,0.0,0.0,0
0,tcp,http,SF,256,6061,0,0,0,0,0,1,0,0,0,0,0,0,0,0,0,0,1,1,0.0,0.0,0.0,0.0,1.0,0.0,0.0,105,255,1.0,0.0,0.01,0.02,0.0,0.0,0.0,0.0,0
0,udp,domain_u,SF,43,132,0,0,0,0,0,0,0,0,0,0,0,0,0,0,0,0,109,189,0.0,0.0,0.0,0.0,1.0,0.0,0.01,255,255,1.0,0.0,0.0,0.0,0.0,0.0,0.0,0.0,0
0,tcp,http,SF,207,306,0,0,0,0,0,1,0,0,0,0,0,0,0,0,0,0,16,19,0.0,0.0,0.0,0.0,1.0,0.0,0.16,255,255,1.0,0.0,0.0,0.0,0.0,0.0,0.0,0.0,0
0,tcp,ftp_data,SF,334,0,0,0,0,0,0,1,0,0,0,0,0,0,0,0,0,0,1,1,0.0,0.0,0.0,0.0,1.0,0.0,0.0,1,12,1.0,0.0,1.0,0.17,0.0,0.0,0.0,0.0,1
0,tcp,http,SF,320,289,0,0,0,0,0,1,0,0,0,0,0,0,0,0,0,0,8,29,0.0,0.0,0.0,0.0,1.0,0.0,0.14,255,255,1.0,0.0,0.0,0.0,0.0,0.0,0.0,0.0,0
0,tcp,http,SF,345,2413,0,0,0,0,0,1,0,0,0,0,0,0,0,0,0,0,3,3,0.0,0.0,0.0,0.0,1.0,0.0,0.0,113,255,1.0,0.0,0.01,0.02,0.01,0.01,0.0,0.0,0
0,tcp,smtp,SF,1556,327,0,0,0,0,0,1,0,0,0,0,0,0,0,0,0,0,1,1,0.0,0.0,0.0,0.0,1.0,0.0,0.0,215,245,0.96,0.01,0.0,0.01,0.0,0.0,0.0,0.0,0
337,tcp,telnet,SF,237,1540,0,0,0,0,0,1,0,0,1,0,1,1,1,0,0,0,1,1,0.0,0.0,0.0,0.0,1.0,0.0,0.0,255,47,0.18,0.02,0.0,0.0,0.22,0.32,0.0,0.0,1
0,tcp,http,SF,216,14799,0,0,0,0,0,1,0,0,0,0,0,0,0,0,0,0,4,4,0.0,0.0,0.0,0.0,1.0,0.0,0.0,4,255,1.0,0.0,0.25,0.02,0.0,0.0,0.0,0.0,0
0,icmp,eco_i,SF,30,0,0,0,0,0,0,0,0,0,0,0,0,0,0,0,0,0,1,1,0.0,0.0,0.0,0.0,1.0,0.0,0.0,255,5,0.02,0.01,0.17,0.0,0.0,0.0,0.0,0.0,0
0,tcp,smtp,SF,867,387,0,0,0,0,0,1,0,0,0,0,0,0,0,0,0,0,1,1,0.0,0.0,0.0,0.0,1.0,0.0,0.0,255,23,0.09,0.09,0.0,0.0,0.8,0.0,0.01,0.0,0
0,tcp,ftp,SF,1205,2447,0,0,0,28,0,1,0,0,0,0,0,0,0,0,0,1,1,1,0.0,0.0,0.0,0.0,1.0,0.0,0.0,255,78,0.31,0.02,0.0,0.0,0.0,0.0,0.0,0.0,1
0,tcp,http,SF,345,566,0,0,0,0,0,1,0,0,0,0,0,0,0,0,0,0,17,17,0.0,0.0,0.0,0.0,1.0,0.0,0.0,114,255,1.0,0.0,0.01,0.02,0.0,0.0,0.0,0.0,0
1720,udp,other,SF,145,105,0,0,0,0,0,0,0,0,0,0,0,0,0,0,0,0,5,1,0.0,0.0,0.0,0.0,0.2,0.6,0.0,255,1,0.0,0.8,1.0,0.0,0.0,0.0,0.0,0.0,0
7,tcp,smtp,SF,964,331,0,0,0,0,0,1,0,0,0,0,0,0,0,0,0,0,1,1,0.0,0.0,0.0,0.0,1.0,0.0,0.0,106,70,0.66,0.04,0.01,0.0,0.0,0.0,0.0,0.0,0
0,tcp,ftp_data,SF,334,0,0,0,0,0,0,1,0,0,0,0,0,0,0,0,0,0,1,1,0.0,0.0,0.0,0.0,1.0,0.0,0.0,3,45,1.0,0.0,1.0,0.16,0.0,0.0,0.0,0.0,1
0,tcp,http,SF,300,748,0,0,0,0,0,1,0,0,0,0,0,0,0,0,0,0,3,3,0.0,0.0,0.0,0.0,1.0,0.0,0.0,255,255,1.0,0.0,0.0,0.0,0.0,0.0,0.0,0.0,0
0,tcp,http,SF,255,3593,0,0,0,0,0,1,0,0,0,0,0,0,0,0,0,0,21,22,0.0,0.0,0.0,0.0,1.0,0.0,0.09,255,255,1.0,0.0,0.0,0.0,0.0,0.0,0.0,0.0,0
0,tcp,smtp,RSTO,0,0,0,0,0,0,0,0,0,0,0,0,0,0,0,0,0,0,1,1,0.0,0.0,1.0,1.0,1.0,0.0,0.0,157,222,0.87,0.03,0.01,0.01,0.0,0.0,0.03,0.04,0
0,tcp,smtp,SF,11925,1430,0,0,0,0,0,1,0,0,0,0,0,0,0,0,0,0,1,1,0.0,0.0,0.0,0.0,1.0,0.0,0.0,235,178,0.69,0.01,0.0,0.01,0.0,0.0,0.0,0.0,0
0,tcp,http,SF,286,3678,0,0,0,0,0,1,0,0,0,0,0,0,0,0,0,0,7,8,0.0,0.0,0.0,0.0,1.0,0.0,0.25,14,33,1.0,0.0,0.07,0.06,0.0,0.0,0.0,0.0,0
0,udp,private,SF,105,0,0,0,0,0,0,0,0,0,0,0,0,0,0,0,0,0,2,2,0.0,0.0,0.0,0.0,1.0,0.0,0.0,177,151,0.85,0.01,0.01,0.0,0.0,0.0,0.0,0.0,0
0,tcp,ftp_data,SF,12165,0,0,0,0,0,0,1,0,0,0,0,0,0,0,0,0,0,7,8,0.0,0.0,0.0,0.0,1.0,0.0,0.25,231,41,0.18,0.01,0.18,0.0,0.0,0.0,0.0,0.0,0
0,tcp,http,SF,229,3028,0,0,0,0,0,1,0,0,0,0,0,0,0,0,0,0,4,4,0.0,0.0,0.0,0.0,1.0,0.0,0.0,25,255,1.0,0.0,0.04,0.03,0.0,0.0,0.0,0.0,0
0,icmp,eco_i,SF,30,0,0,0,0,0,0,0,0,0,0,0,0,0,0,0,0,0,2,2,0.0,0.0,0.0,0.0,1.0,0.0,0.0,199,199,1.0,0.0,1.0,0.0,0.0,0.0,0.0,0.0,0
0,tcp,ftp_data,SF,334,0,0,0,0,0,0,1,0,0,0,0,0,0,0,0,0,0,2,2,0.0,0.0,0.0,0.0,1.0,0.0,0.0,4,42,1.0,0.0,1.0,0.14,0.0,0.0,0.0,0.0,1
18,tcp,telnet,SF,115,9236,0,0,0,0,0,1,0,0,0,0,0,0,0,0,0,0,1,1,0.0,0.0,0.0,0.0,1.0,0.0,0.0,36,1,0.03,0.11,0.03,0.0,0.0,0.0,0.0,0.0,0
1,tcp,smtp,SF,1597,332,0,0,0,0,0,1,0,0,0,0,0,0,0,0,0,0,1,3,0.0,0.0,0.0,0.0,1.0,0.0,1.0,5,164,0.6,0.6,0.2,0.01,0.0,0.02,0.0,0.0,0
0,tcp,ftp_data,SF,246,0,0,0,0,0,0,1,0,0,0,0,0,0,0,0,0,0,1,1,0.0,0.0,0.0,0.0,1.0,0.0,0.0,1,12,1.0,0.0,1.0,0.17,0.0,0.0,0.0,0.0,1
0,tcp,http,SF,281,758,0,0,0,0,0,1,0,0,0,0,0,0,0,0,0,0,3,11,0.0,0.0,0.0,0.0,1.0,0.0,0.36,255,255,1.0,0.0,0.0,0.0,0.0,0.0,0.0,0.0,0
0,tcp,smtp,SF,587,282,0,0,0,0,0,1,0,0,0,0,0,0,0,0,0,0,1,1,0.0,0.0,0.0,0.0,1.0,0.0,0.0,123,83,0.67,0.05,0.01,0.0,0.0,0.0,0.0,0.0,0
0,udp,domain_u,SF,43,123,0,0,0,0,0,0,0,0,0,0,0,0,0,0,0,0,121,121,0.0,0.0,0.0,0.0,1.0,0.0,0.0,255,254,1.0,0.01,0.0,0.0,0.0,0.0,0.0,0.0,0
0,tcp,http,REJ,0,0,0,0,0,0,0,0,0,0,0,0,0,0,0,0,0,0,1,1,0.0,0.0,1.0,1.0,1.0,0.0,0.0,2,160,1.0,0.0,0.5,0.14,0.0,0.0,1.0,1.0,0
0,tcp,ftp_data,SF,334,0,0,0,0,0,0,1,0,0,0,0,0,0,0,0,0,0,1,1,0.0,0.0,0.0,0.0,1.0,0.0,0.0,9,19,1.0,0.0,1.0,0.16,0.0,0.0,0.0,0.0,1
0,tcp,http,SF,250,499,0,0,0,0,0,1,0,0,0,0,0,0,0,0,0,0,61,61,0.0,0.0,0.0,0.0,1.0,0.0,0.0,193,255,1.0,0.0,0.01,0.02,0.0,0.0,0.0,0.0,0
0,tcp,ftp_data,SF,334,0,0,0,0,0,0,1,0,0,0,0,0,0,0,0,0,0,2,2,0.0,0.0,0.0,0.0,1.0,0.0,0.0,2,14,1.0,0.0,1.0,0.43,0.0,0.0,0.0,0.0,1
0,tcp,http,SF,212,1628,0,0,0,0,0,1,0,0,0,0,0,0,0,0,0,0,9,9,0.0,0.0,0.0,0.0,1.0,0.0,0.0,35,255,1.0,0.0,0.03,0.02,0.0,0.01,0.0,0.0,0
0,tcp,http,SF,240,6514,0,0,0,0,0,1,0,0,0,0,0,0,0,0,0,0,14,14,0.0,0.0,0.0,0.0,1.0,0.0,0.0,198,255,1.0,0.0,0.01,0.01,0.01,0.0,0.0,0.0,0
0,tcp,ftp_data,SF,246,0,0,0,0,0,0,1,0,0,0,0,0,0,0,0,0,0,2,2,0.0,0.0,0.0,0.0,1.0,0.0,0.0,255,63,0.25,0.13,0.35,0.0,0.02,0.02,0.0,0.0,1
0,tcp,http,SF,309,1248,0,0,0,0,0,1,0,0,0,0,0,0,0,0,0,0,5,5,0.0,0.0,0.0,0.0,1.0,0.0,0.0,21,255,1.0,0.0,0.05,0.08,0.0,0.0,0.0,0.0,0
0,tcp,ftp_data,SF,334,0,0,0,0,0,0,1,0,0,0,0,0,0,0,0,0,0,1,1,0.0,0.0,0.0,0.0,1.0,0.0,0.0,1,25,1.0,0.0,1.0,0.16,0.0,0.0,0.0,0.0,1
0,tcp,http,SF,214,3370,0,0,0,0,0,1,0,0,0,0,0,0,0,0,0,0,1,1,0.0,0.0,0.0,0.0,1.0,0.0,0.0,1,255,1.0,0.0,1.0,0.01,0.0,0.0,0.0,0.0,0
0,tcp,ftp_data,SF,334,0,0,0,0,0,0,1,0,0,0,0,0,0,0,0,0,0,1,1,0.0,0.0,0.0,0.0,1.0,0.0,0.0,3,37,1.0,0.0,1.0,0.14,0.0,0.0,0.0,0.0,1
0,tcp,http,SF,306,1075,0,0,0,0,0,1,0,0,0,0,0,0,0,0,0,0,5,12,0.0,0.08,0.0,0.0,1.0,0.0,0.17,255,250,0.98,0.01,0.0,0.0,0.0,0.0,0.0,0.0,0
0,tcp,http,SF,235,327,0,0,0,0,0,1,0,0,0,0,0,0,0,0,0,0,4,32,0.0,0.0,0.0,0.0,1.0,0.0,0.19,61,255,1.0,0.0,0.02,0.01,0.0,0.0,0.0,0.0,0
0,tcp,http,SF,265,2776,0,0,0,0,0,1,0,0,0,0,0,0,0,0,0,0,14,14,0.0,0.0,0.0,0.0,1.0,0.0,0.0,135,255,1.0,0.0,0.01,0.04,0.0,0.0,0.0,0.0,0
0,tcp,http,SF,279,4720,0,0,0,0,0,1,0,0,0,0,0,0,0,0,0,0,8,20,0.0,0.0,0.0,0.0,1.0,0.0,0.1,19,255,1.0,0.0,0.05,0.04,0.0,0.04,0.0,0.0,0
0,tcp,http,SF,239,976,0,0,0,0,0,1,0,0,0,0,0,0,0,0,0,0,22,22,0.0,0.0,0.0,0.0,1.0,0.0,0.0,255,255,1.0,0.0,0.01,0.0,0.0,0.0,0.0,0.0,0
0,icmp,urp_i,SF,181,0,0,0,0,0,0,0,0,0,0,0,0,0,0,0,0,0,2,1,0.0,0.0,0.0,0.0,0.5,1.0,0.0,255,27,0.11,0.01,0.12,0.0,0.0,0.0,0.0,0.0,0
0,tcp,ftp_data,SF,748,0,0,0,0,0,0,1,0,0,0,9,0,0,0,0,0,0,1,1,0.0,0.0,0.0,0.0,1.0,0.0,0.0,95,81,0.37,0.04,0.37,0.04,0.0,0.0,0.0,0.0,0
0,tcp,http,SF,281,751,0,0,0,0,0,1,0,0,0,0,0,0,0,0,0,0,3,11,0.0,0.0,0.0,0.0,1.0,0.0,0.27,31,255,1.0,0.0,0.03,0.03,0.0,0.0,0.0,0.0,0
0,tcp,http,SF,249,509,0,0,0,0,0,1,0,0,0,0,0,0,0,0,0,0,3,3,0.0,0.0,0.0,0.0,1.0,0.0,0.0,17,255,1.0,0.0,0.06,0.02,0.0,0.0,0.0,0.0,0
0,tcp,ftp_data,SF,30,0,0,0,0,0,0,1,0,0,0,0,0,0,0,0,0,0,1,1,0.0,0.0,0.0,0.0,1.0,0.0,0.0,5,42,1.0,0.0,1.0,0.12,0.0,0.0,0.0,0.0,1
1,tcp,auth,SF,10,38,0,0,0,0,0,1,0,0,0,0,0,0,0,0,0,0,1,1,0.0,0.0,0.0,0.0,1.0,0.0,0.0,255,4,0.02,0.02,0.0,0.0,0.0,0.0,0.0,0.0,0
0,tcp,http,SF,284,1043,0,0,0,0,0,1,0,0,0,0,0,0,0,0,0,0,27,27,0.0,0.0,0.0,0.0,1.0,0.0,0.0,124,255,1.0,0.0,0.01,0.01,0.0,0.0,0.0,0.0,0
0,tcp,http,SF,216,483,0,0,0,0,0,1,0,0,0,0,0,0,0,0,0,0,4,9,0.0,0.0,0.0,0.0,1.0,0.0,0.44,255,255,1.0,0.0,0.0,0.0,0.0,0.0,0.0,0.0,0
0,tcp,http,SF,341,1041,0,0,0,0,0,1,0,0,0,0,0,0,0,0,0,0,3,4,0.0,0.0,0.0,0.0,1.0,0.0,0.5,255,255,1.0,0.0,0.0,0.0,0.01,0.01,0.0,0.0,0
0,tcp,ftp,SF,1242,2451,0,0,0,28,0,1,0,0,0,0,0,0,0,0,0,1,1,1,0.0,0.0,0.0,0.0,1.0,0.0,0.0,255,32,0.13,0.02,0.0,0.0,0.09,0.0,0.0,0.0,1
3,tcp,smtp,SF,1025,337,0,0,0,0,0,1,0,0,0,0,0,0,0,0,0,0,1,1,0.0,0.0,0.0,0.0,1.0,0.0,0.0,95,249,0.98,0.02,0.01,0.01,0.0,0.0,0.0,0.0,0
0,tcp,http,SF,317,405,0,0,0,0,0,1,0,0,0,0,0,0,0,0,0,0,11,15,0.0,0.0,0.0,0.0,1.0,0.0,0.13,255,255,1.0,0.0,0.0,0.0,0.0,0.0,0.0,0.0,0
2,tcp,smtp,SF,1070,330,0,0,0,0,0,1,0,0,0,0,0,0,0,0,0,0,1,4,0.0,0.0,0.0,0.0,1.0,0.0,1.0,142,120,0.59,0.04,0.01,0.02,0.0,0.0,0.0,0.0,0
0,tcp,ftp_data,SF,334,0,0,0,0,0,0,1,0,0,0,0,0,0,0,0,0,0,2,2,0.0,0.0,0.0,0.0,1.0,0.0,0.0,6,16,1.0,0.0,1.0,0.25,0.0,0.0,0.0,0.0,1
0,tcp,ftp_data,SF,501760,0,0,0,0,0,0,1,0,0,0,0,0,0,0,0,0,0,1,1,0.0,0.0,0.0,0.0,1.0,0.0,0.0,195,87,0.3,0.02,0.3,0.02,0.0,0.0,0.0,0.0,0
1,tcp,ftp,SF,1252,2453,0,0,0,28,0,1,0,0,0,0,0,0,0,0,0,1,1,1,0.0,0.0,0.0,0.0,1.0,0.0,0.0,255,91,0.36,0.02,0.0,0.0,0.0,0.0,0.0,0.0,1
0,tcp,ftp_data,SF,7012,0,0,0,0,0,0,1,0,0,0,0,0,0,0,0,0,0,5,5,0.0,0.0,0.0,0.0,1.0,0.0,0.0,27,75,0.93,0.07,0.93,0.03,0.0,0.0,0.0,0.0,0
4,tcp,smtp,SF,923,325,0,0,0,0,0,1,0,0,0,0,0,0,0,0,0,0,1,1,0.0,0.0,0.0,0.0,1.0,0.0,0.0,160,189,0.64,0.03,0.01,0.01,0.02,0.02,0.0,0.0,0
0,tcp,ftp_data,SF,334,0,0,0,0,0,0,1,0,0,0,0,0,0,0,0,0,0,1,1,0.0,0.0,0.0,0.0,1.0,0.0,0.0,15,26,1.0,0.0,1.0,0.08,0.0,0.0,0.0,0.0,1
0,tcp,http,REJ,0,0,0,0,0,0,0,0,0,0,0,0,0,0,0,0,0,0,1,1,0.0,0.0,1.0,1.0,1.0,0.0,0.0,1,253,1.0,0.0,1.0,0.15,0.0,0.0,1.0,0.6,0
0,tcp,http,SF,462,8287,0,0,0,0,0,1,0,0,0,0,0,0,0,0,0,0,15,42,0.0,0.0,0.0,0.0,1.0,0.0,0.05,255,255,1.0,0.0,0.0,0.0,0.0,0.0,0.0,0.0,0
0,tcp,smtp,SF,1782,493,0,0,0,0,0,1,0,0,0,0,0,0,0,0,0,0,1,1,0.0,0.0,0.0,0.0,1.0,0.0,0.0,255,11,0.04,0.01,0.0,0.0,0.0,0.0,0.02,0.0,0
0,tcp,http,SF,337,774,0,0,0,0,0,1,0,0,0,0,0,0,0,0,0,0,3,3,0.0,0.0,0.0,0.0,1.0,0.0,0.0,59,255,1.0,0.0,0.02,0.01,0.0,0.0,0.0,0.0,0
0,tcp,http,SF,280,290,0,0,0,0,0,1,0,0,0,0,0,0,0,0,0,0,14,17,0.0,0.0,0.0,0.0,1.0,0.0,0.24,242,255,1.0,0.0,0.0,0.01,0.0,0.0,0.0,0.0,0
1,tcp,ftp,SF,1223,2451,0,0,0,28,0,1,0,0,0,0,0,0,0,0,0,1,1,1,0.0,0.0,0.0,0.0,1.0,0.0,0.0,219,47,0.21,0.02,0.0,0.0,0.0,0.0,0.01,0.0,1
0,tcp,smtp,SF,790,330,0,0,0,0,0,1,0,0,0,0,0,0,0,0,0,0,1,2,0.0,0.0,0.0,0.0,1.0,0.0,1.0,127,82,0.54,0.06,0.01,0.02,0.01,0.0,0.01,0.0,0
0,tcp,http,SF,280,885,0,0,0,0,0,1,0,0,0,0,0,0,0,0,0,0,2,3,0.0,0.0,0.0,0.0,1.0,0.0,0.67,255,255,1.0,0.0,0.0,0.0,0.0,0.0,0.0,0.0,0
0,tcp,ftp_data,SF,5891,0,0,0,0,0,0,1,0,0,0,0,0,0,0,0,0,0,18,18,0.0,0.0,0.0,0.0,1.0,0.0,0.0,255,81,0.32,0.02,0.32,0.0,0.0,0.0,0.03,0.0,0
0,tcp,http,SF,214,19134,0,0,0,0,0,1,0,0,0,0,0,0,0,0,0,0,12,12,0.0,0.0,0.0,0.0,1.0,0.0,0.0,12,255,1.0,0.0,0.08,0.03,0.0,0.0,0.0,0.0,0
0,tcp,http,SF,325,269,0,0,0,0,0,1,0,0,0,0,0,0,0,0,0,0,22,28,0.0,0.0,0.0,0.0,1.0,0.0,0.11,255,255,1.0,0.0,0.0,0.0,0.0,0.0,0.0,0.0,0
0,tcp,http,SF,320,2475,0,0,0,0,0,1,0,0,0,0,0,0,0,0,0,0,23,23,0.0,0.0,0.0,0.0,1.0,0.0,0.0,255,255,1.0,0.0,0.0,0.0,0.0,0.0,0.0,0.0,0
2708,udp,other,SF,146,105,0,0,0,0,0,0,0,0,0,0,0,0,0,0,0,0,1,1,0.0,0.0,0.0,0.0,1.0,0.0,0.0,255,3,0.01,0.62,0.95,0.0,0.0,0.0,0.0,0.0,0
0,udp,domain_u,SF,45,75,0,0,0,0,0,0,0,0,0,0,0,0,0,0,0,0,70,150,0.0,0.0,0.0,0.0,1.0,0.0,0.01,255,217,0.85,0.01,0.0,0.0,0.0,0.0,0.0,0.0,0
0,tcp,http,SF,223,422,0,0,0,0,0,1,0,0,0,0,0,0,0,0,0,0,5,5,0.0,0.0,0.0,0.0,1.0,0.0,0.0,255,255,1.0,0.0,0.0,0.0,0.0,0.0,0.0,0.0,0
0,udp,domain_u,SF,46,86,0,0,0,0,0,0,0,0,0,0,0,0,0,0,0,0,234,233,0.0,0.0,0.0,0.0,1.0,0.01,0.0,255,254,1.0,0.01,0.01,0.0,0.0,0.0,0.0,0.0,0
0,tcp,http,SF,230,382,0,0,0,0,0,1,0,0,0,0,0,0,0,0,0,0,1,2,0.0,0.0,0.0,0.0,1.0,0.0,1.0,72,255,1.0,0.0,0.01,0.01,0.01,0.0,0.0,0.0,0
0,tcp,ftp_data,SF,740,0,0,0,0,0,0,1,0,0,0,9,0,0,0,0,0,0,2,2,0.0,0.0,0.0,0.0,1.0,0.0,0.0,88,94,0.49,0.06,0.5,0.02,0.0,0.0,0.0,0.0,0
0,tcp,http,SF,331,7262,0,0,0,0,0,1,0,0,0,0,0,0,0,0,0,0,15,15,0.0,0.0,0.0,0.0,1.0,0.0,0.0,19,255,1.0,0.0,0.05,0.13,0.0,0.0,0.21,0.83,0
12,tcp,ftp_data,SF,7045,0,0,0,0,0,0,1,0,0,0,0,0,0,0,0,0,0,1,1,0.0,0.0,0.0,0.0,1.0,0.0,0.0,5,35,1.0,0.0,1.0,0.14,0.0,0.0,0.0,0.0,1
0,tcp,http,SF,292,1069,0,0,0,0,0,1,0,0,0,0,0,0,0,0,0,0,3,3,0.0,0.0,0.0,0.0,1.0,0.0,0.0,127,255,1.0,0.0,0.01,0.02,0.0,0.0,0.0,0.0,0
0,tcp,ftp_data,SF,334,0,0,0,0,0,0,1,0,0,0,0,0,0,0,0,0,0,1,1,0.0,0.0,0.0,0.0,1.0,0.0,0.0,3,39,1.0,0.0,1.0,0.18,0.0,0.0,0.0,0.0,1
0,tcp,http,SF,289,12602,0,0,0,0,0,1,0,0,0,0,0,0,0,0,0,0,14,14,0.0,0.0,0.0,0.0,1.0,0.0,0.0,98,255,1.0,0.0,0.01,0.03,0.0,0.0,0.0,0.0,0
0,tcp,http,SF,204,2289,0,0,0,0,0,1,0,0,0,0,0,0,0,0,0,0,9,10,0.0,0.0,0.0,0.0,1.0,0.0,0.2,58,255,1.0,0.0,0.02,0.04,0.0,0.0,0.0,0.0,0
0,tcp,smtp,SF,1666,404,0,0,0,0,0,1,0,0,0,0,0,0,0,0,0,0,1,1,0.0,0.0,0.0,0.0,1.0,0.0,0.0,96,29,0.3,0.05,0.01,0.0,0.0,0.0,0.02,0.0,0
0,tcp,http,SF,300,615,0,0,0,0,0,1,0,0,0,0,0,0,0,0,0,0,13,13,0.0,0.0,0.0,0.0,1.0,0.0,0.0,15,255,1.0,0.0,0.07,0.04,0.0,0.0,0.0,0.0,0
0,tcp,http,SF,230,193,0,0,0,0,0,1,0,0,0,0,0,0,0,0,0,0,1,1,0.0,0.0,0.0,0.0,1.0,0.0,0.0,17,255,1.0,0.0,0.06,0.04,0.0,0.0,0.0,0.0,0
0,tcp,http,SF,218,1752,0,0,0,0,0,1,0,0,0,0,0,0,0,0,0,0,9,21,0.0,0.0,0.0,0.0,1.0,0.0,0.19,255,255,1.0,0.0,0.0,0.0,0.0,0.0,0.0,0.0,0
0,tcp,http,SF,326,14483,0,0,0,0,0,1,0,0,0,0,0,0,0,0,0,0,1,1,0.0,0.0,0.0,0.0,1.0,0.0,0.0,101,255,1.0,0.0,0.01,0.02,0.01,0.0,0.0,0.0,0
3,tcp,smtp,SF,791,329,0,0,0,0,0,1,0,0,0,0,0,0,0,0,0,0,1,5,0.0,0.0,0.0,0.0,1.0,0.0,0.8,255,12,0.05,0.67,0.0,0.0,0.0,0.0,0.0,0.0,0
5055,tcp,ftp,SF,1049,2274,0,0,0,20,0,1,0,0,0,0,0,0,0,0,0,1,1,1,0.0,0.0,0.0,0.0,1.0,0.0,0.0,255,26,0.1,0.02,0.0,0.0,0.12,0.0,0.0,0.0,1
0,tcp,http,SF,343,134175,0,0,0,0,0,1,0,0,0,0,0,0,0,0,0,0,12,12,0.0,0.0,0.0,0.0,1.0,0.0,0.0,245,255,1.0,0.0,0.0,0.01,0.01,0.01,0.0,0.0,0
1,tcp,smtp,SF,1424,334,0,0,0,0,0,1,0,0,0,0,0,0,0,0,0,0,1,1,0.0,0.0,0.0,0.0,1.0,0.0,0.0,194,124,0.4,0.04,0.01,0.02,0.0,0.0,0.0,0.0,0
0,tcp,http,SF,274,3225,0,0,0,0,0,1,0,0,0,0,0,0,0,0,0,0,2,44,0.0,0.0,0.0,0.0,1.0,0.0,0.11,155,255,1.0,0.0,0.01,0.02,0.0,0.0,0.0,0.0,0
0,tcp,ftp_data,SF,334,0,0,0,0,0,0,1,0,0,0,0,0,0,0,0,0,0,1,1,0.0,0.0,0.0,0.0,1.0,0.0,0.0,1,45,1.0,0.0,1.0,0.09,0.0,0.0,0.0,0.0,1
0,tcp,http,SF,238,12643,0,0,0,0,0,1,0,0,0,0,0,0,0,0,0,0,1,17,0.0,0.0,0.0,0.0,1.0,0.0,0.24,78,255,1.0,0.0,0.01,0.02,0.01,0.0,0.0,0.0,0
0,tcp,finger,SF,8,0,0,0,0,0,0,0,0,0,0,0,0,0,0,0,0,0,1,1,0.0,0.0,0.0,0.0,1.0,0.0,0.0,53,8,0.06,0.06,0.02,0.25,0.0,0.0,0.0,0.0,0
0,tcp,http,SF,223,613,0,0,0,0,0,1,0,0,0,0,0,0,0,0,0,0,24,24,0.0,0.0,0.0,0.0,1.0,0.0,0.0,24,255,1.0,0.0,0.04,0.06,0.0,0.0,0.0,0.0,0
0,tcp,http,SF,272,6752,0,0,0,0,0,1,0,0,0,0,0,0,0,0,0,0,8,8,0.0,0.0,0.0,0.0,1.0,0.0,0.0,55,255,1.0,0.0,0.02,0.02,0.0,0.0,0.0,0.0,0
0,tcp,http,SF,148,17727,0,0,0,0,0,1,0,0,0,0,0,0,0,0,0,0,3,3,0.0,0.0,0.0,0.0,1.0,0.0,0.0,6,157,1.0,0.0,0.17,0.05,0.0,0.01,0.0,0.0,0
0,tcp,http,SF,373,753,0,0,0,0,0,1,0,0,0,0,0,0,0,0,0,0,10,10,0.0,0.0,0.0,0.0,1.0,0.0,0.0,198,255,1.0,0.0,0.01,0.01,0.0,0.0,0.06,0.05,0
0,tcp,http,SF,217,1591,0,0,0,0,0,1,0,0,0,0,0,0,0,0,0,0,11,11,0.0,0.0,0.0,0.0,1.0,0.0,0.0,136,255,1.0,0.0,0.01,0.03,0.0,0.0,0.0,0.0,0
1,tcp,smtp,SF,1145,331,0,0,0,0,0,1,0,0,0,0,0,0,0,0,0,0,1,1,0.0,0.0,0.0,0.0,1.0,0.0,0.0,255,167,0.65,0.03,0.0,0.0,0.0,0.01,0.0,0.0,0
0,tcp,http,SF,336,2431,0,0,0,0,0,1,0,0,0,0,0,0,0,0,0,0,2,2,0.0,0.0,0.0,0.0,1.0,0.0,0.0,114,255,1.0,0.0,0.01,0.02,0.0,0.0,0.0,0.0,0
0,tcp,ftp_data,SF,9086,0,0,0,0,0,0,1,0,0,0,0,0,0,0,0,0,0,1,1,0.0,0.0,0.0,0.0,1.0,0.0,0.0,25,79,0.16,0.16,0.16,0.03,0.0,0.0,0.0,0.0,0
0,udp,domain_u,SF,43,132,0,0,0,0,0,0,0,0,0,0,0,0,0,0,0,0,51,128,0.0,0.0,0.0,0.0,1.0,0.0,0.02,255,254,1.0,0.01,0.0,0.0,0.0,0.0,0.0,0.0,0
5,tcp,smtp,SF,948,334,0,0,0,0,0,1,0,0,0,0,0,0,0,0,0,0,1,1,0.0,0.0,0.0,0.0,1.0,0.0,0.0,54,208,0.91,0.06,0.02,0.01,0.0,0.0,0.0,0.0,0
0,tcp,http,SF,232,904,0,0,0,0,0,1,0,0,0,0,0,0,0,0,0,0,28,88,0.0,0.0,0.0,0.0,1.0,0.0,0.09,150,255,1.0,0.0,0.01,0.01,0.0,0.0,0.01,0.0,0
0,tcp,ftp_data,SF,12,0,0,0,0,0,0,1,0,0,0,0,0,0,0,0,0,0,2,3,0.0,0.0,0.0,0.0,1.0,0.0,0.67,45,107,0.56,0.09,0.56,0.02,0.0,0.0,0.0,0.0,0
7,tcp,smtp,SF,2240,332,0,0,0,0,0,1,0,0,0,0,0,0,0,0,0,0,1,2,0.0,0.0,0.0,0.0,1.0,0.0,1.0,163,141,0.87,0.02,0.01,0.0,0.0,0.0,0.0,0.0,0
0,tcp,http,SF,325,7309,0,0,0,0,0,1,0,0,0,0,0,0,0,0,0,0,4,19,0.0,0.0,0.0,0.0,1.0,0.0,0.16,4,255,1.0,0.0,0.25,0.03,0.0,0.0,0.0,0.0,0
0,udp,domain_u,SF,44,152,0,0,0,0,0,0,0,0,0,0,0,0,0,0,0,0,210,287,0.0,0.0,0.0,0.0,1.0,0.01,0.01,212,173,0.82,0.01,0.0,0.0,0.0,0.0,0.0,0.0,0
0,tcp,http,SF,221,342,0,0,0,0,0,1,0,0,0,0,0,0,0,0,0,0,9,9,0.0,0.0,0.0,0.0,1.0,0.0,0.0,255,255,1.0,0.0,0.0,0.0,0.0,0.0,0.0,0.0,0
2,tcp,smtp,SF,1397,342,0,0,0,0,0,1,0,0,0,0,0,0,0,0,0,0,1,3,0.0,0.0,0.0,0.0,1.0,0.0,1.0,80,240,0.95,0.03,0.01,0.01,0.0,0.0,0.0,0.0,0
0,udp,domain_u,SF,45,73,0,0,0,0,0,0,0,0,0,0,0,0,0,0,0,0,187,187,0.0,0.0,0.0,0.0,1.0,0.0,0.0,255,229,0.9,0.01,0.0,0.0,0.0,0.0,0.0,0.0,0
0,tcp,smtp,SF,1582,477,0,0,0,0,0,1,0,0,0,0,0,0,0,0,0,0,1,1,0.0,0.0,0.0,0.0,1.0,0.0,0.0,255,33,0.13,0.02,0.0,0.0,0.0,0.0,0.86,0.0,0
11,tcp,http,SF,238,369,0,0,0,0,0,1,0,0,0,0,0,0,0,0,0,0,1,4,0.0,0.0,0.0,0.0,1.0,0.0,0.75,5,255,1.0,0.0,0.2,0.04,0.0,0.0,0.0,0.0,0
0,tcp,http,SF,196,5321,0,0,0,0,0,1,0,0,0,0,0,0,0,0,0,0,3,3,0.0,0.0,0.0,0.0,1.0,0.0,0.0,19,255,1.0,0.0,0.05,0.05,0.05,0.0,0.0,0.0,0
0,tcp,http,SF,245,11947,0,0,0,0,0,1,0,0,0,0,0,0,0,0,0,0,1,3,0.0,0.0,0.0,0.0,1.0,0.0,1.0,28,255,1.0,0.0,0.04,0.02,0.0,0.0,0.0,0.0,0
7,tcp,telnet,SF,109,3801,0,0,0,0,0,1,0,0,0,0,0,0,0,0,0,0,2,1,0.0,0.0,0.0,0.0,0.5,1.0,0.0,92,2,0.01,0.08,0.01,1.0,0.0,0.0,0.0,0.0,0
0,tcp,http,SF,218,329,0,0,0,0,0,1,0,0,0,0,0,0,0,0,0,0,1,1,0.0,0.0,0.0,0.0,1.0,0.0,0.0,153,255,1.0,0.0,0.01,0.02,0.0,0.0,0.0,0.0,0
0,tcp,ftp_data,SF,334,0,0,0,0,0,0,1,0,0,0,0,0,0,0,0,0,0,2,2,0.0,0.0,0.0,0.0,1.0,0.0,0.0,2,24,1.0,0.0,1.0,0.17,0.0,0.0,0.0,0.0,1
0,tcp,telnet,RSTO,126,179,0,0,0,1,1,0,0,0,0,0,0,0,0,0,0,0,2,2,0.0,0.0,1.0,1.0,1.0,0.0,0.0,12,12,1.0,0.0,0.08,0.0,0.08,0.08,0.92,0.92,1
0,tcp,http,SF,200,2345,0,0,0,0,0,1,0,0,0,0,0,0,0,0,0,0,7,27,0.0,0.0,0.0,0.0,1.0,0.0,0.07,255,255,1.0,0.0,0.0,0.0,0.0,0.0,0.0,0.0,0
0,icmp,urp_i,SF,78,0,0,0,0,0,0,0,0,0,0,0,0,0,0,0,0,0,34,4,0.0,0.0,0.0,0.0,0.12,0.06,0.0,255,22,0.09,0.01,0.09,0.0,0.0,0.0,0.0,0.0,0
0,tcp,http,SF,221,944,0,0,0,0,0,1,0,0,0,0,0,0,0,0,0,0,7,9,0.0,0.0,0.0,0.0,1.0,0.0,0.33,255,255,1.0,0.0,0.0,0.0,0.0,0.0,0.0,0.0,0
0,tcp,http,SF,227,5220,0,0,0,0,0,1,0,0,0,0,0,0,0,0,0,0,6,6,0.0,0.0,0.0,0.0,1.0,0.0,0.0,19,114,1.0,0.0,0.05,0.05,0.0,0.0,0.0,0.0,0
0,tcp,http,SF,322,2097,0,0,0,0,0,1,0,0,0,0,0,0,0,0,0,0,18,18,0.0,0.0,0.0,0.0,1.0,0.0,0.0,255,255,1.0,0.0,0.0,0.0,0.0,0.0,0.0,0.0,0
0,tcp,http,REJ,0,0,0,0,0,0,0,0,0,0,0,0,0,0,0,0,0,0,1,1,0.0,0.0,1.0,1.0,1.0,0.0,0.0,48,255,1.0,0.0,0.02,0.29,0.0,0.0,1.0,1.0,0
0,tcp,smtp,SF,907,326,0,0,0,0,0,1,0,0,0,0,0,0,0,0,0,0,1,1,0.0,0.0,0.0,0.0,1.0,0.0,0.0,83,195,0.7,0.06,0.01,0.01,0.0,0.0,0.0,0.0,0
0,tcp,ftp_data,SF,276,0,0,0,0,0,0,1,0,0,0,0,0,0,0,0,0,0,5,7,0.0,0.0,0.0,0.0,1.0,0.0,0.29,196,85,0.33,0.02,0.33,0.02,0.0,0.0,0.0,0.0,0
0,tcp,http,SF,293,13599,0,0,0,0,0,1,0,0,0,0,0,0,0,0,0,0,32,32,0.0,0.0,0.0,0.0,1.0,0.0,0.0,106,255,1.0,0.0,0.01,0.01,0.0,0.0,0.0,0.0,0
0,tcp,ftp_data,SF,334,0,0,0,0,0,0,1,0,0,0,0,0,0,0,0,0,0,2,2,0.0,0.0,0.0,0.0,1.0,0.0,0.0,6,40,1.0,0.0,1.0,0.15,0.0,0.0,0.0,0.0,1
28,tcp,ftp,SF,663,2077,0,0,0,14,0,1,0,0,0,0,0,0,0,0,0,1,1,2,0.0,0.0,0.0,0.0,1.0,0.0,1.0,90,1,0.01,0.03,0.01,0.0,0.0,0.0,0.0,0.0,0
0,tcp,smtp,SF,1118,398,0,0,0,0,0,1,0,0,0,0,0,0,0,0,0,0,1,1,0.0,0.0,0.0,0.0,1.0,0.0,0.0,28,221,0.46,0.07,0.04,0.01,0.54,0.0,0.0,0.0,0
0,tcp,ftp_data,SF,245,0,0,0,0,0,0,1,0,0,0,1,0,0,0,0,0,0,3,2,0.0,0.0,0.0,0.0,0.67,0.67,0.0,104,11,0.11,0.07,0.11,0.0,0.0,0.0,0.0,0.0,0
0,tcp,http,SF,326,41144,0,0,0,0,0,1,0,0,0,0,0,0,0,0,0,0,2,2,0.0,0.0,0.0,0.0,1.0,0.0,0.0,85,255,1.0,0.0,0.01,0.03,0.0,0.0,0.0,0.0,0
0,tcp,ftp_data,SF,334,0,0,0,0,0,0,1,0,0,0,0,0,0,0,0,0,0,1,1,0.0,0.0,0.0,0.0,1.0,0.0,0.0,1,27,1.0,0.0,1.0,0.15,0.0,0.0,0.0,0.0,1
0,udp,domain_u,SF,46,157,0,0,0,0,0,0,0,0,0,0,0,0,0,0,0,0,322,321,0.0,0.0,0.0,0.0,1.0,0.01,0.0,255,233,0.91,0.01,0.0,0.0,0.0,0.0,0.0,0.0,0
0,udp,domain_u,SF,44,134,0,0,0,0,0,0,0,0,0,0,0,0,0,0,0,0,74,154,0.0,0.0,0.0,0.0,0.99,0.03,0.01,255,241,0.95,0.01,0.0,0.0,0.0,0.0,0.0,0.0,0
0,tcp,smtp,SF,1060,325,0,0,0,0,0,1,0,0,0,0,0,0,0,0,0,0,1,2,0.0,0.0,0.0,0.0,1.0,0.0,1.0,213,146,0.6,0.02,0.0,0.01,0.0,0.0,0.0,0.0,0
25,tcp,ftp,SF,264,892,0,0,0,5,0,1,0,0,0,0,0,0,0,0,0,1,1,1,0.0,0.0,0.0,0.0,1.0,0.0,0.0,37,3,0.08,0.08,0.03,0.0,0.0,0.0,0.0,0.0,0
1,tcp,ftp,SF,1238,2449,0,0,0,28,0,1,0,0,0,0,0,0,0,0,0,1,1,1,0.0,0.0,0.0,0.0,1.0,0.0,0.0,255,99,0.39,0.02,0.0,0.0,0.0,0.0,0.01,0.0,1
0,udp,domain_u,SF,42,42,0,0,0,0,0,0,0,0,0,0,0,0,0,0,0,0,6,9,0.0,0.0,0.0,0.0,1.0,0.0,0.22,255,214,0.84,0.01,0.0,0.0,0.0,0.0,0.0,0.0,0
0,udp,domain_u,SF,45,111,0,0,0,0,0,0,0,0,0,0,0,0,0,0,0,0,68,146,0.0,0.0,0.0,0.0,1.0,0.0,0.01,255,255,1.0,0.0,0.0,0.0,0.0,0.0,0.0,0.0,0
0,udp,private,SF,105,147,0,0,0,0,0,0,0,0,0,0,0,0,0,0,0,0,1,1,0.0,0.0,0.0,0.0,1.0,0.0,0.0,118,117,0.99,0.02,0.02,0.0,0.0,0.0,0.0,0.0,0
0,udp,domain_u,SF,42,128,0,0,0,0,0,0,0,0,0,0,0,0,0,0,0,0,72,152,0.0,0.0,0.0,0.0,1.0,0.0,0.01,255,235,0.92,0.01,0.0,0.0,0.0,0.0,0.0,0.0,0
0,tcp,http,SF,302,258,0,0,0,0,0,1,0,0,0,0,0,0,0,0,0,0,2,2,0.0,0.0,0.0,0.0,1.0,0.0,0.0,255,240,0.94,0.01,0.0,0.0,0.0,0.0,0.02,0.02,0
0,tcp,ftp_data,SF,641,0,0,0,0,0,0,1,0,0,0,0,0,0,0,0,0,0,2,2,0.0,0.0,0.0,0.0,1.0,0.0,0.0,255,118,0.46,0.04,0.47,0.0,0.0,0.0,0.0,0.0,0
1,tcp,ftp,SF,1212,2449,0,0,0,28,0,1,0,0,0,0,0,0,0,0,0,1,1,1,0.0,0.0,0.0,0.0,1.0,0.0,0.0,255,98,0.38,0.02,0.0,0.0,0.0,0.0,0.0,0.0,1
0,udp,domain_u,SF,31,0,0,0,0,0,0,0,0,0,0,0,0,0,0,0,0,0,1,13,0.0,0.0,0.0,0.0,1.0,0.0,0.15,147,33,0.1,0.04,0.1,0.06,0.0,0.0,0.0,0.0,0
0,udp,domain_u,SF,34,0,0,0,0,0,0,0,0,0,0,0,0,0,0,0,0,0,8,16,0.0,0.0,0.0,0.0,1.0,0.0,0.12,255,43,0.17,0.02,0.17,0.0,0.0,0.0,0.0,0.0,0
0,tcp,ftp,SF,1235,2449,0,0,0,28,0,1,0,0,0,0,0,0,0,0,0,1,1,1,0.0,0.0,0.0,0.0,1.0,0.0,0.0,255,79,0.31,0.02,0.0,0.0,0.0,0.0,0.0,0.0,1
0,tcp,http,SF,306,1075,0,0,0,0,0,1,0,0,0,0,0,0,0,0,0,0,5,5,0.0,0.0,0.0,0.0,1.0,0.0,0.0,22,16,0.73,0.14,0.05,0.0,0.05,0.0,0.0,0.0,0
0,tcp,http,SF,330,7474,0,0,0,0,0,1,0,0,0,0,0,0,0,0,0,0,13,13,0.0,0.0,0.0,0.0,1.0,0.0,0.0,255,255,1.0,0.0,0.0,0.0,0.0,0.0,0.0,0.0,0
0,tcp,http,SF,215,934,0,0,0,0,0,1,0,0,0,0,0,0,0,0,0,0,12,13,0.0,0.0,0.0,0.0,1.0,0.0,0.15,110,255,1.0,0.0,0.01,0.01,0.0,0.0,0.0,0.0,0
0,tcp,ftp,SF,1224,2451,0,0,0,28,0,1,0,0,0,0,0,0,0,0,0,1,1,1,0.0,0.0,0.0,0.0,1.0,0.0,0.0,207,35,0.17,0.02,0.0,0.0,0.0,0.0,0.01,0.0,1
0,udp,domain_u,SF,44,76,0,0,0,0,0,0,0,0,0,0,0,0,0,0,0,0,137,137,0.0,0.0,0.0,0.0,1.0,0.0,0.0,255,254,1.0,0.01,0.0,0.0,0.0,0.0,0.0,0.0,0
0,tcp,http,SF,197,2909,0,0,0,0,0,1,0,0,0,0,0,0,0,0,0,0,2,19,0.0,0.0,0.0,0.0,1.0,0.0,0.16,229,255,1.0,0.0,0.0,0.02,0.0,0.0,0.0,0.0,0
0,tcp,http,SF,234,301,0,0,0,0,0,1,0,0,0,0,0,0,0,0,0,0,1,1,0.0,0.0,0.0,0.0,1.0,0.0,0.0,3,10,1.0,0.0,0.33,0.3,0.33,0.1,0.0,0.0,0
0,tcp,ftp_data,SF,334,0,0,0,0,0,0,1,0,0,0,0,0,0,0,0,0,0,1,1,0.0,0.0,0.0,0.0,1.0,0.0,0.0,5,17,1.0,0.0,1.0,0.12,0.0,0.0,0.0,0.0,1
0,tcp,finger,SF,8,140,0,0,0,0,0,0,0,0,0,0,0,0,0,0,0,0,1,1,0.0,0.0,0.0,0.0,1.0,0.0,0.0,84,7,0.04,0.07,0.01,0.29,0.0,0.0,0.0,0.0,0
0,tcp,http,SF,193,759,0,0,0,0,0,1,0,0,0,0,0,0,0,0,0,0,1,3,0.0,0.0,0.0,0.0,1.0,0.0,0.67,123,255,1.0,0.0,0.01,0.02,0.01,0.01,0.0,0.0,0
0,tcp,http,SF,236,3041,0,0,0,0,0,1,0,0,0,0,0,0,0,0,0,0,13,13,0.0,0.0,0.0,0.0,1.0,0.0,0.0,163,255,1.0,0.0,0.01,0.04,0.01,0.0,0.0,0.0,0
0,tcp,http,SF,253,2099,0,0,0,0,0,1,0,0,0,0,0,0,0,0,0,0,1,1,0.0,0.0,0.0,0.0,1.0,0.0,0.0,255,255,1.0,0.0,0.0,0.0,0.0,0.0,0.0,0.0,0
0,tcp,http,SF,297,678,0,0,0,0,0,1,0,0,0,0,0,0,0,0,0,0,6,6,0.0,0.0,0.0,0.0,1.0,0.0,0.0,255,255,1.0,0.0,0.0,0.0,0.0,0.0,0.0,0.0,0
0,tcp,http,SF,224,1329,0,0,0,0,0,1,0,0,0,0,0,0,0,0,0,0,4,4,0.0,0.0,0.0,0.0,1.0,0.0,0.0,29,255,1.0,0.0,0.03,0.06,0.0,0.0,0.0,0.01,0
0,tcp,http,SF,191,2529,0,0,0,0,0,1,0,0,0,0,0,0,0,0,0,0,3,11,0.0,0.0,0.0,0.0,1.0,0.0,0.27,3,255,1.0,0.0,0.33,0.01,0.0,0.0,0.0,0.0,0
0,tcp,http,SF,232,308,0,0,0,0,0,1,0,0,0,0,0,0,0,0,0,0,11,11,0.0,0.0,0.0,0.0,1.0,0.0,0.0,255,255,1.0,0.0,0.0,0.0,0.0,0.0,0.0,0.0,0
0,tcp,smtp,SF,2459,331,0,0,0,0,0,1,0,0,0,0,0,0,0,0,0,0,1,1,0.0,0.0,0.0,0.0,1.0,0.0,0.0,125,91,0.73,0.04,0.01,0.0,0.0,0.0,0.0,0.0,0
0,tcp,http,SF,242,372,0,0,0,0,0,1,0,0,0,0,0,0,0,0,0,0,12,12,0.0,0.0,0.0,0.0,1.0,0.0,0.0,252,255,1.0,0.0,0.0,0.01,0.0,0.0,0.0,0.0,0
1,tcp,ftp,SF,1195,2447,0,0,0,28,0,1,0,0,0,0,0,0,0,0,0,1,1,1,0.0,0.0,0.0,0.0,1.0,0.0,0.0,255,74,0.29,0.02,0.0,0.0,0.0,0.0,0.0,0.0,1
0,tcp,http,SF,162,388,0,0,0,0,0,1,0,0,0,0,0,0,0,0,0,0,6,6,0.0,0.0,0.0,0.0,1.0,0.0,0.0,6,255,1.0,0.0,0.17,0.02,0.0,0.0,0.0,0.0,0
3613,udp,other,SF,147,105,0,0,0,0,0,0,0,0,0,0,0,0,0,0,0,0,1,1,0.0,0.0,0.0,0.0,1.0,0.0,0.0,255,1,0.0,0.64,0.9,0.0,0.0,0.0,0.0,0.0,0
0,tcp,http,SF,318,295,0,0,0,0,0,1,0,0,0,0,0,0,0,0,0,0,17,17,0.0,0.0,0.0,0.0,1.0,0.0,0.0,47,255,1.0,0.0,0.02,0.02,0.0,0.0,0.0,0.01,0
13949,tcp,telnet,SF,111,12120,0,0,0,0,0,1,0,0,0,0,0,0,0,0,0,0,1,1,0.0,0.0,0.0,0.0,1.0,0.0,0.0,98,12,0.12,0.04,0.01,0.0,0.01,0.08,0.0,0.0,0
0,tcp,ftp_data,SF,334,0,0,0,0,0,0,1,0,0,0,0,0,0,0,0,0,0,1,1,0.0,0.0,0.0,0.0,1.0,0.0,0.0,1,29,1.0,0.0,1.0,0.14,0.0,0.0,0.0,0.0,1
0,tcp,http,SF,214,6008,0,0,0,0,0,1,0,0,0,0,0,0,0,0,0,0,3,7,0.0,0.0,0.0,0.0,1.0,0.0,0.29,142,255,1.0,0.0,0.01,0.01,0.0,0.0,0.01,0.0,0
0,udp,domain_u,SF,34,50,0,0,0,0,0,0,0,0,0,0,0,0,0,0,0,0,3,4,0.0,0.0,0.0,0.0,1.0,0.0,0.5,255,255,1.0,0.0,0.01,0.0,0.0,0.0,0.0,0.0,0
0,tcp,http,SF,213,1538,0,0,0,0,0,1,0,0,0,0,0,0,0,0,0,0,23,41,0.0,0.0,0.0,0.0,1.0,0.0,0.1,87,255,1.0,0.0,0.01,0.05,0.01,0.01,0.0,0.0,0
0,tcp,ftp_data,SF,245,0,0,0,0,0,0,1,0,0,0,1,0,0,0,0,0,0,3,2,0.0,0.0,0.0,0.0,0.67,0.67,0.0,255,51,0.2,0.03,0.2,0.0,0.0,0.0,0.0,0.0,0
0,tcp,http,SF,170,327,0,0,0,0,0,1,0,0,0,0,0,0,0,0,0,0,1,1,0.0,0.0,0.0,0.0,1.0,0.0,0.0,255,255,1.0,0.0,0.0,0.0,0.0,0.0,0.0,0.0,0
310,tcp,telnet,SF,595,121612,0,0,1,1,0,1,187,1,2,187,0,0,0,0,0,0,1,1,0.0,0.0,0.0,0.0,1.0,0.0,0.0,255,1,0.0,0.01,0.0,0.0,0.0,0.0,0.0,0.0,0
0,tcp,http,SF,300,1247,0,0,0,0,0,1,0,0,0,0,0,0,0,0,0,0,11,11,0.0,0.0,0.0,0.0,1.0,0.0,0.0,181,255,1.0,0.0,0.01,0.02,0.0,0.0,0.0,0.0,0
0,tcp,http,SF,162,1310,0,0,0,0,0,1,0,0,0,0,0,0,0,0,0,0,2,2,0.0,0.0,0.0,0.0,1.0,0.0,0.0,2,255,1.0,0.0,0.5,0.05,0.0,0.0,0.0,0.0,0
1,tcp,smtp,SF,855,328,0,0,0,0,0,1,0,0,0,0,0,0,0,0,0,0,1,2,0.0,0.0,0.0,0.0,1.0,0.0,1.0,48,198,0.75,0.08,0.02,0.01,0.0,0.0,0.0,0.0,0
0,tcp,http,SF,228,7333,0,0,0,0,0,1,0,0,0,0,0,0,0,0,0,0,4,4,0.0,0.0,0.0,0.0,1.0,0.0,0.0,85,255,1.0,0.0,0.01,0.04,0.01,0.01,0.0,0.0,0
0,tcp,http,SF,297,543,0,0,0,0,0,1,0,0,0,0,0,0,0,0,0,0,15,15,0.0,0.0,0.0,0.0,1.0,0.0,0.0,143,255,1.0,0.0,0.01,0.02,0.0,0.0,0.0,0.0,0
0,tcp,http,SF,218,27872,0,0,0,0,0,1,0,0,0,0,0,0,0,0,0,0,3,3,0.0,0.0,0.0,0.0,1.0,0.0,0.0,3,255,1.0,0.0,0.33,0.06,0.0,0.0,0.0,0.0,0
0,tcp,http,SF,287,1281,0,0,0,0,0,1,0,0,0,0,0,0,0,0,0,0,33,33,0.0,0.0,0.0,0.0,1.0,0.0,0.0,255,255,1.0,0.0,0.0,0.0,0.0,0.0,0.0,0.0,0
928,udp,other,SF,146,105,0,0,0,0,0,0,0,0,0,0,0,0,0,0,0,0,1,1,0.0,0.0,0.0,0.0,1.0,0.0,0.0,255,3,0.01,0.48,0.85,0.0,0.0,0.0,0.0,0.0,0
0,tcp,ftp_data,SF,40494,0,0,0,0,0,0,1,0,0,0,0,0,0,0,0,0,0,10,10,0.0,0.0,0.0,0.0,1.0,0.0,0.0,111,66,0.14,0.05,0.14,0.03,0.0,0.0,0.0,0.0,0
0,tcp,auth,SF,10,36,0,0,0,0,0,1,0,0,0,0,0,0,0,0,0,0,1,1,0.0,0.0,0.0,0.0,1.0,0.0,0.0,183,7,0.04,0.03,0.01,0.0,0.0,0.0,0.0,0.0,0
0,tcp,http,SF,300,2170,0,0,0,0,0,1,0,0,0,0,0,0,0,0,0,0,1,1,0.0,0.0,0.0,0.0,1.0,0.0,0.0,41,41,1.0,0.0,0.02,0.0,0.0,0.0,0.0,0.0,0
0,tcp,http,SF,231,1349,0,0,0,0,0,1,0,0,0,0,0,0,0,0,0,0,29,30,0.0,0.0,0.0,0.0,1.0,0.0,0.07,65,255,1.0,0.0,0.02,0.04,0.0,0.0,0.0,0.0,0
2,tcp,ftp,SF,1201,2447,0,0,0,28,0,1,0,0,0,0,0,0,0,0,0,1,1,1,0.0,0.0,0.0,0.0,1.0,0.0,0.0,255,108,0.42,0.02,0.0,0.0,0.0,0.0,0.01,0.0,1
0,tcp,http,SF,282,2684,0,0,0,0,0,1,0,0,0,0,0,0,0,0,0,0,12,36,0.0,0.0,0.0,0.0,1.0,0.0,0.11,12,255,1.0,0.0,0.08,0.06,0.0,0.0,0.0,0.0,0
0,tcp,http,SF,305,22158,0,0,0,0,0,1,0,0,0,0,0,0,0,0,0,0,2,2,0.0,0.0,0.0,0.0,1.0,0.0,0.0,129,255,1.0,0.0,0.01,0.03,0.01,0.0,0.0,0.0,0
0,tcp,http,SF,287,379,0,0,0,0,0,1,0,0,0,0,0,0,0,0,0,0,15,44,0.0,0.0,0.0,0.0,1.0,0.0,0.07,255,255,1.0,0.0,0.0,0.0,0.0,0.0,0.0,0.0,0
0,tcp,http,SF,154,3181,0,0,0,0,0,1,0,0,0,0,0,0,0,0,0,0,1,1,0.0,0.0,0.0,0.0,1.0,0.0,0.0,151,255,1.0,0.0,0.01,0.05,0.0,0.0,0.0,0.0,0
0,udp,other,SF,146,0,0,0,0,0,0,0,0,0,0,0,0,0,0,0,0,0,3,1,0.0,0.0,0.0,0.0,0.33,0.67,0.0,255,1,0.0,0.71,1.0,0.0,0.0,0.0,0.0,0.0,0
0,tcp,smtp,SF,777,332,0,0,0,0,0,1,0,0,0,0,0,0,0,0,0,0,1,1,0.0,0.0,0.0,0.0,1.0,0.0,0.0,100,160,0.79,0.04,0.01,0.01,0.0,0.0,0.0,0.0,0
0,tcp,http,SF,207,9957,0,0,0,0,0,1,0,0,0,0,0,0,0,0,0,0,5,9,0.0,0.0,0.0,0.0,1.0,0.0,0.33,52,255,1.0,0.0,0.02,0.01,0.0,0.0,0.0,0.0,0
0,tcp,ftp_data,SF,334,0,0,0,0,0,0,1,0,0,0,0,0,0,0,0,0,0,2,2,0.0,0.0,0.0,0.0,1.0,0.0,0.0,7,44,1.0,0.0,1.0,0.07,0.0,0.02,0.0,0.0,1
0,tcp,http,SF,226,9284,0,0,0,0,0,1,0,0,0,0,0,0,0,0,0,0,18,45,0.0,0.0,0.0,0.0,1.0,0.0,0.04,18,255,1.0,0.0,0.06,0.02,0.0,0.0,0.0,0.0,0
0,tcp,ftp_data,SF,1109,0,0,0,0,0,0,0,0,0,0,0,0,0,0,0,0,0,1,1,0.0,0.0,0.0,0.0,1.0,0.0,0.0,27,4,0.15,0.15,0.15,0.0,0.0,0.0,0.0,0.0,0
0,tcp,http,SF,305,1380,0,0,0,0,0,1,0,0,0,0,0,0,0,0,0,0,3,3,0.0,0.0,0.0,0.0,1.0,0.0,0.0,255,251,0.98,0.01,0.0,0.0,0.0,0.0,0.0,0.0,0
0,tcp,http,SF,302,2348,0,0,0,0,0,1,0,0,0,0,0,0,0,0,0,0,41,41,0.0,0.0,0.0,0.0,1.0,0.0,0.0,41,255,1.0,0.0,0.02,0.04,0.0,0.0,0.0,0.0,0
0,udp,domain_u,SF,45,78,0,0,0,0,0,0,0,0,0,0,0,0,0,0,0,0,143,148,0.0,0.0,0.0,0.0,1.0,0.0,0.01,255,254,1.0,0.01,0.0,0.0,0.0,0.0,0.0,0.0,0
0,tcp,http,SF,336,9170,0,0,0,0,0,1,0,0,0,0,0,0,0,0,0,0,16,42,0.0,0.0,0.0,0.0,1.0,0.0,0.1,81,255,1.0,0.0,0.01,0.04,0.0,0.0,0.0,0.0,0
0,udp,domain_u,SF,46,140,0,0,0,0,0,0,0,0,0,0,0,0,0,0,0,0,114,113,0.0,0.0,0.0,0.0,0.99,0.02,0.0,255,254,1.0,0.01,0.0,0.0,0.0,0.0,0.0,0.0,0
0,tcp,http,SF,232,1095,0,0,0,0,0,1,0,0,0,0,0,0,0,0,0,0,12,13,0.0,0.0,0.0,0.0,1.0,0.0,0.15,99,255,1.0,0.0,0.01,0.02,0.0,0.0,0.0,0.04,0
0,udp,domain_u,SF,42,42,0,0,0,0,0,0,0,0,0,0,0,0,0,0,0,0,11,17,0.0,0.0,0.0,0.0,1.0,0.0,0.18,255,148,0.58,0.01,0.0,0.0,0.0,0.0,0.0,0.0,0
0,tcp,http,SF,171,1432,0,0,0,0,0,1,0,0,0,0,0,0,0,0,0,0,6,7,0.17,0.14,0.0,0.0,1.0,0.0,0.29,6,255,1.0,0.0,0.17,0.06,0.17,0.0,0.0,0.0,0
0,tcp,http,SF,326,3508,0,0,0,0,0,1,0,0,0,0,0,0,0,0,0,0,7,15,0.0,0.0,0.0,0.0,1.0,0.0,0.13,131,255,1.0,0.0,0.01,0.02,0.0,0.0,0.0,0.0,0
0,icmp,urp_i,SF,128,0,0,0,0,0,0,0,0,0,0,0,0,0,0,0,0,0,5,2,0.0,0.0,0.0,0.0,0.4,0.4,0.0,255,14,0.05,0.01,0.05,0.0,0.0,0.0,0.0,0.0,0
0,tcp,http,SF,269,1588,0,0,0,0,0,1,0,0,0,0,0,0,0,0,0,0,4,7,0.0,0.0,0.0,0.0,1.0,0.0,0.29,65,255,1.0,0.0,0.02,0.02,0.0,0.0,0.0,0.0,0
0,icmp,ecr_i,SF,30,0,0,0,0,0,0,0,0,0,0,0,0,0,0,0,0,0,1,1,0.0,0.0,0.0,0.0,1.0,0.0,0.0,9,10,1.0,0.0,1.0,0.2,0.0,0.0,0.0,0.0,0
0,tcp,http,SF,347,1262,0,0,0,0,0,1,0,0,0,0,0,0,0,0,0,0,18,18,0.0,0.0,0.0,0.0,1.0,0.0,0.0,79,255,1.0,0.0,0.01,0.02,0.01,0.0,0.0,0.0,0
0,tcp,ftp_data,SF,3775,0,0,0,0,0,0,1,0,0,0,0,0,0,0,0,0,0,22,23,0.0,0.0,0.0,0.0,1.0,0.0,0.09,42,64,0.67,0.07,0.67,0.05,0.0,0.0,0.0,0.0,0
0,tcp,http,SF,310,516,0,0,0,0,0,1,0,0,0,0,0,0,0,0,0,0,4,44,0.0,0.0,0.0,0.0,1.0,0.0,0.05,4,145,1.0,0.0,0.25,0.2,0.0,0.0,0.0,0.64,0
0,tcp,http,SF,377,2937,0,0,0,0,0,1,0,0,0,0,0,0,0,0,0,0,10,10,0.0,0.0,0.0,0.0,1.0,0.0,0.0,255,255,1.0,0.0,0.0,0.0,0.0,0.0,0.0,0.0,0
0,udp,domain_u,SF,44,76,0,0,0,0,0,0,0,0,0,0,0,0,0,0,0,0,172,172,0.0,0.0,0.0,0.0,1.0,0.0,0.0,255,195,0.76,0.01,0.0,0.0,0.0,0.0,0.0,0.0,0
0,tcp,http,REJ,0,0,0,0,0,0,0,0,0,0,0,0,0,0,0,0,0,0,1,1,0.0,0.0,1.0,1.0,1.0,0.0,0.0,106,255,1.0,0.0,0.01,0.11,0.01,0.0,0.37,0.49,0
0,tcp,smtp,SF,3716,515,0,0,0,0,0,1,0,0,0,0,0,0,0,0,0,0,1,1,0.0,0.0,0.0,0.0,1.0,0.0,0.0,145,153,0.67,0.03,0.01,0.02,0.0,0.01,0.0,0.0,0
0,tcp,http,SF,204,2056,0,0,0,0,0,1,0,0,0,0,0,0,0,0,0,0,4,4,0.25,0.25,0.0,0.0,1.0,0.0,0.0,170,255,1.0,0.0,0.01,0.01,0.01,0.01,0.0,0.0,0
0,tcp,http,SF,324,3198,0,0,0,0,0,1,0,0,0,0,0,0,0,0,0,0,2,30,0.0,0.0,0.0,0.0,1.0,0.0,0.07,89,255,1.0,0.0,0.01,0.03,0.0,0.0,0.0,0.0,0
0,tcp,http,SF,208,431,0,0,0,0,0,1,0,0,0,0,0,0,0,0,0,0,11,20,0.0,0.0,0.0,0.0,1.0,0.0,0.1,255,255,1.0,0.0,0.0,0.0,0.0,0.0,0.0,0.0,0
0,tcp,http,SF,243,261,0,0,0,0,0,1,0,0,0,0,0,0,0,0,0,0,2,3,0.5,0.33,0.0,0.0,1.0,0.0,0.67,255,255,1.0,0.0,0.01,0.0,0.0,0.0,0.0,0.0,0
0,udp,domain_u,SF,36,96,0,0,0,0,0,0,0,0,0,0,0,0,0,0,0,0,1,1,0.0,0.0,0.0,0.0,1.0,0.0,0.0,255,233,0.91,0.02,0.0,0.0,0.0,0.0,0.0,0.0,0
0,udp,domain_u,SF,44,149,0,0,0,0,0,0,0,0,0,0,0,0,0,0,0,0,66,146,0.0,0.0,0.0,0.0,1.0,0.0,0.01,255,255,1.0,0.0,0.0,0.0,0.0,0.0,0.0,0.0,0
0,udp,other,SF,516,4,0,0,0,0,0,0,0,0,0,0,0,0,0,0,0,0,307,307,0.0,0.0,0.0,0.0,1.0,0.0,0.0,255,255,1.0,0.0,1.0,0.0,0.0,0.0,0.0,0.0,0
0,udp,domain_u,SF,42,75,0,0,0,0,0,0,0,0,0,0,0,0,0,0,0,0,159,159,0.0,0.0,0.0,0.0,1.0,0.0,0.0,255,255,1.0,0.0,0.0,0.0,0.0,0.0,0.0,0.0,0
0,tcp,http,SF,206,12884,0,0,0,0,0,1,0,0,0,0,0,0,0,0,0,0,2,2,0.0,0.0,0.0,0.0,1.0,0.0,0.0,255,255,1.0,0.0,0.0,0.0,0.0,0.0,0.0,0.0,0
0,tcp,ftp_data,SF,59,0,0,0,0,0,0,0,0,0,0,0,0,0,0,0,0,0,11,11,0.0,0.0,0.0,0.0,1.0,0.0,0.0,238,55,0.2,0.02,0.2,0.04,0.0,0.0,0.05,0.0,0
0,tcp,http,SF,237,370,0,0,0,0,0,1,0,0,0,0,0,0,0,0,0,0,12,23,0.0,0.0,0.0,0.0,1.0,0.0,0.09,255,255,1.0,0.0,0.0,0.0,0.0,0.0,0.0,0.0,0
0,tcp,ftp_data,SF,35195,0,0,0,0,0,0,0,0,0,0,0,0,0,0,0,0,0,21,21,0.0,0.0,0.0,0.0,1.0,0.0,0.0,236,73,0.26,0.01,0.26,0.03,0.0,0.0,0.0,0.0,0
0,udp,domain_u,SF,44,77,0,0,0,0,0,0,0,0,0,0,0,0,0,0,0,0,118,118,0.0,0.0,0.0,0.0,1.0,0.0,0.0,255,254,1.0,0.01,0.0,0.0,0.0,0.0,0.0,0.0,0
0,tcp,ftp_data,SF,8173,0,0,0,0,0,0,1,0,0,0,0,0,0,0,0,0,0,15,15,0.0,0.0,0.0,0.0,1.0,0.0,0.0,255,97,0.38,0.03,0.38,0.0,0.0,0.0,0.0,0.0,0
0,tcp,http,SF,227,822,0,0,0,0,0,1,0,0,0,0,0,0,0,0,0,0,23,28,0.0,0.0,0.0,0.0,1.0,0.0,0.11,59,255,1.0,0.0,0.02,0.09,0.0,0.01,0.0,0.0,0
0,tcp,ftp_data,SF,334,0,0,0,0,0,0,1,0,0,0,0,0,0,0,0,0,0,2,2,0.0,0.0,0.0,0.0,1.0,0.0,0.0,11,38,1.0,0.0,1.0,0.08,0.0,0.0,0.0,0.0,1
22,tcp,ftp,SF,343,1069,0,0,0,6,0,1,0,0,0,0,0,0,0,0,0,1,1,1,0.0,0.0,0.0,0.0,1.0,0.0,0.0,118,30,0.25,0.04,0.01,0.0,0.0,0.0,0.0,0.0,0
12,tcp,ftp_data,SF,7045,0,0,0,0,0,0,1,0,0,0,0,0,0,0,0,0,0,2,2,0.0,0.0,0.0,0.0,1.0,0.0,0.0,6,14,1.0,0.0,1.0,0.14,0.0,0.0,0.0,0.0,1
0,tcp,http,SF,296,11509,0,0,0,0,0,1,0,0,0,0,0,0,0,0,0,0,2,3,0.0,0.0,0.0,0.0,1.0,0.0,0.67,255,255,1.0,0.0,0.0,0.0,0.0,0.0,0.0,0.0,0
0,tcp,http,SF,359,1738,0,0,0,0,0,1,0,0,0,0,0,0,0,0,0,0,11,11,0.0,0.0,0.0,0.0,1.0,0.0,0.0,255,255,1.0,0.0,0.01,0.0,0.0,0.0,0.0,0.0,0
0,tcp,ftp_data,SF,334,0,0,0,0,0,0,1,0,0,0,0,0,0,0,0,0,0,2,2,0.0,0.0,0.0,0.0,1.0,0.0,0.0,2,8,1.0,0.0,1.0,0.25,0.0,0.0,0.0,0.0,1
0,tcp,http,SF,295,4673,0,0,0,0,0,1,0,0,0,0,0,0,0,0,0,0,15,41,0.0,0.0,0.0,0.0,1.0,0.0,0.05,255,255,1.0,0.0,0.0,0.0,0.0,0.0,0.0,0.0,0
0,tcp,ftp_data,SF,334,0,0,0,0,0,0,1,0,0,0,0,0,0,0,0,0,0,2,2,0.0,0.0,0.0,0.0,1.0,0.0,0.0,8,42,1.0,0.0,1.0,0.14,0.0,0.0,0.0,0.0,1
0,tcp,ftp_data,SF,4892,0,0,0,0,0,0,1,0,0,0,0,0,0,0,0,0,0,14,14,0.0,0.0,0.0,0.0,1.0,0.0,0.0,20,20,1.0,0.0,1.0,0.0,0.0,0.0,0.0,0.0,0
0,tcp,ftp_data,SF,334,0,0,0,0,0,0,1,0,0,0,0,0,0,0,0,0,0,1,1,0.0,0.0,0.0,0.0,1.0,0.0,0.0,5,16,1.0,0.0,1.0,0.12,0.0,0.0,0.0,0.0,1
1700,udp,other,SF,146,105,0,0,0,0,0,0,0,0,0,0,0,0,0,0,0,0,4,2,0.0,0.0,0.0,0.0,0.5,0.5,0.0,73,2,0.03,0.73,0.96,0.0,0.0,0.0,0.0,0.0,0
0,tcp,http,SF,280,461,0,0,0,0,0,1,0,0,0,0,0,0,0,0,0,0,5,5,0.0,0.0,0.0,0.0,1.0,0.0,0.0,59,255,1.0,0.0,0.02,0.02,0.0,0.0,0.0,0.0,0
0,udp,domain_u,SF,46,46,0,0,0,0,0,0,0,0,0,0,0,0,0,0,0,0,234,238,0.0,0.0,0.0,0.0,1.0,0.0,0.01,255,219,0.86,0.01,0.01,0.0,0.0,0.0,0.0,0.0,0
0,tcp,http,REJ,0,0,0,0,0,0,0,0,0,0,0,0,0,0,0,0,0,0,1,1,0.0,0.0,1.0,1.0,1.0,0.0,0.0,9,195,1.0,0.0,0.11,0.09,0.0,0.0,1.0,1.0,0
0,udp,other,SF,146,0,0,0,0,0,0,0,0,0,0,0,0,0,0,0,0,0,1,1,0.0,0.0,0.0,0.0,1.0,0.0,0.0,255,3,0.01,0.4,0.8,0.0,0.0,0.0,0.0,0.0,0
0,tcp,ftp_data,SF,5319,0,0,0,0,0,0,1,0,0,0,0,0,0,0,0,0,0,7,7,0.0,0.0,0.0,0.0,1.0,0.0,0.0,29,67,0.45,0.07,0.45,0.04,0.0,0.0,0.0,0.0,0
0,tcp,http,SF,217,501,0,0,0,0,0,1,0,0,0,0,0,0,0,0,0,0,5,21,0.0,0.0,0.0,0.0,1.0,0.0,0.14,20,255,1.0,0.0,0.05,0.02,0.0,0.0,0.0,0.0,0
0,tcp,ftp_data,SF,11,0,0,0,0,0,0,1,0,0,0,0,0,0,0,0,0,0,3,2,0.0,0.0,0.33,0.0,0.67,0.67,0.0,136,71,0.28,0.03,0.28,0.03,0.0,0.0,0.01,0.0,0
5081,tcp,ftp,SF,1042,2279,0,0,0,20,0,1,0,0,0,0,0,0,0,0,0,1,1,1,0.0,0.0,0.0,0.0,1.0,0.0,0.0,255,20,0.08,0.02,0.0,0.0,0.14,0.0,0.0,0.0,1
0,icmp,eco_i,SF,30,0,0,0,0,0,0,0,0,0,0,0,0,0,0,0,0,0,1,1,0.0,0.0,0.0,0.0,1.0,0.0,0.0,190,190,1.0,0.0,1.0,0.0,0.0,0.0,0.0,0.0,0
0,tcp,http,SF,257,4474,0,0,0,0,0,1,0,0,0,0,0,0,0,0,0,0,12,12,0.0,0.0,0.0,0.0,1.0,0.0,0.0,255,255,1.0,0.0,0.0,0.0,0.0,0.0,0.0,0.0,0
0,tcp,http,REJ,0,0,0,0,0,0,0,0,0,0,0,0,0,0,0,0,0,0,1,1,0.0,0.0,1.0,1.0,1.0,0.0,0.0,55,251,1.0,0.0,0.02,0.09,0.0,0.0,1.0,0.99,0
0,tcp,http,SF,260,237,0,0,0,0,0,1,0,0,0,0,0,0,0,0,0,0,1,2,0.0,0.0,0.0,0.0,1.0,0.0,1.0,7,255,1.0,0.0,0.14,0.02,0.0,0.0,0.0,0.0,0
0,tcp,smtp,SF,920,370,0,0,0,0,0,1,0,0,0,0,0,0,0,0,0,0,1,1,0.0,0.0,0.0,0.0,1.0,0.0,0.0,106,72,0.68,0.05,0.01,0.0,0.0,0.0,0.0,0.0,0
12,tcp,smtp,SF,942,324,0,0,0,0,0,1,0,0,0,0,0,0,0,0,0,0,1,2,0.0,0.0,0.0,0.0,1.0,0.0,1.0,3,140,1.0,0.0,0.33,0.01,0.0,0.0,0.0,0.0,0
0,tcp,ftp_data,SF,334,0,0,0,0,0,0,1,0,0,0,0,0,0,0,0,0,0,1,1,0.0,0.0,0.0,0.0,1.0,0.0,0.0,3,43,1.0,0.0,1.0,0.07,0.0,0.0,0.0,0.0,1
0,tcp,http,SF,228,593,0,0,0,0,0,1,0,0,0,0,0,0,0,0,0,0,8,8,0.0,0.0,0.0,0.0,1.0,0.0,0.0,85,255,1.0,0.0,0.01,0.01,0.0,0.0,0.0,0.0,0
0,tcp,smtp,SF,3035,278,0,0,0,0,0,1,0,0,0,0,0,0,0,0,0,0,1,1,0.0,0.0,0.0,0.0,1.0,0.0,0.0,154,175,0.54,0.03,0.01,0.01,0.0,0.0,0.0,0.0,0
0,tcp,http,SF,191,887,0,0,0,0,0,1,0,0,0,0,0,0,0,0,0,0,8,12,0.0,0.0,0.0,0.0,1.0,0.0,0.17,255,255,1.0,0.0,0.0,0.0,0.0,0.0,0.0,0.0,0
0,udp,domain_u,SF,97,0,0,0,0,0,0,0,0,0,0,0,0,0,0,0,0,0,1,2,0.0,0.0,0.0,0.0,1.0,0.0,1.0,109,84,0.77,0.03,0.73,0.0,0.0,0.0,0.0,0.0,0
0,tcp,http,SF,208,3897,0,0,0,0,0,1,0,0,0,0,0,0,0,0,0,0,3,4,0.0,0.0,0.0,0.0,1.0,0.0,0.5,3,255,1.0,0.0,0.33,0.04,0.0,0.01,0.0,0.0,0
0,udp,other,SF,516,4,0,0,0,0,0,0,0,0,0,0,0,0,0,0,0,0,351,351,0.0,0.0,0.0,0.0,1.0,0.0,0.0,255,255,1.0,0.0,1.0,0.0,0.0,0.0,0.0,0.0,0
0,tcp,ftp_data,SF,334,0,0,0,0,0,0,1,0,0,0,0,0,0,0,0,0,0,1,1,0.0,0.0,0.0,0.0,1.0,0.0,0.0,5,24,1.0,0.0,1.0,0.12,0.0,0.0,0.0,0.0,1
0,tcp,ftp_data,SF,5891,0,0,0,0,0,0,0,0,0,0,0,0,0,0,0,0,0,17,17,0.0,0.0,0.0,0.0,1.0,0.0,0.0,248,105,0.42,0.02,0.42,0.0,0.0,0.0,0.0,0.0,0
0,tcp,http,REJ,0,0,0,0,0,0,0,0,0,0,0,0,0,0,0,0,0,0,1,2,0.0,0.0,1.0,1.0,1.0,0.0,1.0,55,255,1.0,0.0,0.02,0.14,0.0,0.0,1.0,0.99,0
0,tcp,http,SF,229,547,0,0,0,0,0,1,0,0,0,0,0,0,0,0,0,0,21,21,0.0,0.0,0.0,0.0,1.0,0.0,0.0,120,255,1.0,0.0,0.01,0.03,0.0,0.0,0.0,0.0,0
0,tcp,http,SF,331,2935,0,0,0,0,0,1,0,0,0,0,0,0,0,0,0,0,14,14,0.0,0.0,0.0,0.0,1.0,0.0,0.0,98,255,1.0,0.0,0.01,0.01,0.0,0.0,0.0,0.0,0
0,tcp,ftp_data,SF,59,0,0,0,0,0,0,0,0,0,0,0,0,0,0,0,0,0,12,12,0.0,0.0,0.0,0.0,1.0,0.0,0.0,48,58,0.5,0.08,0.5,0.03,0.0,0.0,0.0,0.0,0
0,tcp,http,SF,240,9581,0,0,0,0,0,1,0,0,0,0,0,0,0,0,0,0,3,5,0.0,0.0,0.0,0.0,1.0,0.0,0.6,151,255,1.0,0.0,0.01,0.05,0.0,0.0,0.0,0.0,0
0,tcp,http,SF,303,297,0,0,0,0,0,1,0,0,0,0,0,0,0,0,0,0,6,25,0.0,0.0,0.0,0.0,1.0,0.0,0.08,6,255,1.0,0.0,0.17,0.03,0.0,0.0,0.0,0.0,0
0,tcp,smtp,SF,1289,408,0,0,0,0,0,1,0,0,0,0,0,0,0,0,0,0,1,1,0.0,0.0,0.0,0.0,1.0,0.0,0.0,255,58,0.23,0.06,0.0,0.0,0.51,0.0,0.02,0.0,0
4,tcp,ftp,SF,1240,2449,0,0,0,28,0,1,0,0,0,0,0,0,0,0,0,1,1,1,0.0,0.0,0.0,0.0,1.0,0.0,0.0,213,41,0.19,0.02,0.0,0.0,0.0,0.0,0.01,0.0,1
0,tcp,IRC,S1,44788,48103,0,0,0,0,0,1,0,0,0,0,0,0,0,0,0,0,1,1,1.0,1.0,0.0,0.0,1.0,0.0,0.0,5,4,0.8,0.4,0.2,0.0,0.4,0.5,0.0,0.0,0
0,icmp,eco_i,SF,30,0,0,0,0,0,0,0,0,0,0,0,0,0,0,0,0,0,2,2,0.0,0.0,0.0,0.0,1.0,0.0,0.0,139,139,1.0,0.0,1.0,0.0,0.0,0.0,0.0,0.0,0
9865,udp,other,SF,147,105,0,0,0,0,0,0,0,0,0,0,0,0,0,0,0,0,1,1,0.0,0.0,0.0,0.0,1.0,0.0,0.0,255,1,0.0,0.62,0.97,0.0,0.0,0.0,0.0,0.0,0
0,tcp,ftp_data,SF,334,0,0,0,0,0,0,1,0,0,0,0,0,0,0,0,0,0,1,1,0.0,0.0,0.0,0.0,1.0,0.0,0.0,7,19,1.0,0.0,1.0,0.11,0.0,0.0,0.0,0.0,1
60,tcp,telnet,S3,126,179,0,0,0,1,1,0,0,0,0,0,0,0,0,0,0,0,2,2,0.5,0.5,0.5,0.5,1.0,0.0,0.0,23,23,1.0,0.0,0.04,0.0,0.09,0.09,0.91,0.91,1
0,tcp,http,SF,290,3376,0,0,0,0,0,1,0,0,0,0,0,0,0,0,0,0,5,5,0.0,0.0,0.2,0.2,1.0,0.0,0.0,51,255,1.0,0.0,0.02,0.07,0.0,0.0,0.02,0.0,0
0,tcp,http,SF,275,10056,0,0,0,0,0,1,0,0,0,0,0,0,0,0,0,0,9,10,0.0,0.0,0.0,0.0,1.0,0.0,0.2,32,255,1.0,0.0,0.03,0.02,0.0,0.0,0.0,0.0,0
0,tcp,http,SF,229,984,0,0,0,0,0,1,0,0,0,0,0,0,0,0,0,0,18,18,0.0,0.0,0.0,0.0,1.0,0.0,0.0,255,255,1.0,0.0,0.0,0.0,0.0,0.0,0.0,0.0,0
0,tcp,http,SF,269,623,0,0,0,0,0,1,0,0,0,0,0,0,0,0,0,0,6,6,0.0,0.0,0.0,0.0,1.0,0.0,0.0,255,255,1.0,0.0,0.0,0.0,0.0,0.0,0.0,0.0,0
0,tcp,ftp_data,SF,334,0,0,0,0,0,0,1,0,0,0,0,0,0,0,0,0,0,1,1,0.0,0.0,0.0,0.0,1.0,0.0,0.0,1,1,1.0,0.0,1.0,0.0,0.0,0.0,0.0,0.0,1
4,tcp,ftp_data,SF,832,0,0,0,0,0,0,1,0,0,0,0,0,0,0,0,0,0,1,1,0.0,0.0,0.0,0.0,1.0,0.0,0.0,10,42,0.9,0.2,1.0,0.12,0.0,0.0,0.0,0.0,1
0,tcp,http,SF,231,1380,0,0,0,0,0,1,0,0,0,0,0,0,0,0,0,0,3,3,0.0,0.0,0.0,0.0,1.0,0.0,0.0,165,165,1.0,0.0,0.01,0.0,0.0,0.0,0.0,0.0,0
2630,udp,other,SF,146,105,0,0,0,0,0,0,0,0,0,0,0,0,0,0,0,0,5,1,0.0,0.0,0.0,0.0,0.2,0.6,0.0,255,1,0.0,0.81,0.99,0.0,0.0,0.0,0.0,0.0,0
0,tcp,ftp_data,SF,245,0,0,0,0,0,0,1,0,0,0,1,0,0,0,0,0,0,2,2,0.0,0.0,0.0,0.0,1.0,0.0,0.0,80,38,0.03,0.06,0.03,0.05,0.0,0.0,0.0,0.0,0
0,tcp,finger,SF,7,360,0,0,0,0,0,0,0,0,0,0,0,0,0,0,0,0,1,1,0.0,0.0,0.0,0.0,1.0,0.0,0.0,50,2,0.02,0.08,0.02,1.0,0.0,0.0,0.0,0.0,0
0,udp,domain_u,SF,44,46,0,0,0,0,0,0,0,0,0,0,0,0,0,0,0,0,4,13,0.0,0.0,0.0,0.0,1.0,0.0,0.15,255,250,0.98,0.01,0.09,0.0,0.0,0.0,0.0,0.0,0
0,tcp,http,SF,204,13599,0,0,0,0,0,1,0,0,0,0,0,0,0,0,0,0,25,25,0.0,0.0,0.0,0.0,1.0,0.0,0.0,255,255,1.0,0.0,0.0,0.0,0.0,0.0,0.0,0.0,0
0,tcp,http,SF,250,3360,0,0,0,0,0,1,0,0,0,0,0,0,0,0,0,0,9,19,0.0,0.0,0.0,0.0,1.0,0.0,0.16,255,255,1.0,0.0,0.0,0.0,0.0,0.0,0.0,0.0,0
0,tcp,http,SF,222,472,0,0,0,0,0,1,0,0,0,0,0,0,0,0,0,0,2,2,0.0,0.0,0.0,0.0,1.0,0.0,0.0,3,230,1.0,0.0,0.33,0.07,0.33,0.0,0.0,0.0,0
0,icmp,urp_i,SF,78,0,0,0,0,0,0,0,0,0,0,0,0,0,0,0,0,0,6,1,0.0,0.0,0.0,0.0,0.17,0.33,0.0,255,22,0.09,0.01,0.09,0.0,0.0,0.0,0.0,0.0,0
1,tcp,ftp,SF,1138,2443,0,0,0,28,0,1,0,0,0,0,0,0,0,0,0,1,1,1,0.0,0.0,0.0,0.0,1.0,0.0,0.0,255,70,0.27,0.02,0.0,0.0,0.0,0.0,0.0,0.0,1
0,udp,domain_u,SF,44,74,0,0,0,0,0,0,0,0,0,0,0,0,0,0,0,0,209,209,0.0,0.0,0.0,0.0,1.0,0.01,0.01,255,254,1.0,0.01,0.0,0.0,0.0,0.0,0.0,0.0,0
0,tcp,smtp,SF,1022,336,0,0,0,0,0,1,0,0,0,0,0,0,0,0,0,0,1,1,0.0,0.0,0.0,0.0,1.0,0.0,0.0,146,198,0.86,0.03,0.01,0.01,0.0,0.0,0.0,0.0,0
0,tcp,http,SF,360,5723,0,0,0,0,0,1,0,0,0,0,0,0,0,0,0,0,9,9,0.0,0.0,0.0,0.0,1.0,0.0,0.0,255,255,1.0,0.0,0.0,0.0,0.0,0.0,0.02,0.02,0
0,tcp,http,SF,291,253,0,0,0,0,0,1,0,0,0,0,0,0,0,0,0,0,17,17,0.0,0.0,0.0,0.0,1.0,0.0,0.0,255,255,1.0,0.0,0.0,0.0,0.0,0.0,0.0,0.0,0
0,tcp,http,SF,222,2446,0,0,0,0,0,1,0,0,0,0,0,0,0,0,0,0,19,37,0.0,0.0,0.0,0.0,1.0,0.0,0.05,255,255,1.0,0.0,0.0,0.0,0.0,0.0,0.0,0.0,0
0,tcp,http,SF,334,398,0,0,0,0,0,1,0,0,0,0,0,0,0,0,0,0,2,2,0.0,0.0,0.0,0.0,1.0,0.0,0.0,53,255,1.0,0.0,0.02,0.04,0.0,0.0,0.0,0.0,0
28,tcp,ftp,SF,1488,4152,0,0,0,30,0,1,0,0,0,0,0,0,0,0,0,1,1,1,0.0,0.0,0.0,0.0,1.0,0.0,0.0,246,67,0.27,0.03,0.0,0.0,0.0,0.0,0.0,0.0,0
0,tcp,http,SF,201,5578,0,0,0,0,0,1,0,0,0,0,0,0,0,0,0,0,8,9,0.0,0.0,0.0,0.0,1.0,0.0,0.22,16,255,1.0,0.0,0.06,0.04,0.0,0.0,0.0,0.0,0
0,tcp,ftp_data,SF,1874,0,0,0,0,0,0,1,0,0,0,0,0,0,0,0,0,0,10,10,0.0,0.0,0.0,0.0,1.0,0.0,0.0,111,38,0.34,0.03,0.34,0.0,0.0,0.0,0.0,0.0,0
0,tcp,http,SF,199,844,0,0,0,0,0,1,0,0,0,0,0,0,0,0,0,0,8,36,0.0,0.0,0.0,0.0,1.0,0.0,0.17,255,255,1.0,0.0,0.0,0.0,0.0,0.0,0.0,0.0,0
0,tcp,http,SF,162,19994,0,0,0,0,0,1,0,0,0,0,0,0,0,0,0,0,1,1,0.0,0.0,0.0,0.0,1.0,0.0,0.0,8,255,1.0,0.0,0.12,0.03,0.0,0.0,0.0,0.0,0
0,tcp,http,SF,298,348,0,0,0,0,0,1,0,0,0,0,0,0,0,0,0,0,31,31,0.0,0.0,0.0,0.0,1.0,0.0,0.0,255,255,1.0,0.0,0.0,0.0,0.0,0.0,0.0,0.0,0
0,tcp,http,SF,223,3677,0,0,0,0,0,1,0,0,0,0,0,0,0,0,0,0,18,33,0.0,0.0,0.0,0.0,1.0,0.0,0.06,210,255,1.0,0.0,0.0,0.01,0.0,0.0,0.0,0.0,0
1,tcp,ftp,SF,1213,2449,0,0,0,28,0,1,0,0,0,0,0,0,0,0,0,1,1,1,0.0,0.0,0.0,0.0,1.0,0.0,0.0,255,132,0.52,0.02,0.0,0.0,0.0,0.0,0.0,0.0,1
36,tcp,smtp,SF,601,341,0,0,0,0,0,1,0,0,0,0,0,0,0,0,0,0,1,3,0.0,0.0,0.0,0.0,1.0,0.0,1.0,116,166,0.53,0.03,0.01,0.01,0.0,0.0,0.0,0.0,0
0,tcp,ftp_data,SF,334,0,0,0,0,0,0,1,0,0,0,0,0,0,0,0,0,0,1,1,0.0,0.0,0.0,0.0,1.0,0.0,0.0,6,38,1.0,0.0,1.0,0.13,0.0,0.0,0.0,0.0,1
0,tcp,http,SF,222,294,0,0,0,0,0,1,0,0,0,0,0,0,0,0,0,0,12,12,0.0,0.0,0.0,0.0,1.0,0.0,0.0,255,255,1.0,0.0,0.0,0.0,0.0,0.0,0.0,0.0,0
4,tcp,smtp,SF,1849,332,0,0,0,0,0,1,0,0,0,0,0,0,0,0,0,0,1,2,0.0,0.0,0.0,0.0,1.0,0.0,1.0,79,113,0.84,0.06,0.01,0.03,0.0,0.0,0.0,0.0,0
0,udp,domain_u,SF,44,71,0,0,0,0,0,0,0,0,0,0,0,0,0,0,0,0,220,224,0.0,0.0,0.0,0.0,1.0,0.0,0.01,255,218,0.85,0.01,0.0,0.0,0.0,0.0,0.0,0.0,0
0,tcp,http,SF,308,934,0,0,0,0,0,1,0,0,0,0,0,0,0,0,0,0,1,1,0.0,0.0,0.0,0.0,1.0,0.0,0.0,255,255,1.0,0.0,0.0,0.0,0.0,0.0,0.0,0.0,0
0,tcp,http,SF,233,4759,0,0,0,0,0,1,0,0,0,0,0,0,0,0,0,0,14,14,0.0,0.0,0.0,0.0,1.0,0.0,0.0,133,255,1.0,0.0,0.01,0.01,0.0,0.0,0.0,0.0,0
0,tcp,http,SF,235,281,0,0,0,0,0,1,0,0,0,0,0,0,0,0,0,0,16,34,0.0,0.0,0.0,0.0,1.0,0.0,0.09,225,255,1.0,0.0,0.0,0.01,0.0,0.0,0.0,0.0,0
346,tcp,telnet,SF,255,1901,0,0,0,0,0,1,6,0,0,0,0,0,1,0,0,0,1,1,0.0,0.0,0.0,0.0,1.0,0.0,0.0,79,6,0.08,0.06,0.01,0.0,0.0,0.0,0.0,0.0,0
0,tcp,ftp_data,SF,246,0,0,0,0,0,0,1,0,0,0,0,0,0,0,0,0,0,1,1,0.0,0.0,0.0,0.0,1.0,0.0,0.0,1,31,1.0,0.0,1.0,0.16,0.0,0.0,0.0,0.0,1
0,udp,domain_u,SF,45,84,0,0,0,0,0,0,0,0,0,0,0,0,0,0,0,0,253,254,0.0,0.0,0.0,0.0,1.0,0.0,0.01,255,210,0.82,0.01,0.0,0.0,0.0,0.0,0.0,0.0,0
0,tcp,ftp_data,SF,740,0,0,0,0,0,0,0,0,0,0,0,0,0,0,0,0,0,2,2,0.0,0.0,0.0,0.0,1.0,0.0,0.0,11,2,0.18,0.18,0.18,0.0,0.0,0.0,0.0,0.0,0
0,tcp,ftp_data,SF,334,0,0,0,0,0,0,1,0,0,0,0,0,0,0,0,0,0,2,2,0.0,0.0,0.0,0.0,1.0,0.0,0.0,2,24,1.0,0.0,1.0,0.08,0.0,0.0,0.0,0.0,1
0,tcp,http,SF,222,1483,0,0,0,0,0,1,0,0,0,0,0,0,0,0,0,0,7,7,0.0,0.0,0.0,0.0,1.0,0.0,0.0,255,255,1.0,0.0,0.0,0.0,0.0,0.0,0.0,0.0,0
0,tcp,http,SF,228,1159,0,0,0,0,0,1,0,0,0,0,0,0,0,0,0,0,18,18,0.0,0.0,0.0,0.0,1.0,0.0,0.0,255,255,1.0,0.0,0.0,0.0,0.0,0.0,0.0,0.0,0
0,tcp,http,REJ,0,0,0,0,0,0,0,0,0,0,0,0,0,0,0,0,0,0,1,1,0.0,0.0,1.0,1.0,1.0,0.0,0.0,2,222,1.0,0.0,0.5,0.22,0.0,0.01,1.0,0.99,0
1,tcp,ftp,SF,1237,2449,0,0,0,28,0,1,0,0,0,0,0,0,0,0,0,1,1,1,0.0,0.0,0.0,0.0,1.0,0.0,0.0,191,19,0.1,0.03,0.01,0.0,0.01,0.0,0.01,0.0,1
0,tcp,http,SF,232,1751,0,0,0,0,0,1,0,0,0,0,0,0,0,0,0,0,24,25,0.0,0.0,0.0,0.0,1.0,0.0,0.08,255,255,1.0,0.0,0.0,0.0,0.0,0.0,0.0,0.0,0
0,tcp,http,SF,219,458,0,0,0,0,0,1,0,0,0,0,0,0,0,0,0,0,21,38,0.0,0.0,0.0,0.0,1.0,0.0,0.13,255,255,1.0,0.0,0.0,0.0,0.0,0.0,0.0,0.0,0
25,tcp,ftp,SF,227,765,0,0,0,4,0,1,0,0,0,0,0,0,0,0,0,1,1,1,0.0,0.0,0.0,0.0,1.0,0.0,0.0,138,35,0.25,0.04,0.01,0.0,0.0,0.0,0.0,0.0,0
0,tcp,smtp,SF,2615,326,0,0,0,0,0,1,0,0,0,0,0,0,0,0,0,0,2,2,0.0,0.0,0.0,0.0,0.5,1.0,1.0,255,14,0.05,0.68,0.0,0.0,0.0,0.0,0.0,0.0,0
0,tcp,http,SF,217,2221,0,0,0,0,0,1,0,0,0,0,0,0,0,0,0,0,10,10,0.0,0.0,0.0,0.0,1.0,0.0,0.0,10,255,1.0,0.0,0.1,0.04,0.0,0.0,0.0,0.0,0
0,tcp,finger,SF,8,511,0,0,0,0,0,0,0,0,0,0,0,0,0,0,0,0,1,1,0.0,0.0,0.0,0.0,1.0,0.0,0.0,95,6,0.06,0.04,0.01,0.0,0.0,0.0,0.0,0.0,0
0,tcp,http,SF,325,270,0,0,0,0,0,1,0,0,0,0,0,0,0,0,0,0,3,3,0.0,0.0,0.0,0.0,1.0,0.0,0.0,255,240,0.94,0.02,0.0,0.0,0.0,0.0,0.0,0.0,0
0,tcp,ftp_data,SF,641,0,0,0,0,0,0,1,0,0,0,0,0,0,0,0,0,0,2,2,0.0,0.0,0.0,0.0,1.0,0.0,0.0,255,125,0.49,0.02,0.49,0.0,0.0,0.0,0.0,0.0,0
0,tcp,http,SF,205,1296,0,0,0,0,0,1,0,0,0,0,0,0,0,0,0,0,8,8,0.0,0.0,0.0,0.0,1.0,0.0,0.0,8,255,1.0,0.0,0.12,0.06,0.0,0.0,0.0,0.0,0
5051,tcp,ftp_data,SF,5135678,0,0,0,0,4,0,1,0,0,0,0,0,0,0,0,0,0,1,1,0.0,0.0,0.0,0.0,1.0,0.0,0.0,5,32,1.0,0.0,1.0,0.12,0.0,0.0,0.0,0.0,1
0,udp,domain_u,SF,29,0,0,0,0,0,0,0,0,0,0,0,0,0,0,0,0,0,1,18,0.0,0.0,0.0,0.0,1.0,0.0,0.28,180,29,0.12,0.03,0.12,0.07,0.0,0.0,0.0,0.0,0
0,tcp,ftp_data,SF,334,0,0,0,0,0,0,1,0,0,0,0,0,0,0,0,0,0,2,2,0.0,0.0,0.0,0.0,1.0,0.0,0.0,12,47,1.0,0.0,1.0,0.11,0.0,0.0,0.0,0.0,1
0,tcp,http,SF,331,23457,0,0,0,0,0,1,0,0,0,0,0,0,0,0,0,0,3,14,0.0,0.0,0.0,0.0,1.0,0.0,0.21,255,255,1.0,0.0,0.0,0.0,0.0,0.0,0.0,0.0,0
0,udp,other,SF,516,4,0,0,0,0,0,0,0,0,0,0,0,0,0,0,0,0,294,294,0.0,0.0,0.0,0.0,1.0,0.0,0.0,255,255,1.0,0.0,1.0,0.0,0.0,0.0,0.0,0.0,0
0,tcp,http,SF,209,957,0,0,0,0,0,1,0,0,0,0,0,0,0,0,0,0,3,4,0.0,0.0,0.0,0.0,1.0,0.0,0.5,31,255,1.0,0.0,0.03,0.03,0.0,0.0,0.0,0.0,0
0,tcp,http,SF,215,2825,0,0,0,0,0,1,0,0,0,0,0,0,0,0,0,0,4,4,0.0,0.0,0.0,0.0,1.0,0.0,0.0,71,255,1.0,0.0,0.01,0.05,0.0,0.0,0.0,0.0,0
0,tcp,ftp_data,SF,334,0,0,0,0,0,0,1,0,0,0,0,0,0,0,0,0,0,1,1,0.0,0.0,0.0,0.0,1.0,0.0,0.0,9,47,1.0,0.0,1.0,0.13,0.0,0.0,0.0,0.0,1
0,tcp,http,SF,235,1380,0,0,0,0,0,1,0,0,0,0,0,0,0,0,0,0,6,6,0.0,0.0,0.0,0.0,1.0,0.0,0.0,233,219,0.94,0.02,0.0,0.0,0.0,0.0,0.0,0.0,0
0,tcp,http,SF,219,465,0,0,0,0,0,1,0,0,0,0,0,0,0,0,0,0,9,10,0.0,0.0,0.0,0.0,1.0,0.0,0.2,58,255,1.0,0.0,0.02,0.05,0.0,0.0,0.0,0.0,0
0,tcp,http,SF,269,745,0,0,0,0,0,1,0,0,0,0,0,0,0,0,0,0,1,11,0.0,0.0,0.0,0.0,1.0,0.0,0.36,30,255,1.0,0.0,0.03,0.02,0.0,0.0,0.0,0.0,0
0,tcp,http,SF,235,274,0,0,0,0,0,1,0,0,0,0,0,0,0,0,0,0,6,11,0.0,0.0,0.0,0.0,1.0,0.0,0.45,81,255,1.0,0.0,0.01,0.04,0.0,0.0,0.21,0.08,0
0,tcp,ftp_data,SF,383,0,0,0,0,0,0,0,0,0,0,0,0,0,0,0,0,0,2,2,0.0,0.0,0.0,0.0,1.0,0.0,0.0,99,60,0.16,0.05,0.16,0.03,0.0,0.0,0.0,0.0,0
0,tcp,http,SF,297,2570,0,0,0,0,0,1,0,0,0,0,0,0,0,0,0,0,11,14,0.0,0.0,0.0,0.0,1.0,0.0,0.21,38,255,1.0,0.0,0.03,0.03,0.0,0.0,0.0,0.0,0
0,tcp,http,SF,225,328,0,0,0,0,0,1,0,0,0,0,0,0,0,0,0,0,1,15,0.0,0.0,0.0,0.0,1.0,0.0,0.13,1,255,1.0,0.0,1.0,0.05,0.0,0.0,0.0,0.0,0
0,tcp,http,SF,276,367,0,0,0,0,0,1,0,0,0,0,0,0,0,0,0,0,3,5,0.0,0.0,0.0,0.0,1.0,0.0,0.6,4,255,1.0,0.0,0.25,0.03,0.0,0.01,0.0,0.0,0
0,tcp,http,SF,234,9424,0,0,0,0,0,1,0,0,0,0,0,0,0,0,0,0,13,13,0.0,0.0,0.0,0.0,1.0,0.0,0.0,27,255,1.0,0.0,0.04,0.05,0.0,0.0,0.0,0.0,0
0,tcp,http,SF,225,616,0,0,0,0,0,1,0,0,0,0,0,0,0,0,0,0,6,6,0.0,0.0,0.0,0.0,1.0,0.0,0.0,255,255,1.0,0.0,0.0,0.0,0.0,0.0,0.0,0.0,0
0,tcp,http,SF,1306,1566,0,0,0,0,0,1,0,0,0,0,0,0,0,0,0,0,11,11,0.0,0.0,0.0,0.0,1.0,0.0,0.0,13,255,1.0,0.0,0.08,0.07,0.0,0.0,0.0,0.0,0
0,tcp,ftp_data,SF,246,0,0,0,0,0,0,1,0,0,0,0,0,0,0,0,0,0,1,1,0.0,0.0,0.0,0.0,1.0,0.0,0.0,1,36,1.0,0.0,1.0,0.17,0.0,0.03,0.0,0.0,1
0,tcp,other,SF,10261,0,0,0,0,0,0,1,0,0,0,0,0,0,0,0,0,0,13,1,0.08,0.0,0.0,0.0,0.08,0.54,0.0,255,1,0.0,0.08,0.38,0.0,0.02,0.0,0.0,0.0,0
5063,tcp,ftp_data,SF,5133876,0,0,0,0,5,0,1,0,0,0,0,0,0,0,0,0,0,1,1,0.0,0.0,0.0,0.0,1.0,0.0,0.0,4,12,1.0,0.0,1.0,0.17,0.0,0.0,0.0,0.0,1
0,tcp,http,SF,300,1260,0,0,0,0,0,1,0,0,0,0,0,0,0,0,0,0,13,13,0.0,0.0,0.0,0.0,1.0,0.0,0.0,13,255,1.0,0.0,0.08,0.08,0.0,0.01,0.0,0.0,0
0,tcp,http,SF,239,451,0,0,0,0,0,1,0,0,0,0,0,0,0,0,0,0,5,9,0.0,0.0,0.0,0.0,1.0,0.0,0.22,255,255,1.0,0.0,0.0,0.0,0.0,0.0,0.0,0.0,0
0,tcp,ftp_data,SF,383,0,0,0,0,0,0,1,0,0,0,0,0,0,0,0,0,0,2,2,0.0,0.0,0.0,0.0,1.0,0.0,0.0,255,102,0.4,0.03,0.4,0.0,0.01,0.01,0.0,0.0,0
0,tcp,http,SF,341,1905,0,0,0,0,0,1,0,0,0,0,0,0,0,0,0,0,36,37,0.0,0.0,0.0,0.0,1.0,0.0,0.05,255,255,1.0,0.0,0.01,0.0,0.0,0.0,0.0,0.0,0
0,tcp,http,SF,297,1155,0,0,0,0,0,1,0,0,0,0,0,0,0,0,0,0,3,4,0.0,0.0,0.0,0.0,1.0,0.0,0.5,255,255,1.0,0.0,0.0,0.0,0.0,0.0,0.0,0.0,0
0,tcp,http,SF,217,1136,0,0,0,0,0,1,0,0,0,0,0,0,0,0,0,0,6,6,0.0,0.0,0.0,0.0,1.0,0.0,0.0,104,255,1.0,0.0,0.01,0.01,0.0,0.0,0.0,0.0,0
1,tcp,ftp,SF,1223,2451,0,0,0,28,0,1,0,0,0,0,0,0,0,0,0,1,1,1,0.0,0.0,0.0,0.0,1.0,0.0,0.0,179,7,0.04,0.03,0.01,0.0,0.01,0.0,0.01,0.0,1
0,tcp,http,SF,229,1425,0,0,0,0,0,1,0,0,0,0,0,0,0,0,0,0,4,4,0.0,0.0,0.0,0.0,1.0,0.0,0.0,255,255,1.0,0.0,0.0,0.0,0.0,0.0,0.0,0.0,0
0,tcp,http,SF,213,13392,0,0,0,0,0,1,0,0,0,0,0,0,0,0,0,0,11,11,0.0,0.0,0.0,0.0,1.0,0.0,0.0,168,255,1.0,0.0,0.01,0.03,0.0,0.0,0.0,0.0,0
0,udp,domain_u,SF,44,44,0,0,0,0,0,0,0,0,0,0,0,0,0,0,0,0,143,143,0.0,0.0,0.0,0.0,1.0,0.0,0.0,255,255,1.0,0.0,0.0,0.0,0.0,0.0,0.0,0.0,0
4931,udp,other,SF,147,105,0,0,0,0,0,0,0,0,0,0,0,0,0,0,0,0,2,2,0.0,0.0,0.0,0.0,1.0,0.0,0.0,255,2,0.01,0.91,1.0,0.0,0.0,0.0,0.0,0.0,0
0,tcp,smtp,SF,1244,326,0,0,0,0,0,1,0,0,0,0,0,0,0,0,0,0,1,1,0.0,0.0,0.0,0.0,1.0,0.0,0.0,21,8,0.38,0.14,0.05,0.0,0.05,0.0,0.0,0.0,0
5,tcp,other,SF,879,0,0,0,0,0,0,1,0,0,0,0,0,0,0,0,0,0,4,1,0.0,0.0,0.0,0.0,0.25,1.0,0.0,58,1,0.02,0.24,0.43,0.0,0.0,0.0,0.0,0.0,0
0,tcp,ftp,SF,1235,2451,0,0,0,28,0,1,0,0,0,0,0,0,0,0,0,1,2,1,0.0,0.0,0.0,0.0,0.5,1.0,0.0,183,11,0.06,0.03,0.01,0.0,0.01,0.0,0.01,0.0,1
